school_code,major_code,major_name,combo,score,scale,method,year,note,source,source_url
ANH,7480202,An toàn thông tin,A00,23.46,,THPTQG,2020,Phía Bắc,daniele15,
ANH,7480202,An toàn thông tin,A00,23.65,,THPTQG,2020,Phía Nam,daniele15,
ANH,7480202,An toàn thông tin,A00,27.45,,THPTQG,2020,Phía Nam,daniele15,
ANH,7480202,An toàn thông tin,A00,28.30,,THPTQG,2020,Phía Bắc,daniele15,
ANH,7860100,Nghiệp vụ An ninh,D01,20.66,,THPTQG,2020,Đối với NAM,daniele15,
ANH,7860100,Nghiệp vụ An ninh,D01,21.54,,THPTQG,2020,Đối với NAM,daniele15,
ANH,7860100,Nghiệp vụ An ninh,D01,21.78,,THPTQG,2020,Đối với NAM,daniele15,
ANH,7860100,Nghiệp vụ An ninh,D01,25.75,,THPTQG,2020,,daniele15,
ANH,7860100,Nghiệp vụ An ninh,D01,27.70,,THPTQG,2020,Đối với NỮ,daniele15,
ANH,7860100,Nghiệp vụ An ninh,D01,28.10,,THPTQG,2020,Đối với NỮ,daniele15,
ANH,7860100,Nghiệp vụ An ninh,D01,28.18,,THPTQG,2020,Đối với NỮ,daniele15,
ANS,7720101,Gửi đào tạo ngoài ngành Y,B00,23.84,,THPTQG,2020,Đối với nam (không tuyển nữ),daniele15,
ANS,7860100,Nghiệp vụ An ninh,C03,19.54,,THPTQG,2020,Đối với nam,daniele15,
ANS,7860100,Nghiệp vụ An ninh,C03,20.06,,THPTQG,2020,Đối với nam,daniele15,
ANS,7860100,Nghiệp vụ An ninh,C03,21.54,,THPTQG,2020,Đối với nam,daniele15,
ANS,7860100,Nghiệp vụ An ninh,C03,25.21,,THPTQG,2020,Đối với nữ,daniele15,
ANS,7860100,Nghiệp vụ An ninh,C03,25.29,,THPTQG,2020,Đối với nữ,daniele15,
ANS,7860100,Nghiệp vụ An ninh,C03,26.06,,THPTQG,2020,Đối với nữ,daniele15,
BKA,BF-E12,Kỹ thuật Thực phẩm,A00,25.94,,THPTQG,2020,(CT tiên tiến),daniele15,
BKA,BF-E12,Kỹ thuật Thực phẩm,B00,25.94,,THPTQG,2020,(CT tiên tiến),daniele15,
BKA,BF-E12,Kỹ thuật Thực phẩm,D07,25.94,,THPTQG,2020,(CT tiên tiến),daniele15,
BKA,BF-E12X,Kỹ thuật Thực phẩm,A20,19.04,,THPTQG,2020,(CT tiên tiến),daniele15,
BKA,BF1,Kỹ thuật Sinh học,A00,26.20,,THPTQG,2020,,daniele15,
BKA,BF1,Kỹ thuật Sinh học,B00,26.20,,THPTQG,2020,,daniele15,
BKA,BF1,Kỹ thuật Sinh học,D07,26.20,,THPTQG,2020,,daniele15,
BKA,BF1X,Kỹ thuật Sinh học,A20,20.53,,THPTQG,2020,,daniele15,
BKA,BF2,Kỹ thuật Thực phẩm,A00,26.60,,THPTQG,2020,,daniele15,
BKA,BF2,Kỹ thuật Thực phẩm,B00,26.60,,THPTQG,2020,,daniele15,
BKA,BF2,Kỹ thuật Thực phẩm,D07,26.60,,THPTQG,2020,,daniele15,
BKA,BF2X,Kỹ thuật Thực phẩm,A20,21.07,,THPTQG,2020,,daniele15,
BKA,CH-E11,Kỹ thuật Hóa dược,A00,26.50,,THPTQG,2020,,daniele15,
BKA,CH-E11,Kỹ thuật Hóa dược,B00,26.50,,THPTQG,2020,,daniele15,
BKA,CH-E11,Kỹ thuật Hóa dược,D07,26.50,,THPTQG,2020,,daniele15,
BKA,CH-E11X,Kỹ thuật Hóa dược,A20,20.50,,THPTQG,2020,,daniele15,
BKA,CH1,Kỹ thuật hoá học,A00,25.26,,THPTQG,2020,,daniele15,
BKA,CH1,Kỹ thuật hoá học,B00,25.26,,THPTQG,2020,,daniele15,
BKA,CH1,Kỹ thuật hoá học,D07,25.26,,THPTQG,2020,,daniele15,
BKA,CH1X,Kỹ thuật hoá học,A19,19.00,,THPTQG,2020,,daniele15,
BKA,CH1X,Kỹ thuật hoá học,A20,19.00,,THPTQG,2020,,daniele15,
BKA,CH2,Hoá học,A00,24.16,,THPTQG,2020,,daniele15,
BKA,CH2,Hoá học,B00,24.16,,THPTQG,2020,,daniele15,
BKA,CH2,Hoá học,D07,24.16,,THPTQG,2020,,daniele15,
BKA,CH2X,Hoá học,A19,19.00,,THPTQG,2020,,daniele15,
BKA,CH2X,Hoá học,A20,19.00,,THPTQG,2020,,daniele15,
BKA,CH3,Kỹ thuật in,A00,24.51,,THPTQG,2020,,daniele15,
BKA,CH3,Kỹ thuật in,B00,24.51,,THPTQG,2020,,daniele15,
BKA,CH3,Kỹ thuật in,D07,24.51,,THPTQG,2020,,daniele15,
BKA,CH3X,Kỹ thuật in,A19,19.00,,THPTQG,2020,,daniele15,
BKA,CH3X,Kỹ thuật in,A20,19.00,,THPTQG,2020,,daniele15,
BKA,ED2,Công nghệ giáo dục,A00,23.80,,THPTQG,2020,,daniele15,
BKA,ED2,Công nghệ giáo dục,A01,23.80,,THPTQG,2020,,daniele15,
BKA,ED2,Công nghệ giáo dục,D01,23.80,,THPTQG,2020,,daniele15,
BKA,ED2X,Công nghệ giáo dục,A19,19.00,,THPTQG,2020,,daniele15,
BKA,EE-E8,Điều khiển - Tự động hóa và Hệ thống điện,A00,27.43,,THPTQG,2020,,daniele15,
BKA,EE-E8,Điều khiển - Tự động hóa và Hệ thống điện,A01,27.43,,THPTQG,2020,,daniele15,
BKA,EE-E8X,Kỹ thuật Điều khiển - Tự động hóa,A19,23.43,,THPTQG,2020,,daniele15,
BKA,EE-EP,Tin học công nghiệp,A00,25.68,,THPTQG,2020,(CT Việt-Pháp PFIEV),daniele15,
BKA,EE-EP,Tin học công nghiệp,A01,25.68,,THPTQG,2020,(CT Việt-Pháp PFIEV),daniele15,
BKA,EE-EP,Tin học công nghiệp,D29,25.68,,THPTQG,2020,(CT Việt-Pháp PFIEV),daniele15,
BKA,EE-EPX,Tin học công nghiệp,A19,20.36,,THPTQG,2020,(CT Việt-Pháp PFIEV),daniele15,
BKA,EE1,Kỹ thuật điện,A00,27.01,,THPTQG,2020,,daniele15,
BKA,EE1,Kỹ thuật điện,A01,27.01,,THPTQG,2020,,daniele15,
BKA,EE1X,Kỹ thuật điện,A19,22.50,,THPTQG,2020,,daniele15,
BKA,EE2,Kỹ thuật Điều khiển - Tự động hóa,A00,28.16,,THPTQG,2020,,daniele15,
BKA,EE2,Kỹ thuật Điều khiển - Tự động hóa,A01,28.16,,THPTQG,2020,,daniele15,
BKA,EE2X,Kỹ thuật Điều khiển - Tự động hóa,A19,24.41,,THPTQG,2020,,daniele15,
BKA,EM-E13,Phân tích kinh doanh,A00,25.03,,THPTQG,2020,(CT tiên tiến),daniele15,
BKA,EM-E13,Phân tích kinh doanh,A01,25.03,,THPTQG,2020,(CT tiên tiến),daniele15,
BKA,EM-E13X,Phân tích kinh doanh,A19,19.09,,THPTQG,2020,(CT tiên tiến),daniele15,
BKA,EM-E14,Logistics và Quản lý chuỗi cung ứng,A00,25.85,,THPTQG,2020,(CT tiên tiến),daniele15,
BKA,EM-E14,Logistics và Quản lý chuỗi cung ứng,A01,25.85,,THPTQG,2020,(CT tiên tiến),daniele15,
BKA,EM-E14,Logistics và Quản lý chuỗi cung ứng,D01,25.85,,THPTQG,2020,(CT tiên tiến),daniele15,
BKA,EM-E14X,Logistics và Quản lý chuỗi cung ứng,A19,21.19,,THPTQG,2020,(CT tiên tiến),daniele15,
BKA,EM-VUW,Quản trị kinh doanh,A00,22.70,,THPTQG,2020,ĐH Victoria (New Zealand),daniele15,
BKA,EM-VUW,Quản trị kinh doanh,A01,22.70,,THPTQG,2020,ĐH Victoria (New Zealand),daniele15,
BKA,EM-VUW,Quản trị kinh doanh,D01,22.70,,THPTQG,2020,ĐH Victoria (New Zealand),daniele15,
BKA,EM-VUW,Quản trị kinh doanh,D07,22.70,,THPTQG,2020,ĐH Victoria (New Zealand),daniele15,
BKA,EM-VUWX,Quản trị kinh doanh,A19,19.00,,THPTQG,2020,ĐH Victoria (New Zealand),daniele15,
BKA,EM1,Kinh tế,A00,24.65,,THPTQG,2020,,daniele15,
BKA,EM1,Kinh tế,A01,24.65,,THPTQG,2020,,daniele15,
BKA,EM1,Kinh tế,D01,24.65,,THPTQG,2020,,daniele15,
BKA,EM1X,Kinh tế công nghiệp,A19,20.54,,THPTQG,2020,,daniele15,
BKA,EM2,Quản lý công nghiệp,A00,25.05,,THPTQG,2020,,daniele15,
BKA,EM2,Quản lý công nghiệp,A01,25.05,,THPTQG,2020,,daniele15,
BKA,EM2,Quản lý công nghiệp,D01,25.05,,THPTQG,2020,,daniele15,
BKA,EM2X,Quản lý công nghiệp,A19,19.13,,THPTQG,2020,,daniele15,
BKA,EM3,Quản trị kinh doanh,A19,25.75,,THPTQG,2020,,daniele15,
BKA,EM3X,Quản trị kinh doanh,A19,20.10,,THPTQG,2020,,daniele15,
BKA,EM4,Kế toán,A00,25.30,,THPTQG,2020,,daniele15,
BKA,EM4,Kế toán,A01,25.30,,THPTQG,2020,,daniele15,
BKA,EM4,Kế toán,D01,25.30,,THPTQG,2020,,daniele15,
BKA,EM4X,Kế toán,A19,19.29,,THPTQG,2020,,daniele15,
BKA,EM5,Tài chính - Ngân hàng,A00,24.60,,THPTQG,2020,,daniele15,
BKA,EM5,Tài chính - Ngân hàng,A01,24.60,,THPTQG,2020,,daniele15,
BKA,EM5,Tài chính - Ngân hàng,D01,24.60,,THPTQG,2020,,daniele15,
BKA,EM5X,Tài chính - Ngân hàng,A19,19.00,,THPTQG,2020,,daniele15,
BKA,ET-E4,Điện tử viễn thông,A00,27.15,,THPTQG,2020,,daniele15,
BKA,ET-E4,Điện tử viễn thông,A01,27.15,,THPTQG,2020,,daniele15,
BKA,ET-E4X,Điện tử viễn thông,A19,22.50,,THPTQG,2020,(CT tiên tiến),daniele15,
BKA,ET-E5,Kỹ thuật y sinh,A00,26.50,,THPTQG,2020,,daniele15,
BKA,ET-E5,Kỹ thuật y sinh,A01,26.50,,THPTQG,2020,,daniele15,
BKA,ET-E5X,Kỹ thuật y sinh,A19,21.10,,THPTQG,2020,(CT tiên tiến),daniele15,
BKA,ET-E9,Hệ thống nhúng thông minh và IoT,A00,27.51,,THPTQG,2020,,daniele15,
BKA,ET-E9,Hệ thống nhúng thông minh và IoT,A01,27.51,,THPTQG,2020,,daniele15,
BKA,ET-E9X,Hệ thống nhúng thông minh và IoT,A19,23.30,,THPTQG,2020,(CT tiên tiến),daniele15,
BKA,ET-LUH,Điện tử viễn thông,A00,23.85,,THPTQG,2020,ĐH Leibniz Hannover (Đức),daniele15,
BKA,ET-LUH,Điện tử viễn thông,A01,23.85,,THPTQG,2020,ĐH Leibniz Hannover (Đức),daniele15,
BKA,ET-LUH,Điện tử viễn thông,D26,23.85,,THPTQG,2020,ĐH Leibniz Hannover (Đức),daniele15,
BKA,ET-LUHX,Điện tử viễn thông,A19,19.00,,THPTQG,2020,ĐH Leibniz Hannover (Đức),daniele15,
BKA,ET1,Kỹ thuật điện tử - viễn thông,A00,27.30,,THPTQG,2020,,daniele15,
BKA,ET1,Kỹ thuật điện tử - viễn thông,A01,27.30,,THPTQG,2020,,daniele15,
BKA,ET1X,Kỹ thuật điện tử - viễn thông,A19,23.00,,THPTQG,2020,,daniele15,
BKA,EV1,Kỹ thuật môi trường,A00,23.85,,THPTQG,2020,,daniele15,
BKA,EV1,Kỹ thuật môi trường,B00,23.85,,THPTQG,2020,,daniele15,
BKA,EV1,Kỹ thuật môi trường,D07,23.85,,THPTQG,2020,,daniele15,
BKA,EV1X,Kỹ thuật môi trường,A19,19.00,,THPTQG,2020,,daniele15,
BKA,EV1X,Kỹ thuật môi trường,A20,19.00,,THPTQG,2020,,daniele15,
BKA,FL1,Tiếng Anh Khoa học kỹ thuật và Công nghệ,D01,24.10,,THPTQG,2020,,daniele15,
BKA,FL2,Tiếng Anh chuyên nghiệp quốc tế,D01,24.10,,THPTQG,2020,,daniele15,
BKA,HE1,Công nghệ Kỹ thuật Nhiệt (Cơ điện lạnh),A00,25.80,,THPTQG,2020,Kỹ thuật nhiệt,daniele15,
BKA,HE1,Công nghệ Kỹ thuật Nhiệt (Cơ điện lạnh),A01,25.80,,THPTQG,2020,Kỹ thuật nhiệt,daniele15,
BKA,HE1X,Kỹ thuật nhiệt,A19,19.00,,THPTQG,2020,,daniele15,
BKA,IT-E10,Khoa học dữ liệu và Trí tuệ nhân tạo,A00,28.65,,THPTQG,2020,,daniele15,
BKA,IT-E10,Khoa học dữ liệu và Trí tuệ nhân tạo,A01,28.65,,THPTQG,2020,,daniele15,
BKA,IT-E10X,Khoa học dữ liệu và Trí tuệ nhân tạo,A19,25.28,,THPTQG,2020,,daniele15,
BKA,IT-E6,Công nghệ thông tin,A19,27.98,,THPTQG,2020,(Việt-Nhật),daniele15,
BKA,IT-E6X,Công nghệ thông tin,A00,27.98,,THPTQG,2020,Công nghệ thông tin Việt - Nhật,daniele15,
BKA,IT-E6X,Công nghệ thông tin,A01,27.98,,THPTQG,2020,Công nghệ thông tin Việt - Nhật,daniele15,
BKA,IT-E7,Công nghệ thông tin,A00,28.38,,THPTQG,2020,Golbal ICT,daniele15,
BKA,IT-E7,Công nghệ thông tin,A01,28.38,,THPTQG,2020,Golbal ICT,daniele15,
BKA,IT-E7X,Công nghệ thông tin,A19,25.14,,THPTQG,2020,(Global ICT),daniele15,
BKA,IT-EP,Công nghệ thông tin,A00,27.24,,THPTQG,2020,(Việt-Pháp),daniele15,
BKA,IT-EP,Công nghệ thông tin,A01,27.24,,THPTQG,2020,(Việt-Pháp),daniele15,
BKA,IT-EPX,Công nghệ thông tin,A19,22.88,,THPTQG,2020,(Việt-Pháp),daniele15,
BKA,IT-LTU,Công nghệ thông tin,A00,26.50,,THPTQG,2020,,daniele15,
BKA,IT-LTU,Công nghệ thông tin,A01,26.50,,THPTQG,2020,,daniele15,
BKA,IT-LTU,Công nghệ thông tin,D07,26.50,,THPTQG,2020,,daniele15,
BKA,IT-LTUX,Công nghệ thông tin,A19,22.00,,THPTQG,2020,ĐH La Trobe (Úc),daniele15,
BKA,IT-VUW,Công nghệ thông tin,A00,25.55,,THPTQG,2020,ĐH Victoria (New Zealand),daniele15,
BKA,IT-VUW,Công nghệ thông tin,A01,25.55,,THPTQG,2020,ĐH Victoria (New Zealand),daniele15,
BKA,IT-VUW,Công nghệ thông tin,D07,25.55,,THPTQG,2020,ĐH Victoria (New Zealand),daniele15,
BKA,IT-VUWX,Công nghệ thông tin,A19,21.09,,THPTQG,2020,ĐH Victoria (New Zealand),daniele15,
BKA,IT1,Khoa học máy tính,A00,29.04,,THPTQG,2020,,daniele15,
BKA,IT1,Khoa học máy tính,A01,29.04,,THPTQG,2020,,daniele15,
BKA,IT1X,Kinh doanh nông nghiệp,A19,26.27,,THPTQG,2020,,daniele15,
BKA,IT2,Kỹ thuật máy tính,A00,28.65,,THPTQG,2020,,daniele15,
BKA,IT2,Kỹ thuật máy tính,A01,28.65,,THPTQG,2020,,daniele15,
BKA,IT2X,Kỹ thuật máy tính,A19,25.63,,THPTQG,2020,,daniele15,
BKA,ME-E1,Kỹ thuật cơ điện tử,A00,26.75,,THPTQG,2020,(Ct tiên tiến),daniele15,
BKA,ME-E1,Kỹ thuật cơ điện tử,A01,26.75,,THPTQG,2020,(Ct tiên tiến),daniele15,
BKA,ME-E1X,Kỹ thuật cơ điện tử,A00,22.60,,THPTQG,2020,,daniele15,
BKA,ME-E1X,Kỹ thuật cơ điện tử,A01,22.60,,THPTQG,2020,,daniele15,
BKA,ME-E1X,Kỹ thuật cơ điện tử,A00,26.75,,THPTQG,2020,CT tiên tiến,daniele15,
BKA,ME-E1X,Kỹ thuật cơ điện tử,A01,26.75,,THPTQG,2020,CT tiên tiến,daniele15,
BKA,ME-GU,Cơ khí - Chế tạo máy,A00,23.90,,THPTQG,2020,,daniele15,
BKA,ME-GU,Cơ khí - Chế tạo máy,A01,23.90,,THPTQG,2020,,daniele15,
BKA,ME-GU,Cơ khí - Chế tạo máy,D07,23.90,,THPTQG,2020,,daniele15,
BKA,ME-GUX,Cơ khí - Chế tạo máy,A19,19.00,,THPTQG,2020,ĐH Griffith (Úc),daniele15,
BKA,ME-LUH,Cơ điện tử,A00,24.20,,THPTQG,2020,Hợp tác với ĐH Leibniz Hannover (Đức); Điểm thi TN THPT,daniele15,
BKA,ME-LUH,Cơ điện tử,A01,24.20,,THPTQG,2020,Hợp tác với ĐH Leibniz Hannover (Đức); Điểm thi TN THPT,daniele15,
BKA,ME-LUH,Cơ điện tử,D07,24.20,,THPTQG,2020,Hợp tác với ĐH Leibniz Hannover (Đức); Điểm thi TN THPT,daniele15,
BKA,ME-LUHX,Cơ điện tử,A19,21.60,,THPTQG,2020,ĐH Leibniz Hannover (Đức),daniele15,
BKA,ME-NUT,Cơ điện tử,A00,24.50,,THPTQG,2020,ĐH Nagaoka (Nhật Bản),daniele15,
BKA,ME-NUT,Cơ điện tử,A01,24.50,,THPTQG,2020,ĐH Nagaoka (Nhật Bản),daniele15,
BKA,ME-NUT,Cơ điện tử,D28,24.50,,THPTQG,2020,ĐH Nagaoka (Nhật Bản),daniele15,
BKA,ME-NUTX,Cơ điện tử,A19,20.50,,THPTQG,2020,ĐH Nagaoka (Nhật Bản),daniele15,
BKA,ME1,Kỹ thuật cơ điện tử,A00,27.48,,THPTQG,2020,,daniele15,
BKA,ME1,Kỹ thuật cơ điện tử,A01,27.48,,THPTQG,2020,,daniele15,
BKA,ME1X,Kỹ thuật cơ điện tử,A19,23.60,,THPTQG,2020,A19,daniele15,
BKA,ME2,Kỹ thuật cơ khí,A00,26.51,,THPTQG,2020,,daniele15,
BKA,ME2,Kỹ thuật cơ khí,A01,26.51,,THPTQG,2020,,daniele15,
BKA,ME2X,Kỹ thuật cơ khí,A19,20.80,,THPTQG,2020,,daniele15,
BKA,MI1,Khoa học máy tính,A00,27.56,,THPTQG,2020,,daniele15,
BKA,MI1,Khoa học máy tính,A01,27.56,,THPTQG,2020,,daniele15,
BKA,MI1X,Khoa học máy tính,A19,23.90,,THPTQG,2020,,daniele15,
BKA,MI2,Hệ thống thông tin quản lý,A00,27.25,,THPTQG,2020,,daniele15,
BKA,MI2,Hệ thống thông tin quản lý,A01,27.25,,THPTQG,2020,,daniele15,
BKA,MI2X,Hệ thống thông tin quản lý,A19,22.15,,THPTQG,2020,,daniele15,
BKA,MS-E3,Khoa học kỹ thuật Vật liệu,A00,23.18,,THPTQG,2020,CT tiên tiến),daniele15,
BKA,MS-E3,Khoa học kỹ thuật Vật liệu,A01,23.18,,THPTQG,2020,CT tiên tiến),daniele15,
BKA,MS-E3,Khoa học kỹ thuật Vật liệu,D07,23.18,,THPTQG,2020,CT tiên tiến),daniele15,
BKA,MS-E3X,Khoa học kỹ thuật Vật liệu,A19,19.56,,THPTQG,2020,(CT tiên tiến),daniele15,
BKA,MS-E3X,Khoa học kỹ thuật Vật liệu,A20,19.56,,THPTQG,2020,(CT tiên tiến),daniele15,
BKA,MS1,Kỹ thuật vật liệu,A00,25.18,,THPTQG,2020,,daniele15,
BKA,MS1,Kỹ thuật vật liệu,A01,25.18,,THPTQG,2020,,daniele15,
BKA,MS1,Kỹ thuật vật liệu,D07,25.18,,THPTQG,2020,,daniele15,
BKA,MS1X,Kỹ thuật vật liệu,A19,19.27,,THPTQG,2020,,daniele15,
BKA,MS1X,Kỹ thuật vật liệu,A20,19.27,,THPTQG,2020,,daniele15,
BKA,PH1,Vật lý kỹ thuật,A00,26.18,,THPTQG,2020,,daniele15,
BKA,PH1,Vật lý kỹ thuật,A01,26.18,,THPTQG,2020,,daniele15,
BKA,PH1X,Vật lý kỹ thuật,A19,21.50,,THPTQG,2020,,daniele15,
BKA,PH2,Kỹ thuật hạt nhân,A00,24.70,,THPTQG,2020,,daniele15,
BKA,PH2,Kỹ thuật hạt nhân,A01,24.70,,THPTQG,2020,,daniele15,
BKA,PH2,Kỹ thuật hạt nhân,A02,24.70,,THPTQG,2020,,daniele15,
BKA,PH2X,Kỹ thuật hạt nhân,A19,20.00,,THPTQG,2020,,daniele15,
BKA,TE-E2,Kỹ thuật ô tô,A00,26.75,,THPTQG,2020,,daniele15,
BKA,TE-E2,Kỹ thuật ô tô,A01,26.75,,THPTQG,2020,,daniele15,
BKA,TE-E2X,Kỹ thuật ô tô,A19,22.50,,THPTQG,2020,CT tiên tiến,daniele15,
BKA,TE-EP,Cơ khí hàng không,A00,23.88,,THPTQG,2020,(CT Việt-Pháp PFIEV),daniele15,
BKA,TE-EP,Cơ khí hàng không,A01,23.88,,THPTQG,2020,(CT Việt-Pháp PFIEV),daniele15,
BKA,TE-EP,Cơ khí hàng không,D29,23.88,,THPTQG,2020,(CT Việt-Pháp PFIEV),daniele15,
BKA,TE-EPX,Cơ khí hàng không,A19,19.00,,THPTQG,2020,(CT Việt-Pháp PFIEV),daniele15,
BKA,TE1,Kỹ thuật ô tô,A00,27.33,,THPTQG,2020,,daniele15,
BKA,TE1,Kỹ thuật ô tô,A01,27.33,,THPTQG,2020,,daniele15,
BKA,TE1X,Kỹ thuật ô tô,A19,23.40,,THPTQG,2020,,daniele15,
BKA,TE2,Kỹ thuật cơ khí,A00,26.46,,THPTQG,2020,Kỹ thuật cơ khí động lực,daniele15,
BKA,TE2,Kỹ thuật cơ khí,A01,26.46,,THPTQG,2020,Kỹ thuật cơ khí động lực,daniele15,
BKA,TE2X,Kỹ thuật cơ khí,A19,21.06,,THPTQG,2020,Kỹ thuật cơ khí động lực,daniele15,
BKA,TE3,Kỹ thuật Hàng không,A00,26.94,,THPTQG,2020,,daniele15,
BKA,TE3,Kỹ thuật Hàng không,A01,26.94,,THPTQG,2020,,daniele15,
BKA,TE3X,Kỹ thuật Hàng không,A19,22.50,,THPTQG,2020,,daniele15,
BKA,TROY-BA,Quản trị kinh doanh,A00,22.50,,THPTQG,2020,Hợp tác với đại học TROY (Hoa Kỳ),daniele15,
BKA,TROY-BA,Quản trị kinh doanh,A01,22.50,,THPTQG,2020,Hợp tác với đại học TROY (Hoa Kỳ),daniele15,
BKA,TROY-BA,Quản trị kinh doanh,D01,22.50,,THPTQG,2020,Hợp tác với đại học TROY (Hoa Kỳ),daniele15,
BKA,TROY-BA,Quản trị kinh doanh,D07,22.50,,THPTQG,2020,Hợp tác với đại học TROY (Hoa Kỳ),daniele15,
BKA,TROY-BAX,Quản trị kinh doanh,A19,19.00,,THPTQG,2020,ĐH Troy (Hoa Kỳ),daniele15,
BKA,TROY-IT,Kỹ thuật xây dựng,A00,25.00,,THPTQG,2020,Hợp tác với ĐH Troy (Hoa Kỳ),daniele15,
BKA,TROY-IT,Kỹ thuật xây dựng,A01,25.00,,THPTQG,2020,Hợp tác với ĐH Troy (Hoa Kỳ),daniele15,
BKA,TROY-IT,Kỹ thuật xây dựng,D01,25.00,,THPTQG,2020,Hợp tác với ĐH Troy (Hoa Kỳ),daniele15,
BKA,TROY-IT,Kỹ thuật xây dựng,D07,25.00,,THPTQG,2020,Hợp tác với ĐH Troy (Hoa Kỳ),daniele15,
BKA,TROY-ITX,Kỹ thuật xây dựng,A19,19.00,,THPTQG,2020,ĐH Troy (Hoa Kỳ),daniele15,
BKA,TX1,Kỹ thuật Dệt - May,A00,23.04,,THPTQG,2020,,daniele15,
BKA,TX1,Kỹ thuật Dệt - May,A01,23.04,,THPTQG,2020,,daniele15,
BKA,TX1X,Kỹ thuật Dệt - May,A19,19.16,,THPTQG,2020,,daniele15,
BKA,TX1X,Kỹ thuật Dệt - May,A20,19.16,,THPTQG,2020,,daniele15,
BMU,7720101,Y khoa,A02,23.00,,THPTQG,2020,,daniele15,
BMU,7720101,Y khoa,B00,23.00,,THPTQG,2020,,daniele15,
BMU,7720101,Y khoa,D08,23.00,,THPTQG,2020,,daniele15,
BMU,7720201,Dược học,A00,21.00,,THPTQG,2020,,daniele15,
BMU,7720201,Dược học,B00,21.00,,THPTQG,2020,,daniele15,
BMU,7720201,Dược học,D07,21.00,,THPTQG,2020,,daniele15,
BMU,7720301,Điều dưỡng,A02,19.00,,THPTQG,2020,,daniele15,
BMU,7720301,Điều dưỡng,B00,19.00,,THPTQG,2020,,daniele15,
BMU,7720301,Điều dưỡng,B08,19.00,,THPTQG,2020,,daniele15,
BMU,7720301,Điều dưỡng,D34,19.00,,THPTQG,2020,,daniele15,
BPH,7860214,Biên phòng,C00,20.40,,THPTQG,2020,Thí sinh Nam Quân khu 7,daniele15,
BPH,7860214,Biên phòng,C00,22.25,,THPTQG,2020,Thí sinh Nam Quân khu 9,daniele15,
BPH,7860214,Biên phòng,C00,24.70,,THPTQG,2020,Thí sinh Nam miền Bắc,daniele15,
BPH,7860214,Biên phòng,C00,25.40,,THPTQG,2020,Thí sinh Nam Quân khu 5,daniele15,
BPH,7860214,Biên phòng,C00,26.25,,THPTQG,2020,"Thí sinh Nam Quân khu 7, thí sinh mức 26.25 điểm: điểm Môn Văn >=8",daniele15,
BPH,7860214,Biên phòng,C00,27.00,,THPTQG,2020,Thí sinh Nam Quân khu 4 (Quảng Trị và TT - Huế),daniele15,
BPH,7860214,Biên phòng,C00,27.50,,THPTQG,2020,Thí sinh Nam Quân khu 9,daniele15,
BPH,7860214,Biên phòng,C00,28.50,,THPTQG,2020,Thí sinh Nam miền BắcThí sinh mức điểm 28.5 điểm:Tcp1: Ngữ văn >=8.25Tcp2: Sử>=9.25Tcp3: Địa =10,daniele15,
BVH,7320104,Truyền thông đa phương tiện,A00,25.60,,THPTQG,2020,TTNV = 1,daniele15,
BVH,7320104,Truyền thông đa phương tiện,A01,25.60,,THPTQG,2020,TTNV = 1,daniele15,
BVH,7320104,Truyền thông đa phương tiện,D01,25.60,,THPTQG,2020,TTNV = 1,daniele15,
BVH,7329001,Công nghệ đa phương tiện,A00,23.08,,THPTQG,2020,TTNV <= 8,daniele15,
BVH,7329001,Công nghệ đa phương tiện,A01,23.08,,THPTQG,2020,TTNV <= 8,daniele15,
BVH,7329001,Công nghệ đa phương tiện,D01,23.08,,THPTQG,2020,TTNV <= 8,daniele15,
BVH,7329001,Công nghệ đa phương tiện,A00,25.75,,THPTQG,2020,TTNV <= 3,daniele15,
BVH,7329001,Công nghệ đa phương tiện,A01,25.75,,THPTQG,2020,TTNV <= 3,daniele15,
BVH,7329001,Công nghệ đa phương tiện,D01,25.75,,THPTQG,2020,TTNV <= 3,daniele15,
BVH,7340101,Quản trị kinh doanh,A00,23.50,,THPTQG,2020,TTNV <= 6,daniele15,
BVH,7340101,Quản trị kinh doanh,A01,23.50,,THPTQG,2020,TTNV <= 6,daniele15,
BVH,7340101,Quản trị kinh doanh,D01,23.50,,THPTQG,2020,TTNV <= 6,daniele15,
BVH,7340101,Quản trị kinh doanh,A00,24.60,,THPTQG,2020,TTNV <= 2,daniele15,
BVH,7340101,Quản trị kinh doanh,A01,24.60,,THPTQG,2020,TTNV <= 2,daniele15,
BVH,7340101,Quản trị kinh doanh,D01,24.60,,THPTQG,2020,TTNV <= 2,daniele15,
BVH,7340115,Marketing,A00,24.60,,THPTQG,2020,TTNV <= 6,daniele15,
BVH,7340115,Marketing,A01,24.60,,THPTQG,2020,TTNV <= 6,daniele15,
BVH,7340115,Marketing,D01,24.60,,THPTQG,2020,TTNV <= 6,daniele15,
BVH,7340115,Marketing,A00,25.50,,THPTQG,2020,TTNV <= 4,daniele15,
BVH,7340115,Marketing,A01,25.50,,THPTQG,2020,TTNV <= 4,daniele15,
BVH,7340115,Marketing,D01,25.50,,THPTQG,2020,TTNV <= 4,daniele15,
BVH,7340122,Thương mại điện tử,A00,25.70,,THPTQG,2020,TTNV <= 4,daniele15,
BVH,7340122,Thương mại điện tử,A01,25.70,,THPTQG,2020,TTNV <= 4,daniele15,
BVH,7340122,Thương mại điện tử,D01,25.70,,THPTQG,2020,TTNV <= 4,daniele15,
BVH,7340301,Kế toán,A00,21.70,,THPTQG,2020,TTNV <= 4,daniele15,
BVH,7340301,Kế toán,A01,21.70,,THPTQG,2020,TTNV <= 4,daniele15,
BVH,7340301,Kế toán,D01,21.70,,THPTQG,2020,TTNV <= 4,daniele15,
BVH,7340301,Kế toán,A00,24.35,,THPTQG,2020,TTNV <= 4,daniele15,
BVH,7340301,Kế toán,A01,24.35,,THPTQG,2020,TTNV <= 4,daniele15,
BVH,7340301,Kế toán,D01,24.35,,THPTQG,2020,TTNV <= 4,daniele15,
BVH,7480201,Công nghệ thông tin,A00,25.10,,THPTQG,2020,TTNV <= 11,daniele15,
BVH,7480201,Công nghệ thông tin,A01,25.10,,THPTQG,2020,TTNV <= 11,daniele15,
BVH,7480201,Công nghệ thông tin,A00,26.65,,THPTQG,2020,TTNV <= 3,daniele15,
BVH,7480201,Công nghệ thông tin,A01,26.65,,THPTQG,2020,TTNV <= 3,daniele15,
BVH,7480202,An toàn thông tin,A00,24.20,,THPTQG,2020,TTNV <= 18,daniele15,
BVH,7480202,An toàn thông tin,A01,24.20,,THPTQG,2020,TTNV <= 18,daniele15,
BVH,7480202,An toàn thông tin,A00,26.25,,THPTQG,2020,TTNV <= 10,daniele15,
BVH,7480202,An toàn thông tin,A01,26.25,,THPTQG,2020,TTNV <= 10,daniele15,
BVH,7510301,"Công nghệ kỹ thuật điện, điện tử",A00,20.25,,THPTQG,2020,TTNV <= 2,daniele15,
BVH,7510301,"Công nghệ kỹ thuật điện, điện tử",A01,20.25,,THPTQG,2020,TTNV <= 2,daniele15,
BVH,7510301,"Công nghệ kỹ thuật điện, điện tử",A00,24.75,,THPTQG,2020,TTNV <= 3,daniele15,
BVH,7510301,"Công nghệ kỹ thuật điện, điện tử",A01,24.75,,THPTQG,2020,TTNV <= 3,daniele15,
BVH,7520207,Kỹ thuật điện tử - viễn thông,A00,20.00,,THPTQG,2020,TTNV <= 5,daniele15,
BVH,7520207,Kỹ thuật điện tử - viễn thông,A01,20.00,,THPTQG,2020,TTNV <= 5,daniele15,
BVH,7520207,Kỹ thuật điện tử - viễn thông,A00,25.25,,THPTQG,2020,TTNV <= 4,daniele15,
BVH,7520207,Kỹ thuật điện tử - viễn thông,A01,25.25,,THPTQG,2020,TTNV <= 4,daniele15,
BVU,7220201,Ngôn ngữ Anh,A01,15.00,,THPTQG,2020,3 chuyên ngành: Tiếng Anh thương mại; Tiếng Anh du lịch; Phương pháp giảng dạy tiếng Anh,daniele15,
BVU,7220201,Ngôn ngữ Anh,D01,15.00,,THPTQG,2020,3 chuyên ngành: Tiếng Anh thương mại; Tiếng Anh du lịch; Phương pháp giảng dạy tiếng Anh,daniele15,
BVU,7220201,Ngôn ngữ Anh,D14,15.00,,THPTQG,2020,3 chuyên ngành: Tiếng Anh thương mại; Tiếng Anh du lịch; Phương pháp giảng dạy tiếng Anh,daniele15,
BVU,7220201,Ngôn ngữ Anh,D15,15.00,,THPTQG,2020,3 chuyên ngành: Tiếng Anh thương mại; Tiếng Anh du lịch; Phương pháp giảng dạy tiếng Anh,daniele15,
BVU,7310401,Tâm lý học,A01,15.00,,THPTQG,2020,3 chuyên ngành: Tâm lý học; Tâm lý trị liệu; Tâm lý lâm sàng,daniele15,
BVU,7310401,Tâm lý học,D01,15.00,,THPTQG,2020,3 chuyên ngành: Tâm lý học; Tâm lý trị liệu; Tâm lý lâm sàng,daniele15,
BVU,7310401,Tâm lý học,D14,15.00,,THPTQG,2020,3 chuyên ngành: Tâm lý học; Tâm lý trị liệu; Tâm lý lâm sàng,daniele15,
BVU,7310401,Tâm lý học,D15,15.00,,THPTQG,2020,3 chuyên ngành: Tâm lý học; Tâm lý trị liệu; Tâm lý lâm sàng,daniele15,
BVU,7310608,Đông phương học,C00,15.00,,THPTQG,2020,7 chuyên ngành;CN Ngôn ngữ Nhật Bản thí sinh được chọn môn Tiếng Anh hoặc Tiếng Nhật,daniele15,
BVU,7310608,Đông phương học,C20,15.00,,THPTQG,2020,7 chuyên ngành;CN Ngôn ngữ Nhật Bản thí sinh được chọn môn Tiếng Anh hoặc Tiếng Nhật,daniele15,
BVU,7310608,Đông phương học,D01,15.00,,THPTQG,2020,7 chuyên ngành;CN Ngôn ngữ Nhật Bản thí sinh được chọn môn Tiếng Anh hoặc Tiếng Nhật,daniele15,
BVU,7310608,Đông phương học,D15,15.00,,THPTQG,2020,7 chuyên ngành;CN Ngôn ngữ Nhật Bản thí sinh được chọn môn Tiếng Anh hoặc Tiếng Nhật,daniele15,
BVU,7340101,Quản trị kinh doanh,A00,15.00,,THPTQG,2020,7 chuyên ngành,daniele15,
BVU,7340101,Quản trị kinh doanh,C00,15.00,,THPTQG,2020,7 chuyên ngành,daniele15,
BVU,7340101,Quản trị kinh doanh,C01,15.00,,THPTQG,2020,7 chuyên ngành,daniele15,
BVU,7340101,Quản trị kinh doanh,D01,15.00,,THPTQG,2020,7 chuyên ngành,daniele15,
BVU,7340301,Kế toán,A00,15.00,,THPTQG,2020,2 chuyên ngành: Kế toán kiểm toán; Kế toán tài chính,daniele15,
BVU,7340301,Kế toán,A04,15.00,,THPTQG,2020,2 chuyên ngành: Kế toán kiểm toán; Kế toán tài chính,daniele15,
BVU,7340301,Kế toán,C01,15.00,,THPTQG,2020,2 chuyên ngành: Kế toán kiểm toán; Kế toán tài chính,daniele15,
BVU,7340301,Kế toán,D01,15.00,,THPTQG,2020,2 chuyên ngành: Kế toán kiểm toán; Kế toán tài chính,daniele15,
BVU,7380101,Luật,A00,15.00,,THPTQG,2020,3 chuyên ngành: Luật kinh tế; Luật thương mại quốc tế; Luật hành chính,daniele15,
BVU,7380101,Luật,A01,15.00,,THPTQG,2020,3 chuyên ngành: Luật kinh tế; Luật thương mại quốc tế; Luật hành chính,daniele15,
BVU,7380101,Luật,C00,15.00,,THPTQG,2020,3 chuyên ngành: Luật kinh tế; Luật thương mại quốc tế; Luật hành chính,daniele15,
BVU,7380101,Luật,D01,15.00,,THPTQG,2020,3 chuyên ngành: Luật kinh tế; Luật thương mại quốc tế; Luật hành chính,daniele15,
BVU,7480201,Công nghệ thông tin,A00,15.00,,THPTQG,2020,Công nghệ thông tin; Quản trị mạng và an toàn thông tin,daniele15,
BVU,7480201,Công nghệ thông tin,A01,15.00,,THPTQG,2020,Công nghệ thông tin; Quản trị mạng và an toàn thông tin,daniele15,
BVU,7480201,Công nghệ thông tin,A04,15.00,,THPTQG,2020,Công nghệ thông tin; Quản trị mạng và an toàn thông tin,daniele15,
BVU,7480201,Công nghệ thông tin,D01,15.00,,THPTQG,2020,Công nghệ thông tin; Quản trị mạng và an toàn thông tin,daniele15,
BVU,7510301,"Công nghệ kỹ thuật điện, điện tử",A00,15.00,,THPTQG,2020,"Điện công nghiệp và dân dụng, Điện tử công nghiệp, Điều khiển và tự động hoá, Năng lượng tái tạo",daniele15,
BVU,7510301,"Công nghệ kỹ thuật điện, điện tử",A01,15.00,,THPTQG,2020,"Điện công nghiệp và dân dụng, Điện tử công nghiệp, Điều khiển và tự động hoá, Năng lượng tái tạo",daniele15,
BVU,7510301,"Công nghệ kỹ thuật điện, điện tử",A04,15.00,,THPTQG,2020,"Điện công nghiệp và dân dụng, Điện tử công nghiệp, Điều khiển và tự động hoá, Năng lượng tái tạo",daniele15,
BVU,7510301,"Công nghệ kỹ thuật điện, điện tử",D01,15.00,,THPTQG,2020,"Điện công nghiệp và dân dụng, Điện tử công nghiệp, Điều khiển và tự động hoá, Năng lượng tái tạo",daniele15,
BVU,7510605,Logistics và Quản lý chuỗi cung ứng,A00,15.00,,THPTQG,2020,4 chuyên ngành: Logistics và quản lý chuỗi cung ứng; Tổ chức quản lý cảng - Xuất nhập khẩu và Giao nhận vận tải quốc tế; Quản lý dịch vụ vận tải; Thương mại điện tử,daniele15,
BVU,7510605,Logistics và Quản lý chuỗi cung ứng,C00,15.00,,THPTQG,2020,4 chuyên ngành: Logistics và quản lý chuỗi cung ứng; Tổ chức quản lý cảng - Xuất nhập khẩu và Giao nhận vận tải quốc tế; Quản lý dịch vụ vận tải; Thương mại điện tử,daniele15,
BVU,7510605,Logistics và Quản lý chuỗi cung ứng,C01,15.00,,THPTQG,2020,4 chuyên ngành: Logistics và quản lý chuỗi cung ứng; Tổ chức quản lý cảng - Xuất nhập khẩu và Giao nhận vận tải quốc tế; Quản lý dịch vụ vận tải; Thương mại điện tử,daniele15,
BVU,7510605,Logistics và Quản lý chuỗi cung ứng,D01,15.00,,THPTQG,2020,4 chuyên ngành: Logistics và quản lý chuỗi cung ứng; Tổ chức quản lý cảng - Xuất nhập khẩu và Giao nhận vận tải quốc tế; Quản lý dịch vụ vận tải; Thương mại điện tử,daniele15,
CCM,7140201,Giáo dục Mầm non,,18.50,,THPTQG,2020,,daniele15,
CCM,7140202,Giáo dục Tiểu học,C01,18.50,,THPTQG,2020,,daniele15,
CCM,7140202,Giáo dục Tiểu học,C03,18.50,,THPTQG,2020,,daniele15,
CCM,7140202,Giáo dục Tiểu học,C20,18.50,,THPTQG,2020,,daniele15,
CCM,7140202,Giáo dục Tiểu học,D01,18.50,,THPTQG,2020,,daniele15,
CCM,7140205,Giáo dục Chính trị,A00,18.50,,THPTQG,2020,,daniele15,
CCM,7140205,Giáo dục Chính trị,C00,18.50,,THPTQG,2020,,daniele15,
CCM,7140205,Giáo dục Chính trị,C14,18.50,,THPTQG,2020,,daniele15,
CCM,7140205,Giáo dục Chính trị,D01,18.50,,THPTQG,2020,,daniele15,
CCM,7140209,Sư phạm Toán học,A00,18.00,,THPTQG,2020,,daniele15,
CCM,7140209,Sư phạm Toán học,C01,18.00,,THPTQG,2020,,daniele15,
CCM,7140209,Sư phạm Toán học,C02,18.00,,THPTQG,2020,,daniele15,
CCM,7140209,Sư phạm Toán học,D01,18.00,,THPTQG,2020,,daniele15,
CCM,7140231,Sư phạm Tiếng Anh,D01,18.00,,THPTQG,2020,,daniele15,
CCM,7140231,Sư phạm Tiếng Anh,D14,18.00,,THPTQG,2020,,daniele15,
CCM,7140231,Sư phạm Tiếng Anh,D15,18.00,,THPTQG,2020,,daniele15,
CCM,7140231,Sư phạm Tiếng Anh,D66,18.00,,THPTQG,2020,,daniele15,
CCM,7210404,Thiết kế thời trang,D01,15.00,,THPTQG,2020,,daniele15,
CCM,7210404,Thiết kế thời trang,H00,15.00,,THPTQG,2020,,daniele15,
CCM,7210404,Thiết kế thời trang,V00,15.00,,THPTQG,2020,,daniele15,
CCM,7210404,Thiết kế thời trang,V01,15.00,,THPTQG,2020,,daniele15,
CCM,7220201,Ngôn ngữ Anh,D01,14.00,,THPTQG,2020,,daniele15,
CCM,7220201,Ngôn ngữ Anh,D14,14.00,,THPTQG,2020,,daniele15,
CCM,7220201,Ngôn ngữ Anh,D15,14.00,,THPTQG,2020,,daniele15,
CCM,7220201,Ngôn ngữ Anh,D66,14.00,,THPTQG,2020,,daniele15,
CCM,7220204,Ngôn ngữ Trung Quốc,A01,14.00,,THPTQG,2020,,daniele15,
CCM,7220204,Ngôn ngữ Trung Quốc,C00,14.00,,THPTQG,2020,,daniele15,
CCM,7220204,Ngôn ngữ Trung Quốc,C19,14.00,,THPTQG,2020,,daniele15,
CCM,7220204,Ngôn ngữ Trung Quốc,C20,14.00,,THPTQG,2020,,daniele15,
CCM,7310201,Chính trị học,A00,14.00,,THPTQG,2020,,daniele15,
CCM,7310201,Chính trị học,C00,14.00,,THPTQG,2020,,daniele15,
CCM,7310201,Chính trị học,C14,14.00,,THPTQG,2020,,daniele15,
CCM,7310201,Chính trị học,D01,14.00,,THPTQG,2020,,daniele15,
CCM,7340101,Quản trị kinh doanh,A00,14.00,,THPTQG,2020,,daniele15,
CCM,7340101,Quản trị kinh doanh,C14,14.00,,THPTQG,2020,,daniele15,
CCM,7340101,Quản trị kinh doanh,C20,14.00,,THPTQG,2020,,daniele15,
CCM,7340101,Quản trị kinh doanh,D01,14.00,,THPTQG,2020,,daniele15,
CCM,7340115,Marketing,A00,15.00,,THPTQG,2020,,daniele15,
CCM,7340115,Marketing,A01,15.00,,THPTQG,2020,,daniele15,
CCM,7340115,Marketing,B00,15.00,,THPTQG,2020,,daniele15,
CCM,7340115,Marketing,D01,15.00,,THPTQG,2020,,daniele15,
CCM,7340201,Tài chính - Ngân hàng,A00,14.00,,THPTQG,2020,,daniele15,
CCM,7340201,Tài chính - Ngân hàng,C14,14.00,,THPTQG,2020,,daniele15,
CCM,7340201,Tài chính - Ngân hàng,C20,14.00,,THPTQG,2020,,daniele15,
CCM,7340201,Tài chính - Ngân hàng,D01,14.00,,THPTQG,2020,,daniele15,
CCM,7340301,Kế toán,,14.00,,THPTQG,2020,,daniele15,
CCM,7340301,Kế toán,,18.00,,HocBa,2020,Học bạ,daniele15,
CCM,7380101,Luật,A00,14.00,,THPTQG,2020,,daniele15,
CCM,7380101,Luật,C00,14.00,,THPTQG,2020,,daniele15,
CCM,7380101,Luật,C14,14.00,,THPTQG,2020,,daniele15,
CCM,7380101,Luật,D01,14.00,,THPTQG,2020,,daniele15,
CCM,7440301,Khoa học môi trường,A00,14.00,,THPTQG,2020,,daniele15,
CCM,7440301,Khoa học môi trường,B00,14.00,,THPTQG,2020,,daniele15,
CCM,7440301,Khoa học môi trường,B03,14.00,,THPTQG,2020,,daniele15,
CCM,7440301,Khoa học môi trường,D07,14.00,,THPTQG,2020,,daniele15,
CCM,7480201,Công nghệ thông tin,A00,14.00,,THPTQG,2020,,daniele15,
CCM,7480201,Công nghệ thông tin,A01,14.00,,THPTQG,2020,,daniele15,
CCM,7480201,Công nghệ thông tin,C01,14.00,,THPTQG,2020,,daniele15,
CCM,7510201,Công nghệ kỹ thuật cơ khí,A00,15.00,,THPTQG,2020,,daniele15,
CCM,7510201,Công nghệ kỹ thuật cơ khí,A01,15.00,,THPTQG,2020,,daniele15,
CCM,7510201,Công nghệ kỹ thuật cơ khí,B00,15.00,,THPTQG,2020,,daniele15,
CCM,7510201,Công nghệ kỹ thuật cơ khí,D01,15.00,,THPTQG,2020,,daniele15,
CCM,7510301,"Công nghệ kỹ thuật điện, điện tử",A00,15.00,,THPTQG,2020,,daniele15,
CCM,7510301,"Công nghệ kỹ thuật điện, điện tử",A01,15.00,,THPTQG,2020,,daniele15,
CCM,7510301,"Công nghệ kỹ thuật điện, điện tử",B00,15.00,,THPTQG,2020,,daniele15,
CCM,7510301,"Công nghệ kỹ thuật điện, điện tử",D01,15.00,,THPTQG,2020,,daniele15,
CCM,7510601,Quản lý công nghiệp,A00,15.00,,THPTQG,2020,,daniele15,
CCM,7510601,Quản lý công nghiệp,A01,15.00,,THPTQG,2020,,daniele15,
CCM,7510601,Quản lý công nghiệp,B00,15.00,,THPTQG,2020,,daniele15,
CCM,7510601,Quản lý công nghiệp,D01,15.00,,THPTQG,2020,,daniele15,
CCM,7540202,"Công nghệ sợi, dệt",A00,15.00,,THPTQG,2020,,daniele15,
CCM,7540202,"Công nghệ sợi, dệt",A01,15.00,,THPTQG,2020,,daniele15,
CCM,7540202,"Công nghệ sợi, dệt",B00,15.00,,THPTQG,2020,,daniele15,
CCM,7540202,"Công nghệ sợi, dệt",D01,15.00,,THPTQG,2020,,daniele15,
CCM,7540209,Công nghệ may,A00,16.00,,THPTQG,2020,,daniele15,
CCM,7540209,Công nghệ may,A01,16.00,,THPTQG,2020,,daniele15,
CCM,7540209,Công nghệ may,B00,16.00,,THPTQG,2020,,daniele15,
CCM,7540209,Công nghệ may,D01,16.00,,THPTQG,2020,,daniele15,
CCM,7580201,Kỹ thuật xây dựng,A00,14.00,,THPTQG,2020,,daniele15,
CCM,7580201,Kỹ thuật xây dựng,A01,14.00,,THPTQG,2020,,daniele15,
CCM,7580201,Kỹ thuật xây dựng,A02,14.00,,THPTQG,2020,,daniele15,
CCM,7620110,Khoa học cây trồng,A00,14.00,,THPTQG,2020,,daniele15,
CCM,7620110,Khoa học cây trồng,B00,14.00,,THPTQG,2020,,daniele15,
CCM,7620110,Khoa học cây trồng,B03,14.00,,THPTQG,2020,,daniele15,
CCM,7620110,Khoa học cây trồng,D07,14.00,,THPTQG,2020,,daniele15,
CCM,7640101,Thú y,A00,14.00,,THPTQG,2020,,daniele15,
CCM,7640101,Thú y,B00,14.00,,THPTQG,2020,,daniele15,
CCM,7640101,Thú y,B03,14.00,,THPTQG,2020,,daniele15,
CCM,7640101,Thú y,D07,14.00,,THPTQG,2020,,daniele15,
CCM,7810103,Quản trị dịch vụ du lịch và lữ hành,A00,14.00,,THPTQG,2020,,daniele15,
CCM,7810103,Quản trị dịch vụ du lịch và lữ hành,C14,14.00,,THPTQG,2020,,daniele15,
CCM,7810103,Quản trị dịch vụ du lịch và lữ hành,C20,14.00,,THPTQG,2020,,daniele15,
CCM,7810103,Quản trị dịch vụ du lịch và lữ hành,D01,14.00,,THPTQG,2020,,daniele15,
CEA,7310101,Kinh tế,A00,14.70,,THPTQG,2020,,daniele15,
CEA,7310101,Kinh tế,A01,14.70,,THPTQG,2020,,daniele15,
CEA,7310101,Kinh tế,B00,14.70,,THPTQG,2020,,daniele15,
CEA,7310101,Kinh tế,D01,14.70,,THPTQG,2020,,daniele15,
CEA,7340101,Quản trị kinh doanh,A00,14.10,,THPTQG,2020,,daniele15,
CEA,7340101,Quản trị kinh doanh,A01,14.10,,THPTQG,2020,,daniele15,
CEA,7340101,Quản trị kinh doanh,B00,14.10,,THPTQG,2020,,daniele15,
CEA,7340101,Quản trị kinh doanh,D01,14.10,,THPTQG,2020,,daniele15,
CEA,7340201,Tài chính - Ngân hàng,A00,15.80,,THPTQG,2020,,daniele15,
CEA,7340201,Tài chính - Ngân hàng,A01,15.80,,THPTQG,2020,,daniele15,
CEA,7340201,Tài chính - Ngân hàng,B00,15.80,,THPTQG,2020,,daniele15,
CEA,7340201,Tài chính - Ngân hàng,D01,15.80,,THPTQG,2020,,daniele15,
CEA,7340301,Kế toán,A00,14.00,,THPTQG,2020,,daniele15,
CEA,7340301,Kế toán,A01,14.00,,THPTQG,2020,,daniele15,
CEA,7340301,Kế toán,B00,14.00,,THPTQG,2020,,daniele15,
CEA,7340301,Kế toán,D01,14.00,,THPTQG,2020,,daniele15,
CEA,7620201,Lâm học,A00,14.00,,THPTQG,2020,,daniele15,
CEA,7620201,Lâm học,A01,14.00,,THPTQG,2020,,daniele15,
CEA,7620201,Lâm học,B00,14.00,,THPTQG,2020,,daniele15,
CEA,7620201,Lâm học,D01,14.00,,THPTQG,2020,,daniele15,
CEA,7640101,Thú y,A00,15.30,,THPTQG,2020,,daniele15,
CEA,7640101,Thú y,A01,15.30,,THPTQG,2020,,daniele15,
CEA,7640101,Thú y,B00,15.30,,THPTQG,2020,,daniele15,
CEA,7640101,Thú y,D01,15.30,,THPTQG,2020,,daniele15,
CEA,7850103,Quản lý đất đai,A00,15.65,,THPTQG,2020,,daniele15,
CEA,7850103,Quản lý đất đai,A01,15.65,,THPTQG,2020,,daniele15,
CEA,7850103,Quản lý đất đai,B00,15.65,,THPTQG,2020,,daniele15,
CEA,7850103,Quản lý đất đai,D01,15.65,,THPTQG,2020,,daniele15,
CSH,7720101,Gửi đào tạo ngành Y,B00,23.09,,THPTQG,2020,,daniele15,
CSH,7860100,Nghiệp vụ cảnh sát,C03,18.88,,THPTQG,2020,Đối với NAM,daniele15,
CSH,7860100,Nghiệp vụ cảnh sát,C03,19.61,,THPTQG,2020,Đối với NAM,daniele15,
CSH,7860100,Nghiệp vụ cảnh sát,C03,23.09,,THPTQG,2020,Đối với NAM,daniele15,
CSH,7860100,Nghiệp vụ cảnh sát,C03,27.16,,THPTQG,2020,Đối với NỮ,daniele15,
CSH,7860100,Nghiệp vụ cảnh sát,C03,27.36,,THPTQG,2020,"Đối với NỮ.Tiêu chí phụ: Tổng điểm 3 môn thuộc tổ hợp xét tuyển và điểm trung bình cộng kết quả học tập 3 năm THPT lớp 10,11,12 được quy về thang điểm 30 làm tròn đến 2 chữ số thập phân, tính theo côn",daniele15,
CSH,7860100,Nghiệp vụ cảnh sát,C03,27.73,,THPTQG,2020,Đối với NỮ,daniele15,
DAD,7140201,Giáo dục Mầm non,,18.50,,THPTQG,2020,,daniele15,
DAD,7140202,Giáo dục Tiểu học,,18.50,,THPTQG,2020,,daniele15,
DAD,7220201,Ngôn ngữ Anh,A01,14.00,,THPTQG,2020,,daniele15,
DAD,7220201,Ngôn ngữ Anh,D01,14.00,,THPTQG,2020,,daniele15,
DAD,7220201,Ngôn ngữ Anh,D14,14.00,,THPTQG,2020,,daniele15,
DAD,7220201,Ngôn ngữ Anh,D15,14.00,,THPTQG,2020,,daniele15,
DAD,7220201,Ngôn ngữ Anh,A01,15.50,,THPTQG,2020,,daniele15,
DAD,7220201,Ngôn ngữ Anh,D01,15.50,,THPTQG,2020,,daniele15,
DAD,7220201,Ngôn ngữ Anh,D14,15.50,,THPTQG,2020,,daniele15,
DAD,7220201,Ngôn ngữ Anh,D15,15.50,,THPTQG,2020,,daniele15,
DAD,7220204,Ngôn ngữ Trung Quốc,A01,14.00,,THPTQG,2020,,daniele15,
DAD,7220204,Ngôn ngữ Trung Quốc,D01,14.00,,THPTQG,2020,,daniele15,
DAD,7220204,Ngôn ngữ Trung Quốc,D14,14.00,,THPTQG,2020,,daniele15,
DAD,7220204,Ngôn ngữ Trung Quốc,D15,14.00,,THPTQG,2020,,daniele15,
DAD,7220204,Ngôn ngữ Trung Quốc,A01,18.00,,THPTQG,2020,,daniele15,
DAD,7220204,Ngôn ngữ Trung Quốc,D01,18.00,,THPTQG,2020,,daniele15,
DAD,7220204,Ngôn ngữ Trung Quốc,D14,18.00,,THPTQG,2020,,daniele15,
DAD,7220204,Ngôn ngữ Trung Quốc,D15,18.00,,THPTQG,2020,,daniele15,
DAD,7220209,Ngôn ngữ Nhật,A01,14.00,,THPTQG,2020,,daniele15,
DAD,7220209,Ngôn ngữ Nhật,C00,14.00,,THPTQG,2020,,daniele15,
DAD,7220209,Ngôn ngữ Nhật,D01,14.00,,THPTQG,2020,,daniele15,
DAD,7220209,Ngôn ngữ Nhật,D06,14.00,,THPTQG,2020,,daniele15,
DAD,7220210,Ngôn ngữ Hàn Quốc,A01,14.00,,THPTQG,2020,,daniele15,
DAD,7220210,Ngôn ngữ Hàn Quốc,C00,14.00,,THPTQG,2020,,daniele15,
DAD,7220210,Ngôn ngữ Hàn Quốc,D01,14.00,,THPTQG,2020,,daniele15,
DAD,7220210,Ngôn ngữ Hàn Quốc,D14,14.00,,THPTQG,2020,,daniele15,
DAD,7310401,Tâm lý học,A15,14.50,,THPTQG,2020,,daniele15,
DAD,7310401,Tâm lý học,C00,14.50,,THPTQG,2020,,daniele15,
DAD,7310401,Tâm lý học,C16,14.50,,THPTQG,2020,,daniele15,
DAD,7310401,Tâm lý học,D01,14.50,,THPTQG,2020,,daniele15,
DAD,7340101,Quản trị kinh doanh,A00,14.00,,THPTQG,2020,,daniele15,
DAD,7340101,Quản trị kinh doanh,A01,14.00,,THPTQG,2020,,daniele15,
DAD,7340101,Quản trị kinh doanh,B00,14.00,,THPTQG,2020,,daniele15,
DAD,7340101,Quản trị kinh doanh,D01,14.00,,THPTQG,2020,,daniele15,
DAD,7340101,Quản trị kinh doanh,A00,14.55,,THPTQG,2020,,daniele15,
DAD,7340101,Quản trị kinh doanh,A01,14.55,,THPTQG,2020,,daniele15,
DAD,7340101,Quản trị kinh doanh,B00,14.55,,THPTQG,2020,,daniele15,
DAD,7340101,Quản trị kinh doanh,D01,14.55,,THPTQG,2020,,daniele15,
DAD,7340115,Marketing,A00,14.00,,THPTQG,2020,,daniele15,
DAD,7340115,Marketing,A16,14.00,,THPTQG,2020,,daniele15,
DAD,7340115,Marketing,C00,14.00,,THPTQG,2020,,daniele15,
DAD,7340115,Marketing,D01,14.00,,THPTQG,2020,,daniele15,
DAD,7340201,Tài chính - Ngân hàng,A00,14.00,,THPTQG,2020,,daniele15,
DAD,7340201,Tài chính - Ngân hàng,A01,14.00,,THPTQG,2020,,daniele15,
DAD,7340201,Tài chính - Ngân hàng,B00,14.00,,THPTQG,2020,,daniele15,
DAD,7340201,Tài chính - Ngân hàng,D01,14.00,,THPTQG,2020,,daniele15,
DAD,7340201,Tài chính - Ngân hàng,A00,14.55,,THPTQG,2020,,daniele15,
DAD,7340201,Tài chính - Ngân hàng,A01,14.55,,THPTQG,2020,,daniele15,
DAD,7340201,Tài chính - Ngân hàng,B00,14.55,,THPTQG,2020,,daniele15,
DAD,7340201,Tài chính - Ngân hàng,D01,14.55,,THPTQG,2020,,daniele15,
DAD,7340301,Kế toán,A00,14.00,,THPTQG,2020,,daniele15,
DAD,7340301,Kế toán,A01,14.00,,THPTQG,2020,,daniele15,
DAD,7340301,Kế toán,B00,14.00,,THPTQG,2020,,daniele15,
DAD,7340301,Kế toán,D01,14.00,,THPTQG,2020,,daniele15,
DAD,7340301,Kế toán,A00,14.55,,THPTQG,2020,,daniele15,
DAD,7340301,Kế toán,A01,14.55,,THPTQG,2020,,daniele15,
DAD,7340301,Kế toán,B00,14.55,,THPTQG,2020,,daniele15,
DAD,7340301,Kế toán,D01,14.55,,THPTQG,2020,,daniele15,
DAD,7340404,Quản trị nhân lực,A16,14.00,,THPTQG,2020,,daniele15,
DAD,7340404,Quản trị nhân lực,C00,14.00,,THPTQG,2020,,daniele15,
DAD,7340404,Quản trị nhân lực,C15,14.00,,THPTQG,2020,,daniele15,
DAD,7340404,Quản trị nhân lực,D01,14.00,,THPTQG,2020,,daniele15,
DAD,7340406,Quản trị văn phòng,A16,14.00,,THPTQG,2020,,daniele15,
DAD,7340406,Quản trị văn phòng,C00,14.00,,THPTQG,2020,,daniele15,
DAD,7340406,Quản trị văn phòng,C15,14.00,,THPTQG,2020,,daniele15,
DAD,7340406,Quản trị văn phòng,D01,14.00,,THPTQG,2020,,daniele15,
DAD,7380101,Luật,A00,14.00,,THPTQG,2020,,daniele15,
DAD,7380101,Luật,C00,14.00,,THPTQG,2020,,daniele15,
DAD,7380101,Luật,C15,14.00,,THPTQG,2020,,daniele15,
DAD,7380101,Luật,D01,14.00,,THPTQG,2020,,daniele15,
DAD,7380107,Luật,A00,14.00,,THPTQG,2020,Luật kinh tế,daniele15,
DAD,7380107,Luật,C00,14.00,,THPTQG,2020,Luật kinh tế,daniele15,
DAD,7380107,Luật,C15,14.00,,THPTQG,2020,Luật kinh tế,daniele15,
DAD,7380107,Luật,D01,14.00,,THPTQG,2020,Luật kinh tế,daniele15,
DAD,7480112,Khoa học dữ liệu và Trí tuệ nhân tạo,A00,22.00,,THPTQG,2020,Trí tuệ nhân tạo và khoa học dữ liệu,daniele15,
DAD,7480112,Khoa học dữ liệu và Trí tuệ nhân tạo,A01,22.00,,THPTQG,2020,Trí tuệ nhân tạo và khoa học dữ liệu,daniele15,
DAD,7480112,Khoa học dữ liệu và Trí tuệ nhân tạo,D01,22.00,,THPTQG,2020,Trí tuệ nhân tạo và khoa học dữ liệu,daniele15,
DAD,7480112,Khoa học dữ liệu và Trí tuệ nhân tạo,D90,22.00,,THPTQG,2020,Trí tuệ nhân tạo và khoa học dữ liệu,daniele15,
DAD,7480201,Công nghệ thông tin,A00,14.00,,THPTQG,2020,,daniele15,
DAD,7480201,Công nghệ thông tin,A01,14.00,,THPTQG,2020,,daniele15,
DAD,7480201,Công nghệ thông tin,B00,14.00,,THPTQG,2020,,daniele15,
DAD,7480201,Công nghệ thông tin,D01,14.00,,THPTQG,2020,,daniele15,
DAD,7480201,Công nghệ thông tin,A00,14.45,,THPTQG,2020,,daniele15,
DAD,7480201,Công nghệ thông tin,A01,14.45,,THPTQG,2020,,daniele15,
DAD,7480201,Công nghệ thông tin,B00,14.45,,THPTQG,2020,,daniele15,
DAD,7480201,Công nghệ thông tin,D01,14.45,,THPTQG,2020,,daniele15,
DAD,7510103,Công nghệ kỹ thuật xây dựng,A00,14.00,,THPTQG,2020,,daniele15,
DAD,7510103,Công nghệ kỹ thuật xây dựng,A16,14.00,,THPTQG,2020,,daniele15,
DAD,7510103,Công nghệ kỹ thuật xây dựng,C01,14.00,,THPTQG,2020,,daniele15,
DAD,7510103,Công nghệ kỹ thuật xây dựng,C02,14.00,,THPTQG,2020,,daniele15,
DAD,7510205,Công nghệ kỹ thuật ô tô,A00,14.00,,THPTQG,2020,,daniele15,
DAD,7510205,Công nghệ kỹ thuật ô tô,A16,14.00,,THPTQG,2020,,daniele15,
DAD,7510205,Công nghệ kỹ thuật ô tô,C01,14.00,,THPTQG,2020,,daniele15,
DAD,7510205,Công nghệ kỹ thuật ô tô,C02,14.00,,THPTQG,2020,,daniele15,
DAD,7510301,"Công nghệ kỹ thuật điện, điện tử",A00,14.00,,THPTQG,2020,,daniele15,
DAD,7510301,"Công nghệ kỹ thuật điện, điện tử",A01,14.00,,THPTQG,2020,,daniele15,
DAD,7510301,"Công nghệ kỹ thuật điện, điện tử",B00,14.00,,THPTQG,2020,,daniele15,
DAD,7510301,"Công nghệ kỹ thuật điện, điện tử",D01,14.00,,THPTQG,2020,,daniele15,
DAD,7510301,"Công nghệ kỹ thuật điện, điện tử",A00,14.45,,THPTQG,2020,,daniele15,
DAD,7510301,"Công nghệ kỹ thuật điện, điện tử",A01,14.45,,THPTQG,2020,,daniele15,
DAD,7510301,"Công nghệ kỹ thuật điện, điện tử",B00,14.45,,THPTQG,2020,,daniele15,
DAD,7510301,"Công nghệ kỹ thuật điện, điện tử",D01,14.45,,THPTQG,2020,,daniele15,
DAD,7510303,Công nghệ kỹ thuật điều khiển và tự động hóa,A00,15.00,,THPTQG,2020,,daniele15,
DAD,7510303,Công nghệ kỹ thuật điều khiển và tự động hóa,A16,15.00,,THPTQG,2020,,daniele15,
DAD,7510303,Công nghệ kỹ thuật điều khiển và tự động hóa,C01,15.00,,THPTQG,2020,,daniele15,
DAD,7510303,Công nghệ kỹ thuật điều khiển và tự động hóa,C02,15.00,,THPTQG,2020,,daniele15,
DAD,7540101,Công nghệ thực phẩm,A00,14.00,,THPTQG,2020,,daniele15,
DAD,7540101,Công nghệ thực phẩm,B00,14.00,,THPTQG,2020,,daniele15,
DAD,7540101,Công nghệ thực phẩm,D01,14.00,,THPTQG,2020,,daniele15,
DAD,7540101,Công nghệ thực phẩm,D08,14.00,,THPTQG,2020,,daniele15,
DAD,7580101,Kiến trúc,A01,15.55,,THPTQG,2020,,daniele15,
DAD,7580101,Kiến trúc,V00,15.55,,THPTQG,2020,,daniele15,
DAD,7580101,Kiến trúc,V01,15.55,,THPTQG,2020,,daniele15,
DAD,7580101,Kiến trúc,V02,15.55,,THPTQG,2020,,daniele15,
DAD,7580105,Quy hoạch vùng và đô thị,A01,15.55,,THPTQG,2020,,daniele15,
DAD,7580105,Quy hoạch vùng và đô thị,V00,15.55,,THPTQG,2020,,daniele15,
DAD,7580105,Quy hoạch vùng và đô thị,V01,15.55,,THPTQG,2020,,daniele15,
DAD,7580105,Quy hoạch vùng và đô thị,V02,15.55,,THPTQG,2020,,daniele15,
DAD,7580108,Thiết kế nội thất,H00,15.55,,THPTQG,2020,,daniele15,
DAD,7580108,Thiết kế nội thất,V00,15.55,,THPTQG,2020,,daniele15,
DAD,7580108,Thiết kế nội thất,V01,15.55,,THPTQG,2020,,daniele15,
DAD,7580108,Thiết kế nội thất,V02,15.55,,THPTQG,2020,,daniele15,
DAD,7580201,Kỹ thuật xây dựng,A00,14.55,,THPTQG,2020,,daniele15,
DAD,7580201,Kỹ thuật xây dựng,A01,14.55,,THPTQG,2020,,daniele15,
DAD,7580201,Kỹ thuật xây dựng,B00,14.55,,THPTQG,2020,,daniele15,
DAD,7580201,Kỹ thuật xây dựng,D01,14.55,,THPTQG,2020,,daniele15,
DAD,7580205,kỹ thuật xây dựng công trình giao thông,A00,14.15,,THPTQG,2020,,daniele15,
DAD,7580205,kỹ thuật xây dựng công trình giao thông,A01,14.15,,THPTQG,2020,,daniele15,
DAD,7580205,kỹ thuật xây dựng công trình giao thông,B00,14.15,,THPTQG,2020,,daniele15,
DAD,7580205,kỹ thuật xây dựng công trình giao thông,D01,14.15,,THPTQG,2020,,daniele15,
DAD,7580210,Kỹ thuật cơ sở hạ tầng,A00,14.55,,THPTQG,2020,,daniele15,
DAD,7580210,Kỹ thuật cơ sở hạ tầng,A01,14.55,,THPTQG,2020,,daniele15,
DAD,7580210,Kỹ thuật cơ sở hạ tầng,B00,14.55,,THPTQG,2020,,daniele15,
DAD,7580210,Kỹ thuật cơ sở hạ tầng,D01,14.55,,THPTQG,2020,,daniele15,
DAD,7580302,Quản lý xây dựng,A00,14.55,,THPTQG,2020,,daniele15,
DAD,7580302,Quản lý xây dựng,A01,14.55,,THPTQG,2020,,daniele15,
DAD,7580302,Quản lý xây dựng,B00,14.55,,THPTQG,2020,,daniele15,
DAD,7580302,Quản lý xây dựng,D01,14.55,,THPTQG,2020,,daniele15,
DAD,7620101,Nông nghiệp,A00,14.00,,THPTQG,2020,,daniele15,
DAD,7620101,Nông nghiệp,B00,14.00,,THPTQG,2020,,daniele15,
DAD,7620101,Nông nghiệp,D01,14.00,,THPTQG,2020,,daniele15,
DAD,7620101,Nông nghiệp,D08,14.00,,THPTQG,2020,,daniele15,
DAD,7720201,Dược học,A00,21.00,,THPTQG,2020,,daniele15,
DAD,7720201,Dược học,B00,21.00,,THPTQG,2020,,daniele15,
DAD,7720201,Dược học,B03,21.00,,THPTQG,2020,,daniele15,
DAD,7720201,Dược học,D07,21.00,,THPTQG,2020,,daniele15,
DAD,7720301,Điều dưỡng,A02,19.00,,THPTQG,2020,,daniele15,
DAD,7720301,Điều dưỡng,A16,19.00,,THPTQG,2020,,daniele15,
DAD,7720301,Điều dưỡng,B00,19.00,,THPTQG,2020,,daniele15,
DAD,7720301,Điều dưỡng,B03,19.00,,THPTQG,2020,,daniele15,
DAD,7720401,Dinh dưỡng,A02,15.00,,THPTQG,2020,,daniele15,
DAD,7720401,Dinh dưỡng,A16,15.00,,THPTQG,2020,,daniele15,
DAD,7720401,Dinh dưỡng,B00,15.00,,THPTQG,2020,,daniele15,
DAD,7720401,Dinh dưỡng,B03,15.00,,THPTQG,2020,,daniele15,
DAD,7810103,Quản trị dịch vụ du lịch và lữ hành,A00,14.00,,THPTQG,2020,,daniele15,
DAD,7810103,Quản trị dịch vụ du lịch và lữ hành,A01,14.00,,THPTQG,2020,,daniele15,
DAD,7810103,Quản trị dịch vụ du lịch và lữ hành,B00,14.00,,THPTQG,2020,,daniele15,
DAD,7810103,Quản trị dịch vụ du lịch và lữ hành,D01,14.00,,THPTQG,2020,,daniele15,
DAD,7810103,Quản trị dịch vụ du lịch và lữ hành,A00,14.45,,THPTQG,2020,,daniele15,
DAD,7810103,Quản trị dịch vụ du lịch và lữ hành,A01,14.45,,THPTQG,2020,,daniele15,
DAD,7810103,Quản trị dịch vụ du lịch và lữ hành,B00,14.45,,THPTQG,2020,,daniele15,
DAD,7810103,Quản trị dịch vụ du lịch và lữ hành,D01,14.45,,THPTQG,2020,,daniele15,
DAD,7810201,Quản trị khách sạn,A00,14.00,,THPTQG,2020,,daniele15,
DAD,7810201,Quản trị khách sạn,C00,14.00,,THPTQG,2020,,daniele15,
DAD,7810201,Quản trị khách sạn,C15,14.00,,THPTQG,2020,,daniele15,
DAD,7810201,Quản trị khách sạn,D01,14.00,,THPTQG,2020,,daniele15,
DAD,7810201DA,Quản trị nhà hàng và dịch vụ ăn uống,A00,14.00,,THPTQG,2020,,daniele15,
DAD,7810201DA,Quản trị nhà hàng và dịch vụ ăn uống,C00,14.00,,THPTQG,2020,,daniele15,
DAD,7810201DA,Quản trị nhà hàng và dịch vụ ăn uống,C15,14.00,,THPTQG,2020,,daniele15,
DAD,7810201DA,Quản trị nhà hàng và dịch vụ ăn uống,D01,14.00,,THPTQG,2020,,daniele15,
DBG,7140215,Sư phạm Kỹ thuật nông nghiệp,,18.50,,THPTQG,2020,,daniele15,
DBG,7140215,Sư phạm Kỹ thuật nông nghiệp,,700.00,,DGNL,2020,,daniele15,
DBG,7220201,Ngôn ngữ Anh,,23.00,,THPTQG,2020,,daniele15,
DBG,7220201,Ngôn ngữ Anh,,700.00,,DGNL,2020,,daniele15,
DBG,7310101,Kinh tế,,15.00,,THPTQG,2020,,daniele15,
DBG,7310101,Kinh tế,,22.25,,THPTQG,2020,,daniele15,
DBG,7310101,Kinh tế,,700.00,,DGNL,2020,,daniele15,
DBG,7340101,Quản trị kinh doanh,,15.00,,THPTQG,2020,,daniele15,
DBG,7340101,Quản trị kinh doanh,,23.30,,THPTQG,2020,,daniele15,
DBG,7340101,Quản trị kinh doanh,,700.00,,DGNL,2020,,daniele15,
DBG,7340101C,Quản trị kinh doanh,,20.70,,THPTQG,2020,,daniele15,
DBG,7340101C,Quản trị kinh doanh,,700.00,,DGNL,2020,,daniele15,
DBG,7340101N,Quản trị kinh doanh,A00,15.00,,THPTQG,2020,,daniele15,
DBG,7340101N,Quản trị kinh doanh,A01,15.00,,THPTQG,2020,,daniele15,
DBG,7340116,Bất động sản,,19.00,,THPTQG,2020,,daniele15,
DBG,7340116,Bất động sản,,600.00,,DGNL,2020,,daniele15,
DBG,7340116G,Bất động sản,A00,15.00,,THPTQG,2020,,daniele15,
DBG,7340116G,Bất động sản,A01,15.00,,THPTQG,2020,,daniele15,
DBG,7340116G,Bất động sản,D01,15.00,,THPTQG,2020,,daniele15,
DBG,7340116N,Bất động sản,A00,15.00,,THPTQG,2020,,daniele15,
DBG,7340116N,Bất động sản,A01,15.00,,THPTQG,2020,,daniele15,
DBG,7340116N,Bất động sản,A04,15.00,,THPTQG,2020,,daniele15,
DBG,7340116N,Bất động sản,D01,15.00,,THPTQG,2020,,daniele15,
DBG,7340301,Kế toán,,15.00,,THPTQG,2020,,daniele15,
DBG,7340301,Kế toán,,23.30,,THPTQG,2020,,daniele15,
DBG,7340301,Kế toán,,700.00,,DGNL,2020,,daniele15,
DBG,7340301N,Kế toán,A00,15.00,,THPTQG,2020,,daniele15,
DBG,7340301N,Kế toán,A01,15.00,,THPTQG,2020,,daniele15,
DBG,7340301N,Kế toán,D01,15.00,,THPTQG,2020,,daniele15,
DBG,7420201,Công nghệ sinh học,,23.00,,THPTQG,2020,,daniele15,
DBG,7420201,Công nghệ sinh học,,700.00,,DGNL,2020,,daniele15,
DBG,7420201C,Công nghệ sinh học,,16.25,,THPTQG,2020,,daniele15,
DBG,7420201C,Công nghệ sinh học,,650.00,,DGNL,2020,,daniele15,
DBG,7440301,Khoa học môi trường,,16.00,,THPTQG,2020,,daniele15,
DBG,7440301,Khoa học môi trường,,640.00,,DGNL,2020,,daniele15,
DBG,7480101G,Công nghệ thông tin,A00,15.00,,THPTQG,2020,,daniele15,
DBG,7480101G,Công nghệ thông tin,A01,15.00,,THPTQG,2020,,daniele15,
DBG,7480101G,Công nghệ thông tin,D07,15.00,,THPTQG,2020,,daniele15,
DBG,7480104,Hệ thống thông tin,,17.00,,THPTQG,2020,,daniele15,
DBG,7480104,Hệ thống thông tin,,620.00,,DGNL,2020,,daniele15,
DBG,7480201,Công nghệ thông tin,,22.75,,THPTQG,2020,,daniele15,
DBG,7480201,Công nghệ thông tin,,700.00,,DGNL,2020,,daniele15,
DBG,7510201,Công nghệ kỹ thuật cơ khí,,21.00,,THPTQG,2020,,daniele15,
DBG,7510201,Công nghệ kỹ thuật cơ khí,,620.00,,DGNL,2020,,daniele15,
DBG,7510201C,Công nghệ kỹ thuật cơ khí,,16.25,,THPTQG,2020,,daniele15,
DBG,7510201C,Công nghệ kỹ thuật cơ khí,,740.00,,DGNL,2020,,daniele15,
DBG,7510203,Công nghệ kỹ thuật cơ điện tử,A00,21.50,,THPTQG,2020,,daniele15,
DBG,7510203,Công nghệ kỹ thuật cơ điện tử,A01,21.50,,THPTQG,2020,,daniele15,
DBG,7510203,Công nghệ kỹ thuật cơ điện tử,D07,21.50,,THPTQG,2020,,daniele15,
DBG,7510205,Công nghệ kỹ thuật ô tô,,22.75,,THPTQG,2020,,daniele15,
DBG,7510205,Công nghệ kỹ thuật ô tô,,800.00,,DGNL,2020,,daniele15,
DBG,7510206,Công nghệ Kỹ thuật Nhiệt (Cơ điện lạnh),,17.75,,THPTQG,2020,,daniele15,
DBG,7510206,Công nghệ Kỹ thuật Nhiệt (Cơ điện lạnh),,600.00,,DGNL,2020,,daniele15,
DBG,7510401,Công nghệ kỹ thuật hoá học,,20.50,,THPTQG,2020,,daniele15,
DBG,7510401,Công nghệ kỹ thuật hoá học,,700.00,,DGNL,2020,,daniele15,
DBG,7519007,Công nghệ kỹ thuật năng lượng tái tạo,,16.00,,THPTQG,2020,,daniele15,
DBG,7519007,Công nghệ kỹ thuật năng lượng tái tạo,,600.00,,DGNL,2020,,daniele15,
DBG,7519007N,Công nghệ kỹ thuật năng lượng tái tạo,A00,15.00,,THPTQG,2020,,daniele15,
DBG,7519007N,Công nghệ kỹ thuật năng lượng tái tạo,A01,15.00,,THPTQG,2020,,daniele15,
DBG,7519007N,Công nghệ kỹ thuật năng lượng tái tạo,D07,15.00,,THPTQG,2020,,daniele15,
DBG,7520216,Kỹ thuật điều khiển và tự động hoá,,21.25,,THPTQG,2020,,daniele15,
DBG,7520216,Kỹ thuật điều khiển và tự động hoá,,620.00,,DGNL,2020,,daniele15,
DBG,7520320,Kỹ thuật môi trường,,16.00,,THPTQG,2020,,daniele15,
DBG,7520320,Kỹ thuật môi trường,,640.00,,DGNL,2020,,daniele15,
DBG,7520320C,Kỹ thuật môi trường,,16.00,,THPTQG,2020,,daniele15,
DBG,7520320C,Kỹ thuật môi trường,,600.00,,DGNL,2020,,daniele15,
DBG,7540101,Công nghệ thực phẩm,,15.00,,THPTQG,2020,,daniele15,
DBG,7540101,Công nghệ thực phẩm,,19.00,,THPTQG,2020,,daniele15,
DBG,7540101,Công nghệ thực phẩm,,700.00,,DGNL,2020,,daniele15,
DBG,7540101C,Công nghệ thực phẩm,,23.00,,THPTQG,2020,,daniele15,
DBG,7540101C,Công nghệ thực phẩm,,770.00,,DGNL,2020,,daniele15,
DBG,7540101T,Công nghệ thực phẩm,,19.00,,THPTQG,2020,,daniele15,
DBG,7540101T,Công nghệ thực phẩm,,770.00,,DGNL,2020,,daniele15,
DBG,7540105,Công nghệ chế biến thuỷ sản,,16.00,,THPTQG,2020,,daniele15,
DBG,7540105,Công nghệ chế biến thuỷ sản,,600.00,,DGNL,2020,,daniele15,
DBG,7540106,Đảm bảo chất lượng và an toàn thực phẩm,A00,15.00,,THPTQG,2020,,daniele15,
DBG,7540106,Đảm bảo chất lượng và an toàn thực phẩm,A01,15.00,,THPTQG,2020,,daniele15,
DBG,7540106,Đảm bảo chất lượng và an toàn thực phẩm,B00,15.00,,THPTQG,2020,,daniele15,
DBG,7540106,Đảm bảo chất lượng và an toàn thực phẩm,D01,15.00,,THPTQG,2020,,daniele15,
DBG,7549001,Công nghệ chế biến lâm sản,,16.00,,THPTQG,2020,,daniele15,
DBG,7549001,Công nghệ chế biến lâm sản,,600.00,,DGNL,2020,,daniele15,
DBG,7620105,Chăn nuôi,,15.00,,THPTQG,2020,,daniele15,
DBG,7620105,Chăn nuôi,,19.00,,THPTQG,2020,,daniele15,
DBG,7620105,Chăn nuôi,,620.00,,DGNL,2020,,daniele15,
DBG,7620109,Nông học,,15.00,,THPTQG,2020,,daniele15,
DBG,7620109,Nông học,,17.25,,THPTQG,2020,,daniele15,
DBG,7620109,Nông học,,700.00,,DGNL,2020,,daniele15,
DBG,7620109G,Nông học,A00,15.00,,THPTQG,2020,,daniele15,
DBG,7620109G,Nông học,B00,15.00,,THPTQG,2020,,daniele15,
DBG,7620109G,Nông học,B08,15.00,,THPTQG,2020,,daniele15,
DBG,7620109N,Nông học,A00,15.00,,THPTQG,2020,,daniele15,
DBG,7620109N,Nông học,B00,15.00,,THPTQG,2020,,daniele15,
DBG,7620109N,Nông học,D08,15.00,,THPTQG,2020,,daniele15,
DBG,7620110,Khoa học cây trồng,A00,15.00,,THPTQG,2020,,daniele15,
DBG,7620110,Khoa học cây trồng,A01,15.00,,THPTQG,2020,,daniele15,
DBG,7620110,Khoa học cây trồng,B00,15.00,,THPTQG,2020,,daniele15,
DBG,7620110,Khoa học cây trồng,D01,15.00,,THPTQG,2020,,daniele15,
DBG,7620112,Bảo vệ thực vật,,15.00,,THPTQG,2020,,daniele15,
DBG,7620112,Bảo vệ thực vật,,19.50,,THPTQG,2020,,daniele15,
DBG,7620112,Bảo vệ thực vật,,700.00,,DGNL,2020,,daniele15,
DBG,7620113,Công nghệ rau hoa quả và cảnh quan,,16.00,,THPTQG,2020,,daniele15,
DBG,7620113,Công nghệ rau hoa quả và cảnh quan,,600.00,,DGNL,2020,,daniele15,
DBG,7620114,Kinh doanh nông nghiệp,,19.00,,THPTQG,2020,,daniele15,
DBG,7620114,Kinh doanh nông nghiệp,,600.00,,DGNL,2020,,daniele15,
DBG,7620116,Phát triển nông thôn,,16.00,,THPTQG,2020,,daniele15,
DBG,7620116,Phát triển nông thôn,,600.00,,DGNL,2020,,daniele15,
DBG,7620201,Lâm học,,16.00,,THPTQG,2020,,daniele15,
DBG,7620201,Lâm học,,600.00,,DGNL,2020,,daniele15,
DBG,7620201G,Lâm nghiệp,A00,15.00,,THPTQG,2020,,daniele15,
DBG,7620201G,Lâm nghiệp,B00,15.00,,THPTQG,2020,,daniele15,
DBG,7620201G,Lâm nghiệp,B08,15.00,,THPTQG,2020,,daniele15,
DBG,7620201G,Lâm nghiệp,D01,15.00,,THPTQG,2020,,daniele15,
DBG,7620202,Lâm nghiệp đô thị,,16.00,,THPTQG,2020,,daniele15,
DBG,7620202,Lâm nghiệp đô thị,,600.00,,DGNL,2020,,daniele15,
DBG,7620211,Quản lý tài nguyên rừng,,15.00,,THPTQG,2020,,daniele15,
DBG,7620211,Quản lý tài nguyên rừng,,16.00,,THPTQG,2020,,daniele15,
DBG,7620211,Quản lý tài nguyên rừng,,600.00,,DGNL,2020,,daniele15,
DBG,7620301,Nuôi trồng thuỷ sản,,16.00,,THPTQG,2020,,daniele15,
DBG,7620301,Nuôi trồng thuỷ sản,,650.00,,DGNL,2020,,daniele15,
DBG,7620301N,Nuôi trồng thuỷ sản,A00,15.00,,THPTQG,2020,,daniele15,
DBG,7620301N,Nuôi trồng thuỷ sản,B00,15.00,,THPTQG,2020,,daniele15,
DBG,7620301N,Nuôi trồng thuỷ sản,D07,15.00,,THPTQG,2020,,daniele15,
DBG,7620301N,Nuôi trồng thuỷ sản,D08,15.00,,THPTQG,2020,,daniele15,
DBG,7640101,Thú y,,15.00,,THPTQG,2020,,daniele15,
DBG,7640101,Thú y,,16.00,,THPTQG,2020,,daniele15,
DBG,7640101,Thú y,,25.50,,THPTQG,2020,,daniele15,
DBG,7640101,Thú y,,800.00,,DGNL,2020,,daniele15,
DBG,7640101N,Thú y,A00,16.00,,THPTQG,2020,,daniele15,
DBG,7640101N,Thú y,B00,16.00,,THPTQG,2020,,daniele15,
DBG,7640101N,Thú y,D07,16.00,,THPTQG,2020,,daniele15,
DBG,7640101N,Thú y,D08,16.00,,THPTQG,2020,,daniele15,
DBG,7640101T,Thú y,,24.50,,THPTQG,2020,,daniele15,
DBG,7640101T,Thú y,,800.00,,DGNL,2020,,daniele15,
DBG,7720204,Ngôn ngữ Trung Quốc,A00,15.00,,THPTQG,2020,,daniele15,
DBG,7720204,Ngôn ngữ Trung Quốc,A01,15.00,,THPTQG,2020,,daniele15,
DBG,7720204,Ngôn ngữ Trung Quốc,B00,15.00,,THPTQG,2020,,daniele15,
DBG,7720204,Ngôn ngữ Trung Quốc,D01,15.00,,THPTQG,2020,,daniele15,
DBG,7810103,Quản trị dịch vụ du lịch và lữ hành,A00,15.00,,THPTQG,2020,,daniele15,
DBG,7810103,Quản trị dịch vụ du lịch và lữ hành,A01,15.00,,THPTQG,2020,,daniele15,
DBG,7810103,Quản trị dịch vụ du lịch và lữ hành,B00,15.00,,THPTQG,2020,,daniele15,
DBG,7810103,Quản trị dịch vụ du lịch và lữ hành,D01,15.00,,THPTQG,2020,,daniele15,
DBG,7850101,Quản lý tài nguyên và môi trường,,15.00,,THPTQG,2020,,daniele15,
DBG,7850101,Quản lý tài nguyên và môi trường,,16.00,,THPTQG,2020,,daniele15,
DBG,7850101,Quản lý tài nguyên và môi trường,,600.00,,DGNL,2020,,daniele15,
DBG,7850103,Quản lý đất đai,,15.00,,THPTQG,2020,,daniele15,
DBG,7850103,Quản lý đất đai,,19.00,,THPTQG,2020,,daniele15,
DBG,7850103,Quản lý đất đai,,600.00,,DGNL,2020,,daniele15,
DBG,7859002,Tài nguyên và du lịch sinh thái,,16.00,,THPTQG,2020,,daniele15,
DBG,7859002,Tài nguyên và du lịch sinh thái,,600.00,,DGNL,2020,,daniele15,
DBG,7859002N,Tài nguyên và du lịch sinh thái,A00,15.00,,THPTQG,2020,,daniele15,
DBG,7859002N,Tài nguyên và du lịch sinh thái,B00,15.00,,THPTQG,2020,,daniele15,
DBG,7859002N,Tài nguyên và du lịch sinh thái,D01,15.00,,THPTQG,2020,,daniele15,
DBG,7859002N,Tài nguyên và du lịch sinh thái,D08,15.00,,THPTQG,2020,,daniele15,
DBG,7859007,Cảnh quan và kỹ thuật hoa viên,,16.00,,THPTQG,2020,,daniele15,
DBG,7859007,Cảnh quan và kỹ thuật hoa viên,,600.00,,DGNL,2020,,daniele15,
DBL,51140201,Giáo dục Mầm non,,18.00,,THPTQG,2020,,daniele15,
DBL,7220101,Tiếng Việt và văn hoá Việt Nam,C00,15.00,,THPTQG,2020,,daniele15,
DBL,7220101,Tiếng Việt và văn hoá Việt Nam,C15,15.00,,THPTQG,2020,,daniele15,
DBL,7220101,Tiếng Việt và văn hoá Việt Nam,D01,15.00,,THPTQG,2020,,daniele15,
DBL,7220101,Tiếng Việt và văn hoá Việt Nam,D78,15.00,,THPTQG,2020,,daniele15,
DBL,7220201,Ngôn ngữ Anh,D01,15.00,,THPTQG,2020,,daniele15,
DBL,7220201,Ngôn ngữ Anh,D09,15.00,,THPTQG,2020,,daniele15,
DBL,7220201,Ngôn ngữ Anh,D78,15.00,,THPTQG,2020,,daniele15,
DBL,7340101,Quản trị kinh doanh,A00,15.00,,THPTQG,2020,,daniele15,
DBL,7340101,Quản trị kinh doanh,A01,15.00,,THPTQG,2020,,daniele15,
DBL,7340101,Quản trị kinh doanh,A16,15.00,,THPTQG,2020,,daniele15,
DBL,7340101,Quản trị kinh doanh,D90,15.00,,THPTQG,2020,,daniele15,
DBL,7340201,Tài chính - Ngân hàng,A00,15.00,,THPTQG,2020,,daniele15,
DBL,7340201,Tài chính - Ngân hàng,A01,15.00,,THPTQG,2020,,daniele15,
DBL,7340201,Tài chính - Ngân hàng,A16,15.00,,THPTQG,2020,,daniele15,
DBL,7340201,Tài chính - Ngân hàng,D90,15.00,,THPTQG,2020,,daniele15,
DBL,7340301,Kế toán,A00,15.00,,THPTQG,2020,,daniele15,
DBL,7340301,Kế toán,A01,15.00,,THPTQG,2020,,daniele15,
DBL,7340301,Kế toán,A16,15.00,,THPTQG,2020,,daniele15,
DBL,7340301,Kế toán,D90,15.00,,THPTQG,2020,,daniele15,
DBL,7440301,Khoa học môi trường,A00,15.00,,THPTQG,2020,,daniele15,
DBL,7440301,Khoa học môi trường,A16,15.00,,THPTQG,2020,,daniele15,
DBL,7440301,Khoa học môi trường,B00,15.00,,THPTQG,2020,,daniele15,
DBL,7440301,Khoa học môi trường,D90,15.00,,THPTQG,2020,,daniele15,
DBL,7480201,Công nghệ thông tin,A00,15.00,,THPTQG,2020,,daniele15,
DBL,7480201,Công nghệ thông tin,A01,15.00,,THPTQG,2020,,daniele15,
DBL,7480201,Công nghệ thông tin,A16,15.00,,THPTQG,2020,,daniele15,
DBL,7480201,Công nghệ thông tin,D90,15.00,,THPTQG,2020,,daniele15,
DBL,7620105,Chăn nuôi,A00,15.00,,THPTQG,2020,,daniele15,
DBL,7620105,Chăn nuôi,A16,15.00,,THPTQG,2020,,daniele15,
DBL,7620105,Chăn nuôi,B00,15.00,,THPTQG,2020,,daniele15,
DBL,7620105,Chăn nuôi,D90,15.00,,THPTQG,2020,,daniele15,
DBL,7620112,Bảo vệ thực vật,A00,15.00,,THPTQG,2020,,daniele15,
DBL,7620112,Bảo vệ thực vật,A16,15.00,,THPTQG,2020,,daniele15,
DBL,7620112,Bảo vệ thực vật,B00,15.00,,THPTQG,2020,,daniele15,
DBL,7620112,Bảo vệ thực vật,D90,15.00,,THPTQG,2020,,daniele15,
DBL,7620301,Nuôi trồng thuỷ sản,A00,15.00,,THPTQG,2020,,daniele15,
DBL,7620301,Nuôi trồng thuỷ sản,A16,15.00,,THPTQG,2020,,daniele15,
DBL,7620301,Nuôi trồng thuỷ sản,B00,15.00,,THPTQG,2020,,daniele15,
DBL,7620301,Nuôi trồng thuỷ sản,D90,15.00,,THPTQG,2020,,daniele15,
DCD,7220201,Ngôn ngữ Anh,D01,15.00,,THPTQG,2020,,daniele15,
DCD,7220201,Ngôn ngữ Anh,D14,15.00,,THPTQG,2020,,daniele15,
DCD,7220201,Ngôn ngữ Anh,D15,15.00,,THPTQG,2020,,daniele15,
DCD,7220201,Ngôn ngữ Anh,D84,15.00,,THPTQG,2020,,daniele15,
DCD,7310608,Đông phương học,A00,15.25,,THPTQG,2020,,daniele15,
DCD,7310608,Đông phương học,A01,15.25,,THPTQG,2020,,daniele15,
DCD,7310608,Đông phương học,D01,15.25,,THPTQG,2020,,daniele15,
DCD,7340101,Quản trị kinh doanh,A00,15.00,,THPTQG,2020,,daniele15,
DCD,7340101,Quản trị kinh doanh,A07,15.00,,THPTQG,2020,,daniele15,
DCD,7340101,Quản trị kinh doanh,A09,15.00,,THPTQG,2020,,daniele15,
DCD,7340101,Quản trị kinh doanh,D84,15.00,,THPTQG,2020,,daniele15,
DCD,7340201,Tài chính - Ngân hàng,A00,15.25,,THPTQG,2020,,daniele15,
DCD,7340201,Tài chính - Ngân hàng,A07,15.25,,THPTQG,2020,,daniele15,
DCD,7340201,Tài chính - Ngân hàng,A09,15.25,,THPTQG,2020,,daniele15,
DCD,7340201,Tài chính - Ngân hàng,D84,15.25,,THPTQG,2020,,daniele15,
DCD,7340301,Kế toán,A00,15.00,,THPTQG,2020,,daniele15,
DCD,7340301,Kế toán,A07,15.00,,THPTQG,2020,,daniele15,
DCD,7340301,Kế toán,A09,15.00,,THPTQG,2020,,daniele15,
DCD,7340301,Kế toán,D84,15.00,,THPTQG,2020,,daniele15,
DCD,7480201,Công nghệ thông tin,A00,15.00,,THPTQG,2020,,daniele15,
DCD,7480201,Công nghệ thông tin,A01,15.00,,THPTQG,2020,,daniele15,
DCD,7480201,Công nghệ thông tin,A10,15.00,,THPTQG,2020,,daniele15,
DCD,7510103,Công nghệ kỹ thuật xây dựng,A00,15.00,,THPTQG,2020,,daniele15,
DCD,7510103,Công nghệ kỹ thuật xây dựng,A01,15.00,,THPTQG,2020,,daniele15,
DCD,7510103,Công nghệ kỹ thuật xây dựng,A10,15.00,,THPTQG,2020,,daniele15,
DCD,7510202,Công nghệ chế tạo máy,A00,15.00,,THPTQG,2020,,daniele15,
DCD,7510202,Công nghệ chế tạo máy,A01,15.00,,THPTQG,2020,,daniele15,
DCD,7510202,Công nghệ chế tạo máy,A10,15.00,,THPTQG,2020,,daniele15,
DCD,7510205,Công nghệ kỹ thuật ô tô,A00,15.00,,THPTQG,2020,,daniele15,
DCD,7510205,Công nghệ kỹ thuật ô tô,A01,15.00,,THPTQG,2020,,daniele15,
DCD,7510205,Công nghệ kỹ thuật ô tô,A10,15.00,,THPTQG,2020,,daniele15,
DCD,7510301,"Công nghệ kỹ thuật điện, điện tử",A00,15.00,,THPTQG,2020,,daniele15,
DCD,7510301,"Công nghệ kỹ thuật điện, điện tử",A01,15.00,,THPTQG,2020,,daniele15,
DCD,7510301,"Công nghệ kỹ thuật điện, điện tử",A10,15.00,,THPTQG,2020,,daniele15,
DCD,7510401,Công nghệ kỹ thuật hoá học,A00,15.00,,THPTQG,2020,,daniele15,
DCD,7510401,Công nghệ kỹ thuật hoá học,A11,15.00,,THPTQG,2020,,daniele15,
DCD,7510401,Công nghệ kỹ thuật hoá học,B00,15.00,,THPTQG,2020,,daniele15,
DCD,7510401,Công nghệ kỹ thuật hoá học,D07,15.00,,THPTQG,2020,,daniele15,
DCD,7510406,Công nghệ kỹ thuật môi trường,A00,15.00,,THPTQG,2020,,daniele15,
DCD,7510406,Công nghệ kỹ thuật môi trường,A11,15.00,,THPTQG,2020,,daniele15,
DCD,7510406,Công nghệ kỹ thuật môi trường,C08,15.00,,THPTQG,2020,,daniele15,
DCD,7540101,Công nghệ thực phẩm,A00,15.00,,THPTQG,2020,,daniele15,
DCD,7540101,Công nghệ thực phẩm,B00,15.00,,THPTQG,2020,,daniele15,
DCD,7540101,Công nghệ thực phẩm,D07,15.00,,THPTQG,2020,,daniele15,
DCD,7720301,Điều dưỡng,B00,19.00,,THPTQG,2020,,daniele15,
DCD,7720301,Điều dưỡng,B04,19.00,,THPTQG,2020,,daniele15,
DCD,7720301,Điều dưỡng,C08,19.00,,THPTQG,2020,,daniele15,
DCD,7720601,Kỹ thuật xét nghiệm y học,A16,19.00,,THPTQG,2020,,daniele15,
DCD,7720601,Kỹ thuật xét nghiệm y học,B00,19.00,,THPTQG,2020,,daniele15,
DCD,7720601,Kỹ thuật xét nghiệm y học,B04,19.00,,THPTQG,2020,,daniele15,
DCD,7810103,Quản trị dịch vụ du lịch và lữ hành,A07,15.00,,THPTQG,2020,,daniele15,
DCD,7810103,Quản trị dịch vụ du lịch và lữ hành,C00,15.00,,THPTQG,2020,,daniele15,
DCD,7810103,Quản trị dịch vụ du lịch và lữ hành,C20,15.00,,THPTQG,2020,,daniele15,
DCD,7810103,Quản trị dịch vụ du lịch và lữ hành,D66,15.00,,THPTQG,2020,,daniele15,
DCD,7810201,Quản trị khách sạn,A00,15.00,,THPTQG,2020,,daniele15,
DCD,7810201,Quản trị khách sạn,A01,15.00,,THPTQG,2020,,daniele15,
DCD,7810201,Quản trị khách sạn,D01,15.00,,THPTQG,2020,,daniele15,
DCH,7860207,Chỉ huy tham mưu Đặc công,A00,23.60,,THPTQG,2020,Thí sinh Nam miền Nam,daniele15,
DCH,7860207,Chỉ huy tham mưu Đặc công,A01,23.60,,THPTQG,2020,Thí sinh Nam miền Nam,daniele15,
DCH,7860207,Chỉ huy tham mưu Đặc công,A00,24.15,,THPTQG,2020,Thí sinh Nam miền Bắc,daniele15,
DCH,7860207,Chỉ huy tham mưu Đặc công,A01,24.15,,THPTQG,2020,Thí sinh Nam miền Bắc,daniele15,
DCL,7220101,Tiếng Việt và văn hoá Việt Nam,C00,15.00,,THPTQG,2020,,daniele15,
DCL,7220101,Tiếng Việt và văn hoá Việt Nam,D01,15.00,,THPTQG,2020,,daniele15,
DCL,7220101,Tiếng Việt và văn hoá Việt Nam,D14,15.00,,THPTQG,2020,,daniele15,
DCL,7220101,Tiếng Việt và văn hoá Việt Nam,D15,15.00,,THPTQG,2020,,daniele15,
DCL,7220201,Ngôn ngữ Anh,A01,15.00,,THPTQG,2020,,daniele15,
DCL,7220201,Ngôn ngữ Anh,D01,15.00,,THPTQG,2020,,daniele15,
DCL,7220201,Ngôn ngữ Anh,D14,15.00,,THPTQG,2020,,daniele15,
DCL,7220201,Ngôn ngữ Anh,D15,15.00,,THPTQG,2020,,daniele15,
DCL,7310608,Đông phương học,A01,15.00,,THPTQG,2020,,daniele15,
DCL,7310608,Đông phương học,C00,15.00,,THPTQG,2020,,daniele15,
DCL,7310608,Đông phương học,D01,15.00,,THPTQG,2020,,daniele15,
DCL,7310608,Đông phương học,D14,15.00,,THPTQG,2020,,daniele15,
DCL,7340101,Quản trị kinh doanh,A00,15.00,,THPTQG,2020,,daniele15,
DCL,7340101,Quản trị kinh doanh,A01,15.00,,THPTQG,2020,,daniele15,
DCL,7340101,Quản trị kinh doanh,C04,15.00,,THPTQG,2020,,daniele15,
DCL,7340101,Quản trị kinh doanh,D01,15.00,,THPTQG,2020,,daniele15,
DCL,7340121,Kinh doanh thương mại,A00,15.00,,THPTQG,2020,,daniele15,
DCL,7340121,Kinh doanh thương mại,A01,15.00,,THPTQG,2020,,daniele15,
DCL,7340121,Kinh doanh thương mại,C04,15.00,,THPTQG,2020,,daniele15,
DCL,7340121,Kinh doanh thương mại,D01,15.00,,THPTQG,2020,,daniele15,
DCL,7340201,Tài chính - Ngân hàng,A00,15.00,,THPTQG,2020,,daniele15,
DCL,7340201,Tài chính - Ngân hàng,A01,15.00,,THPTQG,2020,,daniele15,
DCL,7340201,Tài chính - Ngân hàng,C04,15.00,,THPTQG,2020,,daniele15,
DCL,7340201,Tài chính - Ngân hàng,D01,15.00,,THPTQG,2020,,daniele15,
DCL,7340301,Kế toán,A00,15.00,,THPTQG,2020,,daniele15,
DCL,7340301,Kế toán,A01,15.00,,THPTQG,2020,,daniele15,
DCL,7340301,Kế toán,C04,15.00,,THPTQG,2020,,daniele15,
DCL,7340301,Kế toán,D01,15.00,,THPTQG,2020,,daniele15,
DCL,7380101,Luật,A00,15.00,,THPTQG,2020,,daniele15,
DCL,7380101,Luật,A01,15.00,,THPTQG,2020,,daniele15,
DCL,7380101,Luật,C00,15.00,,THPTQG,2020,,daniele15,
DCL,7380101,Luật,D01,15.00,,THPTQG,2020,,daniele15,
DCL,7380107,Luật,A00,15.00,,THPTQG,2020,,daniele15,
DCL,7380107,Luật,A01,15.00,,THPTQG,2020,,daniele15,
DCL,7380107,Luật,C00,15.00,,THPTQG,2020,,daniele15,
DCL,7380107,Luật,D01,15.00,,THPTQG,2020,,daniele15,
DCL,7420201,Công nghệ sinh học,A00,15.00,,THPTQG,2020,,daniele15,
DCL,7420201,Công nghệ sinh học,A01,15.00,,THPTQG,2020,,daniele15,
DCL,7420201,Công nghệ sinh học,B00,15.00,,THPTQG,2020,,daniele15,
DCL,7420201,Công nghệ sinh học,B03,15.00,,THPTQG,2020,,daniele15,
DCL,7480201,Công nghệ thông tin,A00,15.00,,THPTQG,2020,,daniele15,
DCL,7480201,Công nghệ thông tin,A01,15.00,,THPTQG,2020,,daniele15,
DCL,7480201,Công nghệ thông tin,D01,15.00,,THPTQG,2020,,daniele15,
DCL,7480201,Công nghệ thông tin,D07,15.00,,THPTQG,2020,,daniele15,
DCL,7510102,Công nghệ kỹ thuật công trình xây dựng,A00,15.00,,THPTQG,2020,,daniele15,
DCL,7510102,Công nghệ kỹ thuật công trình xây dựng,A01,15.00,,THPTQG,2020,,daniele15,
DCL,7510102,Công nghệ kỹ thuật công trình xây dựng,C01,15.00,,THPTQG,2020,,daniele15,
DCL,7510102,Công nghệ kỹ thuật công trình xây dựng,D01,15.00,,THPTQG,2020,,daniele15,
DCL,7510201,Công nghệ kỹ thuật cơ khí,A00,15.00,,THPTQG,2020,,daniele15,
DCL,7510201,Công nghệ kỹ thuật cơ khí,A01,15.00,,THPTQG,2020,,daniele15,
DCL,7510201,Công nghệ kỹ thuật cơ khí,C01,15.00,,THPTQG,2020,,daniele15,
DCL,7510201,Công nghệ kỹ thuật cơ khí,D01,15.00,,THPTQG,2020,,daniele15,
DCL,7510301,"Công nghệ kỹ thuật điện, điện tử",A00,15.00,,THPTQG,2020,,daniele15,
DCL,7510301,"Công nghệ kỹ thuật điện, điện tử",A01,15.00,,THPTQG,2020,,daniele15,
DCL,7510301,"Công nghệ kỹ thuật điện, điện tử",C01,15.00,,THPTQG,2020,,daniele15,
DCL,7510301,"Công nghệ kỹ thuật điện, điện tử",D01,15.00,,THPTQG,2020,,daniele15,
DCL,7540101,Công nghệ thực phẩm,A00,15.00,,THPTQG,2020,,daniele15,
DCL,7540101,Công nghệ thực phẩm,A01,15.00,,THPTQG,2020,,daniele15,
DCL,7540101,Công nghệ thực phẩm,B00,15.00,,THPTQG,2020,,daniele15,
DCL,7540101,Công nghệ thực phẩm,C01,15.00,,THPTQG,2020,,daniele15,
DCL,7580205,Kỹ thuật xây dựng,A00,15.00,,THPTQG,2020,,daniele15,
DCL,7580205,Kỹ thuật xây dựng,A01,15.00,,THPTQG,2020,,daniele15,
DCL,7580205,Kỹ thuật xây dựng,C01,15.00,,THPTQG,2020,,daniele15,
DCL,7580205,Kỹ thuật xây dựng,D01,15.00,,THPTQG,2020,,daniele15,
DCL,7620109,Nông học,A00,15.00,,THPTQG,2020,,daniele15,
DCL,7620109,Nông học,A01,15.00,,THPTQG,2020,,daniele15,
DCL,7620109,Nông học,B00,15.00,,THPTQG,2020,,daniele15,
DCL,7620109,Nông học,B03,15.00,,THPTQG,2020,,daniele15,
DCL,7620112,Bảo vệ thực vật,A00,15.00,,THPTQG,2020,,daniele15,
DCL,7620112,Bảo vệ thực vật,A01,15.00,,THPTQG,2020,,daniele15,
DCL,7620112,Bảo vệ thực vật,B00,15.00,,THPTQG,2020,,daniele15,
DCL,7620112,Bảo vệ thực vật,B03,15.00,,THPTQG,2020,,daniele15,
DCL,7620301,Nuôi trồng thuỷ sản,A00,15.00,,THPTQG,2020,,daniele15,
DCL,7620301,Nuôi trồng thuỷ sản,A01,15.00,,THPTQG,2020,,daniele15,
DCL,7620301,Nuôi trồng thuỷ sản,B00,15.00,,THPTQG,2020,,daniele15,
DCL,7620301,Nuôi trồng thuỷ sản,C01,15.00,,THPTQG,2020,,daniele15,
DCL,7720201,Dược học,A00,21.00,,THPTQG,2020,,daniele15,
DCL,7720201,Dược học,B00,21.00,,THPTQG,2020,,daniele15,
DCL,7720201,Dược học,C08,21.00,,THPTQG,2020,,daniele15,
DCL,7720201,Dược học,D07,21.00,,THPTQG,2020,,daniele15,
DCL,7720301,Điều dưỡng,A02,19.00,,THPTQG,2020,,daniele15,
DCL,7720301,Điều dưỡng,B00,19.00,,THPTQG,2020,,daniele15,
DCL,7720301,Điều dưỡng,B03,19.00,,THPTQG,2020,,daniele15,
DCL,7720301,Điều dưỡng,D08,19.00,,THPTQG,2020,,daniele15,
DCL,7720601,Kỹ thuật xét nghiệm y học,A00,19.00,,THPTQG,2020,,daniele15,
DCL,7720601,Kỹ thuật xét nghiệm y học,B00,19.00,,THPTQG,2020,,daniele15,
DCL,7720601,Kỹ thuật xét nghiệm y học,B03,19.00,,THPTQG,2020,,daniele15,
DCL,7720601,Kỹ thuật xét nghiệm y học,D07,19.00,,THPTQG,2020,,daniele15,
DCL,7760101,Công tác xã hội,A01,15.00,,THPTQG,2020,,daniele15,
DCL,7760101,Công tác xã hội,C00,15.00,,THPTQG,2020,,daniele15,
DCL,7760101,Công tác xã hội,C01,15.00,,THPTQG,2020,,daniele15,
DCL,7760101,Công tác xã hội,D01,15.00,,THPTQG,2020,,daniele15,
DCL,7810103,Quản trị dịch vụ du lịch và lữ hành,A00,15.00,,THPTQG,2020,,daniele15,
DCL,7810103,Quản trị dịch vụ du lịch và lữ hành,A01,15.00,,THPTQG,2020,,daniele15,
DCL,7810103,Quản trị dịch vụ du lịch và lữ hành,C00,15.00,,THPTQG,2020,,daniele15,
DCL,7810103,Quản trị dịch vụ du lịch và lữ hành,D01,15.00,,THPTQG,2020,,daniele15,
DCN,7210404,Thiết kế thời trang,A00,22.80,,THPTQG,2020,NV<=11,daniele15,
DCN,7210404,Thiết kế thời trang,A01,22.80,,THPTQG,2020,NV<=11,daniele15,
DCN,7210404,Thiết kế thời trang,D01,22.80,,THPTQG,2020,NV<=11,daniele15,
DCN,7210404,Thiết kế thời trang,D14,22.80,,THPTQG,2020,NV<=11,daniele15,
DCN,7220201,Ngôn ngữ Anh,D01,22.73,,THPTQG,2020,"TCp1 NN>6.2, tcp2 NN = 6.2, nv<=4",daniele15,
DCN,7220204,Ngôn ngữ Trung Quốc,D01,23.29,,THPTQG,2020,NV<=2,daniele15,
DCN,7220204,Ngôn ngữ Trung Quốc,D04,23.29,,THPTQG,2020,NV<=2,daniele15,
DCN,7220209,Ngôn ngữ Nhật,D01,22.40,,THPTQG,2020,NV<=7,daniele15,
DCN,7220210,Ngôn ngữ Hàn Quốc,D01,23.44,,THPTQG,2020,"tcp1 NN>7.6, tpc2 NN=7.6, nv<=5",daniele15,
DCN,7310104,Kinh tế đầu tư,A00,22.60,,THPTQG,2020,"tcp1 Toán >8.6, tcp2 toán =8.6, nv<=4",daniele15,
DCN,7310104,Kinh tế đầu tư,A01,22.60,,THPTQG,2020,"tcp1 Toán >8.6, tcp2 toán =8.6, nv<=4",daniele15,
DCN,7340101,Quản trị kinh doanh,A00,23.00,,THPTQG,2020,"TCP1: Toán. 8.6, TCP2 Toán = 8.6, NV <=3",daniele15,
DCN,7340101,Quản trị kinh doanh,A01,23.00,,THPTQG,2020,"TCP1: Toán. 8.6, TCP2 Toán = 8.6, NV <=3",daniele15,
DCN,7340101,Quản trị kinh doanh,D01,23.00,,THPTQG,2020,"TCP1: Toán. 8.6, TCP2 Toán = 8.6, NV <=3",daniele15,
DCN,7340115,Marketing,A00,24.90,,THPTQG,2020,"TCP1: Toán >8.4, TCP2 Toán =8.4, NV<=7",daniele15,
DCN,7340115,Marketing,A01,24.90,,THPTQG,2020,"TCP1: Toán >8.4, TCP2 Toán =8.4, NV<=7",daniele15,
DCN,7340115,Marketing,D01,24.90,,THPTQG,2020,"TCP1: Toán >8.4, TCP2 Toán =8.4, NV<=7",daniele15,
DCN,7340201,Tài chính - Ngân hàng,A00,23.45,,THPTQG,2020,"tcp1 Toán >8.4, tcp2 toán =8.4, nv<=8",daniele15,
DCN,7340201,Tài chính - Ngân hàng,A01,23.45,,THPTQG,2020,"tcp1 Toán >8.4, tcp2 toán =8.4, nv<=8",daniele15,
DCN,7340201,Tài chính - Ngân hàng,D01,23.45,,THPTQG,2020,"tcp1 Toán >8.4, tcp2 toán =8.4, nv<=8",daniele15,
DCN,7340301,Kế toán,A00,22.75,,THPTQG,2020,"TCP1: Toán>7.0, TCP2 Toán = 7.0, NV<=3",daniele15,
DCN,7340301,Kế toán,A01,22.75,,THPTQG,2020,"TCP1: Toán>7.0, TCP2 Toán = 7.0, NV<=3",daniele15,
DCN,7340301,Kế toán,D01,22.75,,THPTQG,2020,"TCP1: Toán>7.0, TCP2 Toán = 7.0, NV<=3",daniele15,
DCN,7340302,Kiểm toán,A00,22.30,,THPTQG,2020,"TCP1: Toán >7.8, TCP2: Toán =7.4, NV<=4",daniele15,
DCN,7340302,Kiểm toán,A01,22.30,,THPTQG,2020,"TCP1: Toán >7.8, TCP2: Toán =7.4, NV<=4",daniele15,
DCN,7340404,Quản trị nhân lực,A00,24.20,,THPTQG,2020,"TCP1: Toán >8.2, TCP2: Toán = 8.2, NV<=5",daniele15,
DCN,7340404,Quản trị nhân lực,A01,24.20,,THPTQG,2020,"TCP1: Toán >8.2, TCP2: Toán = 8.2, NV<=5",daniele15,
DCN,7340404,Quản trị nhân lực,D01,24.20,,THPTQG,2020,"TCP1: Toán >8.2, TCP2: Toán = 8.2, NV<=5",daniele15,
DCN,7340406,Quản trị văn phòng,A00,22.20,,THPTQG,2020,"TCp1: Toán >8.2, TCP2: Toán = 8.2, NV<=4",daniele15,
DCN,7340406,Quản trị văn phòng,A01,22.20,,THPTQG,2020,"TCp1: Toán >8.2, TCP2: Toán = 8.2, NV<=4",daniele15,
DCN,7340406,Quản trị văn phòng,D01,22.20,,THPTQG,2020,"TCp1: Toán >8.2, TCP2: Toán = 8.2, NV<=4",daniele15,
DCN,7480101,Khoa học máy tính,A00,24.70,,THPTQG,2020,"TCP1: Toán >8.2, TCP2: Toán = 8.2, NV<=5",daniele15,
DCN,7480102,Mạng máy tính và Truyền thông dữ liệu,A00,23.10,,THPTQG,2020,"TCP1: Toán >7.6, TCP2: Toán = 7.6, NV<=4",daniele15,
DCN,7480102,Mạng máy tính và Truyền thông dữ liệu,A01,23.10,,THPTQG,2020,"TCP1: Toán >7.6, TCP2: Toán = 7.6, NV<=4",daniele15,
DCN,7480103,Kỹ thuật phần mềm,A00,24.30,,THPTQG,2020,"TCP1: Toán > 8.8, TCp2: Toán = 8.8, NV<=1",daniele15,
DCN,7480103,Kỹ thuật phần mềm,A01,24.30,,THPTQG,2020,"TCP1: Toán > 8.8, TCp2: Toán = 8.8, NV<=1",daniele15,
DCN,7480104,Hệ thống thông tin,A00,23.50,,THPTQG,2020,"TCP1: Toán >8, TCp2: Toán = 8, NV<=3",daniele15,
DCN,7480104,Hệ thống thông tin,A01,23.50,,THPTQG,2020,"TCP1: Toán >8, TCp2: Toán = 8, NV<=3",daniele15,
DCN,7480108,Công nghệ kỹ thuật máy tính,A00,24.00,,THPTQG,2020,"tcp1: Toán >8.6, tcp2: toán =8.6, nv<=7",daniele15,
DCN,7480108,Công nghệ kỹ thuật máy tính,A01,24.00,,THPTQG,2020,"tcp1: Toán >8.6, tcp2: toán =8.6, nv<=7",daniele15,
DCN,7480201,Công nghệ thông tin,A00,25.60,,THPTQG,2020,"TCP1: Toán >8.6, TCP2: Toán = 8.6, NV<=1",daniele15,
DCN,7480201,Công nghệ thông tin,A01,25.60,,THPTQG,2020,"TCP1: Toán >8.6, TCP2: Toán = 8.6, NV<=1",daniele15,
DCN,7510201,Công nghệ kỹ thuật cơ khí,A00,23.90,,THPTQG,2020,"Toán >8.4, TCP2 Toán =8.4, NV<=2",daniele15,
DCN,7510201,Công nghệ kỹ thuật cơ khí,A01,23.90,,THPTQG,2020,"Toán >8.4, TCP2 Toán =8.4, NV<=2",daniele15,
DCN,7510203,Công nghệ kỹ thuật cơ điện tử,A00,25.30,,THPTQG,2020,"TCP1: Toán >8.8, tcp2 Toán =8.8, NV<=7",daniele15,
DCN,7510203,Công nghệ kỹ thuật cơ điện tử,A01,25.30,,THPTQG,2020,"TCP1: Toán >8.8, tcp2 Toán =8.8, NV<=7",daniele15,
DCN,7510205,Công nghệ kỹ thuật ô tô,A00,25.10,,THPTQG,2020,"tcp1: Toán >8.6. tcp2 Toán =8.6, NV<=2",daniele15,
DCN,7510205,Công nghệ kỹ thuật ô tô,A01,25.10,,THPTQG,2020,"tcp1: Toán >8.6. tcp2 Toán =8.6, NV<=2",daniele15,
DCN,7510206,Công nghệ kỹ thuật máy tính,A00,22.45,,THPTQG,2020,"tcp1: Toán >7.2, tcp2 Toán =7.2, NV<=4",daniele15,
DCN,7510206,Công nghệ kỹ thuật máy tính,A01,22.45,,THPTQG,2020,"tcp1: Toán >7.2, tcp2 Toán =7.2, NV<=4",daniele15,
DCN,7510301,"Công nghệ kỹ thuật điện, điện tử",A00,24.10,,THPTQG,2020,"Tcp1 Toán >8.6, tcp2 Toán = 8.6, nv <=2",daniele15,
DCN,7510301,"Công nghệ kỹ thuật điện, điện tử",A01,24.10,,THPTQG,2020,"Tcp1 Toán >8.6, tcp2 Toán = 8.6, nv <=2",daniele15,
DCN,7510302,Công nghệ kỹ thuật điện tử - viễn thông,A00,23.20,,THPTQG,2020,"tcp1: Toán >8.2, tcp2: Toán =8.2, nv<=1",daniele15,
DCN,7510302,Công nghệ kỹ thuật điện tử - viễn thông,A01,23.20,,THPTQG,2020,"tcp1: Toán >8.2, tcp2: Toán =8.2, nv<=1",daniele15,
DCN,7510303,Công nghệ kỹ thuật điều khiển và tự động hóa,A00,26.00,,THPTQG,2020,"TCp1 Toán >9, tcp2 Toán =9, nv<= 5",daniele15,
DCN,7510303,Công nghệ kỹ thuật điều khiển và tự động hóa,A01,26.00,,THPTQG,2020,"TCp1 Toán >9, tcp2 Toán =9, nv<= 5",daniele15,
DCN,7510401,Công nghệ kỹ thuật hoá học,A00,18.00,,THPTQG,2020,"tcp1: toán >5. tcp2 toán =5, nv<=1",daniele15,
DCN,7510401,Công nghệ kỹ thuật hoá học,B00,18.00,,THPTQG,2020,"tcp1: toán >5. tcp2 toán =5, nv<=1",daniele15,
DCN,7510401,Công nghệ kỹ thuật hoá học,D07,18.00,,THPTQG,2020,"tcp1: toán >5. tcp2 toán =5, nv<=1",daniele15,
DCN,7510406,Công nghệ kỹ thuật môi trường,A00,18.50,,THPTQG,2020,"tcp1: toán >6.8, tcp2 toán =6.8, nv<=5",daniele15,
DCN,7510406,Công nghệ kỹ thuật môi trường,B00,18.50,,THPTQG,2020,"tcp1: toán >6.8, tcp2 toán =6.8, nv<=5",daniele15,
DCN,7510406,Công nghệ kỹ thuật môi trường,D07,18.50,,THPTQG,2020,"tcp1: toán >6.8, tcp2 toán =6.8, nv<=5",daniele15,
DCN,7510605,Logistics và Quản lý chuỗi cung ứng,A00,24.40,,THPTQG,2020,"TCP1: Toán > 8.4, TCP2: Toán =8.4, NV<=5",daniele15,
DCN,7510605,Logistics và Quản lý chuỗi cung ứng,D01,24.40,,THPTQG,2020,"TCP1: Toán > 8.4, TCP2: Toán =8.4, NV<=5",daniele15,
DCN,7520118,Kỹ thuật hệ thống công nghiệp,A00,21.95,,THPTQG,2020,"tcp1 toán >8, tcp2 toán = 8, nv <=5",daniele15,
DCN,7520118,Kỹ thuật hệ thống công nghiệp,A01,21.95,,THPTQG,2020,"tcp1 toán >8, tcp2 toán = 8, nv <=5",daniele15,
DCN,7540101,Công nghệ thực phẩm,A00,21.05,,THPTQG,2020,"tcp1 toán>7.8, tcp2 toán = 7.8, nv<=4",daniele15,
DCN,7540101,Công nghệ thực phẩm,B00,21.05,,THPTQG,2020,"tcp1 toán>7.8, tcp2 toán = 7.8, nv<=4",daniele15,
DCN,7540101,Công nghệ thực phẩm,D07,21.05,,THPTQG,2020,"tcp1 toán>7.8, tcp2 toán = 7.8, nv<=4",daniele15,
DCN,7540203,"Công nghệ vật liệu dệt, may",A00,18.50,,THPTQG,2020,"tcp1 toán >7, tcp2 toán =7, nv<=2",daniele15,
DCN,7540203,"Công nghệ vật liệu dệt, may",A01,18.50,,THPTQG,2020,"tcp1 toán >7, tcp2 toán =7, nv<=2",daniele15,
DCN,7540204,"Công nghệ dệt, may",A00,22.80,,THPTQG,2020,"tcp1 toán>8, tcp2 toán = 8, nv<=5",daniele15,
DCN,7540204,"Công nghệ dệt, may",A01,22.80,,THPTQG,2020,"tcp1 toán>8, tcp2 toán = 8, nv<=5",daniele15,
DCN,7540204,"Công nghệ dệt, may",D01,22.80,,THPTQG,2020,"tcp1 toán>8, tcp2 toán = 8, nv<=5",daniele15,
DCN,7810101,Du lịch,C00,24.25,,THPTQG,2020,"tcp1 Ngữ văn >8.5, tcp2 Ngữ văn =8.5, nv<=4",daniele15,
DCN,7810101,Du lịch,D01,24.25,,THPTQG,2020,"tcp1 Ngữ văn >8.5, tcp2 Ngữ văn =8.5, nv<=4",daniele15,
DCN,7810101,Du lịch,D14,24.25,,THPTQG,2020,"tcp1 Ngữ văn >8.5, tcp2 Ngữ văn =8.5, nv<=4",daniele15,
DCN,7810103,Quản trị dịch vụ du lịch và lữ hành,D01,23.00,,THPTQG,2020,"tcp1 toán >9, tcp2 toán =9, nv<=5",daniele15,
DCN,7810201,Quản trị khách sạn,A00,23.75,,THPTQG,2020,"tcp1 toán >8.2, tcp2 toán =8.2, nv<=4",daniele15,
DCN,7810201,Quản trị khách sạn,A01,23.75,,THPTQG,2020,"tcp1 toán >8.2, tcp2 toán =8.2, nv<=4",daniele15,
DCN,7810201,Quản trị khách sạn,D01,23.75,,THPTQG,2020,"tcp1 toán >8.2, tcp2 toán =8.2, nv<=4",daniele15,
DCQ,7220201,Ngôn ngữ Anh,D01,15.00,,THPTQG,2020,,daniele15,
DCQ,7220201,Ngôn ngữ Anh,D07,15.00,,THPTQG,2020,,daniele15,
DCQ,7220201,Ngôn ngữ Anh,D11,15.00,,THPTQG,2020,,daniele15,
DCQ,7220201,Ngôn ngữ Anh,D14,15.00,,THPTQG,2020,,daniele15,
DCQ,7220202,Ngôn ngữ Nga,D01,15.00,,THPTQG,2020,,daniele15,
DCQ,7220202,Ngôn ngữ Nga,D07,15.00,,THPTQG,2020,,daniele15,
DCQ,7220202,Ngôn ngữ Nga,D11,15.00,,THPTQG,2020,,daniele15,
DCQ,7220202,Ngôn ngữ Nga,D14,15.00,,THPTQG,2020,,daniele15,
DCQ,7220204,Ngôn ngữ Trung Quốc,D01,15.00,,THPTQG,2020,,daniele15,
DCQ,7220204,Ngôn ngữ Trung Quốc,D07,15.00,,THPTQG,2020,,daniele15,
DCQ,7220204,Ngôn ngữ Trung Quốc,D11,15.00,,THPTQG,2020,,daniele15,
DCQ,7220204,Ngôn ngữ Trung Quốc,D14,15.00,,THPTQG,2020,,daniele15,
DCQ,7310205,Quản lý nhà nước,A00,15.00,,THPTQG,2020,,daniele15,
DCQ,7310205,Quản lý nhà nước,D01,15.00,,THPTQG,2020,,daniele15,
DCQ,7310205,Quản lý nhà nước,D11,15.00,,THPTQG,2020,,daniele15,
DCQ,7310205,Quản lý nhà nước,D14,15.00,,THPTQG,2020,,daniele15,
DCQ,7340101,Quản trị kinh doanh,A00,15.00,,THPTQG,2020,,daniele15,
DCQ,7340101,Quản trị kinh doanh,A01,15.00,,THPTQG,2020,,daniele15,
DCQ,7340101,Quản trị kinh doanh,D01,15.00,,THPTQG,2020,,daniele15,
DCQ,7340101,Quản trị kinh doanh,D07,15.00,,THPTQG,2020,,daniele15,
DCQ,7340116,Bất động sản,A00,15.00,,THPTQG,2020,,daniele15,
DCQ,7340116,Bất động sản,A01,15.00,,THPTQG,2020,,daniele15,
DCQ,7340116,Bất động sản,C00,15.00,,THPTQG,2020,,daniele15,
DCQ,7340116,Bất động sản,D01,15.00,,THPTQG,2020,,daniele15,
DCQ,7340201,Tài chính - Ngân hàng,A00,15.00,,THPTQG,2020,,daniele15,
DCQ,7340201,Tài chính - Ngân hàng,A01,15.00,,THPTQG,2020,,daniele15,
DCQ,7340201,Tài chính - Ngân hàng,D01,15.00,,THPTQG,2020,,daniele15,
DCQ,7340201,Tài chính - Ngân hàng,D07,15.00,,THPTQG,2020,,daniele15,
DCQ,7340301,Kế toán,A00,15.00,,THPTQG,2020,,daniele15,
DCQ,7340301,Kế toán,A01,15.00,,THPTQG,2020,,daniele15,
DCQ,7340301,Kế toán,D01,15.00,,THPTQG,2020,,daniele15,
DCQ,7340301,Kế toán,D07,15.00,,THPTQG,2020,,daniele15,
DCQ,7380107,Luật,A00,15.00,,THPTQG,2020,,daniele15,
DCQ,7380107,Luật,A01,15.00,,THPTQG,2020,,daniele15,
DCQ,7380107,Luật,C00,15.00,,THPTQG,2020,,daniele15,
DCQ,7380107,Luật,D01,15.00,,THPTQG,2020,,daniele15,
DCQ,7480103,Kỹ thuật phần mềm,A00,15.00,,THPTQG,2020,,daniele15,
DCQ,7480103,Kỹ thuật phần mềm,A01,15.00,,THPTQG,2020,,daniele15,
DCQ,7480103,Kỹ thuật phần mềm,D01,15.00,,THPTQG,2020,,daniele15,
DCQ,7480103,Kỹ thuật phần mềm,D07,15.00,,THPTQG,2020,,daniele15,
DCQ,7480201,Công nghệ thông tin,A00,15.00,,THPTQG,2020,,daniele15,
DCQ,7480201,Công nghệ thông tin,A01,15.00,,THPTQG,2020,,daniele15,
DCQ,7480201,Công nghệ thông tin,D01,15.00,,THPTQG,2020,,daniele15,
DCQ,7480201,Công nghệ thông tin,D07,15.00,,THPTQG,2020,,daniele15,
DCQ,7510205,Công nghệ kỹ thuật ô tô,A00,15.00,,THPTQG,2020,,daniele15,
DCQ,7510205,Công nghệ kỹ thuật ô tô,A01,15.00,,THPTQG,2020,,daniele15,
DCQ,7510205,Công nghệ kỹ thuật ô tô,D01,15.00,,THPTQG,2020,,daniele15,
DCQ,7510205,Công nghệ kỹ thuật ô tô,D07,15.00,,THPTQG,2020,,daniele15,
DCQ,7510605,Logistics và Quản lý chuỗi cung ứng,A00,15.00,,THPTQG,2020,,daniele15,
DCQ,7510605,Logistics và Quản lý chuỗi cung ứng,A01,15.00,,THPTQG,2020,,daniele15,
DCQ,7510605,Logistics và Quản lý chuỗi cung ứng,C00,15.00,,THPTQG,2020,,daniele15,
DCQ,7510605,Logistics và Quản lý chuỗi cung ứng,D01,15.00,,THPTQG,2020,,daniele15,
DCQ,7810103,Quản trị dịch vụ du lịch và lữ hành,A00,15.00,,THPTQG,2020,,daniele15,
DCQ,7810103,Quản trị dịch vụ du lịch và lữ hành,A01,15.00,,THPTQG,2020,,daniele15,
DCQ,7810103,Quản trị dịch vụ du lịch và lữ hành,C00,15.00,,THPTQG,2020,,daniele15,
DCQ,7810103,Quản trị dịch vụ du lịch và lữ hành,D01,15.00,,THPTQG,2020,,daniele15,
DCT,7210403,Thiết kế đồ họa,C04,18.00,,THPTQG,2020,Chương trình đại trà,daniele15,
DCT,7210403,Thiết kế đồ họa,D01,18.00,,THPTQG,2020,Chương trình đại trà,daniele15,
DCT,7210403,Thiết kế đồ họa,D10,18.00,,THPTQG,2020,Chương trình đại trà,daniele15,
DCT,7210403,Thiết kế đồ họa,D15,18.00,,THPTQG,2020,Chương trình đại trà,daniele15,
DCT,7220201,Ngôn ngữ Anh,A01,21.50,,HocBa,2020,Xét học bạ,daniele15,
DCT,7220201,Ngôn ngữ Anh,D01,21.50,,HocBa,2020,Xét học bạ,daniele15,
DCT,7220201,Ngôn ngữ Anh,D09,21.50,,HocBa,2020,Xét học bạ,daniele15,
DCT,7220201,Ngôn ngữ Anh,D10,21.50,,HocBa,2020,Xét học bạ,daniele15,
DCT,7220204,Ngôn ngữ Trung Quốc,A01,20.00,,HocBa,2020,Xét học bạ,daniele15,
DCT,7220204,Ngôn ngữ Trung Quốc,D01,20.00,,HocBa,2020,Xét học bạ,daniele15,
DCT,7220204,Ngôn ngữ Trung Quốc,D09,20.00,,HocBa,2020,Xét học bạ,daniele15,
DCT,7220204,Ngôn ngữ Trung Quốc,D10,20.00,,HocBa,2020,Xét học bạ,daniele15,
DCT,7320104,Truyền thông đa phương tiện,A01,16.00,,THPTQG,2020,Chương trình đại trà,daniele15,
DCT,7320104,Truyền thông đa phương tiện,C01,16.00,,THPTQG,2020,Chương trình đại trà,daniele15,
DCT,7320104,Truyền thông đa phương tiện,C02,16.00,,THPTQG,2020,Chương trình đại trà,daniele15,
DCT,7320104,Truyền thông đa phương tiện,D01,16.00,,THPTQG,2020,Chương trình đại trà,daniele15,
DCT,7320106,Công nghệ truyền thông,C04,16.00,,THPTQG,2020,Chương trình đại trà,daniele15,
DCT,7320106,Công nghệ truyền thông,D01,16.00,,THPTQG,2020,Chương trình đại trà,daniele15,
DCT,7320106,Công nghệ truyền thông,D10,16.00,,THPTQG,2020,Chương trình đại trà,daniele15,
DCT,7320106,Công nghệ truyền thông,D15,16.00,,THPTQG,2020,Chương trình đại trà,daniele15,
DCT,7340101,Quản trị kinh doanh,A00,21.00,,HocBa,2020,Xét học bạ,daniele15,
DCT,7340101,Quản trị kinh doanh,A01,21.00,,HocBa,2020,Xét học bạ,daniele15,
DCT,7340101,Quản trị kinh doanh,D01,21.00,,HocBa,2020,Xét học bạ,daniele15,
DCT,7340101,Quản trị kinh doanh,D10,21.00,,HocBa,2020,Xét học bạ,daniele15,
DCT,7340120,Kinh doanh quốc tế,A00,21.00,,HocBa,2020,Xét học bạ,daniele15,
DCT,7340120,Kinh doanh quốc tế,A01,21.00,,HocBa,2020,Xét học bạ,daniele15,
DCT,7340120,Kinh doanh quốc tế,D01,21.00,,HocBa,2020,Xét học bạ,daniele15,
DCT,7340120,Kinh doanh quốc tế,D10,21.00,,HocBa,2020,Xét học bạ,daniele15,
DCT,7340122_DT,Thương mại điện tử,A00,16.00,,THPTQG,2020,Chương trình đại trà,daniele15,
DCT,7340122_DT,Thương mại điện tử,C00,16.00,,THPTQG,2020,Chương trình đại trà,daniele15,
DCT,7340122_DT,Thương mại điện tử,C04,16.00,,THPTQG,2020,Chương trình đại trà,daniele15,
DCT,7340122_DT,Thương mại điện tử,D01,16.00,,THPTQG,2020,Chương trình đại trà,daniele15,
DCT,7340122_TD,Marketing,A00,18.00,,THPTQG,2020,Chương trình đào tạo trọng điểm,daniele15,
DCT,7340122_TD,Marketing,C00,18.00,,THPTQG,2020,Chương trình đào tạo trọng điểm,daniele15,
DCT,7340122_TD,Marketing,C04,18.00,,THPTQG,2020,Chương trình đào tạo trọng điểm,daniele15,
DCT,7340122_TD,Marketing,D01,18.00,,THPTQG,2020,Chương trình đào tạo trọng điểm,daniele15,
DCT,7340201,Tài chính - Ngân hàng,A00,21.00,,HocBa,2020,Xét học bạ,daniele15,
DCT,7340201,Tài chính - Ngân hàng,A01,21.00,,HocBa,2020,Xét học bạ,daniele15,
DCT,7340201,Tài chính - Ngân hàng,D01,21.00,,HocBa,2020,Xét học bạ,daniele15,
DCT,7340201,Tài chính - Ngân hàng,D10,21.00,,HocBa,2020,Xét học bạ,daniele15,
DCT,7340301,Kế toán,A00,21.00,,HocBa,2020,Xét học bạ,daniele15,
DCT,7340301,Kế toán,A01,21.00,,HocBa,2020,Xét học bạ,daniele15,
DCT,7340301,Kế toán,D01,21.00,,HocBa,2020,Xét học bạ,daniele15,
DCT,7340301,Kế toán,D10,21.00,,HocBa,2020,Xét học bạ,daniele15,
DCT,7340405,Hệ thống thông tin quản lý,A00,17.00,,THPTQG,2020,Chương trình đại trà,daniele15,
DCT,7340405,Hệ thống thông tin quản lý,C00,17.00,,THPTQG,2020,Chương trình đại trà,daniele15,
DCT,7340405,Hệ thống thông tin quản lý,C04,17.00,,THPTQG,2020,Chương trình đại trà,daniele15,
DCT,7340405,Hệ thống thông tin quản lý,D01,17.00,,THPTQG,2020,Chương trình đại trà,daniele15,
DCT,7340406,Quản trị văn phòng,A00,16.00,,THPTQG,2020,Chương trình đại trà,daniele15,
DCT,7340406,Quản trị văn phòng,C00,16.00,,THPTQG,2020,Chương trình đại trà,daniele15,
DCT,7340406,Quản trị văn phòng,C04,16.00,,THPTQG,2020,Chương trình đại trà,daniele15,
DCT,7340406,Quản trị văn phòng,D01,16.00,,THPTQG,2020,Chương trình đại trà,daniele15,
DCT,7380107,Luật,A00,21.00,,HocBa,2020,Luật kinh tếXét học bạ,daniele15,
DCT,7380107,Luật,A01,21.00,,HocBa,2020,Luật kinh tếXét học bạ,daniele15,
DCT,7380107,Luật,D01,21.00,,HocBa,2020,Luật kinh tếXét học bạ,daniele15,
DCT,7380107,Luật,D10,21.00,,HocBa,2020,Luật kinh tếXét học bạ,daniele15,
DCT,7420201,Công nghệ sinh học,A00,20.00,,HocBa,2020,Xét học bạ,daniele15,
DCT,7420201,Công nghệ sinh học,A01,20.00,,HocBa,2020,Xét học bạ,daniele15,
DCT,7420201,Công nghệ sinh học,B00,20.00,,HocBa,2020,Xét học bạ,daniele15,
DCT,7420201,Công nghệ sinh học,D07,20.00,,HocBa,2020,Xét học bạ,daniele15,
DCT,7480101,Khoa học máy tính,A00,18.00,,THPTQG,2020,Chương trình đại trà,daniele15,
DCT,7480101,Khoa học máy tính,A01,18.00,,THPTQG,2020,Chương trình đại trà,daniele15,
DCT,7480101,Khoa học máy tính,C01,18.00,,THPTQG,2020,Chương trình đại trà,daniele15,
DCT,7480101,Khoa học máy tính,D01,18.00,,THPTQG,2020,Chương trình đại trà,daniele15,
DCT,7480102,Mạng máy tính và Truyền thông dữ liệu,A00,17.00,,THPTQG,2020,Chương trình đại trà,daniele15,
DCT,7480102,Mạng máy tính và Truyền thông dữ liệu,A01,17.00,,THPTQG,2020,Chương trình đại trà,daniele15,
DCT,7480102,Mạng máy tính và Truyền thông dữ liệu,C02,17.00,,THPTQG,2020,Chương trình đại trà,daniele15,
DCT,7480102,Mạng máy tính và Truyền thông dữ liệu,D01,17.00,,THPTQG,2020,Chương trình đại trà,daniele15,
DCT,7480103,Kỹ thuật phần mềm,A00,19.00,,THPTQG,2020,Chương trình liên kết quốc tế,daniele15,
DCT,7480103,Kỹ thuật phần mềm,A01,19.00,,THPTQG,2020,Chương trình liên kết quốc tế,daniele15,
DCT,7480103,Kỹ thuật phần mềm,C02,19.00,,THPTQG,2020,Chương trình liên kết quốc tế,daniele15,
DCT,7480103,Kỹ thuật phần mềm,D01,19.00,,THPTQG,2020,Chương trình liên kết quốc tế,daniele15,
DCT,7480103_DT,Kỹ thuật phần mềm,A00,17.00,,THPTQG,2020,Chương trình đại trà,daniele15,
DCT,7480103_DT,Kỹ thuật phần mềm,A01,17.00,,THPTQG,2020,Chương trình đại trà,daniele15,
DCT,7480103_DT,Kỹ thuật phần mềm,C02,17.00,,THPTQG,2020,Chương trình đại trà,daniele15,
DCT,7480103_DT,Kỹ thuật phần mềm,D01,17.00,,THPTQG,2020,Chương trình đại trà,daniele15,
DCT,7480104,Hệ thống thông tin,A00,17.00,,THPTQG,2020,Chương trình đại trà,daniele15,
DCT,7480104,Hệ thống thông tin,A01,17.00,,THPTQG,2020,Chương trình đại trà,daniele15,
DCT,7480104,Hệ thống thông tin,C02,17.00,,THPTQG,2020,Chương trình đại trà,daniele15,
DCT,7480104,Hệ thống thông tin,D01,17.00,,THPTQG,2020,Chương trình đại trà,daniele15,
DCT,7480108_DT,Công nghệ kỹ thuật máy tính,A00,16.00,,THPTQG,2020,Chương trình đại trà,daniele15,
DCT,7480108_DT,Công nghệ kỹ thuật máy tính,A01,16.00,,THPTQG,2020,Chương trình đại trà,daniele15,
DCT,7480108_DT,Công nghệ kỹ thuật máy tính,C01,16.00,,THPTQG,2020,Chương trình đại trà,daniele15,
DCT,7480108_DT,Công nghệ kỹ thuật máy tính,D01,16.00,,THPTQG,2020,Chương trình đại trà,daniele15,
DCT,7480201,Công nghệ thông tin,A00,21.00,,HocBa,2020,Xét học bạ,daniele15,
DCT,7480201,Công nghệ thông tin,A01,21.00,,HocBa,2020,Xét học bạ,daniele15,
DCT,7480201,Công nghệ thông tin,D01,21.00,,HocBa,2020,Xét học bạ,daniele15,
DCT,7480201,Công nghệ thông tin,D07,21.00,,HocBa,2020,Xét học bạ,daniele15,
DCT,7480201_CLC,Công nghệ thông tin,A00,19.00,,THPTQG,2020,Chương trình Chất lượng cao,daniele15,
DCT,7480201_CLC,Công nghệ thông tin,A01,19.00,,THPTQG,2020,Chương trình Chất lượng cao,daniele15,
DCT,7480201_DT,Công nghệ thông tin,A00,17.00,,THPTQG,2020,Chương trình đại trà,daniele15,
DCT,7480201_DT,Công nghệ thông tin,A01,17.00,,THPTQG,2020,Chương trình đại trà,daniele15,
DCT,7480201_DT,Công nghệ thông tin,C02,17.00,,THPTQG,2020,Chương trình đại trà,daniele15,
DCT,7480201_DT,Công nghệ thông tin,D01,17.00,,THPTQG,2020,Chương trình đại trà,daniele15,
DCT,7480202,An toàn thông tin,A00,19.00,,HocBa,2020,Xét học bạ,daniele15,
DCT,7480202,An toàn thông tin,A01,19.00,,HocBa,2020,Xét học bạ,daniele15,
DCT,7480202,An toàn thông tin,C02,19.00,,HocBa,2020,Xét học bạ,daniele15,
DCT,7480202,An toàn thông tin,D01,19.00,,HocBa,2020,Xét học bạ,daniele15,
DCT,7480202,An toàn thông tin,A00,17.00,,THPTQG,2020,Chương trình đại trà,daniele15,
DCT,7480202,An toàn thông tin,A01,17.00,,THPTQG,2020,Chương trình đại trà,daniele15,
DCT,7480202,An toàn thông tin,C02,17.00,,THPTQG,2020,Chương trình đại trà,daniele15,
DCT,7480202,An toàn thông tin,D01,17.00,,THPTQG,2020,Chương trình đại trà,daniele15,
DCT,7510202,Công nghệ chế tạo máy,A00,19.00,,HocBa,2020,Xét học bạ,daniele15,
DCT,7510202,Công nghệ chế tạo máy,A01,19.00,,HocBa,2020,Xét học bạ,daniele15,
DCT,7510202,Công nghệ chế tạo máy,D01,19.00,,HocBa,2020,Xét học bạ,daniele15,
DCT,7510202,Công nghệ chế tạo máy,D07,19.00,,HocBa,2020,Xét học bạ,daniele15,
DCT,7510203,Công nghệ kỹ thuật cơ điện tử,A00,19.00,,HocBa,2020,Xét học bạ,daniele15,
DCT,7510203,Công nghệ kỹ thuật cơ điện tử,A01,19.00,,HocBa,2020,Xét học bạ,daniele15,
DCT,7510203,Công nghệ kỹ thuật cơ điện tử,D01,19.00,,HocBa,2020,Xét học bạ,daniele15,
DCT,7510203,Công nghệ kỹ thuật cơ điện tử,D07,19.00,,HocBa,2020,Xét học bạ,daniele15,
DCT,7510301,"Công nghệ kỹ thuật điện, điện tử",A00,19.00,,HocBa,2020,Xét học bạ,daniele15,
DCT,7510301,"Công nghệ kỹ thuật điện, điện tử",A01,19.00,,HocBa,2020,Xét học bạ,daniele15,
DCT,7510301,"Công nghệ kỹ thuật điện, điện tử",C01,19.00,,HocBa,2020,Xét học bạ,daniele15,
DCT,7510301,"Công nghệ kỹ thuật điện, điện tử",D01,19.00,,HocBa,2020,Xét học bạ,daniele15,
DCT,7510301,"Công nghệ kỹ thuật điện, điện tử",A00,16.00,,THPTQG,2020,Chương trình đại trà,daniele15,
DCT,7510301,"Công nghệ kỹ thuật điện, điện tử",A01,16.00,,THPTQG,2020,Chương trình đại trà,daniele15,
DCT,7510301,"Công nghệ kỹ thuật điện, điện tử",C01,16.00,,THPTQG,2020,Chương trình đại trà,daniele15,
DCT,7510301,"Công nghệ kỹ thuật điện, điện tử",D01,16.00,,THPTQG,2020,Chương trình đại trà,daniele15,
DCT,7510302_FCU,Công nghệ kỹ thuật điện tử - viễn thông,A00,16.00,,THPTQG,2020,Chương trình đại trà,daniele15,
DCT,7510302_FCU,Công nghệ kỹ thuật điện tử - viễn thông,C01,16.00,,THPTQG,2020,Chương trình đại trà,daniele15,
DCT,7510302_FCU,Công nghệ kỹ thuật điện tử - viễn thông,C04,16.00,,THPTQG,2020,Chương trình đại trà,daniele15,
DCT,7510302_FCU,Công nghệ kỹ thuật điện tử - viễn thông,D01,16.00,,THPTQG,2020,Chương trình đại trà,daniele15,
DCT,7510302_FCU,Công nghệ kỹ thuật điện tử - viễn thông,A00,18.00,,THPTQG,2020,Chương trình liên kết quốc tế,daniele15,
DCT,7510302_FCU,Công nghệ kỹ thuật điện tử - viễn thông,C01,18.00,,THPTQG,2020,Chương trình liên kết quốc tế,daniele15,
DCT,7510302_FCU,Công nghệ kỹ thuật điện tử - viễn thông,C04,18.00,,THPTQG,2020,Chương trình liên kết quốc tế,daniele15,
DCT,7510302_FCU,Công nghệ kỹ thuật điện tử - viễn thông,D01,18.00,,THPTQG,2020,Chương trình liên kết quốc tế,daniele15,
DCT,7510303,Công nghệ kỹ thuật điều khiển và tự động hóa,A00,19.00,,HocBa,2020,Xét học bạ,daniele15,
DCT,7510303,Công nghệ kỹ thuật điều khiển và tự động hóa,A01,19.00,,HocBa,2020,Xét học bạ,daniele15,
DCT,7510303,Công nghệ kỹ thuật điều khiển và tự động hóa,C01,19.00,,HocBa,2020,Xét học bạ,daniele15,
DCT,7510303,Công nghệ kỹ thuật điều khiển và tự động hóa,D01,19.00,,HocBa,2020,Xét học bạ,daniele15,
DCT,7510303,Công nghệ kỹ thuật điều khiển và tự động hóa,A00,18.00,,THPTQG,2020,Chương trình đại trà,daniele15,
DCT,7510303,Công nghệ kỹ thuật điều khiển và tự động hóa,A01,18.00,,THPTQG,2020,Chương trình đại trà,daniele15,
DCT,7510303,Công nghệ kỹ thuật điều khiển và tự động hóa,C01,18.00,,THPTQG,2020,Chương trình đại trà,daniele15,
DCT,7510303,Công nghệ kỹ thuật điều khiển và tự động hóa,D01,18.00,,THPTQG,2020,Chương trình đại trà,daniele15,
DCT,7510401,Công nghệ kỹ thuật hoá học,A00,19.00,,HocBa,2020,Xét học bạ,daniele15,
DCT,7510401,Công nghệ kỹ thuật hoá học,A01,19.00,,HocBa,2020,Xét học bạ,daniele15,
DCT,7510401,Công nghệ kỹ thuật hoá học,B00,19.00,,HocBa,2020,Xét học bạ,daniele15,
DCT,7510401,Công nghệ kỹ thuật hoá học,D07,19.00,,HocBa,2020,Xét học bạ,daniele15,
DCT,7510402,Công nghệ vật liệu,A00,18.00,,HocBa,2020,Xét học bạ,daniele15,
DCT,7510402,Công nghệ vật liệu,A01,18.00,,HocBa,2020,Xét học bạ,daniele15,
DCT,7510402,Công nghệ vật liệu,B00,18.00,,HocBa,2020,Xét học bạ,daniele15,
DCT,7510402,Công nghệ vật liệu,D07,18.00,,HocBa,2020,Xét học bạ,daniele15,
DCT,7510406,Công nghệ kỹ thuật môi trường,A00,18.00,,HocBa,2020,Xét học bạ,daniele15,
DCT,7510406,Công nghệ kỹ thuật môi trường,A01,18.00,,HocBa,2020,Xét học bạ,daniele15,
DCT,7510406,Công nghệ kỹ thuật môi trường,B00,18.00,,HocBa,2020,Xét học bạ,daniele15,
DCT,7510406,Công nghệ kỹ thuật môi trường,D07,18.00,,HocBa,2020,Xét học bạ,daniele15,
DCT,7520212,Kỹ thuật y sinh,A00,17.00,,THPTQG,2020,Chương trình đại trà,daniele15,
DCT,7520212,Kỹ thuật y sinh,B00,17.00,,THPTQG,2020,Chương trình đại trà,daniele15,
DCT,7520212,Kỹ thuật y sinh,D01,17.00,,THPTQG,2020,Chương trình đại trà,daniele15,
DCT,7520212,Kỹ thuật y sinh,D07,17.00,,THPTQG,2020,Chương trình đại trà,daniele15,
DCT,7540101,Công nghệ thực phẩm,A00,23.00,,HocBa,2020,Xét học bạ,daniele15,
DCT,7540101,Công nghệ thực phẩm,A01,23.00,,HocBa,2020,Xét học bạ,daniele15,
DCT,7540101,Công nghệ thực phẩm,B00,23.00,,HocBa,2020,Xét học bạ,daniele15,
DCT,7540101,Công nghệ thực phẩm,D07,23.00,,HocBa,2020,Xét học bạ,daniele15,
DCT,7540105,Công nghệ chế biến thuỷ sản,A00,18.00,,HocBa,2020,Xét học bạ,daniele15,
DCT,7540105,Công nghệ chế biến thuỷ sản,A01,18.00,,HocBa,2020,Xét học bạ,daniele15,
DCT,7540105,Công nghệ chế biến thuỷ sản,B00,18.00,,HocBa,2020,Xét học bạ,daniele15,
DCT,7540105,Công nghệ chế biến thuỷ sản,D07,18.00,,HocBa,2020,Xét học bạ,daniele15,
DCT,7540110,Đảm bảo chất lượng và an toàn thực phẩm,A00,21.00,,HocBa,2020,Xét học bạ,daniele15,
DCT,7540110,Đảm bảo chất lượng và an toàn thực phẩm,A01,21.00,,HocBa,2020,Xét học bạ,daniele15,
DCT,7540110,Đảm bảo chất lượng và an toàn thực phẩm,B00,21.00,,HocBa,2020,Xét học bạ,daniele15,
DCT,7540110,Đảm bảo chất lượng và an toàn thực phẩm,D07,21.00,,HocBa,2020,Xét học bạ,daniele15,
DCT,7540204,"Công nghệ dệt, may",A00,19.00,,HocBa,2020,Xét học bạ,daniele15,
DCT,7540204,"Công nghệ dệt, may",A01,19.00,,HocBa,2020,Xét học bạ,daniele15,
DCT,7540204,"Công nghệ dệt, may",D01,19.00,,HocBa,2020,Xét học bạ,daniele15,
DCT,7540204,"Công nghệ dệt, may",D07,19.00,,HocBa,2020,Xét học bạ,daniele15,
DCT,7620303,Khoa học thủy sản,A00,18.00,,HocBa,2020,Xét học bạ,daniele15,
DCT,7620303,Khoa học thủy sản,A01,18.00,,HocBa,2020,Xét học bạ,daniele15,
DCT,7620303,Khoa học thủy sản,B00,18.00,,HocBa,2020,Xét học bạ,daniele15,
DCT,7620303,Khoa học thủy sản,D07,18.00,,HocBa,2020,Xét học bạ,daniele15,
DCT,7720498,Khoa học chế biến món ăn,A00,20.00,,HocBa,2020,Xét học bạ,daniele15,
DCT,7720498,Khoa học chế biến món ăn,A01,20.00,,HocBa,2020,Xét học bạ,daniele15,
DCT,7720498,Khoa học chế biến món ăn,B00,20.00,,HocBa,2020,Xét học bạ,daniele15,
DCT,7720498,Khoa học chế biến món ăn,D07,20.00,,HocBa,2020,Xét học bạ,daniele15,
DCT,7720499,Khoa học dinh dưỡng và ẩm thực,A00,20.00,,HocBa,2020,Xét học bạ,daniele15,
DCT,7720499,Khoa học dinh dưỡng và ẩm thực,A01,20.00,,HocBa,2020,Xét học bạ,daniele15,
DCT,7720499,Khoa học dinh dưỡng và ẩm thực,B00,20.00,,HocBa,2020,Xét học bạ,daniele15,
DCT,7720499,Khoa học dinh dưỡng và ẩm thực,D07,20.00,,HocBa,2020,Xét học bạ,daniele15,
DCT,7810103,Quản trị dịch vụ du lịch và lữ hành,A00,21.50,,HocBa,2020,Xét học bạ,daniele15,
DCT,7810103,Quản trị dịch vụ du lịch và lữ hành,A01,21.50,,HocBa,2020,Xét học bạ,daniele15,
DCT,7810103,Quản trị dịch vụ du lịch và lữ hành,D01,21.50,,HocBa,2020,Xét học bạ,daniele15,
DCT,7810103,Quản trị dịch vụ du lịch và lữ hành,D10,21.50,,HocBa,2020,Xét học bạ,daniele15,
DCT,7810201,Quản trị khách sạn,A00,20.00,,HocBa,2020,Xét học bạ,daniele15,
DCT,7810201,Quản trị khách sạn,A01,20.00,,HocBa,2020,Xét học bạ,daniele15,
DCT,7810201,Quản trị khách sạn,D01,20.00,,HocBa,2020,Xét học bạ,daniele15,
DCT,7810201,Quản trị khách sạn,D10,20.00,,HocBa,2020,Xét học bạ,daniele15,
DCT,7810202,Quản trị nhà hàng và dịch vụ ăn uống,A00,21.50,,HocBa,2020,Xét học bạ,daniele15,
DCT,7810202,Quản trị nhà hàng và dịch vụ ăn uống,A01,21.50,,HocBa,2020,Xét học bạ,daniele15,
DCT,7810202,Quản trị nhà hàng và dịch vụ ăn uống,D01,21.50,,HocBa,2020,Xét học bạ,daniele15,
DCT,7810202,Quản trị nhà hàng và dịch vụ ăn uống,D10,21.50,,HocBa,2020,Xét học bạ,daniele15,
DCT,7850101,Quản lý tài nguyên và môi trường,A00,18.00,,HocBa,2020,Xét học bạ,daniele15,
DCT,7850101,Quản lý tài nguyên và môi trường,A01,18.00,,HocBa,2020,Xét học bạ,daniele15,
DCT,7850101,Quản lý tài nguyên và môi trường,B00,18.00,,HocBa,2020,Xét học bạ,daniele15,
DCT,7850101,Quản lý tài nguyên và môi trường,D07,18.00,,HocBa,2020,Xét học bạ,daniele15,
DCV,7340301,Kế toán,A00,15.00,,THPTQG,2020,,daniele15,
DCV,7340301,Kế toán,A01,15.00,,THPTQG,2020,,daniele15,
DCV,7340301,Kế toán,D01,15.00,,THPTQG,2020,,daniele15,
DCV,7340301,Kế toán,D07,15.00,,THPTQG,2020,,daniele15,
DCV,7480201,Công nghệ thông tin,A00,15.00,,THPTQG,2020,,daniele15,
DCV,7480201,Công nghệ thông tin,A01,15.00,,THPTQG,2020,,daniele15,
DCV,7480201,Công nghệ thông tin,D01,15.00,,THPTQG,2020,,daniele15,
DCV,7480201,Công nghệ thông tin,D07,15.00,,THPTQG,2020,,daniele15,
DCV,7510201,Công nghệ kỹ thuật cơ khí,A00,15.00,,THPTQG,2020,,daniele15,
DCV,7510201,Công nghệ kỹ thuật cơ khí,A01,15.00,,THPTQG,2020,,daniele15,
DCV,7510201,Công nghệ kỹ thuật cơ khí,D01,15.00,,THPTQG,2020,,daniele15,
DCV,7510201,Công nghệ kỹ thuật cơ khí,D07,15.00,,THPTQG,2020,,daniele15,
DCV,7510301,"Công nghệ kỹ thuật điện, điện tử",A00,15.00,,THPTQG,2020,,daniele15,
DCV,7510301,"Công nghệ kỹ thuật điện, điện tử",A01,15.00,,THPTQG,2020,,daniele15,
DCV,7510301,"Công nghệ kỹ thuật điện, điện tử",D01,15.00,,THPTQG,2020,,daniele15,
DCV,7510301,"Công nghệ kỹ thuật điện, điện tử",D07,15.00,,THPTQG,2020,,daniele15,
DCV,7540101,Công nghệ thực phẩm,A00,15.00,,THPTQG,2020,,daniele15,
DCV,7540101,Công nghệ thực phẩm,A01,15.00,,THPTQG,2020,,daniele15,
DCV,7540101,Công nghệ thực phẩm,A02,15.00,,THPTQG,2020,,daniele15,
DCV,7540101,Công nghệ thực phẩm,B00,15.00,,THPTQG,2020,,daniele15,
DCV,7810103,Quản trị dịch vụ du lịch và lữ hành,A00,15.00,,THPTQG,2020,,daniele15,
DCV,7810103,Quản trị dịch vụ du lịch và lữ hành,C00,15.00,,THPTQG,2020,,daniele15,
DCV,7810103,Quản trị dịch vụ du lịch và lữ hành,D01,15.00,,THPTQG,2020,,daniele15,
DCV,7810103,Quản trị dịch vụ du lịch và lữ hành,D15,15.00,,THPTQG,2020,,daniele15,
DCV,7810201,Quản trị khách sạn,A00,15.00,,THPTQG,2020,,daniele15,
DCV,7810201,Quản trị khách sạn,C00,15.00,,THPTQG,2020,,daniele15,
DCV,7810201,Quản trị khách sạn,D01,15.00,,THPTQG,2020,,daniele15,
DCV,7810201,Quản trị khách sạn,D15,15.00,,THPTQG,2020,,daniele15,
DDA,7340101,Quản trị kinh doanh,A00,16.00,,THPTQG,2020,,daniele15,
DDA,7340101,Quản trị kinh doanh,A01,16.00,,THPTQG,2020,,daniele15,
DDA,7340101,Quản trị kinh doanh,C00,16.00,,THPTQG,2020,,daniele15,
DDA,7340101,Quản trị kinh doanh,D01,16.00,,THPTQG,2020,,daniele15,
DDA,7340201,Tài chính - Ngân hàng,A00,15.00,,THPTQG,2020,,daniele15,
DDA,7340201,Tài chính - Ngân hàng,A01,15.00,,THPTQG,2020,,daniele15,
DDA,7340201,Tài chính - Ngân hàng,C00,15.00,,THPTQG,2020,,daniele15,
DDA,7340201,Tài chính - Ngân hàng,D01,15.00,,THPTQG,2020,,daniele15,
DDA,7340301,Kế toán,A00,15.00,,THPTQG,2020,,daniele15,
DDA,7340301,Kế toán,A01,15.00,,THPTQG,2020,,daniele15,
DDA,7340301,Kế toán,C00,15.00,,THPTQG,2020,,daniele15,
DDA,7340301,Kế toán,D01,15.00,,THPTQG,2020,,daniele15,
DDA,7480201,Công nghệ thông tin,A00,16.50,,THPTQG,2020,,daniele15,
DDA,7480201,Công nghệ thông tin,A01,16.50,,THPTQG,2020,,daniele15,
DDA,7480201,Công nghệ thông tin,A02,16.50,,THPTQG,2020,,daniele15,
DDA,7480201,Công nghệ thông tin,D01,16.50,,THPTQG,2020,,daniele15,
DDA,7510202,Công nghệ chế tạo máy,A00,15.00,,THPTQG,2020,,daniele15,
DDA,7510202,Công nghệ chế tạo máy,A01,15.00,,THPTQG,2020,,daniele15,
DDA,7510202,Công nghệ chế tạo máy,A02,15.00,,THPTQG,2020,,daniele15,
DDA,7510202,Công nghệ chế tạo máy,D01,15.00,,THPTQG,2020,,daniele15,
DDA,7510205,Công nghệ kỹ thuật ô tô,A00,16.00,,THPTQG,2020,,daniele15,
DDA,7510205,Công nghệ kỹ thuật ô tô,A01,16.00,,THPTQG,2020,,daniele15,
DDA,7510205,Công nghệ kỹ thuật ô tô,C01,16.00,,THPTQG,2020,,daniele15,
DDA,7510205,Công nghệ kỹ thuật ô tô,D01,16.00,,THPTQG,2020,,daniele15,
DDA,7510206,Công nghệ kỹ thuật máy tính,A00,15.00,,THPTQG,2020,Nhiệt - Điện lạnh,daniele15,
DDA,7510206,Công nghệ kỹ thuật máy tính,A01,15.00,,THPTQG,2020,Nhiệt - Điện lạnh,daniele15,
DDA,7510206,Công nghệ kỹ thuật máy tính,A02,15.00,,THPTQG,2020,Nhiệt - Điện lạnh,daniele15,
DDA,7510206,Công nghệ kỹ thuật máy tính,D01,15.00,,THPTQG,2020,Nhiệt - Điện lạnh,daniele15,
DDA,7510301,"Công nghệ kỹ thuật điện, điện tử",A00,15.00,,THPTQG,2020,,daniele15,
DDA,7510301,"Công nghệ kỹ thuật điện, điện tử",A01,15.00,,THPTQG,2020,,daniele15,
DDA,7510301,"Công nghệ kỹ thuật điện, điện tử",A02,15.00,,THPTQG,2020,,daniele15,
DDA,7510301,"Công nghệ kỹ thuật điện, điện tử",D01,15.00,,THPTQG,2020,,daniele15,
DDA,7510303,Công nghệ kỹ thuật điều khiển và tự động hóa,A00,15.00,,THPTQG,2020,,daniele15,
DDA,7510303,Công nghệ kỹ thuật điều khiển và tự động hóa,A01,15.00,,THPTQG,2020,,daniele15,
DDA,7510303,Công nghệ kỹ thuật điều khiển và tự động hóa,A02,15.00,,THPTQG,2020,,daniele15,
DDA,7510303,Công nghệ kỹ thuật điều khiển và tự động hóa,D01,15.00,,THPTQG,2020,,daniele15,
DDA,7540101,Công nghệ thực phẩm,A00,15.00,,THPTQG,2020,,daniele15,
DDA,7540101,Công nghệ thực phẩm,A01,15.00,,THPTQG,2020,,daniele15,
DDA,7540101,Công nghệ thực phẩm,A02,15.00,,THPTQG,2020,,daniele15,
DDA,7540101,Công nghệ thực phẩm,B00,15.00,,THPTQG,2020,,daniele15,
DDA,7580201,Kỹ thuật xây dựng,A00,15.00,,THPTQG,2020,,daniele15,
DDA,7580201,Kỹ thuật xây dựng,A01,15.00,,THPTQG,2020,,daniele15,
DDA,7580201,Kỹ thuật xây dựng,A02,15.00,,THPTQG,2020,,daniele15,
DDA,7580201,Kỹ thuật xây dựng,D01,15.00,,THPTQG,2020,,daniele15,
DDA,7720201,Dược học,A00,21.00,,THPTQG,2020,,daniele15,
DDA,7720201,Dược học,A01,21.00,,THPTQG,2020,,daniele15,
DDA,7720201,Dược học,A02,21.00,,THPTQG,2020,,daniele15,
DDA,7720201,Dược học,B00,21.00,,THPTQG,2020,,daniele15,
DDA,7720301,Điều dưỡng,A00,19.00,,THPTQG,2020,,daniele15,
DDA,7720301,Điều dưỡng,A01,19.00,,THPTQG,2020,,daniele15,
DDA,7720301,Điều dưỡng,A02,19.00,,THPTQG,2020,,daniele15,
DDA,7720301,Điều dưỡng,B00,19.00,,THPTQG,2020,,daniele15,
DDA,7810103,Quản trị dịch vụ du lịch và lữ hành,A00,16.00,,THPTQG,2020,,daniele15,
DDA,7810103,Quản trị dịch vụ du lịch và lữ hành,A01,16.00,,THPTQG,2020,,daniele15,
DDA,7810103,Quản trị dịch vụ du lịch và lữ hành,C00,16.00,,THPTQG,2020,,daniele15,
DDA,7810103,Quản trị dịch vụ du lịch và lữ hành,C01,16.00,,THPTQG,2020,,daniele15,
DDA,7810103,Quản trị dịch vụ du lịch và lữ hành,D01,16.00,,THPTQG,2020,,daniele15,
DDA,7810103,Quản trị dịch vụ du lịch và lữ hành,D14,16.00,,THPTQG,2020,,daniele15,
DDA,7810103,Quản trị dịch vụ du lịch và lữ hành,D15,16.00,,THPTQG,2020,,daniele15,
DDA,7810201,Quản trị khách sạn,A00,16.50,,THPTQG,2020,,daniele15,
DDA,7810201,Quản trị khách sạn,A01,16.50,,THPTQG,2020,,daniele15,
DDA,7810201,Quản trị khách sạn,A15,16.50,,THPTQG,2020,,daniele15,
DDA,7810201,Quản trị khách sạn,C00,16.50,,THPTQG,2020,,daniele15,
DDA,7810201,Quản trị khách sạn,C01,16.50,,THPTQG,2020,,daniele15,
DDA,7810201,Quản trị khách sạn,D01,16.50,,THPTQG,2020,,daniele15,
DDA,7810201,Quản trị khách sạn,D14,16.50,,THPTQG,2020,,daniele15,
DDF,7140231,Sư phạm Tiếng Anh,D01,25.75,,HocBa,2020,TCP: GiỏiXét học bạ,daniele15,
DDF,7140231,Sư phạm Tiếng Anh,D01,26.40,,THPTQG,2020,,daniele15,
DDF,7140233,Sư phạm Tiếng Pháp,,17.72,,THPTQG,2020,,daniele15,
DDF,7140233,Sư phạm Tiếng Pháp,,21.68,,HocBa,2020,CTP: GiỏiXét học bạ,daniele15,
DDF,7140234,Sư phạm Tiếng Trung Quốc,D01,21.23,,HocBa,2020,TCP: GiỏiXét học bạ,daniele15,
DDF,7140234,Sư phạm Tiếng Trung Quốc,D04,21.23,,HocBa,2020,TCP: GiỏiXét học bạ,daniele15,
DDF,7140234,Sư phạm Tiếng Trung Quốc,D78,21.23,,HocBa,2020,TCP: GiỏiXét học bạ,daniele15,
DDF,7140234,Sư phạm Tiếng Trung Quốc,D96,21.23,,HocBa,2020,TCP: GiỏiXét học bạ,daniele15,
DDF,7140234,Sư phạm Tiếng Trung Quốc,D01,24.15,,THPTQG,2020,,daniele15,
DDF,7140234,Sư phạm Tiếng Trung Quốc,D04,24.15,,THPTQG,2020,,daniele15,
DDF,7140234,Sư phạm Tiếng Trung Quốc,D78,24.15,,THPTQG,2020,,daniele15,
DDF,7140234,Sư phạm Tiếng Trung Quốc,D96,24.15,,THPTQG,2020,,daniele15,
DDF,7220201,Ngôn ngữ Anh,D01,23.55,,HocBa,2020,Xét học bạ,daniele15,
DDF,7220201,Ngôn ngữ Anh,D01,23.64,,THPTQG,2020,,daniele15,
DDF,7220201CLC,Ngôn ngữ Anh,D01,18.20,,HocBa,2020,Xét học bạ,daniele15,
DDF,7220201CLC,Ngôn ngữ Anh,D01,22.05,,THPTQG,2020,,daniele15,
DDF,7220202,Ngôn ngữ Nga,,15.03,,THPTQG,2020,,daniele15,
DDF,7220202,Ngôn ngữ Nga,,18.10,,HocBa,2020,Xét học bạ,daniele15,
DDF,7220203,Ngôn ngữ Pháp,D01,18.41,,HocBa,2020,Xét học bạ,daniele15,
DDF,7220203,Ngôn ngữ Pháp,D03,18.41,,HocBa,2020,Xét học bạ,daniele15,
DDF,7220203,Ngôn ngữ Pháp,D78,18.41,,HocBa,2020,Xét học bạ,daniele15,
DDF,7220203,Ngôn ngữ Pháp,D96,18.41,,HocBa,2020,Xét học bạ,daniele15,
DDF,7220203,Ngôn ngữ Pháp,D01,20.05,,THPTQG,2020,,daniele15,
DDF,7220203,Ngôn ngữ Pháp,D03,20.05,,THPTQG,2020,,daniele15,
DDF,7220203,Ngôn ngữ Pháp,D78,20.05,,THPTQG,2020,,daniele15,
DDF,7220203,Ngôn ngữ Pháp,D96,20.05,,THPTQG,2020,,daniele15,
DDF,7220204,Ngôn ngữ Trung Quốc,,24.53,,THPTQG,2020,,daniele15,
DDF,7220204,Ngôn ngữ Trung Quốc,,25.48,,HocBa,2020,Xét học bạ,daniele15,
DDF,7220204CLC,Ngôn ngữ Trung Quốc,D01,23.45,,HocBa,2020,Xét học bạ,daniele15,
DDF,7220204CLC,Ngôn ngữ Trung Quốc,D04,23.45,,HocBa,2020,Xét học bạ,daniele15,
DDF,7220204CLC,Ngôn ngữ Trung Quốc,D78,23.45,,HocBa,2020,Xét học bạ,daniele15,
DDF,7220204CLC,Ngôn ngữ Trung Quốc,D83,23.45,,HocBa,2020,Xét học bạ,daniele15,
DDF,7220204CLC,Ngôn ngữ Trung Quốc,D01,23.49,,THPTQG,2020,,daniele15,
DDF,7220204CLC,Ngôn ngữ Trung Quốc,D04,23.49,,THPTQG,2020,,daniele15,
DDF,7220204CLC,Ngôn ngữ Trung Quốc,D78,23.49,,THPTQG,2020,,daniele15,
DDF,7220204CLC,Ngôn ngữ Trung Quốc,D83,23.49,,THPTQG,2020,,daniele15,
DDF,7220209,Ngôn ngữ Nhật,,24.03,,THPTQG,2020,,daniele15,
DDF,7220209,Ngôn ngữ Nhật,,25.20,,HocBa,2020,Xét học bạ,daniele15,
DDF,7220209CLC,Ngôn ngữ Nhật,D01,21.80,,HocBa,2020,(Chất lượng cao)Xét học bạ,daniele15,
DDF,7220209CLC,Ngôn ngữ Nhật,D06,21.80,,HocBa,2020,(Chất lượng cao)Xét học bạ,daniele15,
DDF,7220209CLC,Ngôn ngữ Nhật,D01,23.88,,THPTQG,2020,,daniele15,
DDF,7220209CLC,Ngôn ngữ Nhật,D06,23.88,,THPTQG,2020,,daniele15,
DDF,7220210,Ngôn ngữ Hàn Quốc,,25.41,,THPTQG,2020,,daniele15,
DDF,7220210,Ngôn ngữ Hàn Quốc,,25.42,,HocBa,2020,Xét học bạ,daniele15,
DDF,7220210CLC,Ngôn ngữ Hàn Quốc,D01,24.03,,HocBa,2020,Xét học bạ,daniele15,
DDF,7220210CLC,Ngôn ngữ Hàn Quốc,D78,24.03,,HocBa,2020,Xét học bạ,daniele15,
DDF,7220210CLC,Ngôn ngữ Hàn Quốc,D96,24.03,,HocBa,2020,Xét học bạ,daniele15,
DDF,7220210CLC,Ngôn ngữ Hàn Quốc,D01,24.39,,THPTQG,2020,,daniele15,
DDF,7220210CLC,Ngôn ngữ Hàn Quốc,D78,24.39,,THPTQG,2020,,daniele15,
DDF,7220210CLC,Ngôn ngữ Hàn Quốc,D96,24.39,,THPTQG,2020,,daniele15,
DDF,7220214,Ngôn ngữ Thái Lan,D01,22.23,,HocBa,2020,Xét học bạ,daniele15,
DDF,7220214,Ngôn ngữ Thái Lan,D15,22.23,,HocBa,2020,Xét học bạ,daniele15,
DDF,7220214,Ngôn ngữ Thái Lan,D78,22.23,,HocBa,2020,Xét học bạ,daniele15,
DDF,7220214,Ngôn ngữ Thái Lan,D96,22.23,,HocBa,2020,Xét học bạ,daniele15,
DDF,7220214,Ngôn ngữ Thái Lan,D01,22.41,,THPTQG,2020,,daniele15,
DDF,7220214,Ngôn ngữ Thái Lan,D15,22.41,,THPTQG,2020,,daniele15,
DDF,7220214,Ngôn ngữ Thái Lan,D78,22.41,,THPTQG,2020,,daniele15,
DDF,7220214,Ngôn ngữ Thái Lan,D96,22.41,,THPTQG,2020,,daniele15,
DDF,7310601,Quốc tế học,D01,18.40,,HocBa,2020,Xét học bạ,daniele15,
DDF,7310601,Quốc tế học,D09,18.40,,HocBa,2020,Xét học bạ,daniele15,
DDF,7310601,Quốc tế học,D78,18.40,,HocBa,2020,Xét học bạ,daniele15,
DDF,7310601,Quốc tế học,D96,18.40,,HocBa,2020,Xét học bạ,daniele15,
DDF,7310601,Quốc tế học,D01,21.76,,THPTQG,2020,,daniele15,
DDF,7310601,Quốc tế học,D09,21.76,,THPTQG,2020,,daniele15,
DDF,7310601,Quốc tế học,D78,21.76,,THPTQG,2020,,daniele15,
DDF,7310601,Quốc tế học,D96,21.76,,THPTQG,2020,,daniele15,
DDF,7310601CLC,Quốc tế học,D01,19.70,,HocBa,2020,Xét học bạ,daniele15,
DDF,7310601CLC,Quốc tế học,D09,19.70,,HocBa,2020,Xét học bạ,daniele15,
DDF,7310601CLC,Quốc tế học,D78,19.70,,HocBa,2020,Xét học bạ,daniele15,
DDF,7310601CLC,Quốc tế học,D96,19.70,,HocBa,2020,Xét học bạ,daniele15,
DDF,7310601CLC,Quốc tế học,D01,21.04,,THPTQG,2020,Chất lượng cao,daniele15,
DDF,7310601CLC,Quốc tế học,D09,21.04,,THPTQG,2020,Chất lượng cao,daniele15,
DDF,7310601CLC,Quốc tế học,D78,21.04,,THPTQG,2020,Chất lượng cao,daniele15,
DDF,7310601CLC,Quốc tế học,D96,21.04,,THPTQG,2020,Chất lượng cao,daniele15,
DDF,7310608,Đông phương học,D01,18.77,,HocBa,2020,Xét học bạ,daniele15,
DDF,7310608,Đông phương học,D06,18.77,,HocBa,2020,Xét học bạ,daniele15,
DDF,7310608,Đông phương học,D78,18.77,,HocBa,2020,Xét học bạ,daniele15,
DDF,7310608,Đông phương học,D96,18.77,,HocBa,2020,Xét học bạ,daniele15,
DDF,7310608,Đông phương học,D01,21.58,,THPTQG,2020,,daniele15,
DDF,7310608,Đông phương học,D06,21.58,,THPTQG,2020,,daniele15,
DDF,7310608,Đông phương học,D78,21.58,,THPTQG,2020,,daniele15,
DDF,7310608,Đông phương học,D96,21.58,,THPTQG,2020,,daniele15,
DDK,7420201,Công nghệ sinh học,A00,25.75,,HocBa,2020,Xét học bạ,daniele15,
DDK,7420201,Công nghệ sinh học,B00,25.75,,HocBa,2020,Xét học bạ,daniele15,
DDK,7420201,Công nghệ sinh học,D07,25.75,,HocBa,2020,Xét học bạ,daniele15,
DDK,7480106,Kỹ thuật máy tính,A00,26.00,,HocBa,2020,Xét học bạ,daniele15,
DDK,7480106,Kỹ thuật máy tính,A01,26.00,,HocBa,2020,Xét học bạ,daniele15,
DDK,7510105,Công nghệ kỹ thuật vật liệu xây dựng,A00,18.00,,HocBa,2020,Xét học bạ,daniele15,
DDK,7510105,Công nghệ kỹ thuật vật liệu xây dựng,A01,18.00,,HocBa,2020,Xét học bạ,daniele15,
DDK,7510202,Công nghệ chế tạo máy,A00,22.00,,HocBa,2020,Xét học bạ,daniele15,
DDK,7510202,Công nghệ chế tạo máy,A01,22.00,,HocBa,2020,Xét học bạ,daniele15,
DDK,7510601,Quản lý công nghiệp,A00,20.00,,HocBa,2020,Xét học bạ,daniele15,
DDK,7510601,Quản lý công nghiệp,A01,20.00,,HocBa,2020,Xét học bạ,daniele15,
DDK,7510701,Công nghệ dầu khí và khai thác dầu,A00,23.00,,HocBa,2020,Xét học bạ,daniele15,
DDK,7510701,Công nghệ dầu khí và khai thác dầu,D07,23.00,,HocBa,2020,Xét học bạ,daniele15,
DDK,7520103A,Kỹ thuật cơ khí,A00,24.50,,HocBa,2020,chuyên ngành Cơ khí động lựcXét học bạ,daniele15,
DDK,7520103A,Kỹ thuật cơ khí,A01,24.50,,HocBa,2020,chuyên ngành Cơ khí động lựcXét học bạ,daniele15,
DDK,7520103B,Kỹ thuật cơ khí,A00,26.00,,HocBa,2020,Chuyên ngành Cơ khí hàng khôngXét học bạ,daniele15,
DDK,7520103B,Kỹ thuật cơ khí,A01,26.00,,HocBa,2020,Chuyên ngành Cơ khí hàng khôngXét học bạ,daniele15,
DDK,7520103CLC,Kỹ thuật cơ khí,A00,18.00,,HocBa,2020,chuyên ngành Cơ khí động lực (Chất lượng cao)Xét học bạ,daniele15,
DDK,7520103CLC,Kỹ thuật cơ khí,A01,18.00,,HocBa,2020,chuyên ngành Cơ khí động lực (Chất lượng cao)Xét học bạ,daniele15,
DDK,7520114,Kỹ thuật cơ điện tử,A00,25.00,,HocBa,2020,Xét học bạ,daniele15,
DDK,7520114,Kỹ thuật cơ điện tử,A01,25.00,,HocBa,2020,Xét học bạ,daniele15,
DDK,7520114CLC,Kỹ thuật cơ điện tử,A00,19.00,,HocBa,2020,Xét học bạ,daniele15,
DDK,7520114CLC,Kỹ thuật cơ điện tử,A01,19.00,,HocBa,2020,Xét học bạ,daniele15,
DDK,7520115,Kỹ thuật nhiệt,A00,21.00,,HocBa,2020,Xét học bạKỹ thuật nhiệt,daniele15,
DDK,7520115,Kỹ thuật nhiệt,A01,21.00,,HocBa,2020,Xét học bạKỹ thuật nhiệt,daniele15,
DDK,7520115CLC,Kỹ thuật nhiệt,A00,16.00,,HocBa,2020,Xét học bạ,daniele15,
DDK,7520115CLC,Kỹ thuật nhiệt,A01,16.00,,HocBa,2020,Xét học bạ,daniele15,
DDK,7520118,Kỹ thuật hệ thống công nghiệp,A00,16.00,,HocBa,2020,Xét học bạ,daniele15,
DDK,7520118,Kỹ thuật hệ thống công nghiệp,A01,16.00,,HocBa,2020,Xét học bạ,daniele15,
DDK,7520122,Kỹ thuật tàu thuỷ,A00,16.00,,HocBa,2020,Xét học bạ,daniele15,
DDK,7520122,Kỹ thuật tàu thuỷ,A01,16.00,,HocBa,2020,Xét học bạ,daniele15,
DDK,7520201,Kỹ thuật điện,A00,24.50,,HocBa,2020,Xét học bạ,daniele15,
DDK,7520201,Kỹ thuật điện,A01,24.50,,HocBa,2020,Xét học bạ,daniele15,
DDK,7520201CLC,Kỹ thuật điện,A00,18.00,,HocBa,2020,Xét học bạ,daniele15,
DDK,7520201CLC,Kỹ thuật điện,A01,18.00,,HocBa,2020,Xét học bạ,daniele15,
DDK,7520207,Kỹ thuật điện tử - viễn thông,A00,25.00,,HocBa,2020,Xét học bạ,daniele15,
DDK,7520207,Kỹ thuật điện tử - viễn thông,A01,25.00,,HocBa,2020,Xét học bạ,daniele15,
DDK,7520207CLC,Kỹ thuật điện tử - viễn thông,A00,18.00,,HocBa,2020,Xét học bạ,daniele15,
DDK,7520207CLC,Kỹ thuật điện tử - viễn thông,A01,18.00,,HocBa,2020,Xét học bạ,daniele15,
DDK,7520216,Kỹ thuật điều khiển và tự động hoá,A00,27.50,,HocBa,2020,Xét học bạ,daniele15,
DDK,7520216,Kỹ thuật điều khiển và tự động hoá,A01,27.50,,HocBa,2020,Xét học bạ,daniele15,
DDK,7520216CLC,Kỹ thuật điều khiển và tự động hoá,A00,24.00,,HocBa,2020,Xét học bạ,daniele15,
DDK,7520216CLC,Kỹ thuật điều khiển và tự động hoá,A01,24.00,,HocBa,2020,Xét học bạ,daniele15,
DDK,7520301,Kỹ thuật hoá học,A00,18.00,,HocBa,2020,Xét học bạ,daniele15,
DDK,7520301,Kỹ thuật hoá học,D07,18.00,,HocBa,2020,Xét học bạ,daniele15,
DDK,7520320,Kỹ thuật môi trường,A00,16.00,,HocBa,2020,Xét học bạ,daniele15,
DDK,7520320,Kỹ thuật môi trường,D07,16.00,,HocBa,2020,Xét học bạ,daniele15,
DDK,7540101,Công nghệ thực phẩm,A00,25.75,,HocBa,2020,Xét học bạ,daniele15,
DDK,7540101,Công nghệ thực phẩm,B00,25.75,,HocBa,2020,Xét học bạ,daniele15,
DDK,7540101,Công nghệ thực phẩm,D07,25.75,,HocBa,2020,Xét học bạ,daniele15,
DDK,7540101CLC,Công nghệ thực phẩm,A00,18.00,,HocBa,2020,Xét học bạ,daniele15,
DDK,7540101CLC,Công nghệ thực phẩm,B00,18.00,,HocBa,2020,Xét học bạ,daniele15,
DDK,7540101CLC,Công nghệ thực phẩm,D07,18.00,,HocBa,2020,Xét học bạ,daniele15,
DDK,7580101CLC,Kiến trúc,V00,18.00,,HocBa,2020,Xét học bạ,daniele15,
DDK,7580101CLC,Kiến trúc,V01,18.00,,HocBa,2020,Xét học bạ,daniele15,
DDK,7580101CLC,Kiến trúc,V02,18.00,,HocBa,2020,Xét học bạ,daniele15,
DDK,7580201A,Kỹ thuật xây dựng,A00,22.75,,HocBa,2020,chuyên ngành Xây dựng dân dụng & công nghiệpXét học bạ,daniele15,
DDK,7580201A,Kỹ thuật xây dựng,A01,22.75,,HocBa,2020,chuyên ngành Xây dựng dân dụng & công nghiệpXét học bạ,daniele15,
DDK,7580201CLC,Kỹ thuật xây dựng,A00,18.00,,HocBa,2020,chuyên ngành Xây dựng dân dụng & công nghiệp - Chất lượng caoXét học bạ,daniele15,
DDK,7580201CLC,Kỹ thuật xây dựng,A01,18.00,,HocBa,2020,chuyên ngành Xây dựng dân dụng & công nghiệp - Chất lượng caoXét học bạ,daniele15,
DDK,7580202,Kỹ thuật xây dựng,A00,16.00,,HocBa,2020,Kỹ thuật xây dựng công trình thủyXét học bạ,daniele15,
DDK,7580202,Kỹ thuật xây dựng,A01,16.00,,HocBa,2020,Kỹ thuật xây dựng công trình thủyXét học bạ,daniele15,
DDK,7580205,kỹ thuật xây dựng công trình giao thông,A00,18.00,,HocBa,2020,Kỹ thuật xây dựng công trình giao thôngXét học bạ,daniele15,
DDK,7580205,kỹ thuật xây dựng công trình giao thông,A01,18.00,,HocBa,2020,Kỹ thuật xây dựng công trình giao thôngXét học bạ,daniele15,
DDK,7580205CLC,Kỹ thuật xây dựng,A00,18.00,,HocBa,2020,Kỹ thuật xây dựng công trình giao thông (Chất lượng cao)Xét học bạ,daniele15,
DDK,7580205CLC,Kỹ thuật xây dựng,A01,18.00,,HocBa,2020,Kỹ thuật xây dựng công trình giao thông (Chất lượng cao)Xét học bạ,daniele15,
DDK,7580210,Kỹ thuật cơ sở hạ tầng,A00,16.00,,HocBa,2020,Xét học bạ,daniele15,
DDK,7580210,Kỹ thuật cơ sở hạ tầng,A01,16.00,,HocBa,2020,Xét học bạ,daniele15,
DDK,7580301,Kinh tế xây dựng,A00,23.00,,HocBa,2020,Xét học bạ,daniele15,
DDK,7580301,Kinh tế xây dựng,A01,23.00,,HocBa,2020,Xét học bạ,daniele15,
DDK,7580301CLC,Kinh tế xây dựng,A00,18.00,,HocBa,2020,Xét học bạ,daniele15,
DDK,7580301CLC,Kinh tế xây dựng,A01,18.00,,HocBa,2020,Xét học bạ,daniele15,
DDK,7850101,Quản lý tài nguyên và môi trường,A00,18.00,,HocBa,2020,Xét học bạ,daniele15,
DDK,7850101,Quản lý tài nguyên và môi trường,D07,18.00,,HocBa,2020,Xét học bạ,daniele15,
DDK,7905206,Điện tử viễn thông,A01,18.00,,HocBa,2020,CT tiên tiếnXét học bạ,daniele15,
DDK,7905206,Điện tử viễn thông,D07,18.00,,HocBa,2020,CT tiên tiếnXét học bạ,daniele15,
DDK,7905216,Chương trình tiên tiến ngành Hệ thống nhúng,A01,18.00,,HocBa,2020,Xét học bạ,daniele15,
DDK,7905216,Chương trình tiên tiến ngành Hệ thống nhúng,D07,18.00,,HocBa,2020,Xét học bạ,daniele15,
DDK,PFIEV,Chương trình đào tạo kỹ sư chất lượng cao Việt-Pháp,A00,18.00,,HocBa,2020,Xét học bạ,daniele15,
DDK,PFIEV,Chương trình đào tạo kỹ sư chất lượng cao Việt-Pháp,A01,18.00,,HocBa,2020,Xét học bạ,daniele15,
DDL,7340101,Quản trị kinh doanh,A00,17.00,,THPTQG,2020,Xét điểm thi TN THPT,daniele15,
DDL,7340101,Quản trị kinh doanh,A01,17.00,,THPTQG,2020,Xét điểm thi TN THPT,daniele15,
DDL,7340101,Quản trị kinh doanh,D01,17.00,,THPTQG,2020,Xét điểm thi TN THPT,daniele15,
DDL,7340101,Quản trị kinh doanh,D07,17.00,,THPTQG,2020,Xét điểm thi TN THPT,daniele15,
DDL,7340101,Quản trị kinh doanh,A00,19.00,,HocBa,2020,Xét học bạ,daniele15,
DDL,7340101,Quản trị kinh doanh,A01,19.00,,HocBa,2020,Xét học bạ,daniele15,
DDL,7340101,Quản trị kinh doanh,D01,19.00,,HocBa,2020,Xét học bạ,daniele15,
DDL,7340101,Quản trị kinh doanh,D07,19.00,,HocBa,2020,Xét học bạ,daniele15,
DDL,7340122,Thương mại điện tử,A00,16.00,,HocBa,2020,Xét điểm thi TN THPT,daniele15,
DDL,7340122,Thương mại điện tử,A01,16.00,,HocBa,2020,Xét điểm thi TN THPT,daniele15,
DDL,7340122,Thương mại điện tử,D01,16.00,,HocBa,2020,Xét điểm thi TN THPT,daniele15,
DDL,7340122,Thương mại điện tử,D07,16.00,,HocBa,2020,Xét điểm thi TN THPT,daniele15,
DDL,7340201,Tài chính - Ngân hàng,A00,16.00,,THPTQG,2020,Xét điểm thi TN THPT,daniele15,
DDL,7340201,Tài chính - Ngân hàng,A01,16.00,,THPTQG,2020,Xét điểm thi TN THPT,daniele15,
DDL,7340201,Tài chính - Ngân hàng,D01,16.00,,THPTQG,2020,Xét điểm thi TN THPT,daniele15,
DDL,7340201,Tài chính - Ngân hàng,D07,16.00,,THPTQG,2020,Xét điểm thi TN THPT,daniele15,
DDL,7340201,Tài chính - Ngân hàng,A00,18.00,,HocBa,2020,Xét học bạ,daniele15,
DDL,7340201,Tài chính - Ngân hàng,A01,18.00,,HocBa,2020,Xét học bạ,daniele15,
DDL,7340201,Tài chính - Ngân hàng,D01,18.00,,HocBa,2020,Xét học bạ,daniele15,
DDL,7340201,Tài chính - Ngân hàng,D07,18.00,,HocBa,2020,Xét học bạ,daniele15,
DDL,7340301,Kế toán,A00,17.00,,THPTQG,2020,Xét điểm thi TN THPT,daniele15,
DDL,7340301,Kế toán,A01,17.00,,THPTQG,2020,Xét điểm thi TN THPT,daniele15,
DDL,7340301,Kế toán,D01,17.00,,THPTQG,2020,Xét điểm thi TN THPT,daniele15,
DDL,7340301,Kế toán,D07,17.00,,THPTQG,2020,Xét điểm thi TN THPT,daniele15,
DDL,7340301,Kế toán,A00,18.50,,HocBa,2020,Xét học bạ,daniele15,
DDL,7340301,Kế toán,A01,18.50,,HocBa,2020,Xét học bạ,daniele15,
DDL,7340301,Kế toán,D01,18.50,,HocBa,2020,Xét học bạ,daniele15,
DDL,7340301,Kế toán,D07,18.50,,HocBa,2020,Xét học bạ,daniele15,
DDL,7340302,Kiểm toán,A00,15.00,,THPTQG,2020,Xét điểm thi TN THPT,daniele15,
DDL,7340302,Kiểm toán,A01,15.00,,THPTQG,2020,Xét điểm thi TN THPT,daniele15,
DDL,7340302,Kiểm toán,D01,15.00,,THPTQG,2020,Xét điểm thi TN THPT,daniele15,
DDL,7340302,Kiểm toán,D07,15.00,,THPTQG,2020,Xét điểm thi TN THPT,daniele15,
DDL,7340302,Kiểm toán,A00,18.00,,HocBa,2020,Xét học bạ,daniele15,
DDL,7340302,Kiểm toán,A01,18.00,,HocBa,2020,Xét học bạ,daniele15,
DDL,7340302,Kiểm toán,D01,18.00,,HocBa,2020,Xét học bạ,daniele15,
DDL,7340302,Kiểm toán,D07,18.00,,HocBa,2020,Xét học bạ,daniele15,
DDL,7480201,Công nghệ thông tin,A00,20.00,,HocBa,2020,Xét điểm thi TN THPT,daniele15,
DDL,7480201,Công nghệ thông tin,A01,20.00,,HocBa,2020,Xét điểm thi TN THPT,daniele15,
DDL,7480201,Công nghệ thông tin,D01,20.00,,HocBa,2020,Xét điểm thi TN THPT,daniele15,
DDL,7480201,Công nghệ thông tin,D07,20.00,,HocBa,2020,Xét điểm thi TN THPT,daniele15,
DDL,7510102,Công nghệ kỹ thuật công trình xây dựng,A00,15.00,,HocBa,2020,Xét điểm thi TN THPT,daniele15,
DDL,7510102,Công nghệ kỹ thuật công trình xây dựng,A01,15.00,,HocBa,2020,Xét điểm thi TN THPT,daniele15,
DDL,7510102,Công nghệ kỹ thuật công trình xây dựng,D01,15.00,,HocBa,2020,Xét điểm thi TN THPT,daniele15,
DDL,7510102,Công nghệ kỹ thuật công trình xây dựng,D07,15.00,,HocBa,2020,Xét điểm thi TN THPT,daniele15,
DDL,7510201,Công nghệ kỹ thuật cơ khí,A00,16.00,,THPTQG,2020,Xét điểm thi TN THPT,daniele15,
DDL,7510201,Công nghệ kỹ thuật cơ khí,A01,16.00,,THPTQG,2020,Xét điểm thi TN THPT,daniele15,
DDL,7510201,Công nghệ kỹ thuật cơ khí,D01,16.00,,THPTQG,2020,Xét điểm thi TN THPT,daniele15,
DDL,7510201,Công nghệ kỹ thuật cơ khí,D07,16.00,,THPTQG,2020,Xét điểm thi TN THPT,daniele15,
DDL,7510203,Công nghệ kỹ thuật cơ điện tử,A00,15.00,,HocBa,2020,Xét điểm thi TN THPT,daniele15,
DDL,7510203,Công nghệ kỹ thuật cơ điện tử,A01,15.00,,HocBa,2020,Xét điểm thi TN THPT,daniele15,
DDL,7510203,Công nghệ kỹ thuật cơ điện tử,D01,15.00,,HocBa,2020,Xét điểm thi TN THPT,daniele15,
DDL,7510203,Công nghệ kỹ thuật cơ điện tử,D07,15.00,,HocBa,2020,Xét điểm thi TN THPT,daniele15,
DDL,7510301,"Công nghệ kỹ thuật điện, điện tử",A00,18.00,,HocBa,2020,Xét điểm thi TN THPT,daniele15,
DDL,7510301,"Công nghệ kỹ thuật điện, điện tử",A01,18.00,,HocBa,2020,Xét điểm thi TN THPT,daniele15,
DDL,7510301,"Công nghệ kỹ thuật điện, điện tử",D01,18.00,,HocBa,2020,Xét điểm thi TN THPT,daniele15,
DDL,7510301,"Công nghệ kỹ thuật điện, điện tử",D07,18.00,,HocBa,2020,Xét điểm thi TN THPT,daniele15,
DDL,7510301,"Công nghệ kỹ thuật điện, điện tử",A00,18.00,,THPTQG,2020,Xét điểm thi TN THPT,daniele15,
DDL,7510301,"Công nghệ kỹ thuật điện, điện tử",A01,18.00,,THPTQG,2020,Xét điểm thi TN THPT,daniele15,
DDL,7510301,"Công nghệ kỹ thuật điện, điện tử",D01,18.00,,THPTQG,2020,Xét điểm thi TN THPT,daniele15,
DDL,7510301,"Công nghệ kỹ thuật điện, điện tử",D07,18.00,,THPTQG,2020,Xét điểm thi TN THPT,daniele15,
DDL,7510302,Công nghệ kỹ thuật điện tử - viễn thông,A00,15.00,,THPTQG,2020,Xét điểm thi TN THPT,daniele15,
DDL,7510302,Công nghệ kỹ thuật điện tử - viễn thông,A01,15.00,,THPTQG,2020,Xét điểm thi TN THPT,daniele15,
DDL,7510302,Công nghệ kỹ thuật điện tử - viễn thông,D01,15.00,,THPTQG,2020,Xét điểm thi TN THPT,daniele15,
DDL,7510302,Công nghệ kỹ thuật điện tử - viễn thông,D07,15.00,,THPTQG,2020,Xét điểm thi TN THPT,daniele15,
DDL,7510302,Công nghệ kỹ thuật điện tử - viễn thông,A00,18.00,,HocBa,2020,Xét học bạ,daniele15,
DDL,7510302,Công nghệ kỹ thuật điện tử - viễn thông,A01,18.00,,HocBa,2020,Xét học bạ,daniele15,
DDL,7510302,Công nghệ kỹ thuật điện tử - viễn thông,D01,18.00,,HocBa,2020,Xét học bạ,daniele15,
DDL,7510302,Công nghệ kỹ thuật điện tử - viễn thông,D07,18.00,,HocBa,2020,Xét học bạ,daniele15,
DDL,7510303,Công nghệ kỹ thuật điều khiển và tự động hóa,A00,17.00,,THPTQG,2020,Xét điểm thi TN THPT,daniele15,
DDL,7510303,Công nghệ kỹ thuật điều khiển và tự động hóa,A01,17.00,,THPTQG,2020,Xét điểm thi TN THPT,daniele15,
DDL,7510303,Công nghệ kỹ thuật điều khiển và tự động hóa,D01,17.00,,THPTQG,2020,Xét điểm thi TN THPT,daniele15,
DDL,7510303,Công nghệ kỹ thuật điều khiển và tự động hóa,D07,17.00,,THPTQG,2020,Xét điểm thi TN THPT,daniele15,
DDL,7510303,Công nghệ kỹ thuật điều khiển và tự động hóa,A00,18.50,,HocBa,2020,Xét học bạ,daniele15,
DDL,7510303,Công nghệ kỹ thuật điều khiển và tự động hóa,A01,18.50,,HocBa,2020,Xét học bạ,daniele15,
DDL,7510303,Công nghệ kỹ thuật điều khiển và tự động hóa,D01,18.50,,HocBa,2020,Xét học bạ,daniele15,
DDL,7510303,Công nghệ kỹ thuật điều khiển và tự động hóa,D07,18.50,,HocBa,2020,Xét học bạ,daniele15,
DDL,7510403,Công nghệ kỹ thuật năng lượng,A00,15.00,,HocBa,2020,Xét điểm thi TN THPT,daniele15,
DDL,7510403,Công nghệ kỹ thuật năng lượng,A01,15.00,,HocBa,2020,Xét điểm thi TN THPT,daniele15,
DDL,7510403,Công nghệ kỹ thuật năng lượng,C01,15.00,,HocBa,2020,Xét điểm thi TN THPT,daniele15,
DDL,7510403,Công nghệ kỹ thuật năng lượng,D07,15.00,,HocBa,2020,Xét điểm thi TN THPT,daniele15,
DDL,7510406,Công nghệ kỹ thuật môi trường,A00,15.00,,THPTQG,2020,Xét điểm thi TN THPT,daniele15,
DDL,7510406,Công nghệ kỹ thuật môi trường,A01,15.00,,THPTQG,2020,Xét điểm thi TN THPT,daniele15,
DDL,7510406,Công nghệ kỹ thuật môi trường,D01,15.00,,THPTQG,2020,Xét điểm thi TN THPT,daniele15,
DDL,7510406,Công nghệ kỹ thuật môi trường,D07,15.00,,THPTQG,2020,Xét điểm thi TN THPT,daniele15,
DDL,7510601,Quản lý công nghiệp,A00,15.00,,HocBa,2020,Xét điểm thi TN THPT,daniele15,
DDL,7510601,Quản lý công nghiệp,A01,15.00,,HocBa,2020,Xét điểm thi TN THPT,daniele15,
DDL,7510601,Quản lý công nghiệp,D01,15.00,,HocBa,2020,Xét điểm thi TN THPT,daniele15,
DDL,7510601,Quản lý công nghiệp,D07,15.00,,HocBa,2020,Xét điểm thi TN THPT,daniele15,
DDL,7510602,Quản lý năng lượng,A00,15.00,,HocBa,2020,Xét điểm thi TN THPT,daniele15,
DDL,7510602,Quản lý năng lượng,A01,15.00,,HocBa,2020,Xét điểm thi TN THPT,daniele15,
DDL,7510602,Quản lý năng lượng,D01,15.00,,HocBa,2020,Xét điểm thi TN THPT,daniele15,
DDL,7510602,Quản lý năng lượng,D07,15.00,,HocBa,2020,Xét điểm thi TN THPT,daniele15,
DDL,7510605,Logistics và Quản lý chuỗi cung ứng,A00,17.00,,THPTQG,2020,Xét điểm thi TN THPT,daniele15,
DDL,7510605,Logistics và Quản lý chuỗi cung ứng,A01,17.00,,THPTQG,2020,Xét điểm thi TN THPT,daniele15,
DDL,7510605,Logistics và Quản lý chuỗi cung ứng,D01,17.00,,THPTQG,2020,Xét điểm thi TN THPT,daniele15,
DDL,7510605,Logistics và Quản lý chuỗi cung ứng,D07,17.00,,THPTQG,2020,Xét điểm thi TN THPT,daniele15,
DDL,7520115,Kỹ thuật nhiệt,A00,15.00,,HocBa,2020,Xét điểm thi TN THPTKỹ thuật nhiệt,daniele15,
DDL,7520115,Kỹ thuật nhiệt,A01,15.00,,HocBa,2020,Xét điểm thi TN THPTKỹ thuật nhiệt,daniele15,
DDL,7520115,Kỹ thuật nhiệt,D01,15.00,,HocBa,2020,Xét điểm thi TN THPTKỹ thuật nhiệt,daniele15,
DDL,7520115,Kỹ thuật nhiệt,D07,15.00,,HocBa,2020,Xét điểm thi TN THPTKỹ thuật nhiệt,daniele15,
DDL,7810103,Quản trị dịch vụ du lịch và lữ hành,A00,18.00,,HocBa,2020,Xét học bạ,daniele15,
DDL,7810103,Quản trị dịch vụ du lịch và lữ hành,A01,18.00,,HocBa,2020,Xét học bạ,daniele15,
DDL,7810103,Quản trị dịch vụ du lịch và lữ hành,D01,18.00,,HocBa,2020,Xét học bạ,daniele15,
DDL,7810103,Quản trị dịch vụ du lịch và lữ hành,D07,18.00,,HocBa,2020,Xét học bạ,daniele15,
DDM,7340101,Quản trị kinh doanh,A00,15.00,,THPTQG,2020,,daniele15,
DDM,7340101,Quản trị kinh doanh,A01,15.00,,THPTQG,2020,,daniele15,
DDM,7340101,Quản trị kinh doanh,D01,15.00,,THPTQG,2020,,daniele15,
DDM,7340101,Quản trị kinh doanh,D07,15.00,,THPTQG,2020,,daniele15,
DDM,7340201,Tài chính - Ngân hàng,A00,15.00,,THPTQG,2020,,daniele15,
DDM,7340201,Tài chính - Ngân hàng,A01,15.00,,THPTQG,2020,,daniele15,
DDM,7340201,Tài chính - Ngân hàng,D01,15.00,,THPTQG,2020,,daniele15,
DDM,7340201,Tài chính - Ngân hàng,D07,15.00,,THPTQG,2020,,daniele15,
DDM,7340301,Kế toán,A00,15.00,,THPTQG,2020,,daniele15,
DDM,7340301,Kế toán,A01,15.00,,THPTQG,2020,,daniele15,
DDM,7340301,Kế toán,D01,15.00,,THPTQG,2020,,daniele15,
DDM,7340301,Kế toán,D07,15.00,,THPTQG,2020,,daniele15,
DDM,7480201,Công nghệ thông tin,A00,15.00,,THPTQG,2020,,daniele15,
DDM,7480201,Công nghệ thông tin,A01,15.00,,THPTQG,2020,,daniele15,
DDM,7480201,Công nghệ thông tin,D01,15.00,,THPTQG,2020,,daniele15,
DDM,7480201,Công nghệ thông tin,D07,15.00,,THPTQG,2020,,daniele15,
DDM,7510102,Công nghệ kỹ thuật công trình xây dựng,A00,15.00,,THPTQG,2020,,daniele15,
DDM,7510102,Công nghệ kỹ thuật công trình xây dựng,A01,15.00,,THPTQG,2020,,daniele15,
DDM,7510102,Công nghệ kỹ thuật công trình xây dựng,D01,15.00,,THPTQG,2020,,daniele15,
DDM,7510102,Công nghệ kỹ thuật công trình xây dựng,D07,15.00,,THPTQG,2020,,daniele15,
DDM,7510201,Công nghệ kỹ thuật cơ khí,A00,15.00,,THPTQG,2020,,daniele15,
DDM,7510201,Công nghệ kỹ thuật cơ khí,A01,15.00,,THPTQG,2020,,daniele15,
DDM,7510201,Công nghệ kỹ thuật cơ khí,D01,15.00,,THPTQG,2020,,daniele15,
DDM,7510201,Công nghệ kỹ thuật cơ khí,D07,15.00,,THPTQG,2020,,daniele15,
DDM,7510301,"Công nghệ kỹ thuật điện, điện tử",A00,15.00,,THPTQG,2020,,daniele15,
DDM,7510301,"Công nghệ kỹ thuật điện, điện tử",A01,15.00,,THPTQG,2020,,daniele15,
DDM,7510301,"Công nghệ kỹ thuật điện, điện tử",D01,15.00,,THPTQG,2020,,daniele15,
DDM,7510301,"Công nghệ kỹ thuật điện, điện tử",D07,15.00,,THPTQG,2020,,daniele15,
DDM,7510303,Công nghệ kỹ thuật điều khiển và tự động hóa,A00,15.00,,THPTQG,2020,,daniele15,
DDM,7510303,Công nghệ kỹ thuật điều khiển và tự động hóa,A01,15.00,,THPTQG,2020,,daniele15,
DDM,7510303,Công nghệ kỹ thuật điều khiển và tự động hóa,D01,15.00,,THPTQG,2020,,daniele15,
DDM,7510303,Công nghệ kỹ thuật điều khiển và tự động hóa,D07,15.00,,THPTQG,2020,,daniele15,
DDM,7520501,Kỹ thuật địa chất,A00,15.00,,THPTQG,2020,,daniele15,
DDM,7520501,Kỹ thuật địa chất,A01,15.00,,THPTQG,2020,,daniele15,
DDM,7520501,Kỹ thuật địa chất,D01,15.00,,THPTQG,2020,,daniele15,
DDM,7520501,Kỹ thuật địa chất,D07,15.00,,THPTQG,2020,,daniele15,
DDM,7520503,Kỹ thuật trắc địa - bản đồ,A00,15.00,,THPTQG,2020,,daniele15,
DDM,7520503,Kỹ thuật trắc địa - bản đồ,A01,15.00,,THPTQG,2020,,daniele15,
DDM,7520503,Kỹ thuật trắc địa - bản đồ,D01,15.00,,THPTQG,2020,,daniele15,
DDM,7520503,Kỹ thuật trắc địa - bản đồ,D07,15.00,,THPTQG,2020,,daniele15,
DDM,7520601,Kỹ thuật mỏ,A00,15.00,,THPTQG,2020,,daniele15,
DDM,7520601,Kỹ thuật mỏ,A01,15.00,,THPTQG,2020,,daniele15,
DDM,7520601,Kỹ thuật mỏ,D01,15.00,,THPTQG,2020,,daniele15,
DDM,7520601,Kỹ thuật mỏ,D07,15.00,,THPTQG,2020,,daniele15,
DDM,7520607,Kỹ thuật tuyển khoáng,A00,15.00,,THPTQG,2020,,daniele15,
DDM,7520607,Kỹ thuật tuyển khoáng,A01,15.00,,THPTQG,2020,,daniele15,
DDM,7520607,Kỹ thuật tuyển khoáng,D01,15.00,,THPTQG,2020,,daniele15,
DDM,7520607,Kỹ thuật tuyển khoáng,D07,15.00,,THPTQG,2020,,daniele15,
DDN,7140201,Giáo dục Mầm non,,18.50,,THPTQG,2020,điểm năng khiếu nhân 2 quy về thang điểm 30điểm toán hoặc văn + điểm ưu tiên/3 >= 6.17,daniele15,
DDN,7140202,Giáo dục Tiểu học,A00,19.00,,THPTQG,2020,,daniele15,
DDN,7140202,Giáo dục Tiểu học,A01,19.00,,THPTQG,2020,,daniele15,
DDN,7140202,Giáo dục Tiểu học,C00,19.00,,THPTQG,2020,,daniele15,
DDN,7140202,Giáo dục Tiểu học,D01,19.00,,THPTQG,2020,,daniele15,
DDN,7140209,Sư phạm Toán học,A00,18.50,,THPTQG,2020,,daniele15,
DDN,7140209,Sư phạm Toán học,A01,18.50,,THPTQG,2020,,daniele15,
DDN,7140211,Sư phạm Vật lý,A00,18.50,,THPTQG,2020,,daniele15,
DDN,7140211,Sư phạm Vật lý,A01,18.50,,THPTQG,2020,,daniele15,
DDN,7140212,Sư phạm Hóa học,A00,18.50,,THPTQG,2020,,daniele15,
DDN,7140212,Sư phạm Hóa học,B00,18.50,,THPTQG,2020,,daniele15,
DDN,7140212,Sư phạm Hóa học,D07,18.50,,THPTQG,2020,,daniele15,
DDN,7140217,Sư phạm Ngữ văn,C00,18.50,,THPTQG,2020,,daniele15,
DDN,7140217,Sư phạm Ngữ văn,D01,18.50,,THPTQG,2020,,daniele15,
DDN,7140217,Sư phạm Ngữ văn,D14,18.50,,THPTQG,2020,,daniele15,
DDN,7140218,Sư phạm Lịch sử,C00,18.50,,THPTQG,2020,,daniele15,
DDN,7140218,Sư phạm Lịch sử,D14,18.50,,THPTQG,2020,,daniele15,
DDN,7140231,Sư phạm Tiếng Anh,A01,19.00,,THPTQG,2020,điểm tiếng anh nhân 2 quy về thang điểm 30,daniele15,
DDN,7140231,Sư phạm Tiếng Anh,D01,19.00,,THPTQG,2020,điểm tiếng anh nhân 2 quy về thang điểm 30,daniele15,
DDN,7220201,Ngôn ngữ Anh,A01,15.00,,THPTQG,2020,,daniele15,
DDN,7220201,Ngôn ngữ Anh,D01,15.00,,THPTQG,2020,,daniele15,
DDN,7220201,Ngôn ngữ Anh,A01,18.50,,THPTQG,2020,điểm tiếng anh nhân 2 quy về thang điểm 30,daniele15,
DDN,7220201,Ngôn ngữ Anh,D01,18.50,,THPTQG,2020,điểm tiếng anh nhân 2 quy về thang điểm 30,daniele15,
DDN,7220204,Ngôn ngữ Trung Quốc,D01,15.00,,THPTQG,2020,,daniele15,
DDN,7220204,Ngôn ngữ Trung Quốc,D09,15.00,,THPTQG,2020,,daniele15,
DDN,7220204,Ngôn ngữ Trung Quốc,D65,15.00,,THPTQG,2020,,daniele15,
DDN,7220204,Ngôn ngữ Trung Quốc,D71,15.00,,THPTQG,2020,,daniele15,
DDN,7220210,Ngôn ngữ Hàn Quốc,C00,15.00,,THPTQG,2020,,daniele15,
DDN,7310608,Đông phương học,C00,15.00,,THPTQG,2020,,daniele15,
DDN,7320108,Quan hệ công chúng,C00,15.00,,THPTQG,2020,,daniele15,
DDN,7320108,Quan hệ công chúng,C19,15.00,,THPTQG,2020,,daniele15,
DDN,7320108,Quan hệ công chúng,D01,15.00,,THPTQG,2020,,daniele15,
DDN,7320108,Quan hệ công chúng,D15,15.00,,THPTQG,2020,,daniele15,
DDN,7340101,Quản trị kinh doanh,A00,15.00,,THPTQG,2020,,daniele15,
DDN,7340101,Quản trị kinh doanh,A01,15.00,,THPTQG,2020,,daniele15,
DDN,7340101,Quản trị kinh doanh,D01,15.00,,THPTQG,2020,,daniele15,
DDN,7340101,Quản trị kinh doanh,A00,18.00,,THPTQG,2020,,daniele15,
DDN,7340101,Quản trị kinh doanh,A01,18.00,,THPTQG,2020,,daniele15,
DDN,7340101,Quản trị kinh doanh,D01,18.00,,THPTQG,2020,,daniele15,
DDN,7340201,Tài chính - Ngân hàng,A01,15.00,,THPTQG,2020,,daniele15,
DDN,7340201,Tài chính - Ngân hàng,A10,15.00,,THPTQG,2020,,daniele15,
DDN,7340201,Tài chính - Ngân hàng,C14,15.00,,THPTQG,2020,,daniele15,
DDN,7340201,Tài chính - Ngân hàng,D01,15.00,,THPTQG,2020,,daniele15,
DDN,7340301,Kế toán,A00,15.00,,THPTQG,2020,,daniele15,
DDN,7340301,Kế toán,A01,15.00,,THPTQG,2020,,daniele15,
DDN,7340301,Kế toán,D01,15.00,,THPTQG,2020,,daniele15,
DDN,7380107,Luật,A08,15.00,,THPTQG,2020,Luật kinh tế,daniele15,
DDN,7380107,Luật,A09,15.00,,THPTQG,2020,Luật kinh tế,daniele15,
DDN,7380107,Luật,C00,15.00,,THPTQG,2020,Luật kinh tế,daniele15,
DDN,7380107,Luật,C19,15.00,,THPTQG,2020,Luật kinh tế,daniele15,
DDN,7440301,Khoa học môi trường,A00,15.00,,THPTQG,2020,,daniele15,
DDN,7440301,Khoa học môi trường,A02,15.00,,THPTQG,2020,,daniele15,
DDN,7440301,Khoa học môi trường,B00,15.00,,THPTQG,2020,,daniele15,
DDN,7440301,Khoa học môi trường,D07,15.00,,THPTQG,2020,,daniele15,
DDN,7480201,Công nghệ thông tin,A00,15.00,,THPTQG,2020,,daniele15,
DDN,7480201,Công nghệ thông tin,A10,15.00,,THPTQG,2020,,daniele15,
DDN,7480201,Công nghệ thông tin,D84,15.00,,THPTQG,2020,,daniele15,
DDN,7580102,Kiến trúc,H06,15.00,,THPTQG,2020,,daniele15,
DDN,7580102,Kiến trúc,H08,15.00,,THPTQG,2020,,daniele15,
DDN,7580102,Kiến trúc,V00,15.00,,THPTQG,2020,,daniele15,
DDN,7580102,Kiến trúc,V01,15.00,,THPTQG,2020,,daniele15,
DDN,7580201,Kỹ thuật xây dựng,A00,15.00,,THPTQG,2020,,daniele15,
DDN,7580201,Kỹ thuật xây dựng,A01,15.00,,THPTQG,2020,,daniele15,
DDN,7580201,Kỹ thuật xây dựng,A10,15.00,,THPTQG,2020,,daniele15,
DDN,7580201,Kỹ thuật xây dựng,A11,15.00,,THPTQG,2020,,daniele15,
DDN,7720101,Y khoa,A00,22.00,,THPTQG,2020,,daniele15,
DDN,7720101,Y khoa,A01,22.00,,THPTQG,2020,,daniele15,
DDN,7720101,Y khoa,B00,22.00,,THPTQG,2020,,daniele15,
DDN,7720101,Y khoa,B08,22.00,,THPTQG,2020,,daniele15,
DDN,7720201,Dược học,A00,21.00,,THPTQG,2020,,daniele15,
DDN,7720201,Dược học,A11,21.00,,THPTQG,2020,,daniele15,
DDN,7720201,Dược học,B00,21.00,,THPTQG,2020,,daniele15,
DDN,7720201,Dược học,D07,21.00,,THPTQG,2020,,daniele15,
DDN,7720301,Điều dưỡng,B00,19.00,,THPTQG,2020,,daniele15,
DDN,7720301,Điều dưỡng,C14,19.00,,THPTQG,2020,,daniele15,
DDN,7720301,Điều dưỡng,D07,19.00,,THPTQG,2020,,daniele15,
DDN,7720301,Điều dưỡng,D66,19.00,,THPTQG,2020,,daniele15,
DDN,7810103,Quản trị dịch vụ du lịch và lữ hành,A07,15.00,,THPTQG,2020,,daniele15,
DDN,7810103,Quản trị dịch vụ du lịch và lữ hành,A08,15.00,,THPTQG,2020,,daniele15,
DDN,7810103,Quản trị dịch vụ du lịch và lữ hành,C00,15.00,,THPTQG,2020,,daniele15,
DDN,7810103,Quản trị dịch vụ du lịch và lữ hành,D01,15.00,,THPTQG,2020,,daniele15,
DDN,7850103,Quản lý đất đai,A00,15.00,,THPTQG,2020,,daniele15,
DDN,7850103,Quản lý đất đai,A01,15.00,,THPTQG,2020,,daniele15,
DDN,7850103,Quản lý đất đai,B00,15.00,,THPTQG,2020,,daniele15,
DDN,7850103,Quản lý đất đai,D01,15.00,,THPTQG,2020,,daniele15,
DDP,7310105,Kinh tế phát triển,A00,15.00,,HocBa,2020,Xét học bạ,daniele15,
DDP,7310105,Kinh tế phát triển,A09,15.00,,HocBa,2020,Xét học bạ,daniele15,
DDP,7310105,Kinh tế phát triển,C00,15.00,,HocBa,2020,Xét học bạ,daniele15,
DDP,7310105,Kinh tế phát triển,D01,15.00,,HocBa,2020,Xét học bạ,daniele15,
DDP,7310205,Quản lý nhà nước,A00,15.00,,HocBa,2020,Xét học bạ,daniele15,
DDP,7310205,Quản lý nhà nước,A09,15.00,,HocBa,2020,Xét học bạ,daniele15,
DDP,7310205,Quản lý nhà nước,C00,15.00,,HocBa,2020,Xét học bạ,daniele15,
DDP,7310205,Quản lý nhà nước,D01,15.00,,HocBa,2020,Xét học bạ,daniele15,
DDP,7340101,Quản trị kinh doanh,A00,15.00,,HocBa,2020,Xét học bạ,daniele15,
DDP,7340101,Quản trị kinh doanh,A09,15.00,,HocBa,2020,Xét học bạ,daniele15,
DDP,7340101,Quản trị kinh doanh,C00,15.00,,HocBa,2020,Xét học bạ,daniele15,
DDP,7340101,Quản trị kinh doanh,D01,15.00,,HocBa,2020,Xét học bạ,daniele15,
DDP,7340301,Kế toán,A00,15.00,,HocBa,2020,Xét học bạ,daniele15,
DDP,7340301,Kế toán,A09,15.00,,HocBa,2020,Xét học bạ,daniele15,
DDP,7340301,Kế toán,C00,15.00,,HocBa,2020,Xét học bạ,daniele15,
DDP,7340301,Kế toán,D01,15.00,,HocBa,2020,Xét học bạ,daniele15,
DDP,7380107,Luật,A00,15.00,,HocBa,2020,Xét học bạ,daniele15,
DDP,7380107,Luật,A09,15.00,,HocBa,2020,Xét học bạ,daniele15,
DDP,7380107,Luật,C00,15.00,,HocBa,2020,Xét học bạ,daniele15,
DDP,7380107,Luật,D01,15.00,,HocBa,2020,Xét học bạ,daniele15,
DDP,7420201,Công nghệ sinh học,A00,15.00,,HocBa,2020,Xét học bạ,daniele15,
DDP,7420201,Công nghệ sinh học,B00,15.00,,HocBa,2020,Xét học bạ,daniele15,
DDP,7420201,Công nghệ sinh học,D07,15.00,,HocBa,2020,Xét học bạ,daniele15,
DDP,7420201,Công nghệ sinh học,D08,15.00,,HocBa,2020,Xét học bạ,daniele15,
DDP,7480201,Công nghệ thông tin,A00,15.00,,HocBa,2020,Xét học bạ,daniele15,
DDP,7480201,Công nghệ thông tin,A01,15.00,,HocBa,2020,Xét học bạ,daniele15,
DDP,7480201,Công nghệ thông tin,A04,15.00,,HocBa,2020,Xét học bạ,daniele15,
DDP,7480201,Công nghệ thông tin,D01,15.00,,HocBa,2020,Xét học bạ,daniele15,
DDP,7580201,Kỹ thuật xây dựng,A00,15.00,,HocBa,2020,(Chuyên ngành Xây dựng dân dụng và Công nghiệp)Xét học bạ,daniele15,
DDP,7580201,Kỹ thuật xây dựng,A01,15.00,,HocBa,2020,(Chuyên ngành Xây dựng dân dụng và Công nghiệp)Xét học bạ,daniele15,
DDP,7580201,Kỹ thuật xây dựng,A04,15.00,,HocBa,2020,(Chuyên ngành Xây dựng dân dụng và Công nghiệp)Xét học bạ,daniele15,
DDP,7580201,Kỹ thuật xây dựng,D01,15.00,,HocBa,2020,(Chuyên ngành Xây dựng dân dụng và Công nghiệp)Xét học bạ,daniele15,
DDQ,7310101,Kinh tế,A00,21.50,,HocBa,2020,Xét học bạ,daniele15,
DDQ,7310101,Kinh tế,A01,21.50,,HocBa,2020,Xét học bạ,daniele15,
DDQ,7310101,Kinh tế,D01,21.50,,HocBa,2020,Xét học bạ,daniele15,
DDQ,7310101,Kinh tế,D90,21.50,,HocBa,2020,Xét học bạ,daniele15,
DDQ,7310107,Thống kê kinh tế,A00,21.00,,HocBa,2020,Xét học bạ,daniele15,
DDQ,7310107,Thống kê kinh tế,A01,21.00,,HocBa,2020,Xét học bạ,daniele15,
DDQ,7310107,Thống kê kinh tế,D01,21.00,,HocBa,2020,Xét học bạ,daniele15,
DDQ,7310107,Thống kê kinh tế,D90,21.00,,HocBa,2020,Xét học bạ,daniele15,
DDQ,7310205,Quản lý nhà nước,A00,21.00,,HocBa,2020,Xét học bạ,daniele15,
DDQ,7310205,Quản lý nhà nước,A01,21.00,,HocBa,2020,Xét học bạ,daniele15,
DDQ,7310205,Quản lý nhà nước,D01,21.00,,HocBa,2020,Xét học bạ,daniele15,
DDQ,7310205,Quản lý nhà nước,D96,21.00,,HocBa,2020,Xét học bạ,daniele15,
DDQ,7340101,Quản trị kinh doanh,A00,25.50,,HocBa,2020,Xét học bạ,daniele15,
DDQ,7340101,Quản trị kinh doanh,A01,25.50,,HocBa,2020,Xét học bạ,daniele15,
DDQ,7340101,Quản trị kinh doanh,D01,25.50,,HocBa,2020,Xét học bạ,daniele15,
DDQ,7340101,Quản trị kinh doanh,D90,25.50,,HocBa,2020,Xét học bạ,daniele15,
DDQ,7340115,Marketing,A00,26.50,,HocBa,2020,Xét học bạ,daniele15,
DDQ,7340115,Marketing,A01,26.50,,HocBa,2020,Xét học bạ,daniele15,
DDQ,7340115,Marketing,D01,26.50,,HocBa,2020,Xét học bạ,daniele15,
DDQ,7340115,Marketing,D90,26.50,,HocBa,2020,Xét học bạ,daniele15,
DDQ,7340120,Kinh doanh quốc tế,A00,27.00,,HocBa,2020,Xét học bạ,daniele15,
DDQ,7340120,Kinh doanh quốc tế,A01,27.00,,HocBa,2020,Xét học bạ,daniele15,
DDQ,7340120,Kinh doanh quốc tế,D01,27.00,,HocBa,2020,Xét học bạ,daniele15,
DDQ,7340120,Kinh doanh quốc tế,D90,27.00,,HocBa,2020,Xét học bạ,daniele15,
DDQ,7340121,Kinh doanh thương mại,A00,24.00,,HocBa,2020,Xét học bạ,daniele15,
DDQ,7340121,Kinh doanh thương mại,A01,24.00,,HocBa,2020,Xét học bạ,daniele15,
DDQ,7340121,Kinh doanh thương mại,D01,24.00,,HocBa,2020,Xét học bạ,daniele15,
DDQ,7340121,Kinh doanh thương mại,D90,24.00,,HocBa,2020,Xét học bạ,daniele15,
DDQ,7340122,Thương mại điện tử,A00,24.50,,HocBa,2020,Xét học bạ,daniele15,
DDQ,7340122,Thương mại điện tử,A01,24.50,,HocBa,2020,Xét học bạ,daniele15,
DDQ,7340122,Thương mại điện tử,D01,24.50,,HocBa,2020,Xét học bạ,daniele15,
DDQ,7340122,Thương mại điện tử,D90,24.50,,HocBa,2020,Xét học bạ,daniele15,
DDQ,7340201,Tài chính - Ngân hàng,A00,23.50,,HocBa,2020,Xét học bạ,daniele15,
DDQ,7340201,Tài chính - Ngân hàng,A01,23.50,,HocBa,2020,Xét học bạ,daniele15,
DDQ,7340201,Tài chính - Ngân hàng,D01,23.50,,HocBa,2020,Xét học bạ,daniele15,
DDQ,7340201,Tài chính - Ngân hàng,D90,23.50,,HocBa,2020,Xét học bạ,daniele15,
DDQ,7340301,Kế toán,A00,23.00,,HocBa,2020,Xét học bạ,daniele15,
DDQ,7340301,Kế toán,A01,23.00,,HocBa,2020,Xét học bạ,daniele15,
DDQ,7340301,Kế toán,D01,23.00,,HocBa,2020,Xét học bạ,daniele15,
DDQ,7340301,Kế toán,D90,23.00,,HocBa,2020,Xét học bạ,daniele15,
DDQ,7340302,Kiểm toán,A00,23.00,,HocBa,2020,Xét học bạ,daniele15,
DDQ,7340302,Kiểm toán,A01,23.00,,HocBa,2020,Xét học bạ,daniele15,
DDQ,7340302,Kiểm toán,D01,23.00,,HocBa,2020,Xét học bạ,daniele15,
DDQ,7340302,Kiểm toán,D90,23.00,,HocBa,2020,Xét học bạ,daniele15,
DDQ,7340404,Quản trị nhân lực,A00,24.50,,HocBa,2020,Xét điểm học bạ,daniele15,
DDQ,7340404,Quản trị nhân lực,A01,24.50,,HocBa,2020,Xét điểm học bạ,daniele15,
DDQ,7340404,Quản trị nhân lực,D01,24.50,,HocBa,2020,Xét điểm học bạ,daniele15,
DDQ,7340404,Quản trị nhân lực,D90,24.50,,HocBa,2020,Xét điểm học bạ,daniele15,
DDQ,7340405,Hệ thống thông tin quản lý,A00,21.00,,HocBa,2020,Xét học bạ,daniele15,
DDQ,7340405,Hệ thống thông tin quản lý,A01,21.00,,HocBa,2020,Xét học bạ,daniele15,
DDQ,7340405,Hệ thống thông tin quản lý,D01,21.00,,HocBa,2020,Xét học bạ,daniele15,
DDQ,7340405,Hệ thống thông tin quản lý,D90,21.00,,HocBa,2020,Xét học bạ,daniele15,
DDQ,7340420,Khoa học dữ liệu và phân tích kinh doanh,,22.00,,HocBa,2020,Xét học bạ,daniele15,
DDQ,7380101,Luật,A00,21.25,,HocBa,2020,Xét học bạ,daniele15,
DDQ,7380101,Luật,A01,21.25,,HocBa,2020,Xét học bạ,daniele15,
DDQ,7380101,Luật,D01,21.25,,HocBa,2020,Xét học bạ,daniele15,
DDQ,7380101,Luật,D96,21.25,,HocBa,2020,Xét học bạ,daniele15,
DDQ,7380107,Luật,A00,25.00,,HocBa,2020,Luật kinh tếXét điểm học bạ,daniele15,
DDQ,7380107,Luật,A01,25.00,,HocBa,2020,Luật kinh tếXét điểm học bạ,daniele15,
DDQ,7380107,Luật,D01,25.00,,HocBa,2020,Luật kinh tếXét điểm học bạ,daniele15,
DDQ,7380107,Luật,D96,25.00,,HocBa,2020,Luật kinh tếXét điểm học bạ,daniele15,
DDQ,7810103,Quản trị dịch vụ du lịch và lữ hành,A00,26.00,,HocBa,2020,Xét học bạ,daniele15,
DDQ,7810103,Quản trị dịch vụ du lịch và lữ hành,A01,26.00,,HocBa,2020,Xét học bạ,daniele15,
DDQ,7810103,Quản trị dịch vụ du lịch và lữ hành,D01,26.00,,HocBa,2020,Xét học bạ,daniele15,
DDQ,7810103,Quản trị dịch vụ du lịch và lữ hành,D90,26.00,,HocBa,2020,Xét học bạ,daniele15,
DDQ,7810201,Quản trị khách sạn,A00,26.00,,HocBa,2020,Xét điểm học bạ,daniele15,
DDQ,7810201,Quản trị khách sạn,A01,26.00,,HocBa,2020,Xét điểm học bạ,daniele15,
DDQ,7810201,Quản trị khách sạn,D01,26.00,,HocBa,2020,Xét điểm học bạ,daniele15,
DDQ,7810201,Quản trị khách sạn,D90,26.00,,HocBa,2020,Xét điểm học bạ,daniele15,
DDS,7140201,Giáo dục Mầm non,,19.25,,THPTQG,2020,NK2 >= 7.5; TTNV <= 1,daniele15,
DDS,7140201,Giáo dục Mầm non,,20.00,,HocBa,2020,TP: GiỏiXét học bạ,daniele15,
DDS,7140202,Giáo dục Tiểu học,D01,20.00,,HocBa,2020,TCP: GiỏiXét học bạ,daniele15,
DDS,7140202,Giáo dục Tiểu học,D01,21.50,,THPTQG,2020,TO >= 7; TTNV <= 1,daniele15,
DDS,7140204,Giáo dục Công dân,C00,18.50,,THPTQG,2020,VA >= 4.5; TTNV <= 2,daniele15,
DDS,7140204,Giáo dục Công dân,C19,18.50,,THPTQG,2020,VA >= 4.5; TTNV <= 2,daniele15,
DDS,7140204,Giáo dục Công dân,C20,18.50,,THPTQG,2020,VA >= 4.5; TTNV <= 2,daniele15,
DDS,7140204,Giáo dục Công dân,D66,18.50,,THPTQG,2020,VA >= 4.5; TTNV <= 2,daniele15,
DDS,7140204,Giáo dục Công dân,C00,20.00,,HocBa,2020,TCP: GiỏiXét học bạ,daniele15,
DDS,7140204,Giáo dục Công dân,C19,20.00,,HocBa,2020,TCP: GiỏiXét học bạ,daniele15,
DDS,7140204,Giáo dục Công dân,C20,20.00,,HocBa,2020,TCP: GiỏiXét học bạ,daniele15,
DDS,7140204,Giáo dục Công dân,D66,20.00,,HocBa,2020,TCP: GiỏiXét học bạ,daniele15,
DDS,7140205,Giáo dục Chính trị,C00,18.50,,THPTQG,2020,VA >= 4.5; TTNV <= 1,daniele15,
DDS,7140205,Giáo dục Chính trị,C19,18.50,,THPTQG,2020,VA >= 4.5; TTNV <= 1,daniele15,
DDS,7140205,Giáo dục Chính trị,C20,18.50,,THPTQG,2020,VA >= 4.5; TTNV <= 1,daniele15,
DDS,7140205,Giáo dục Chính trị,D66,18.50,,THPTQG,2020,VA >= 4.5; TTNV <= 1,daniele15,
DDS,7140205,Giáo dục Chính trị,C00,20.00,,HocBa,2020,TCP: GiỏiXét học bạ,daniele15,
DDS,7140205,Giáo dục Chính trị,C19,20.00,,HocBa,2020,TCP: GiỏiXét học bạ,daniele15,
DDS,7140205,Giáo dục Chính trị,C20,20.00,,HocBa,2020,TCP: GiỏiXét học bạ,daniele15,
DDS,7140205,Giáo dục Chính trị,D66,20.00,,HocBa,2020,TCP: GiỏiXét học bạ,daniele15,
DDS,7140206,Giáo dục Thể chất,T00,18.50,,THPTQG,2020,,daniele15,
DDS,7140206,Giáo dục Thể chất,T01,18.50,,THPTQG,2020,,daniele15,
DDS,7140206,Giáo dục Thể chất,T02,18.50,,THPTQG,2020,,daniele15,
DDS,7140206,Giáo dục Thể chất,T03,18.50,,THPTQG,2020,,daniele15,
DDS,7140209,Sư phạm Toán học,A00,20.00,,HocBa,2020,TCP: GiỏiXét học bạ,daniele15,
DDS,7140209,Sư phạm Toán học,A01,20.00,,HocBa,2020,TCP: GiỏiXét học bạ,daniele15,
DDS,7140209,Sư phạm Toán học,A00,20.50,,THPTQG,2020,TO >= 8; TTNV <= 2,daniele15,
DDS,7140209,Sư phạm Toán học,A01,20.50,,THPTQG,2020,TO >= 8; TTNV <= 2,daniele15,
DDS,7140210,Sư phạm Tin học,A00,18.50,,THPTQG,2020,TO >= 8; TTNV <= 2,daniele15,
DDS,7140210,Sư phạm Tin học,A01,18.50,,THPTQG,2020,TO >= 8; TTNV <= 2,daniele15,
DDS,7140210,Sư phạm Tin học,A00,20.00,,HocBa,2020,TCP: GiỏiXét học bạ,daniele15,
DDS,7140210,Sư phạm Tin học,A01,20.00,,HocBa,2020,TCP: GiỏiXét học bạ,daniele15,
DDS,7140211,Sư phạm Vật lý,A00,18.50,,THPTQG,2020,LI >= 6.75; TTNV <= 3,daniele15,
DDS,7140211,Sư phạm Vật lý,A01,18.50,,THPTQG,2020,LI >= 6.75; TTNV <= 3,daniele15,
DDS,7140211,Sư phạm Vật lý,A02,18.50,,THPTQG,2020,LI >= 6.75; TTNV <= 3,daniele15,
DDS,7140211,Sư phạm Vật lý,A00,20.00,,HocBa,2020,TCP: GiỏiXét học bạ,daniele15,
DDS,7140211,Sư phạm Vật lý,A01,20.00,,HocBa,2020,TCP: GiỏiXét học bạ,daniele15,
DDS,7140211,Sư phạm Vật lý,A02,20.00,,HocBa,2020,TCP: GiỏiXét học bạ,daniele15,
DDS,7140212,Sư phạm Hóa học,A00,18.50,,THPTQG,2020,HO >= 6.25; TTNV <= 5,daniele15,
DDS,7140212,Sư phạm Hóa học,B00,18.50,,THPTQG,2020,HO >= 6.25; TTNV <= 5,daniele15,
DDS,7140212,Sư phạm Hóa học,D07,18.50,,THPTQG,2020,HO >= 6.25; TTNV <= 5,daniele15,
DDS,7140212,Sư phạm Hóa học,A00,20.00,,HocBa,2020,TCP: GiỏiXét học bạ,daniele15,
DDS,7140212,Sư phạm Hóa học,B00,20.00,,HocBa,2020,TCP: GiỏiXét học bạ,daniele15,
DDS,7140212,Sư phạm Hóa học,D07,20.00,,HocBa,2020,TCP: GiỏiXét học bạ,daniele15,
DDS,7140213,Sư phạm Sinh học,B00,18.50,,THPTQG,2020,SI >= 6.25; TTNV <= 2,daniele15,
DDS,7140213,Sư phạm Sinh học,D08,18.50,,THPTQG,2020,SI >= 6.25; TTNV <= 2,daniele15,
DDS,7140213,Sư phạm Sinh học,B00,20.00,,HocBa,2020,TCP: GiỏiXét học bạ,daniele15,
DDS,7140213,Sư phạm Sinh học,D08,20.00,,HocBa,2020,TCP: GiỏiXét học bạ,daniele15,
DDS,7140217,Sư phạm Ngữ văn,C00,20.00,,HocBa,2020,TCP: GiỏiXét học bạ,daniele15,
DDS,7140217,Sư phạm Ngữ văn,C14,20.00,,HocBa,2020,TCP: GiỏiXét học bạ,daniele15,
DDS,7140217,Sư phạm Ngữ văn,D66,20.00,,HocBa,2020,TCP: GiỏiXét học bạ,daniele15,
DDS,7140217,Sư phạm Ngữ văn,C00,21.00,,THPTQG,2020,VA >= 4.5; TTNV <= 1,daniele15,
DDS,7140217,Sư phạm Ngữ văn,C14,21.00,,THPTQG,2020,VA >= 4.5; TTNV <= 1,daniele15,
DDS,7140217,Sư phạm Ngữ văn,D66,21.00,,THPTQG,2020,VA >= 4.5; TTNV <= 1,daniele15,
DDS,7140218,Sư phạm Lịch sử,C00,18.50,,THPTQG,2020,SU >= 5; TTNV <= 3,daniele15,
DDS,7140218,Sư phạm Lịch sử,C19,18.50,,THPTQG,2020,SU >= 5; TTNV <= 3,daniele15,
DDS,7140218,Sư phạm Lịch sử,C00,20.00,,HocBa,2020,TCP: GiỏiXét học bạ,daniele15,
DDS,7140218,Sư phạm Lịch sử,C19,20.00,,HocBa,2020,TCP: GiỏiXét học bạ,daniele15,
DDS,7140219,Sư phạm Địa lý,C00,18.50,,THPTQG,2020,DI >= 7.5; TTNV <= 1,daniele15,
DDS,7140219,Sư phạm Địa lý,D15,18.50,,THPTQG,2020,DI >= 7.5; TTNV <= 1,daniele15,
DDS,7140219,Sư phạm Địa lý,C00,20.00,,HocBa,2020,TCP: GiỏiXét học bạ,daniele15,
DDS,7140219,Sư phạm Địa lý,D15,20.00,,HocBa,2020,TCP: GiỏiXét học bạ,daniele15,
DDS,7140221,Sư phạm Âm nhạc,N00,19.00,,THPTQG,2020,NK4 >= 7.5; TTNV <= 1,daniele15,
DDS,7140221,Sư phạm Âm nhạc,N00,20.00,,HocBa,2020,TCP: GiỏiXét học bạ,daniele15,
DDS,7140246,Sư phạm công nghệ,A00,18.50,,THPTQG,2020,TO >= 7.4; TTNV <= 5,daniele15,
DDS,7140246,Sư phạm công nghệ,A02,18.50,,THPTQG,2020,TO >= 7.4; TTNV <= 5,daniele15,
DDS,7140246,Sư phạm công nghệ,B00,18.50,,THPTQG,2020,TO >= 7.4; TTNV <= 5,daniele15,
DDS,7140246,Sư phạm công nghệ,D90,18.50,,THPTQG,2020,TO >= 7.4; TTNV <= 5,daniele15,
DDS,7140246,Sư phạm công nghệ,A00,20.00,,HocBa,2020,TCP: GiỏiXét học bạ,daniele15,
DDS,7140246,Sư phạm công nghệ,A02,20.00,,HocBa,2020,TCP: GiỏiXét học bạ,daniele15,
DDS,7140246,Sư phạm công nghệ,B00,20.00,,HocBa,2020,TCP: GiỏiXét học bạ,daniele15,
DDS,7140246,Sư phạm công nghệ,D90,20.00,,HocBa,2020,TCP: GiỏiXét học bạ,daniele15,
DDS,7140247,Sư phạm khoa học tự nhiên,A00,18.50,,THPTQG,2020,TO >= 7.4; TTNV <= 6,daniele15,
DDS,7140247,Sư phạm khoa học tự nhiên,A02,18.50,,THPTQG,2020,TO >= 7.4; TTNV <= 6,daniele15,
DDS,7140247,Sư phạm khoa học tự nhiên,B00,18.50,,THPTQG,2020,TO >= 7.4; TTNV <= 6,daniele15,
DDS,7140247,Sư phạm khoa học tự nhiên,D90,18.50,,THPTQG,2020,TO >= 7.4; TTNV <= 6,daniele15,
DDS,7140247,Sư phạm khoa học tự nhiên,A00,20.00,,HocBa,2020,TCP: GiỏiXét học bạ,daniele15,
DDS,7140247,Sư phạm khoa học tự nhiên,A02,20.00,,HocBa,2020,TCP: GiỏiXét học bạ,daniele15,
DDS,7140247,Sư phạm khoa học tự nhiên,B00,20.00,,HocBa,2020,TCP: GiỏiXét học bạ,daniele15,
DDS,7140247,Sư phạm khoa học tự nhiên,D90,20.00,,HocBa,2020,TCP: GiỏiXét học bạ,daniele15,
DDS,7140249,Sư phạm Lịch sử Địa lý,C00,18.50,,THPTQG,2020,VA >= 7.25; TTNV <= 4,daniele15,
DDS,7140249,Sư phạm Lịch sử Địa lý,C19,18.50,,THPTQG,2020,VA >= 7.25; TTNV <= 4,daniele15,
DDS,7140249,Sư phạm Lịch sử Địa lý,C20,18.50,,THPTQG,2020,VA >= 7.25; TTNV <= 4,daniele15,
DDS,7140249,Sư phạm Lịch sử Địa lý,D78,18.50,,THPTQG,2020,VA >= 7.25; TTNV <= 4,daniele15,
DDS,7140249,Sư phạm Lịch sử Địa lý,C00,20.00,,HocBa,2020,TCP: GiỏiXét học bạ,daniele15,
DDS,7140249,Sư phạm Lịch sử Địa lý,C19,20.00,,HocBa,2020,TCP: GiỏiXét học bạ,daniele15,
DDS,7140249,Sư phạm Lịch sử Địa lý,C20,20.00,,HocBa,2020,TCP: GiỏiXét học bạ,daniele15,
DDS,7140249,Sư phạm Lịch sử Địa lý,D78,20.00,,HocBa,2020,TCP: GiỏiXét học bạ,daniele15,
DDS,7140250,Sư phạm Tin học và Công nghệ Tiểu học,A00,18.50,,THPTQG,2020,TO >= 6.8; TTNV <= 1,daniele15,
DDS,7140250,Sư phạm Tin học và Công nghệ Tiểu học,A02,18.50,,THPTQG,2020,TO >= 6.8; TTNV <= 1,daniele15,
DDS,7140250,Sư phạm Tin học và Công nghệ Tiểu học,D01,18.50,,THPTQG,2020,TO >= 6.8; TTNV <= 1,daniele15,
DDS,7140250,Sư phạm Tin học và Công nghệ Tiểu học,A00,20.00,,HocBa,2020,TCP: GiỏiXét điểm học bạ,daniele15,
DDS,7140250,Sư phạm Tin học và Công nghệ Tiểu học,A02,20.00,,HocBa,2020,TCP: GiỏiXét điểm học bạ,daniele15,
DDS,7140250,Sư phạm Tin học và Công nghệ Tiểu học,D01,20.00,,HocBa,2020,TCP: GiỏiXét điểm học bạ,daniele15,
DDS,7229010,Lịch sử,C00,16.00,,HocBa,2020,"chuyên ngành Quan hệ quốc tếXét học bạChuyên ngành quan hệ quốc tế xét điểm thi TNTHPT điểm chuẩn 15, điều kiện SU >= 4;TTNV <= 1",daniele15,
DDS,7229010,Lịch sử,C19,16.00,,HocBa,2020,"chuyên ngành Quan hệ quốc tếXét học bạChuyên ngành quan hệ quốc tế xét điểm thi TNTHPT điểm chuẩn 15, điều kiện SU >= 4;TTNV <= 1",daniele15,
DDS,7229010,Lịch sử,D14,16.00,,HocBa,2020,"chuyên ngành Quan hệ quốc tếXét học bạChuyên ngành quan hệ quốc tế xét điểm thi TNTHPT điểm chuẩn 15, điều kiện SU >= 4;TTNV <= 1",daniele15,
DDS,7229010KT,Lịch sử,C00,16.00,,HocBa,2020,(chuyên ngành Quan hệ quốc tế) (đào tạo tại Kon Tum)Xét học bạ,daniele15,
DDS,7229010KT,Lịch sử,C19,16.00,,HocBa,2020,(chuyên ngành Quan hệ quốc tế) (đào tạo tại Kon Tum)Xét học bạ,daniele15,
DDS,7229010KT,Lịch sử,D14,16.00,,HocBa,2020,(chuyên ngành Quan hệ quốc tế) (đào tạo tại Kon Tum)Xét học bạ,daniele15,
DDS,7229030,Văn học,C00,15.00,,THPTQG,2020,VA >= 6.75;TTNV <= 1,daniele15,
DDS,7229030,Văn học,C14,15.00,,THPTQG,2020,VA >= 6.75;TTNV <= 1,daniele15,
DDS,7229030,Văn học,D15,15.00,,THPTQG,2020,VA >= 6.75;TTNV <= 1,daniele15,
DDS,7229030,Văn học,D66,15.00,,THPTQG,2020,VA >= 6.75;TTNV <= 1,daniele15,
DDS,7229030,Văn học,C00,16.00,,HocBa,2020,Xét học bạ,daniele15,
DDS,7229030,Văn học,C14,16.00,,HocBa,2020,Xét học bạ,daniele15,
DDS,7229030,Văn học,D15,16.00,,HocBa,2020,Xét học bạ,daniele15,
DDS,7229030,Văn học,D66,16.00,,HocBa,2020,Xét học bạ,daniele15,
DDS,7229030KT,Văn học,C00,16.00,,HocBa,2020,(đào tạo tại Kon Tum)Xét học bạ,daniele15,
DDS,7229030KT,Văn học,C14,16.00,,HocBa,2020,(đào tạo tại Kon Tum)Xét học bạ,daniele15,
DDS,7229030KT,Văn học,D15,16.00,,HocBa,2020,(đào tạo tại Kon Tum)Xét học bạ,daniele15,
DDS,7229030KT,Văn học,D66,16.00,,HocBa,2020,(đào tạo tại Kon Tum)Xét học bạ,daniele15,
DDS,7229040,Văn hoá học,C00,16.00,,HocBa,2020,Xét học bạ,daniele15,
DDS,7229040,Văn hoá học,C14,16.00,,HocBa,2020,Xét học bạ,daniele15,
DDS,7229040,Văn hoá học,D15,16.00,,HocBa,2020,Xét học bạ,daniele15,
DDS,7229040,Văn hoá học,D66,16.00,,HocBa,2020,Xét học bạ,daniele15,
DDS,7229040KT,Văn hoá học,C00,16.00,,HocBa,2020,Xét học bạ(đào tạo tại Kon Tum),daniele15,
DDS,7229040KT,Văn hoá học,C14,16.00,,HocBa,2020,Xét học bạ(đào tạo tại Kon Tum),daniele15,
DDS,7229040KT,Văn hoá học,D15,16.00,,HocBa,2020,Xét học bạ(đào tạo tại Kon Tum),daniele15,
DDS,7229040KT,Văn hoá học,D66,16.00,,HocBa,2020,Xét học bạ(đào tạo tại Kon Tum),daniele15,
DDS,7310401,Tâm lý học,B00,17.00,,HocBa,2020,Xét điểm học bạ,daniele15,
DDS,7310401,Tâm lý học,C00,17.00,,HocBa,2020,Xét điểm học bạ,daniele15,
DDS,7310401,Tâm lý học,D01,17.00,,HocBa,2020,Xét điểm học bạ,daniele15,
DDS,7310401CLC,Tâm lý học,B00,15.75,,THPTQG,2020,TTNV <= 2,daniele15,
DDS,7310401CLC,Tâm lý học,C00,15.75,,THPTQG,2020,TTNV <= 2,daniele15,
DDS,7310401CLC,Tâm lý học,D01,15.75,,THPTQG,2020,TTNV <= 2,daniele15,
DDS,7310501,Địa lý học,C00,15.00,,HocBa,2020,chuyên ngành: Địa lý du lịchDI >= 5.25;TTNV <= 2,daniele15,
DDS,7310501,Địa lý học,D15,15.00,,HocBa,2020,chuyên ngành: Địa lý du lịchDI >= 5.25;TTNV <= 2,daniele15,
DDS,7310630,Việt Nam học,C00,16.50,,THPTQG,2020,VA >= 5.5;TTNV <= 1,daniele15,
DDS,7310630,Việt Nam học,D14,16.50,,THPTQG,2020,VA >= 5.5;TTNV <= 1,daniele15,
DDS,7310630,Việt Nam học,D15,16.50,,THPTQG,2020,VA >= 5.5;TTNV <= 1,daniele15,
DDS,7310630CLC,Việt Nam học,C00,16.75,,THPTQG,2020,Hệ CLC: VA >= 6.5;TTNV <= 2Hệ chuẩn Việt Nam học (chuyên ngành Văn hóa du lịch) điểm chuẩn 16.5 VA >= 5.5;TTNV <= 1,daniele15,
DDS,7310630CLC,Việt Nam học,D14,16.75,,THPTQG,2020,Hệ CLC: VA >= 6.5;TTNV <= 2Hệ chuẩn Việt Nam học (chuyên ngành Văn hóa du lịch) điểm chuẩn 16.5 VA >= 5.5;TTNV <= 1,daniele15,
DDS,7310630CLC,Việt Nam học,D15,16.75,,THPTQG,2020,Hệ CLC: VA >= 6.5;TTNV <= 2Hệ chuẩn Việt Nam học (chuyên ngành Văn hóa du lịch) điểm chuẩn 16.5 VA >= 5.5;TTNV <= 1,daniele15,
DDS,7320101,Báo chí,C00,18.00,,HocBa,2020,Xét học bạ,daniele15,
DDS,7320101,Báo chí,C14,18.00,,HocBa,2020,Xét học bạ,daniele15,
DDS,7320101,Báo chí,D15,18.00,,HocBa,2020,Xét học bạ,daniele15,
DDS,7320101,Báo chí,D66,18.00,,HocBa,2020,Xét học bạ,daniele15,
DDS,7320101,Báo chí,C00,21.00,,THPTQG,2020,Hệ chuẩn: VA >= 6.5; TTNV <= 3Hệ CLC điểm chuẩn 21.25 VA >= 7.5; TTNV <= 1,daniele15,
DDS,7320101,Báo chí,C14,21.00,,THPTQG,2020,Hệ chuẩn: VA >= 6.5; TTNV <= 3Hệ CLC điểm chuẩn 21.25 VA >= 7.5; TTNV <= 1,daniele15,
DDS,7320101,Báo chí,D15,21.00,,THPTQG,2020,Hệ chuẩn: VA >= 6.5; TTNV <= 3Hệ CLC điểm chuẩn 21.25 VA >= 7.5; TTNV <= 1,daniele15,
DDS,7320101,Báo chí,D66,21.00,,THPTQG,2020,Hệ chuẩn: VA >= 6.5; TTNV <= 3Hệ CLC điểm chuẩn 21.25 VA >= 7.5; TTNV <= 1,daniele15,
DDS,7420201,Công nghệ sinh học,A00,15.00,,THPTQG,2020,TO >= 6.2; TTNV <= 1,daniele15,
DDS,7420201,Công nghệ sinh học,B00,15.00,,THPTQG,2020,TO >= 6.2; TTNV <= 1,daniele15,
DDS,7420201,Công nghệ sinh học,D08,15.00,,THPTQG,2020,TO >= 6.2; TTNV <= 1,daniele15,
DDS,7420201,Công nghệ sinh học,A00,16.00,,HocBa,2020,Xét điểm học bạ,daniele15,
DDS,7420201,Công nghệ sinh học,B00,16.00,,HocBa,2020,Xét điểm học bạ,daniele15,
DDS,7420201,Công nghệ sinh học,D08,16.00,,HocBa,2020,Xét điểm học bạ,daniele15,
DDS,7420201KT,Công nghệ sinh học,A00,16.00,,HocBa,2020,đào tạo tại Kon TumXét học bạ,daniele15,
DDS,7420201KT,Công nghệ sinh học,B00,16.00,,HocBa,2020,đào tạo tại Kon TumXét học bạ,daniele15,
DDS,7420201KT,Công nghệ sinh học,D08,16.00,,HocBa,2020,đào tạo tại Kon TumXét học bạ,daniele15,
DDS,7440112,Hoá học,A00,15.00,,THPTQG,2020,HO >= 5.75;TTNV <= 1,daniele15,
DDS,7440112,Hoá học,B00,15.00,,THPTQG,2020,HO >= 5.75;TTNV <= 1,daniele15,
DDS,7440112,Hoá học,D07,15.00,,THPTQG,2020,HO >= 5.75;TTNV <= 1,daniele15,
DDS,7440112,Hoá học,A00,16.00,,HocBa,2020,Xét học bạ,daniele15,
DDS,7440112,Hoá học,B00,16.00,,HocBa,2020,Xét học bạ,daniele15,
DDS,7440112,Hoá học,D07,16.00,,HocBa,2020,Xét học bạ,daniele15,
DDS,7440112CLC,Hoá học,A00,15.25,,THPTQG,2020,Hệ CLCHO >= 5.25;TTNV <= 1,daniele15,
DDS,7440112CLC,Hoá học,B00,15.25,,THPTQG,2020,Hệ CLCHO >= 5.25;TTNV <= 1,daniele15,
DDS,7440112CLC,Hoá học,D07,15.25,,THPTQG,2020,Hệ CLCHO >= 5.25;TTNV <= 1,daniele15,
DDS,7440112KT,Hoá học,A00,16.00,,HocBa,2020,đào tạo tại Kon TumXét học bạ,daniele15,
DDS,7440112KT,Hoá học,B00,16.00,,HocBa,2020,đào tạo tại Kon TumXét học bạ,daniele15,
DDS,7440112KT,Hoá học,D07,16.00,,HocBa,2020,đào tạo tại Kon TumXét học bạ,daniele15,
DDS,7480201,Công nghệ thông tin,A00,15.00,,THPTQG,2020,TO >= 6.6;TTNV <= 3,daniele15,
DDS,7480201,Công nghệ thông tin,A01,15.00,,THPTQG,2020,TO >= 6.6;TTNV <= 3,daniele15,
DDS,7480201CLC,Công nghệ thông tin,A00,15.25,,THPTQG,2020,TO >= 7.2;TTNV <= 3,daniele15,
DDS,7480201CLC,Công nghệ thông tin,A01,15.25,,THPTQG,2020,TO >= 7.2;TTNV <= 3,daniele15,
DDS,7480201DT,Công nghệ thông tin,A00,16.00,,HocBa,2020,Xét học bạ,daniele15,
DDS,7480201DT,Công nghệ thông tin,A01,16.00,,HocBa,2020,Xét học bạ,daniele15,
DDS,7760101,Công tác xã hội,C00,15.00,,THPTQG,2020,VA >= 4.75; TTNV <= 1,daniele15,
DDS,7760101,Công tác xã hội,D01,15.00,,THPTQG,2020,VA >= 4.75; TTNV <= 1,daniele15,
DDS,7760101,Công tác xã hội,C00,16.00,,HocBa,2020,Xét điểm học bạ,daniele15,
DDS,7760101,Công tác xã hội,D01,16.00,,HocBa,2020,Xét điểm học bạ,daniele15,
DDS,7760101KT,Công tác xã hội,C00,16.00,,HocBa,2020,Xét học bạđào tạo tại Kon Tum,daniele15,
DDS,7760101KT,Công tác xã hội,D01,16.00,,HocBa,2020,Xét học bạđào tạo tại Kon Tum,daniele15,
DDS,7850101,Quản lý tài nguyên và môi trường,A00,16.00,,HocBa,2020,Xét học bạ,daniele15,
DDS,7850101,Quản lý tài nguyên và môi trường,B00,16.00,,HocBa,2020,Xét học bạ,daniele15,
DDS,7850101,Quản lý tài nguyên và môi trường,D08,16.00,,HocBa,2020,Xét học bạ,daniele15,
DDS,7850101CLC,Quản lý tài nguyên và môi trường,A00,15.25,,THPTQG,2020,Hệ CLC: TO >= 7.2; TTNV <= 3Hệ chuẩn điểm chuẩn 15 TO >= 7.2; TTNV <= 3,daniele15,
DDS,7850101CLC,Quản lý tài nguyên và môi trường,B00,15.25,,THPTQG,2020,Hệ CLC: TO >= 7.2; TTNV <= 3Hệ chuẩn điểm chuẩn 15 TO >= 7.2; TTNV <= 3,daniele15,
DDS,7850101CLC,Quản lý tài nguyên và môi trường,D08,15.25,,THPTQG,2020,Hệ CLC: TO >= 7.2; TTNV <= 3Hệ chuẩn điểm chuẩn 15 TO >= 7.2; TTNV <= 3,daniele15,
DDS,7850101KT,Quản lý tài nguyên và môi trường,A00,16.00,,HocBa,2020,đào tạo tại Kon TumXét học bạ,daniele15,
DDS,7850101KT,Quản lý tài nguyên và môi trường,B00,16.00,,HocBa,2020,đào tạo tại Kon TumXét học bạ,daniele15,
DDS,7850101KT,Quản lý tài nguyên và môi trường,D08,16.00,,HocBa,2020,đào tạo tại Kon TumXét học bạ,daniele15,
DDT,7210403,Thiết kế đồ họa,A00,14.00,,THPTQG,2020,,daniele15,
DDT,7210403,Thiết kế đồ họa,A16,14.00,,THPTQG,2020,,daniele15,
DDT,7210403,Thiết kế đồ họa,C01,14.00,,THPTQG,2020,,daniele15,
DDT,7210403,Thiết kế đồ họa,D01,14.00,,THPTQG,2020,,daniele15,
DDT,7210404,Thiết kế thời trang,A00,14.00,,THPTQG,2020,,daniele15,
DDT,7210404,Thiết kế thời trang,A16,14.00,,THPTQG,2020,,daniele15,
DDT,7210404,Thiết kế thời trang,D01,14.00,,THPTQG,2020,,daniele15,
DDT,7210404,Thiết kế thời trang,V01,14.00,,THPTQG,2020,,daniele15,
DDT,7220201,Ngôn ngữ Anh,D01,14.00,,THPTQG,2020,,daniele15,
DDT,7220201,Ngôn ngữ Anh,D14,14.00,,THPTQG,2020,,daniele15,
DDT,7220201,Ngôn ngữ Anh,D15,14.00,,THPTQG,2020,,daniele15,
DDT,7220201,Ngôn ngữ Anh,D72,14.00,,THPTQG,2020,,daniele15,
DDT,7220204,Ngôn ngữ Trung Quốc,D01,14.00,,THPTQG,2020,,daniele15,
DDT,7220204,Ngôn ngữ Trung Quốc,D14,14.00,,THPTQG,2020,,daniele15,
DDT,7220204,Ngôn ngữ Trung Quốc,D15,14.00,,THPTQG,2020,,daniele15,
DDT,7220204,Ngôn ngữ Trung Quốc,D72,14.00,,THPTQG,2020,,daniele15,
DDT,7220210,Ngôn ngữ Hàn Quốc,D01,14.00,,THPTQG,2020,,daniele15,
DDT,7220210,Ngôn ngữ Hàn Quốc,D08,14.00,,THPTQG,2020,,daniele15,
DDT,7220210,Ngôn ngữ Hàn Quốc,D09,14.00,,THPTQG,2020,,daniele15,
DDT,7220210,Ngôn ngữ Hàn Quốc,D10,14.00,,THPTQG,2020,,daniele15,
DDT,7229030,Văn học,C00,14.00,,THPTQG,2020,,daniele15,
DDT,7229030,Văn học,C04,14.00,,THPTQG,2020,,daniele15,
DDT,7229030,Văn học,C15,14.00,,THPTQG,2020,,daniele15,
DDT,7229030,Văn học,D01,14.00,,THPTQG,2020,,daniele15,
DDT,7310206,Quan hệ quốc tế,A01,14.00,,THPTQG,2020,,daniele15,
DDT,7310206,Quan hệ quốc tế,C00,14.00,,THPTQG,2020,,daniele15,
DDT,7310206,Quan hệ quốc tế,C15,14.00,,THPTQG,2020,,daniele15,
DDT,7310206,Quan hệ quốc tế,D01,14.00,,THPTQG,2020,,daniele15,
DDT,7310630,Việt Nam học,A01,14.00,,THPTQG,2020,,daniele15,
DDT,7310630,Việt Nam học,C00,14.00,,THPTQG,2020,,daniele15,
DDT,7310630,Việt Nam học,C15,14.00,,THPTQG,2020,,daniele15,
DDT,7310630,Việt Nam học,D01,14.00,,THPTQG,2020,,daniele15,
DDT,7320104,Truyền thông đa phương tiện,A00,14.00,,THPTQG,2020,,daniele15,
DDT,7320104,Truyền thông đa phương tiện,C00,14.00,,THPTQG,2020,,daniele15,
DDT,7320104,Truyền thông đa phương tiện,C15,14.00,,THPTQG,2020,,daniele15,
DDT,7320104,Truyền thông đa phương tiện,D01,14.00,,THPTQG,2020,,daniele15,
DDT,7340101,Quản trị kinh doanh,A00,14.00,,THPTQG,2020,,daniele15,
DDT,7340101,Quản trị kinh doanh,A16,14.00,,THPTQG,2020,,daniele15,
DDT,7340101,Quản trị kinh doanh,C01,14.00,,THPTQG,2020,,daniele15,
DDT,7340101,Quản trị kinh doanh,D01,14.00,,THPTQG,2020,,daniele15,
DDT,7340201,Tài chính - Ngân hàng,A00,14.00,,THPTQG,2020,Tài chính doanh nghiệpNgân hàng,daniele15,
DDT,7340201,Tài chính - Ngân hàng,A16,14.00,,THPTQG,2020,Tài chính doanh nghiệpNgân hàng,daniele15,
DDT,7340201,Tài chính - Ngân hàng,C01,14.00,,THPTQG,2020,Tài chính doanh nghiệpNgân hàng,daniele15,
DDT,7340201,Tài chính - Ngân hàng,D01,14.00,,THPTQG,2020,Tài chính doanh nghiệpNgân hàng,daniele15,
DDT,7340301,Kế toán,A00,14.00,,THPTQG,2020,Kế toán Kiểm toánKế toán doanh nghiệpKế toán Nhà NướcThuế và Tư vấn Thuế,daniele15,
DDT,7340301,Kế toán,A16,14.00,,THPTQG,2020,Kế toán Kiểm toánKế toán doanh nghiệpKế toán Nhà NướcThuế và Tư vấn Thuế,daniele15,
DDT,7340301,Kế toán,C01,14.00,,THPTQG,2020,Kế toán Kiểm toánKế toán doanh nghiệpKế toán Nhà NướcThuế và Tư vấn Thuế,daniele15,
DDT,7340301,Kế toán,D01,14.00,,THPTQG,2020,Kế toán Kiểm toánKế toán doanh nghiệpKế toán Nhà NướcThuế và Tư vấn Thuế,daniele15,
DDT,7340405,Hệ thống thông tin quản lý,A00,14.00,,THPTQG,2020,Hệ thống Thông tin Quản lý chuẩn CMU,daniele15,
DDT,7340405,Hệ thống thông tin quản lý,A16,14.00,,THPTQG,2020,Hệ thống Thông tin Quản lý chuẩn CMU,daniele15,
DDT,7340405,Hệ thống thông tin quản lý,C01,14.00,,THPTQG,2020,Hệ thống Thông tin Quản lý chuẩn CMU,daniele15,
DDT,7340405,Hệ thống thông tin quản lý,D01,14.00,,THPTQG,2020,Hệ thống Thông tin Quản lý chuẩn CMU,daniele15,
DDT,7380101,Luật,A00,14.00,,THPTQG,2020,Luật học,daniele15,
DDT,7380101,Luật,C00,14.00,,THPTQG,2020,Luật học,daniele15,
DDT,7380101,Luật,C15,14.00,,THPTQG,2020,Luật học,daniele15,
DDT,7380101,Luật,D01,14.00,,THPTQG,2020,Luật học,daniele15,
DDT,7380107,Luật,A00,14.00,,THPTQG,2020,luật kinh tế,daniele15,
DDT,7380107,Luật,C00,14.00,,THPTQG,2020,luật kinh tế,daniele15,
DDT,7380107,Luật,C15,14.00,,THPTQG,2020,luật kinh tế,daniele15,
DDT,7380107,Luật,D01,14.00,,THPTQG,2020,luật kinh tế,daniele15,
DDT,7420201,Công nghệ sinh học,A16,14.00,,THPTQG,2020,,daniele15,
DDT,7420201,Công nghệ sinh học,B00,14.00,,THPTQG,2020,,daniele15,
DDT,7420201,Công nghệ sinh học,D08,14.00,,THPTQG,2020,,daniele15,
DDT,7420201,Công nghệ sinh học,D90,14.00,,THPTQG,2020,,daniele15,
DDT,7480103,Kỹ thuật phần mềm,A00,14.00,,THPTQG,2020,2 chuyên ngành:Công nghệ phần mềmTrí tuệ Nhân tạo,daniele15,
DDT,7480103,Kỹ thuật phần mềm,A16,14.00,,THPTQG,2020,2 chuyên ngành:Công nghệ phần mềmTrí tuệ Nhân tạo,daniele15,
DDT,7480103,Kỹ thuật phần mềm,C01,14.00,,THPTQG,2020,2 chuyên ngành:Công nghệ phần mềmTrí tuệ Nhân tạo,daniele15,
DDT,7480103,Kỹ thuật phần mềm,D01,14.00,,THPTQG,2020,2 chuyên ngành:Công nghệ phần mềmTrí tuệ Nhân tạo,daniele15,
DDT,7480202,An toàn thông tin,A00,14.00,,THPTQG,2020,Chuyên ngành Kỹ thuật mạng,daniele15,
DDT,7480202,An toàn thông tin,A16,14.00,,THPTQG,2020,Chuyên ngành Kỹ thuật mạng,daniele15,
DDT,7480202,An toàn thông tin,C01,14.00,,THPTQG,2020,Chuyên ngành Kỹ thuật mạng,daniele15,
DDT,7480202,An toàn thông tin,D01,14.00,,THPTQG,2020,Chuyên ngành Kỹ thuật mạng,daniele15,
DDT,7510102,Công nghệ kỹ thuật công trình xây dựng,A00,14.00,,THPTQG,2020,,daniele15,
DDT,7510102,Công nghệ kỹ thuật công trình xây dựng,A16,14.00,,THPTQG,2020,,daniele15,
DDT,7510102,Công nghệ kỹ thuật công trình xây dựng,C01,14.00,,THPTQG,2020,,daniele15,
DDT,7510102,Công nghệ kỹ thuật công trình xây dựng,C02,14.00,,THPTQG,2020,,daniele15,
DDT,7510205,Công nghệ kỹ thuật ô tô,A00,14.00,,THPTQG,2020,,daniele15,
DDT,7510205,Công nghệ kỹ thuật ô tô,A16,14.00,,THPTQG,2020,,daniele15,
DDT,7510205,Công nghệ kỹ thuật ô tô,C01,14.00,,THPTQG,2020,,daniele15,
DDT,7510205,Công nghệ kỹ thuật ô tô,D01,14.00,,THPTQG,2020,,daniele15,
DDT,7510301,"Công nghệ kỹ thuật điện, điện tử",A00,14.00,,THPTQG,2020,Điện tự độngHệ thống NhúngĐiện tử-Viễn thông,daniele15,
DDT,7510301,"Công nghệ kỹ thuật điện, điện tử",A16,14.00,,THPTQG,2020,Điện tự độngHệ thống NhúngĐiện tử-Viễn thông,daniele15,
DDT,7510301,"Công nghệ kỹ thuật điện, điện tử",C01,14.00,,THPTQG,2020,Điện tự độngHệ thống NhúngĐiện tử-Viễn thông,daniele15,
DDT,7510301,"Công nghệ kỹ thuật điện, điện tử",D01,14.00,,THPTQG,2020,Điện tự độngHệ thống NhúngĐiện tử-Viễn thông,daniele15,
DDT,7510406,Công nghệ kỹ thuật môi trường,A00,14.00,,THPTQG,2020,,daniele15,
DDT,7510406,Công nghệ kỹ thuật môi trường,A16,14.00,,THPTQG,2020,,daniele15,
DDT,7510406,Công nghệ kỹ thuật môi trường,B00,14.00,,THPTQG,2020,,daniele15,
DDT,7510406,Công nghệ kỹ thuật môi trường,C02,14.00,,THPTQG,2020,,daniele15,
DDT,7520216,Kỹ thuật điều khiển và tự động hoá,A00,14.00,,THPTQG,2020,,daniele15,
DDT,7520216,Kỹ thuật điều khiển và tự động hoá,A16,14.00,,THPTQG,2020,,daniele15,
DDT,7520216,Kỹ thuật điều khiển và tự động hoá,C03,14.00,,THPTQG,2020,,daniele15,
DDT,7520216,Kỹ thuật điều khiển và tự động hoá,D01,14.00,,THPTQG,2020,,daniele15,
DDT,7540101,Công nghệ thực phẩm,A00,14.00,,THPTQG,2020,,daniele15,
DDT,7540101,Công nghệ thực phẩm,A16,14.00,,THPTQG,2020,,daniele15,
DDT,7540101,Công nghệ thực phẩm,B00,14.00,,THPTQG,2020,,daniele15,
DDT,7540101,Công nghệ thực phẩm,C01,14.00,,THPTQG,2020,,daniele15,
DDT,7580101,Kiến trúc,V00,14.00,,THPTQG,2020,,daniele15,
DDT,7580101,Kiến trúc,V01,14.00,,THPTQG,2020,,daniele15,
DDT,7580201,Kỹ thuật xây dựng,A00,14.00,,THPTQG,2020,,daniele15,
DDT,7580201,Kỹ thuật xây dựng,A16,14.00,,THPTQG,2020,,daniele15,
DDT,7580201,Kỹ thuật xây dựng,C01,14.00,,THPTQG,2020,,daniele15,
DDT,7580201,Kỹ thuật xây dựng,C02,14.00,,THPTQG,2020,,daniele15,
DDT,7720101,Y khoa,A16,22.00,,THPTQG,2020,Chuyên ngành bác sĩ đa khoa,daniele15,
DDT,7720101,Y khoa,B00,22.00,,THPTQG,2020,Chuyên ngành bác sĩ đa khoa,daniele15,
DDT,7720101,Y khoa,D08,22.00,,THPTQG,2020,Chuyên ngành bác sĩ đa khoa,daniele15,
DDT,7720101,Y khoa,D90,22.00,,THPTQG,2020,Chuyên ngành bác sĩ đa khoa,daniele15,
DDT,7720201,Dược học,A00,21.00,,THPTQG,2020,Chuyên ngành dược sĩ,daniele15,
DDT,7720201,Dược học,A16,21.00,,THPTQG,2020,Chuyên ngành dược sĩ,daniele15,
DDT,7720201,Dược học,B00,21.00,,THPTQG,2020,Chuyên ngành dược sĩ,daniele15,
DDT,7720201,Dược học,B03,21.00,,THPTQG,2020,Chuyên ngành dược sĩ,daniele15,
DDT,7720301,Điều dưỡng,A00,19.00,,THPTQG,2020,Điều dưỡng đa khoa,daniele15,
DDT,7720301,Điều dưỡng,A16,19.00,,THPTQG,2020,Điều dưỡng đa khoa,daniele15,
DDT,7720301,Điều dưỡng,B00,19.00,,THPTQG,2020,Điều dưỡng đa khoa,daniele15,
DDT,7720301,Điều dưỡng,B03,19.00,,THPTQG,2020,Điều dưỡng đa khoa,daniele15,
DDT,7720501,Răng - Hàm - Mặt,A00,22.00,,THPTQG,2020,,daniele15,
DDT,7720501,Răng - Hàm - Mặt,A16,22.00,,THPTQG,2020,,daniele15,
DDT,7720501,Răng - Hàm - Mặt,B00,22.00,,THPTQG,2020,,daniele15,
DDT,7720501,Răng - Hàm - Mặt,D90,22.00,,THPTQG,2020,,daniele15,
DDT,7810103,Quản trị dịch vụ du lịch và lữ hành,A00,14.00,,THPTQG,2020,,daniele15,
DDT,7810103,Quản trị dịch vụ du lịch và lữ hành,A16,14.00,,THPTQG,2020,,daniele15,
DDT,7810103,Quản trị dịch vụ du lịch và lữ hành,B00,14.00,,THPTQG,2020,,daniele15,
DDT,7810103,Quản trị dịch vụ du lịch và lữ hành,D01,14.00,,THPTQG,2020,,daniele15,
DDT,7810202,Quản trị nhà hàng và dịch vụ ăn uống,A00,14.00,,THPTQG,2020,,daniele15,
DDT,7810202,Quản trị nhà hàng và dịch vụ ăn uống,C00,14.00,,THPTQG,2020,,daniele15,
DDT,7810202,Quản trị nhà hàng và dịch vụ ăn uống,C15,14.00,,THPTQG,2020,,daniele15,
DDT,7810202,Quản trị nhà hàng và dịch vụ ăn uống,D01,14.00,,THPTQG,2020,,daniele15,
DDT,7850101,Quản lý tài nguyên và môi trường,A00,14.00,,THPTQG,2020,,daniele15,
DDT,7850101,Quản lý tài nguyên và môi trường,A16,14.00,,THPTQG,2020,,daniele15,
DDT,7850101,Quản lý tài nguyên và môi trường,B00,14.00,,THPTQG,2020,,daniele15,
DDT,7850101,Quản lý tài nguyên và môi trường,C15,14.00,,THPTQG,2020,,daniele15,
DDV,7340124,Quản trị và Kinh doanh Quốc tế,A00,18.86,,HocBa,2020,Xét điểm học bạ,daniele15,
DDV,7340124,Quản trị và Kinh doanh Quốc tế,A01,18.86,,HocBa,2020,Xét điểm học bạ,daniele15,
DDV,7340124,Quản trị và Kinh doanh Quốc tế,D01,18.86,,HocBa,2020,Xét điểm học bạ,daniele15,
DDV,7340124,Quản trị và Kinh doanh Quốc tế,D10,18.86,,HocBa,2020,Xét điểm học bạ,daniele15,
DDV,7420204,Khoa học Y sinh,A00,18.50,,HocBa,2020,Xét học bạ,daniele15,
DDV,7420204,Khoa học Y sinh,B00,18.50,,HocBa,2020,Xét học bạ,daniele15,
DDV,7420204,Khoa học Y sinh,D07,18.50,,HocBa,2020,Xét học bạ,daniele15,
DDV,7420204,Khoa học Y sinh,D08,18.50,,HocBa,2020,Xét học bạ,daniele15,
DDV,7480204,Khoa học và Kỹ thuật máy tính,A00,18.67,,HocBa,2020,Xét học bạ,daniele15,
DDV,7480204,Khoa học và Kỹ thuật máy tính,A01,18.67,,HocBa,2020,Xét học bạ,daniele15,
DDV,7480204,Khoa học và Kỹ thuật máy tính,D01,18.67,,HocBa,2020,Xét học bạ,daniele15,
DDV,7480204,Khoa học và Kỹ thuật máy tính,D90,18.67,,HocBa,2020,Xét học bạ,daniele15,
DDV,7480205DT,Khoa học dữ liệu,A00,20.00,,HocBa,2020,Xét học bạ,daniele15,
DDV,7480205DT,Khoa học dữ liệu,A01,20.00,,HocBa,2020,Xét học bạ,daniele15,
DDV,7480205DT,Khoa học dữ liệu,D01,20.00,,HocBa,2020,Xét học bạ,daniele15,
DDV,7480205DT,Khoa học dữ liệu,D90,20.00,,HocBa,2020,Xét học bạ,daniele15,
DDY,7720101,Y khoa,B00,26.50,,THPTQG,2020,TO >= 9; SI >= 8.75; HO >= 8; TTNV <= 2,daniele15,
DDY,7720201A,Dược học,A00,25.35,,THPTQG,2020,TO >= 8.6; HO >= 8.75; LI >= 7.75; TTNV <= 2,daniele15,
DDY,7720201B,Dược học,B00,25.75,,THPTQG,2020,TO >= 8; SI >= 8.5; HO >= 9; TTNV <= 8,daniele15,
DDY,7720301,Điều dưỡng,B00,19.70,,HocBa,2020,TO >= 8.2; SI >= 4; HO >= 7.25; TTNV <= 3,daniele15,
DDY,7720501,Răng - Hàm - Mặt,B00,26.45,,THPTQG,2020,TO >= 9.2; SI >= 8.5; HO >= 8.75; TTNV <= 3,daniele15,
DFA,7310101,Kinh tế,A00,14.00,,THPTQG,2020,,daniele15,
DFA,7310101,Kinh tế,A01,14.00,,THPTQG,2020,,daniele15,
DFA,7310101,Kinh tế,C04,14.00,,THPTQG,2020,,daniele15,
DFA,7310101,Kinh tế,D01,14.00,,THPTQG,2020,,daniele15,
DFA,7340101,Quản trị kinh doanh,A00,14.00,,THPTQG,2020,,daniele15,
DFA,7340101,Quản trị kinh doanh,A01,14.00,,THPTQG,2020,,daniele15,
DFA,7340101,Quản trị kinh doanh,C04,14.00,,THPTQG,2020,,daniele15,
DFA,7340101,Quản trị kinh doanh,D01,14.00,,THPTQG,2020,,daniele15,
DFA,7340120,Kinh doanh quốc tế,A00,14.00,,THPTQG,2020,,daniele15,
DFA,7340120,Kinh doanh quốc tế,A01,14.00,,THPTQG,2020,,daniele15,
DFA,7340120,Kinh doanh quốc tế,D01,14.00,,THPTQG,2020,,daniele15,
DFA,7340120,Kinh doanh quốc tế,D07,14.00,,THPTQG,2020,,daniele15,
DFA,7340201,Tài chính - Ngân hàng,A00,14.00,,THPTQG,2020,,daniele15,
DFA,7340201,Tài chính - Ngân hàng,A01,14.00,,THPTQG,2020,,daniele15,
DFA,7340201,Tài chính - Ngân hàng,C03,14.00,,THPTQG,2020,,daniele15,
DFA,7340201,Tài chính - Ngân hàng,D01,14.00,,THPTQG,2020,,daniele15,
DFA,7340301,Kế toán,A00,14.00,,THPTQG,2020,,daniele15,
DFA,7340301,Kế toán,A01,14.00,,THPTQG,2020,,daniele15,
DFA,7340301,Kế toán,C01,14.00,,THPTQG,2020,,daniele15,
DFA,7340301,Kế toán,D01,14.00,,THPTQG,2020,,daniele15,
DFA,7340302,Khoa học máy tính,A00,14.00,,THPTQG,2020,,daniele15,
DFA,7340302,Khoa học máy tính,A01,14.00,,THPTQG,2020,,daniele15,
DFA,7340302,Khoa học máy tính,C01,14.00,,THPTQG,2020,,daniele15,
DFA,7340302,Khoa học máy tính,D01,14.00,,THPTQG,2020,,daniele15,
DFA,7340405,Hệ thống thông tin quản lý,A00,14.00,,THPTQG,2020,,daniele15,
DFA,7340405,Hệ thống thông tin quản lý,A01,14.00,,THPTQG,2020,,daniele15,
DFA,7340405,Hệ thống thông tin quản lý,D01,14.00,,THPTQG,2020,,daniele15,
DFA,7340405,Hệ thống thông tin quản lý,D11,14.00,,THPTQG,2020,,daniele15,
DHA,7380101,Luật,A00,20.00,,HocBa,2020,Xét học bạ,daniele15,
DHA,7380101,Luật,A01,20.00,,HocBa,2020,Xét học bạ,daniele15,
DHA,7380101,Luật,C00,20.00,,HocBa,2020,Xét học bạ,daniele15,
DHA,7380101,Luật,D01,20.00,,HocBa,2020,Xét học bạ,daniele15,
DHA,7380107,Luật,A00,20.00,,HocBa,2020,Xét học bạLuật kinh tế,daniele15,
DHA,7380107,Luật,A01,20.00,,HocBa,2020,Xét học bạLuật kinh tế,daniele15,
DHA,7380107,Luật,C00,20.00,,HocBa,2020,Xét học bạLuật kinh tế,daniele15,
DHA,7380107,Luật,D01,20.00,,HocBa,2020,Xét học bạLuật kinh tế,daniele15,
DHC,7140206,Giáo dục Thể chất,T00,17.50,,THPTQG,2020,,daniele15,
DHC,7140206,Giáo dục Thể chất,T02,17.50,,THPTQG,2020,,daniele15,
DHD,7340101,Quản trị kinh doanh,A00,23.00,,HocBa,2020,Xét học bạ,daniele15,
DHD,7340101,Quản trị kinh doanh,C00,23.00,,HocBa,2020,Xét học bạ,daniele15,
DHD,7340101,Quản trị kinh doanh,D01,23.00,,HocBa,2020,Xét học bạ,daniele15,
DHD,7340101,Quản trị kinh doanh,D10,23.00,,HocBa,2020,Xét học bạ,daniele15,
DHD,7810101,Du lịch,A00,20.00,,HocBa,2020,Xét học bạ,daniele15,
DHD,7810101,Du lịch,C00,20.00,,HocBa,2020,Xét học bạ,daniele15,
DHD,7810101,Du lịch,D01,20.00,,HocBa,2020,Xét học bạ,daniele15,
DHD,7810101,Du lịch,D10,20.00,,HocBa,2020,Xét học bạ,daniele15,
DHD,7810102,Du lịch điện tử,A00,19.00,,HocBa,2020,Xét học bạ,daniele15,
DHD,7810102,Du lịch điện tử,C00,19.00,,HocBa,2020,Xét học bạ,daniele15,
DHD,7810102,Du lịch điện tử,D01,19.00,,HocBa,2020,Xét học bạ,daniele15,
DHD,7810102,Du lịch điện tử,D10,19.00,,HocBa,2020,Xét học bạ,daniele15,
DHD,7810103,Quản trị dịch vụ du lịch và lữ hành,A00,21.00,,HocBa,2020,Xét học bạ,daniele15,
DHD,7810103,Quản trị dịch vụ du lịch và lữ hành,C00,21.00,,HocBa,2020,Xét học bạ,daniele15,
DHD,7810103,Quản trị dịch vụ du lịch và lữ hành,D01,21.00,,HocBa,2020,Xét học bạ,daniele15,
DHD,7810103,Quản trị dịch vụ du lịch và lữ hành,D10,21.00,,HocBa,2020,Xét học bạ,daniele15,
DHD,7810104,Quản trị du lịch và khách sạn,A00,24.00,,HocBa,2020,Xét học bạ,daniele15,
DHD,7810104,Quản trị du lịch và khách sạn,C00,24.00,,HocBa,2020,Xét học bạ,daniele15,
DHD,7810104,Quản trị du lịch và khách sạn,D01,24.00,,HocBa,2020,Xét học bạ,daniele15,
DHD,7810104,Quản trị du lịch và khách sạn,D10,24.00,,HocBa,2020,Xét học bạ,daniele15,
DHD,7810201,Quản trị khách sạn,A00,21.00,,HocBa,2020,Xét học bạ,daniele15,
DHD,7810201,Quản trị khách sạn,C00,21.00,,HocBa,2020,Xét học bạ,daniele15,
DHD,7810201,Quản trị khách sạn,D01,21.00,,HocBa,2020,Xét học bạ,daniele15,
DHD,7810201,Quản trị khách sạn,D10,21.00,,HocBa,2020,Xét học bạ,daniele15,
DHD,7810202,Quản trị nhà hàng và dịch vụ ăn uống,A00,20.00,,HocBa,2020,Xét học bạ,daniele15,
DHD,7810202,Quản trị nhà hàng và dịch vụ ăn uống,C00,20.00,,HocBa,2020,Xét học bạ,daniele15,
DHD,7810202,Quản trị nhà hàng và dịch vụ ăn uống,D01,20.00,,HocBa,2020,Xét học bạ,daniele15,
DHD,7810202,Quản trị nhà hàng và dịch vụ ăn uống,D10,20.00,,HocBa,2020,Xét học bạ,daniele15,
DHE,7480112,Khoa học dữ liệu và Trí tuệ nhân tạo,A00,20.00,,HocBa,2020,Xét học bạ(Hệ cử nhân),daniele15,
DHE,7480112,Khoa học dữ liệu và Trí tuệ nhân tạo,A01,20.00,,HocBa,2020,Xét học bạ(Hệ cử nhân),daniele15,
DHE,7480112,Khoa học dữ liệu và Trí tuệ nhân tạo,D07,20.00,,HocBa,2020,Xét học bạ(Hệ cử nhân),daniele15,
DHE,7480112KS,Khoa học dữ liệu và Trí tuệ nhân tạo,A00,20.00,,HocBa,2020,Xét học bạ(Hệ kỹ sư),daniele15,
DHE,7480112KS,Khoa học dữ liệu và Trí tuệ nhân tạo,A01,20.00,,HocBa,2020,Xét học bạ(Hệ kỹ sư),daniele15,
DHE,7480112KS,Khoa học dữ liệu và Trí tuệ nhân tạo,D07,20.00,,HocBa,2020,Xét học bạ(Hệ kỹ sư),daniele15,
DHE,7520201,Kỹ thuật điện,A00,18.00,,HocBa,2020,Xét học bạ,daniele15,
DHE,7520201,Kỹ thuật điện,A01,18.00,,HocBa,2020,Xét học bạ,daniele15,
DHE,7520201,Kỹ thuật điện,D07,18.00,,HocBa,2020,Xét học bạ,daniele15,
DHE,7520216,Kỹ thuật điều khiển và tự động hoá,A00,19.00,,HocBa,2020,Xét học bạ,daniele15,
DHE,7520216,Kỹ thuật điều khiển và tự động hoá,A01,19.00,,HocBa,2020,Xét học bạ,daniele15,
DHE,7520216,Kỹ thuật điều khiển và tự động hoá,D07,19.00,,HocBa,2020,Xét học bạ,daniele15,
DHF,7140231,Sư phạm Tiếng Anh,D01,24.00,,HocBa,2020,Xét học bạ,daniele15,
DHF,7140231,Sư phạm Tiếng Anh,D14,24.00,,HocBa,2020,Xét học bạ,daniele15,
DHF,7140231,Sư phạm Tiếng Anh,D15,24.00,,HocBa,2020,Xét học bạ,daniele15,
DHF,7140233,Sư phạm Tiếng Pháp,D01,24.00,,HocBa,2020,Xét học bạ,daniele15,
DHF,7140233,Sư phạm Tiếng Pháp,D03,24.00,,HocBa,2020,Xét học bạ,daniele15,
DHF,7140233,Sư phạm Tiếng Pháp,D15,24.00,,HocBa,2020,Xét học bạ,daniele15,
DHF,7140233,Sư phạm Tiếng Pháp,D44,24.00,,HocBa,2020,Xét học bạ,daniele15,
DHF,7140234,Sư phạm Tiếng Trung Quốc,D01,24.00,,HocBa,2020,Xét học bạ,daniele15,
DHF,7140234,Sư phạm Tiếng Trung Quốc,D04,24.00,,HocBa,2020,Xét học bạ,daniele15,
DHF,7140234,Sư phạm Tiếng Trung Quốc,D15,24.00,,HocBa,2020,Xét học bạ,daniele15,
DHF,7140234,Sư phạm Tiếng Trung Quốc,D45,24.00,,HocBa,2020,Xét học bạ,daniele15,
DHF,7220201,Ngôn ngữ Anh,D01,22.75,,HocBa,2020,Xét học bạ,daniele15,
DHF,7220201,Ngôn ngữ Anh,D14,22.75,,HocBa,2020,Xét học bạ,daniele15,
DHF,7220201,Ngôn ngữ Anh,D15,22.75,,HocBa,2020,Xét học bạ,daniele15,
DHF,7220202,Ngôn ngữ Nga,D01,18.00,,HocBa,2020,Xét học bạ,daniele15,
DHF,7220202,Ngôn ngữ Nga,D02,18.00,,HocBa,2020,Xét học bạ,daniele15,
DHF,7220202,Ngôn ngữ Nga,D15,18.00,,HocBa,2020,Xét học bạ,daniele15,
DHF,7220202,Ngôn ngữ Nga,D42,18.00,,HocBa,2020,Xét học bạ,daniele15,
DHF,7220203,Ngôn ngữ Pháp,D01,18.00,,HocBa,2020,Xét học bạ,daniele15,
DHF,7220203,Ngôn ngữ Pháp,D03,18.00,,HocBa,2020,Xét học bạ,daniele15,
DHF,7220203,Ngôn ngữ Pháp,D15,18.00,,HocBa,2020,Xét học bạ,daniele15,
DHF,7220203,Ngôn ngữ Pháp,D44,18.00,,HocBa,2020,Xét học bạ,daniele15,
DHF,7220204,Ngôn ngữ Trung Quốc,D01,23.85,,HocBa,2020,Xét học bạ,daniele15,
DHF,7220204,Ngôn ngữ Trung Quốc,D04,23.85,,HocBa,2020,Xét học bạ,daniele15,
DHF,7220204,Ngôn ngữ Trung Quốc,D15,23.85,,HocBa,2020,Xét học bạ,daniele15,
DHF,7220204,Ngôn ngữ Trung Quốc,D45,23.85,,HocBa,2020,Xét học bạ,daniele15,
DHF,7220209,Ngôn ngữ Nhật,D01,22.75,,HocBa,2020,Xét học bạ,daniele15,
DHF,7220209,Ngôn ngữ Nhật,D06,22.75,,HocBa,2020,Xét học bạ,daniele15,
DHF,7220209,Ngôn ngữ Nhật,D15,22.75,,HocBa,2020,Xét học bạ,daniele15,
DHF,7220209,Ngôn ngữ Nhật,D43,22.75,,HocBa,2020,Xét học bạ,daniele15,
DHF,7220210,Ngôn ngữ Hàn Quốc,D01,24.00,,HocBa,2020,Xét học bạ,daniele15,
DHF,7220210,Ngôn ngữ Hàn Quốc,D14,24.00,,HocBa,2020,Xét học bạ,daniele15,
DHF,7220210,Ngôn ngữ Hàn Quốc,D15,24.00,,HocBa,2020,Xét học bạ,daniele15,
DHF,7310601,Quốc tế học,D01,18.00,,HocBa,2020,Xét học bạ,daniele15,
DHF,7310601,Quốc tế học,D14,18.00,,HocBa,2020,Xét học bạ,daniele15,
DHF,7310601,Quốc tế học,D15,18.00,,HocBa,2020,Xét học bạ,daniele15,
DHF,7310630,Việt Nam học,D01,18.00,,HocBa,2020,Xét học bạ,daniele15,
DHF,7310630,Việt Nam học,D14,18.00,,HocBa,2020,Xét học bạ,daniele15,
DHF,7310630,Việt Nam học,D15,18.00,,HocBa,2020,Xét học bạ,daniele15,
DHI,7310206,Quan hệ quốc tế,A01,19.50,,HocBa,2020,Xét học bạ,daniele15,
DHI,7310206,Quan hệ quốc tế,C00,19.50,,HocBa,2020,Xét học bạ,daniele15,
DHI,7310206,Quan hệ quốc tế,D01,19.50,,HocBa,2020,Xét học bạ,daniele15,
DHI,7310206,Quan hệ quốc tế,D14,19.50,,HocBa,2020,Xét học bạ,daniele15,
DHK,7310101CL,Kinh tế,A00,15.00,,THPTQG,2020,,daniele15,
DHK,7310101CL,Kinh tế,A01,15.00,,THPTQG,2020,,daniele15,
DHK,7310101CL,Kinh tế,A16,15.00,,THPTQG,2020,,daniele15,
DHK,7310101CL,Kinh tế,D01,15.00,,THPTQG,2020,,daniele15,
DHK,7310102,Kinh tế,A00,15.00,,THPTQG,2020,Kinh tế chính trị,daniele15,
DHK,7310102,Kinh tế,A01,15.00,,THPTQG,2020,Kinh tế chính trị,daniele15,
DHK,7310102,Kinh tế,A16,15.00,,THPTQG,2020,Kinh tế chính trị,daniele15,
DHK,7310102,Kinh tế,D01,15.00,,THPTQG,2020,Kinh tế chính trị,daniele15,
DHK,7310106,Kinh tế,A00,15.00,,THPTQG,2020,Kinh tế quốc tế,daniele15,
DHK,7310106,Kinh tế,A01,15.00,,THPTQG,2020,Kinh tế quốc tế,daniele15,
DHK,7310106,Kinh tế,C15,15.00,,THPTQG,2020,Kinh tế quốc tế,daniele15,
DHK,7310106,Kinh tế,D01,15.00,,THPTQG,2020,Kinh tế quốc tế,daniele15,
DHK,7310107,Thống kê kinh tế,A00,15.00,,THPTQG,2020,,daniele15,
DHK,7310107,Thống kê kinh tế,A01,15.00,,THPTQG,2020,,daniele15,
DHK,7310107,Thống kê kinh tế,A16,15.00,,THPTQG,2020,,daniele15,
DHK,7310107,Thống kê kinh tế,D01,15.00,,THPTQG,2020,,daniele15,
DHK,7340101,Quản trị kinh doanh,A00,20.00,,THPTQG,2020,,daniele15,
DHK,7340101,Quản trị kinh doanh,A01,20.00,,THPTQG,2020,,daniele15,
DHK,7340101,Quản trị kinh doanh,C15,20.00,,THPTQG,2020,,daniele15,
DHK,7340101,Quản trị kinh doanh,D01,20.00,,THPTQG,2020,,daniele15,
DHK,7340101CL,Quản trị kinh doanh,A00,18.00,,THPTQG,2020,,daniele15,
DHK,7340101CL,Quản trị kinh doanh,A01,18.00,,THPTQG,2020,,daniele15,
DHK,7340101CL,Quản trị kinh doanh,C15,18.00,,THPTQG,2020,,daniele15,
DHK,7340101CL,Quản trị kinh doanh,D01,18.00,,THPTQG,2020,,daniele15,
DHK,7340115,Marketing,A00,20.00,,THPTQG,2020,,daniele15,
DHK,7340115,Marketing,A01,20.00,,THPTQG,2020,,daniele15,
DHK,7340115,Marketing,C15,20.00,,THPTQG,2020,,daniele15,
DHK,7340115,Marketing,D01,20.00,,THPTQG,2020,,daniele15,
DHK,7340121,Kinh doanh thương mại,A00,18.00,,THPTQG,2020,,daniele15,
DHK,7340121,Kinh doanh thương mại,A01,18.00,,THPTQG,2020,,daniele15,
DHK,7340121,Kinh doanh thương mại,C15,18.00,,THPTQG,2020,,daniele15,
DHK,7340121,Kinh doanh thương mại,D01,18.00,,THPTQG,2020,,daniele15,
DHK,7340122,Thương mại điện tử,A00,18.00,,THPTQG,2020,,daniele15,
DHK,7340122,Thương mại điện tử,A01,18.00,,THPTQG,2020,,daniele15,
DHK,7340122,Thương mại điện tử,C15,18.00,,THPTQG,2020,,daniele15,
DHK,7340122,Thương mại điện tử,D01,18.00,,THPTQG,2020,,daniele15,
DHK,7340201,Tài chính - Ngân hàng,A00,17.00,,THPTQG,2020,,daniele15,
DHK,7340201,Tài chính - Ngân hàng,D01,17.00,,THPTQG,2020,,daniele15,
DHK,7340201,Tài chính - Ngân hàng,D03,17.00,,THPTQG,2020,,daniele15,
DHK,7340201,Tài chính - Ngân hàng,D90,17.00,,THPTQG,2020,,daniele15,
DHK,7340201CL,Tài chính - Ngân hàng,A00,17.00,,THPTQG,2020,,daniele15,
DHK,7340201CL,Tài chính - Ngân hàng,D01,17.00,,THPTQG,2020,,daniele15,
DHK,7340201CL,Tài chính - Ngân hàng,D03,17.00,,THPTQG,2020,,daniele15,
DHK,7340201CL,Tài chính - Ngân hàng,D90,17.00,,THPTQG,2020,,daniele15,
DHK,7340301,Kế toán,A00,18.00,,THPTQG,2020,,daniele15,
DHK,7340301,Kế toán,A01,18.00,,THPTQG,2020,,daniele15,
DHK,7340301,Kế toán,A16,18.00,,THPTQG,2020,,daniele15,
DHK,7340301,Kế toán,D01,18.00,,THPTQG,2020,,daniele15,
DHK,7340302,Kiểm toán,A00,18.00,,THPTQG,2020,,daniele15,
DHK,7340302,Kiểm toán,A01,18.00,,THPTQG,2020,,daniele15,
DHK,7340302,Kiểm toán,C15,18.00,,THPTQG,2020,,daniele15,
DHK,7340302,Kiểm toán,D01,18.00,,THPTQG,2020,,daniele15,
DHK,7340302CL,Kiểm toán,A00,18.00,,THPTQG,2020,,daniele15,
DHK,7340302CL,Kiểm toán,A01,18.00,,THPTQG,2020,,daniele15,
DHK,7340302CL,Kiểm toán,C15,18.00,,THPTQG,2020,,daniele15,
DHK,7340302CL,Kiểm toán,D01,18.00,,THPTQG,2020,,daniele15,
DHK,7340404,Quản trị nhân lực,A00,20.00,,THPTQG,2020,,daniele15,
DHK,7340404,Quản trị nhân lực,A01,20.00,,THPTQG,2020,,daniele15,
DHK,7340404,Quản trị nhân lực,C15,20.00,,THPTQG,2020,,daniele15,
DHK,7340404,Quản trị nhân lực,D01,20.00,,THPTQG,2020,,daniele15,
DHK,7340405,Hệ thống thông tin quản lý,A00,15.00,,THPTQG,2020,,daniele15,
DHK,7340405,Hệ thống thông tin quản lý,A01,15.00,,THPTQG,2020,,daniele15,
DHK,7340405,Hệ thống thông tin quản lý,A16,15.00,,THPTQG,2020,,daniele15,
DHK,7340405,Hệ thống thông tin quản lý,D01,15.00,,THPTQG,2020,,daniele15,
DHK,7340405CL,Hệ thống thông tin quản lý,A00,15.00,,THPTQG,2020,,daniele15,
DHK,7340405CL,Hệ thống thông tin quản lý,A01,15.00,,THPTQG,2020,,daniele15,
DHK,7340405CL,Hệ thống thông tin quản lý,A16,15.00,,THPTQG,2020,,daniele15,
DHK,7340405CL,Hệ thống thông tin quản lý,D01,15.00,,THPTQG,2020,,daniele15,
DHK,7349001,Tài chính - Ngân hàng,A00,15.00,,THPTQG,2020,Chương trình liên kết,daniele15,
DHK,7349001,Tài chính - Ngân hàng,D01,15.00,,THPTQG,2020,Chương trình liên kết,daniele15,
DHK,7349001,Tài chính - Ngân hàng,D03,15.00,,THPTQG,2020,Chương trình liên kết,daniele15,
DHK,7349001,Tài chính - Ngân hàng,D90,15.00,,THPTQG,2020,Chương trình liên kết,daniele15,
DHK,7349002,Quản trị kinh doanh,A00,16.00,,THPTQG,2020,,daniele15,
DHK,7349002,Quản trị kinh doanh,A01,16.00,,THPTQG,2020,,daniele15,
DHK,7349002,Quản trị kinh doanh,C15,16.00,,THPTQG,2020,,daniele15,
DHK,7349002,Quản trị kinh doanh,D01,16.00,,THPTQG,2020,,daniele15,
DHK,7510605,Logistics và Quản lý chuỗi cung ứng,A00,15.00,,THPTQG,2020,,daniele15,
DHK,7510605,Logistics và Quản lý chuỗi cung ứng,A01,15.00,,THPTQG,2020,,daniele15,
DHK,7510605,Logistics và Quản lý chuỗi cung ứng,C15,15.00,,THPTQG,2020,,daniele15,
DHK,7510605,Logistics và Quản lý chuỗi cung ứng,D01,15.00,,THPTQG,2020,,daniele15,
DHK,7620114,Kinh doanh nông nghiệp,A00,15.00,,THPTQG,2020,,daniele15,
DHK,7620114,Kinh doanh nông nghiệp,A01,15.00,,THPTQG,2020,,daniele15,
DHK,7620114,Kinh doanh nông nghiệp,A16,15.00,,THPTQG,2020,,daniele15,
DHK,7620114,Kinh doanh nông nghiệp,D01,15.00,,THPTQG,2020,,daniele15,
DHK,7620115,Kinh tế,A00,15.00,,THPTQG,2020,,daniele15,
DHK,7620115,Kinh tế,A01,15.00,,THPTQG,2020,,daniele15,
DHK,7620115,Kinh tế,C15,15.00,,THPTQG,2020,,daniele15,
DHK,7620115,Kinh tế,D01,15.00,,THPTQG,2020,,daniele15,
DHK,7903124,Song ngành Kinh tế - Tài chính,A00,15.00,,THPTQG,2020,,daniele15,
DHK,7903124,Song ngành Kinh tế - Tài chính,A01,15.00,,THPTQG,2020,,daniele15,
DHK,7903124,Song ngành Kinh tế - Tài chính,A16,15.00,,THPTQG,2020,,daniele15,
DHK,7903124,Song ngành Kinh tế - Tài chính,D01,15.00,,THPTQG,2020,,daniele15,
DHL,7340116,Bất động sản,A00,18.50,,HocBa,2020,Xét học bạ,daniele15,
DHL,7340116,Bất động sản,C00,18.50,,HocBa,2020,Xét học bạ,daniele15,
DHL,7340116,Bất động sản,C04,18.50,,HocBa,2020,Xét học bạ,daniele15,
DHL,7340116,Bất động sản,D01,18.50,,HocBa,2020,Xét học bạ,daniele15,
DHL,7420203,Sinh học ứng dụng,A00,18.00,,HocBa,2020,Xét học bạ,daniele15,
DHL,7420203,Sinh học ứng dụng,B00,18.00,,HocBa,2020,Xét học bạ,daniele15,
DHL,7420203,Sinh học ứng dụng,B03,18.00,,HocBa,2020,Xét học bạ,daniele15,
DHL,7420203,Sinh học ứng dụng,D08,18.00,,HocBa,2020,Xét học bạ,daniele15,
DHL,7510201,Công nghệ kỹ thuật cơ khí,A00,18.00,,HocBa,2020,Xét học bạ,daniele15,
DHL,7510201,Công nghệ kỹ thuật cơ khí,A01,18.00,,HocBa,2020,Xét học bạ,daniele15,
DHL,7510201,Công nghệ kỹ thuật cơ khí,A02,18.00,,HocBa,2020,Xét học bạ,daniele15,
DHL,7510201,Công nghệ kỹ thuật cơ khí,C01,18.00,,HocBa,2020,Xét học bạ,daniele15,
DHL,7520114,Kỹ thuật cơ điện tử,A00,18.00,,HocBa,2020,Xét học bạ,daniele15,
DHL,7520114,Kỹ thuật cơ điện tử,A01,18.00,,HocBa,2020,Xét học bạ,daniele15,
DHL,7520114,Kỹ thuật cơ điện tử,A02,18.00,,HocBa,2020,Xét học bạ,daniele15,
DHL,7520114,Kỹ thuật cơ điện tử,C01,18.00,,HocBa,2020,Xét học bạ,daniele15,
DHL,7520503,Kỹ thuật trắc địa - bản đồ,A00,18.00,,HocBa,2020,Xét học bạ,daniele15,
DHL,7520503,Kỹ thuật trắc địa - bản đồ,B00,18.00,,HocBa,2020,Xét học bạ,daniele15,
DHL,7520503,Kỹ thuật trắc địa - bản đồ,C04,18.00,,HocBa,2020,Xét học bạ,daniele15,
DHL,7520503,Kỹ thuật trắc địa - bản đồ,D01,18.00,,HocBa,2020,Xét học bạ,daniele15,
DHL,7540101,Công nghệ thực phẩm,A00,19.00,,HocBa,2020,Xét học bạ,daniele15,
DHL,7540101,Công nghệ thực phẩm,B00,19.00,,HocBa,2020,Xét học bạ,daniele15,
DHL,7540101,Công nghệ thực phẩm,C02,19.00,,HocBa,2020,Xét học bạ,daniele15,
DHL,7540101,Công nghệ thực phẩm,D07,19.00,,HocBa,2020,Xét học bạ,daniele15,
DHL,7540104,Công nghệ sau thu hoạch,A00,18.00,,HocBa,2020,Xét học bạ,daniele15,
DHL,7540104,Công nghệ sau thu hoạch,A01,18.00,,HocBa,2020,Xét học bạ,daniele15,
DHL,7540104,Công nghệ sau thu hoạch,B00,18.00,,HocBa,2020,Xét học bạ,daniele15,
DHL,7540104,Công nghệ sau thu hoạch,D01,18.00,,HocBa,2020,Xét học bạ,daniele15,
DHL,7540106,Đảm bảo chất lượng và an toàn thực phẩm,A00,18.00,,HocBa,2020,Xét học bạ,daniele15,
DHL,7540106,Đảm bảo chất lượng và an toàn thực phẩm,A01,18.00,,HocBa,2020,Xét học bạ,daniele15,
DHL,7540106,Đảm bảo chất lượng và an toàn thực phẩm,B00,18.00,,HocBa,2020,Xét học bạ,daniele15,
DHL,7540106,Đảm bảo chất lượng và an toàn thực phẩm,D01,18.00,,HocBa,2020,Xét học bạ,daniele15,
DHL,7549001,Công nghệ chế biến lâm sản,A00,18.00,,HocBa,2020,Xét học bạ,daniele15,
DHL,7549001,Công nghệ chế biến lâm sản,A02,18.00,,HocBa,2020,Xét học bạ,daniele15,
DHL,7549001,Công nghệ chế biến lâm sản,B00,18.00,,HocBa,2020,Xét học bạ,daniele15,
DHL,7549001,Công nghệ chế biến lâm sản,D07,18.00,,HocBa,2020,Xét học bạ,daniele15,
DHL,7580210,Kỹ thuật cơ sở hạ tầng,A00,18.00,,HocBa,2020,Xét học bạ,daniele15,
DHL,7580210,Kỹ thuật cơ sở hạ tầng,A01,18.00,,HocBa,2020,Xét học bạ,daniele15,
DHL,7580210,Kỹ thuật cơ sở hạ tầng,A02,18.00,,HocBa,2020,Xét học bạ,daniele15,
DHL,7580210,Kỹ thuật cơ sở hạ tầng,C01,18.00,,HocBa,2020,Xét học bạ,daniele15,
DHL,7620102,Khuyến nông,A00,18.00,,HocBa,2020,Xét học bạ,daniele15,
DHL,7620102,Khuyến nông,B00,18.00,,HocBa,2020,Xét học bạ,daniele15,
DHL,7620102,Khuyến nông,C00,18.00,,HocBa,2020,Xét học bạ,daniele15,
DHL,7620102,Khuyến nông,D01,18.00,,HocBa,2020,Xét học bạ,daniele15,
DHL,7620105,Chăn nuôi,A00,18.00,,HocBa,2020,Xét học bạ,daniele15,
DHL,7620105,Chăn nuôi,A02,18.00,,HocBa,2020,Xét học bạ,daniele15,
DHL,7620105,Chăn nuôi,B00,18.00,,HocBa,2020,Xét học bạ,daniele15,
DHL,7620105,Chăn nuôi,D08,18.00,,HocBa,2020,Xét học bạ,daniele15,
DHL,7620109,Nông học,A00,18.00,,HocBa,2020,Xét học bạ,daniele15,
DHL,7620109,Nông học,B00,18.00,,HocBa,2020,Xét học bạ,daniele15,
DHL,7620109,Nông học,B04,18.00,,HocBa,2020,Xét học bạ,daniele15,
DHL,7620109,Nông học,D08,18.00,,HocBa,2020,Xét học bạ,daniele15,
DHL,7620110,Khoa học cây trồng,A00,18.00,,HocBa,2020,Xét học bạ,daniele15,
DHL,7620110,Khoa học cây trồng,B00,18.00,,HocBa,2020,Xét học bạ,daniele15,
DHL,7620110,Khoa học cây trồng,B04,18.00,,HocBa,2020,Xét học bạ,daniele15,
DHL,7620110,Khoa học cây trồng,D08,18.00,,HocBa,2020,Xét học bạ,daniele15,
DHL,7620112,Bảo vệ thực vật,A00,18.00,,HocBa,2020,Xét học bạ,daniele15,
DHL,7620112,Bảo vệ thực vật,B00,18.00,,HocBa,2020,Xét học bạ,daniele15,
DHL,7620112,Bảo vệ thực vật,B04,18.00,,HocBa,2020,Xét học bạ,daniele15,
DHL,7620112,Bảo vệ thực vật,D08,18.00,,HocBa,2020,Xét học bạ,daniele15,
DHL,7620116,Phát triển nông thôn,A00,18.00,,HocBa,2020,Xét học bạ,daniele15,
DHL,7620116,Phát triển nông thôn,B00,18.00,,HocBa,2020,Xét học bạ,daniele15,
DHL,7620116,Phát triển nông thôn,C00,18.00,,HocBa,2020,Xét học bạ,daniele15,
DHL,7620116,Phát triển nông thôn,D01,18.00,,HocBa,2020,Xét học bạ,daniele15,
DHL,7620118,Nông nghiệp công nghệ cao,A00,18.00,,HocBa,2020,Xét học bạ,daniele15,
DHL,7620118,Nông nghiệp công nghệ cao,B00,18.00,,HocBa,2020,Xét học bạ,daniele15,
DHL,7620118,Nông nghiệp công nghệ cao,B04,18.00,,HocBa,2020,Xét học bạ,daniele15,
DHL,7620118,Nông nghiệp công nghệ cao,D08,18.00,,HocBa,2020,Xét học bạ,daniele15,
DHL,7620119,Kinh doanh và khởi nghiệp nông thôn,A00,18.00,,HocBa,2020,Xét học bạ,daniele15,
DHL,7620119,Kinh doanh và khởi nghiệp nông thôn,C00,18.00,,HocBa,2020,Xét học bạ,daniele15,
DHL,7620119,Kinh doanh và khởi nghiệp nông thôn,C04,18.00,,HocBa,2020,Xét học bạ,daniele15,
DHL,7620119,Kinh doanh và khởi nghiệp nông thôn,D01,18.00,,HocBa,2020,Xét học bạ,daniele15,
DHL,7620201,Lâm học,A00,18.00,,HocBa,2020,Xét học bạ,daniele15,
DHL,7620201,Lâm học,A02,18.00,,HocBa,2020,Xét học bạ,daniele15,
DHL,7620201,Lâm học,B00,18.00,,HocBa,2020,Xét học bạ,daniele15,
DHL,7620201,Lâm học,D08,18.00,,HocBa,2020,Xét học bạ,daniele15,
DHL,7620211,Quản lý tài nguyên rừng,A00,18.00,,HocBa,2020,Xét học bạ,daniele15,
DHL,7620211,Quản lý tài nguyên rừng,A02,18.00,,HocBa,2020,Xét học bạ,daniele15,
DHL,7620211,Quản lý tài nguyên rừng,B00,18.00,,HocBa,2020,Xét học bạ,daniele15,
DHL,7620211,Quản lý tài nguyên rừng,D08,18.00,,HocBa,2020,Xét học bạ,daniele15,
DHL,7620301,Nuôi trồng thuỷ sản,A00,18.00,,HocBa,2020,Xét học bạ,daniele15,
DHL,7620301,Nuôi trồng thuỷ sản,B00,18.00,,HocBa,2020,Xét học bạ,daniele15,
DHL,7620301,Nuôi trồng thuỷ sản,D07,18.00,,HocBa,2020,Xét học bạ,daniele15,
DHL,7620301,Nuôi trồng thuỷ sản,D08,18.00,,HocBa,2020,Xét học bạ,daniele15,
DHL,7620302,Bệnh học thủy sản,A00,18.00,,HocBa,2020,Xét học bạ,daniele15,
DHL,7620302,Bệnh học thủy sản,B00,18.00,,HocBa,2020,Xét học bạ,daniele15,
DHL,7620302,Bệnh học thủy sản,D07,18.00,,HocBa,2020,Xét học bạ,daniele15,
DHL,7620302,Bệnh học thủy sản,D08,18.00,,HocBa,2020,Xét học bạ,daniele15,
DHL,7620305,Quản lý thủy sản,A00,18.00,,HocBa,2020,Xét học bạ,daniele15,
DHL,7620305,Quản lý thủy sản,B00,18.00,,HocBa,2020,Xét học bạ,daniele15,
DHL,7620305,Quản lý thủy sản,D07,18.00,,HocBa,2020,Xét học bạ,daniele15,
DHL,7620305,Quản lý thủy sản,D08,18.00,,HocBa,2020,Xét học bạ,daniele15,
DHL,7640101,Thú y,A00,19.00,,HocBa,2020,Xét học bạ,daniele15,
DHL,7640101,Thú y,A02,19.00,,HocBa,2020,Xét học bạ,daniele15,
DHL,7640101,Thú y,B00,19.00,,HocBa,2020,Xét học bạ,daniele15,
DHL,7640101,Thú y,D08,19.00,,HocBa,2020,Xét học bạ,daniele15,
DHL,7850103,Quản lý đất đai,A00,18.00,,HocBa,2020,Xét học bạ,daniele15,
DHL,7850103,Quản lý đất đai,C00,18.00,,HocBa,2020,Xét học bạ,daniele15,
DHL,7850103,Quản lý đất đai,C04,18.00,,HocBa,2020,Xét học bạ,daniele15,
DHL,7850103,Quản lý đất đai,D01,18.00,,HocBa,2020,Xét học bạ,daniele15,
DHN,7140222,Sư phạm Mỹ thuật,H00,18.50,,THPTQG,2020,,daniele15,
DHN,7210103,Hội hoạ,H00,17.00,,THPTQG,2020,,daniele15,
DHN,7210105,Điêu khắc,H00,17.00,,THPTQG,2020,,daniele15,
DHN,7210403,Thiết kế đồ họa,H00,17.00,,THPTQG,2020,,daniele15,
DHN,7210404,Thiết kế thời trang,H00,17.00,,THPTQG,2020,,daniele15,
DHN,7580108,Thiết kế nội thất,H00,17.00,,THPTQG,2020,,daniele15,
DHQ,7510406,Công nghệ kỹ thuật môi trường,A09,18.00,,HocBa,2020,Xét học bạ,daniele15,
DHQ,7510406,Công nghệ kỹ thuật môi trường,B00,18.00,,HocBa,2020,Xét học bạ,daniele15,
DHQ,7510406,Công nghệ kỹ thuật môi trường,B04,18.00,,HocBa,2020,Xét học bạ,daniele15,
DHQ,7510406,Công nghệ kỹ thuật môi trường,D07,18.00,,HocBa,2020,Xét học bạ,daniele15,
DHQ,7520201,Kỹ thuật điện,A00,18.00,,HocBa,2020,Xét học bạ,daniele15,
DHQ,7520201,Kỹ thuật điện,A01,18.00,,HocBa,2020,Xét học bạ,daniele15,
DHQ,7520201,Kỹ thuật điện,B04,18.00,,HocBa,2020,Xét học bạ,daniele15,
DHQ,7520201,Kỹ thuật điện,C16,18.00,,HocBa,2020,Xét học bạ,daniele15,
DHQ,7520216,Kỹ thuật điều khiển và tự động hoá,A00,19.00,,HocBa,2020,Xét học bạ,daniele15,
DHQ,7520216,Kỹ thuật điều khiển và tự động hoá,A01,19.00,,HocBa,2020,Xét học bạ,daniele15,
DHQ,7520216,Kỹ thuật điều khiển và tự động hoá,A09,19.00,,HocBa,2020,Xét học bạ,daniele15,
DHQ,7520216,Kỹ thuật điều khiển và tự động hoá,C14,19.00,,HocBa,2020,Xét học bạ,daniele15,
DHQ,7580201,Kỹ thuật Xây dựng,A00,18.00,,HocBa,2020,Xét học bạ,daniele15,
DHQ,7580201,Kỹ thuật Xây dựng,A01,18.00,,HocBa,2020,Xét học bạ,daniele15,
DHQ,7580201,Kỹ thuật Xây dựng,A09,18.00,,HocBa,2020,Xét học bạ,daniele15,
DHQ,7580201,Kỹ thuật Xây dựng,C14,18.00,,HocBa,2020,Xét học bạ,daniele15,
DHQ,7580301,Kinh tế,A00,18.00,,HocBa,2020,Xét học bạ,daniele15,
DHQ,7580301,Kinh tế,A01,18.00,,HocBa,2020,Xét học bạ,daniele15,
DHQ,7580301,Kinh tế,A09,18.00,,HocBa,2020,Xét học bạ,daniele15,
DHQ,7580301,Kinh tế,B04,18.00,,HocBa,2020,Xét học bạ,daniele15,
DHQ,7810103,Quản trị dịch vụ du lịch và lữ hành,C00,18.00,,HocBa,2020,Xét học bạ,daniele15,
DHQ,7810103,Quản trị dịch vụ du lịch và lữ hành,D01,18.00,,HocBa,2020,Xét học bạ,daniele15,
DHQ,7810103,Quản trị dịch vụ du lịch và lữ hành,D10,18.00,,HocBa,2020,Xét học bạ,daniele15,
DHS,7140202,Giáo dục Tiểu học,C00,24.00,,HocBa,2020,Xét học bạGiáo dục tiểu học - Giáo dục hòa nhập,daniele15,
DHS,7140202,Giáo dục Tiểu học,D01,24.00,,HocBa,2020,Xét học bạGiáo dục tiểu học - Giáo dục hòa nhập,daniele15,
DHS,7140202,Giáo dục Tiểu học,D08,24.00,,HocBa,2020,Xét học bạGiáo dục tiểu học - Giáo dục hòa nhập,daniele15,
DHS,7140202,Giáo dục Tiểu học,D10,24.00,,HocBa,2020,Xét học bạGiáo dục tiểu học - Giáo dục hòa nhập,daniele15,
DHS,7140202TA,Giáo dục Tiểu học,C00,24.00,,HocBa,2020,Xét học bạCT đào tạo bằng tiếng Anh,daniele15,
DHS,7140202TA,Giáo dục Tiểu học,D01,24.00,,HocBa,2020,Xét học bạCT đào tạo bằng tiếng Anh,daniele15,
DHS,7140202TA,Giáo dục Tiểu học,D08,24.00,,HocBa,2020,Xét học bạCT đào tạo bằng tiếng Anh,daniele15,
DHS,7140202TA,Giáo dục Tiểu học,D10,24.00,,HocBa,2020,Xét học bạCT đào tạo bằng tiếng Anh,daniele15,
DHS,7140204,Giáo dục Công dân,C00,24.00,,HocBa,2020,Xét học bạ,daniele15,
DHS,7140204,Giáo dục Công dân,C19,24.00,,HocBa,2020,Xét học bạ,daniele15,
DHS,7140204,Giáo dục Công dân,C20,24.00,,HocBa,2020,Xét học bạ,daniele15,
DHS,7140205,Giáo dục Chính trị,C00,24.00,,HocBa,2020,Xét học bạ,daniele15,
DHS,7140205,Giáo dục Chính trị,C19,24.00,,HocBa,2020,Xét học bạ,daniele15,
DHS,7140205,Giáo dục Chính trị,C20,24.00,,HocBa,2020,Xét học bạ,daniele15,
DHS,7140208,Giáo dục Quốc phòng - An ninh,C00,24.00,,HocBa,2020,Xét học bạ,daniele15,
DHS,7140208,Giáo dục Quốc phòng - An ninh,C19,24.00,,HocBa,2020,Xét học bạ,daniele15,
DHS,7140208,Giáo dục Quốc phòng - An ninh,C20,24.00,,HocBa,2020,Xét học bạ,daniele15,
DHS,7140209,Sư phạm Toán học,A00,24.00,,HocBa,2020,Xét học bạ,daniele15,
DHS,7140209,Sư phạm Toán học,A01,24.00,,HocBa,2020,Xét học bạ,daniele15,
DHS,7140209TA,Sư phạm Toán học,A00,24.00,,HocBa,2020,Xét học bạCT đào tạo bằng tiếng Anh,daniele15,
DHS,7140209TA,Sư phạm Toán học,A01,24.00,,HocBa,2020,Xét học bạCT đào tạo bằng tiếng Anh,daniele15,
DHS,7140210,Sư phạm Tin học,A00,24.00,,HocBa,2020,Xét học bạ,daniele15,
DHS,7140210,Sư phạm Tin học,A01,24.00,,HocBa,2020,Xét học bạ,daniele15,
DHS,7140210TA,Sư phạm Tin học,A00,24.00,,HocBa,2020,Xét học bạCT đào tạo bằng tiếng Anh,daniele15,
DHS,7140210TA,Sư phạm Tin học,A01,24.00,,HocBa,2020,Xét học bạCT đào tạo bằng tiếng Anh,daniele15,
DHS,7140211,Sư phạm Vật lý,A00,24.00,,HocBa,2020,xét học bạ,daniele15,
DHS,7140211,Sư phạm Vật lý,A01,24.00,,HocBa,2020,xét học bạ,daniele15,
DHS,7140211TA,Sư phạm Vật lý,A00,24.00,,HocBa,2020,Xét học bạCT đào tạo bằng tiếng Anh,daniele15,
DHS,7140211TA,Sư phạm Vật lý,A01,24.00,,HocBa,2020,Xét học bạCT đào tạo bằng tiếng Anh,daniele15,
DHS,7140212,Sư phạm Hóa học,A00,24.00,,HocBa,2020,Xét học bạ,daniele15,
DHS,7140212,Sư phạm Hóa học,B00,24.00,,HocBa,2020,Xét học bạ,daniele15,
DHS,7140212,Sư phạm Hóa học,D07,24.00,,HocBa,2020,Xét học bạ,daniele15,
DHS,7140212TA,Sư phạm Hóa học,A00,24.00,,HocBa,2020,Xét học bạCT đào tạo tiếng Anh,daniele15,
DHS,7140212TA,Sư phạm Hóa học,B00,24.00,,HocBa,2020,Xét học bạCT đào tạo tiếng Anh,daniele15,
DHS,7140212TA,Sư phạm Hóa học,D07,24.00,,HocBa,2020,Xét học bạCT đào tạo tiếng Anh,daniele15,
DHS,7140213,Sư phạm Sinh học,B00,24.00,,HocBa,2020,Xét học bạ,daniele15,
DHS,7140213,Sư phạm Sinh học,D08,24.00,,HocBa,2020,Xét học bạ,daniele15,
DHS,7140213TA,Sư phạm Sinh học,B00,24.00,,HocBa,2020,Xét học bạCT đào tạo bằng tiếng Anh,daniele15,
DHS,7140213TA,Sư phạm Sinh học,D08,24.00,,HocBa,2020,Xét học bạCT đào tạo bằng tiếng Anh,daniele15,
DHS,7140217,Sư phạm Ngữ văn,C00,24.00,,HocBa,2020,Xét học bạ,daniele15,
DHS,7140217,Sư phạm Ngữ văn,C19,24.00,,HocBa,2020,Xét học bạ,daniele15,
DHS,7140217,Sư phạm Ngữ văn,C20,24.00,,HocBa,2020,Xét học bạ,daniele15,
DHS,7140217,Sư phạm Ngữ văn,D14,24.00,,HocBa,2020,Xét học bạ,daniele15,
DHS,7140218,Sư phạm Lịch sử,C00,24.00,,HocBa,2020,Xét học bạ,daniele15,
DHS,7140218,Sư phạm Lịch sử,C19,24.00,,HocBa,2020,Xét học bạ,daniele15,
DHS,7140218,Sư phạm Lịch sử,D14,24.00,,HocBa,2020,Xét học bạ,daniele15,
DHS,7140219,Sư phạm Địa lý,B00,24.00,,HocBa,2020,Xét học bạ,daniele15,
DHS,7140219,Sư phạm Địa lý,C00,24.00,,HocBa,2020,Xét học bạ,daniele15,
DHS,7140246,Sư phạm công nghệ,A00,24.00,,HocBa,2020,Xét học bạ,daniele15,
DHS,7140246,Sư phạm công nghệ,A01,24.00,,HocBa,2020,Xét học bạ,daniele15,
DHS,7140246,Sư phạm công nghệ,B00,24.00,,HocBa,2020,Xét học bạ,daniele15,
DHS,7140246,Sư phạm công nghệ,D08,24.00,,HocBa,2020,Xét học bạ,daniele15,
DHS,7140247,Sư phạm khoa học tự nhiên,A00,24.00,,HocBa,2020,Xét học bạ,daniele15,
DHS,7140247,Sư phạm khoa học tự nhiên,A01,24.00,,HocBa,2020,Xét học bạ,daniele15,
DHS,7140247,Sư phạm khoa học tự nhiên,B00,24.00,,HocBa,2020,Xét học bạ,daniele15,
DHS,7140247,Sư phạm khoa học tự nhiên,D08,24.00,,HocBa,2020,Xét học bạ,daniele15,
DHS,7140248,Giáo dục pháp luật,C00,24.00,,HocBa,2020,Xét học bạ,daniele15,
DHS,7140248,Giáo dục pháp luật,C19,24.00,,HocBa,2020,Xét học bạ,daniele15,
DHS,7140248,Giáo dục pháp luật,C20,24.00,,HocBa,2020,Xét học bạ,daniele15,
DHS,7140249,Sư phạm Lịch sử Địa lý,C00,24.00,,HocBa,2020,Xét học bạ,daniele15,
DHS,7140249,Sư phạm Lịch sử Địa lý,C19,24.00,,HocBa,2020,Xét học bạ,daniele15,
DHS,7140249,Sư phạm Lịch sử Địa lý,C20,24.00,,HocBa,2020,Xét học bạ,daniele15,
DHS,7310403,Tâm lý học,B00,18.00,,HocBa,2020,Xét học bạ,daniele15,
DHS,7310403,Tâm lý học,C00,18.00,,HocBa,2020,Xét học bạ,daniele15,
DHS,7310403,Tâm lý học,D01,18.00,,HocBa,2020,Xét học bạ,daniele15,
DHS,7480104,Hệ thống thông tin,A00,18.00,,HocBa,2020,Xét học bạ,daniele15,
DHS,7480104,Hệ thống thông tin,A01,18.00,,HocBa,2020,Xét học bạ,daniele15,
DHS,T140211,Vật lí,A00,25.00,,HocBa,2020,Xét học bạCT tiên tiến,daniele15,
DHS,T140211,Vật lí,A01,25.00,,HocBa,2020,Xét học bạCT tiên tiến,daniele15,
DHT,7220104,Hán Nôm,C00,20.00,,HocBa,2020,Xét học bạ,daniele15,
DHT,7220104,Hán Nôm,C19,20.00,,HocBa,2020,Xét học bạ,daniele15,
DHT,7220104,Hán Nôm,D14,20.00,,HocBa,2020,Xét học bạ,daniele15,
DHT,7229001,Triết học,C00,19.00,,HocBa,2020,Xét học bạ,daniele15,
DHT,7229001,Triết học,C19,19.00,,HocBa,2020,Xét học bạ,daniele15,
DHT,7229001,Triết học,D66,19.00,,HocBa,2020,Xét học bạ,daniele15,
DHT,7229010,Lịch sử,C00,18.50,,HocBa,2020,Xét học bạ,daniele15,
DHT,7229010,Lịch sử,C19,18.50,,HocBa,2020,Xét học bạ,daniele15,
DHT,7229010,Lịch sử,D14,18.50,,HocBa,2020,Xét học bạ,daniele15,
DHT,7229020,Ngôn ngữ học,C00,20.00,,HocBa,2020,Xét học bạ,daniele15,
DHT,7229020,Ngôn ngữ học,C19,20.00,,HocBa,2020,Xét học bạ,daniele15,
DHT,7229020,Ngôn ngữ học,D14,20.00,,HocBa,2020,Xét học bạ,daniele15,
DHT,7229030,Văn học,C00,20.00,,HocBa,2020,Xét học bạ,daniele15,
DHT,7229030,Văn học,C19,20.00,,HocBa,2020,Xét học bạ,daniele15,
DHT,7229030,Văn học,D14,20.00,,HocBa,2020,Xét học bạ,daniele15,
DHT,7310108,Toán kinh tế,A00,20.00,,HocBa,2020,Xét học bạ,daniele15,
DHT,7310108,Toán kinh tế,A01,20.00,,HocBa,2020,Xét học bạ,daniele15,
DHT,7310108,Toán kinh tế,D07,20.00,,HocBa,2020,Xét học bạ,daniele15,
DHT,7310205,Quản lý nhà nước,A00,18.50,,THPTQG,2020,Xét ọc bạ,daniele15,
DHT,7310205,Quản lý nhà nước,C19,18.50,,THPTQG,2020,Xét ọc bạ,daniele15,
DHT,7310205,Quản lý nhà nước,D66,18.50,,THPTQG,2020,Xét ọc bạ,daniele15,
DHT,7310301,Xã hội học,C00,20.00,,HocBa,2020,Xét học bạ,daniele15,
DHT,7310301,Xã hội học,D01,20.00,,HocBa,2020,Xét học bạ,daniele15,
DHT,7310301,Xã hội học,D14,20.00,,HocBa,2020,Xét học bạ,daniele15,
DHT,7310608,Đông phương học,C00,19.00,,HocBa,2020,Xét học bạ,daniele15,
DHT,7310608,Đông phương học,C19,19.00,,HocBa,2020,Xét học bạ,daniele15,
DHT,7310608,Đông phương học,D14,19.00,,HocBa,2020,Xét học bạ,daniele15,
DHT,7320101,Báo chí,C00,20.00,,HocBa,2020,Xét học bạ,daniele15,
DHT,7320101,Báo chí,D01,20.00,,HocBa,2020,Xét học bạ,daniele15,
DHT,7320101,Báo chí,D15,20.00,,HocBa,2020,Xét học bạ,daniele15,
DHT,7420201,Công nghệ sinh học,A00,20.00,,HocBa,2020,Xét học bạ,daniele15,
DHT,7420201,Công nghệ sinh học,B00,20.00,,HocBa,2020,Xét học bạ,daniele15,
DHT,7420201,Công nghệ sinh học,D08,20.00,,HocBa,2020,Xét học bạ,daniele15,
DHT,7420202,Kỹ thuật Sinh học,A00,20.00,,HocBa,2020,Xét học bạ,daniele15,
DHT,7420202,Kỹ thuật Sinh học,B00,20.00,,HocBa,2020,Xét học bạ,daniele15,
DHT,7420202,Kỹ thuật Sinh học,D08,20.00,,HocBa,2020,Xét học bạ,daniele15,
DHT,7440112,Hoá học,A00,19.00,,HocBa,2020,Xét học bạ,daniele15,
DHT,7440112,Hoá học,B00,19.00,,HocBa,2020,Xét học bạ,daniele15,
DHT,7440112,Hoá học,D07,19.00,,HocBa,2020,Xét học bạ,daniele15,
DHT,7440301,Khoa học môi trường,A00,18.50,,HocBa,2020,Xét học bạ,daniele15,
DHT,7440301,Khoa học môi trường,B00,18.50,,HocBa,2020,Xét học bạ,daniele15,
DHT,7440301,Khoa học môi trường,D07,18.50,,HocBa,2020,Xét học bạ,daniele15,
DHT,7480103,Kỹ thuật phần mềm,A00,20.00,,HocBa,2020,Xét học bạ,daniele15,
DHT,7480103,Kỹ thuật phần mềm,A01,20.00,,HocBa,2020,Xét học bạ,daniele15,
DHT,7480103,Kỹ thuật phần mềm,D07,20.00,,HocBa,2020,Xét học bạ,daniele15,
DHT,7480201,Công nghệ thông tin,A00,20.00,,HocBa,2020,Xét học bạ,daniele15,
DHT,7480201,Công nghệ thông tin,A01,20.00,,HocBa,2020,Xét học bạ,daniele15,
DHT,7480201,Công nghệ thông tin,D07,20.00,,HocBa,2020,Xét học bạ,daniele15,
DHT,7510302,Công nghệ kỹ thuật điện tử - viễn thông,A00,18.00,,HocBa,2020,Xét học bạ,daniele15,
DHT,7510302,Công nghệ kỹ thuật điện tử - viễn thông,A01,18.00,,HocBa,2020,Xét học bạ,daniele15,
DHT,7510401,Công nghệ kỹ thuật hoá học,A00,19.00,,HocBa,2020,Xét học bạ,daniele15,
DHT,7510401,Công nghệ kỹ thuật hoá học,B00,19.00,,HocBa,2020,Xét học bạ,daniele15,
DHT,7510401,Công nghệ kỹ thuật hoá học,D07,19.00,,HocBa,2020,Xét học bạ,daniele15,
DHT,7520320,Kỹ thuật môi trường,A00,20.00,,HocBa,2020,Xét học bạ,daniele15,
DHT,7520320,Kỹ thuật môi trường,B00,20.00,,HocBa,2020,Xét học bạ,daniele15,
DHT,7520320,Kỹ thuật môi trường,D07,20.00,,HocBa,2020,Xét học bạ,daniele15,
DHT,7520501,Kỹ thuật địa chất,A00,18.50,,HocBa,2020,Xét học bạ,daniele15,
DHT,7520501,Kỹ thuật địa chất,B00,18.50,,HocBa,2020,Xét học bạ,daniele15,
DHT,7520501,Kỹ thuật địa chất,D07,18.50,,HocBa,2020,Xét học bạ,daniele15,
DHT,7580211,Địa kỹ thuật xây dựng,A00,18.50,,HocBa,2020,Xét học bạ,daniele15,
DHT,7580211,Địa kỹ thuật xây dựng,A01,18.50,,HocBa,2020,Xét học bạ,daniele15,
DHT,7580211,Địa kỹ thuật xây dựng,D07,18.50,,HocBa,2020,Xét học bạ,daniele15,
DHT,7760101,Công tác xã hội,C00,19.50,,HocBa,2020,Xét học bạ,daniele15,
DHT,7760101,Công tác xã hội,D01,19.50,,HocBa,2020,Xét học bạ,daniele15,
DHT,7760101,Công tác xã hội,D14,19.50,,HocBa,2020,Xét học bạ,daniele15,
DHT,7850101,Quản lý tài nguyên và môi trường,A00,18.50,,HocBa,2020,Xét học bạ,daniele15,
DHT,7850101,Quản lý tài nguyên và môi trường,B00,18.50,,HocBa,2020,Xét học bạ,daniele15,
DHT,7850101,Quản lý tài nguyên và môi trường,C04,18.50,,HocBa,2020,Xét học bạ,daniele15,
DHV,7140201,Giáo dục Mầm non,,25.00,,THPTQG,2020,,daniele15,
DHV,7140202,Giáo dục Tiểu học,A00,18.50,,THPTQG,2020,,daniele15,
DHV,7140202,Giáo dục Tiểu học,C00,18.50,,THPTQG,2020,,daniele15,
DHV,7140202,Giáo dục Tiểu học,C19,18.50,,THPTQG,2020,,daniele15,
DHV,7140202,Giáo dục Tiểu học,D01,18.50,,THPTQG,2020,,daniele15,
DHV,7140206,Giáo dục Thể chất,T00,23.50,,THPTQG,2020,,daniele15,
DHV,7140206,Giáo dục Thể chất,T02,23.50,,THPTQG,2020,,daniele15,
DHV,7140206,Giáo dục Thể chất,T05,23.50,,THPTQG,2020,,daniele15,
DHV,7140206,Giáo dục Thể chất,T07,23.50,,THPTQG,2020,,daniele15,
DHV,7140209,Sư phạm Toán học,A00,18.50,,THPTQG,2020,,daniele15,
DHV,7140209,Sư phạm Toán học,A01,18.50,,THPTQG,2020,,daniele15,
DHV,7140209,Sư phạm Toán học,B00,18.50,,THPTQG,2020,,daniele15,
DHV,7140209,Sư phạm Toán học,D07,18.50,,THPTQG,2020,,daniele15,
DHV,7140212,Sư phạm Mỹ thuật,V00,23.50,,THPTQG,2020,,daniele15,
DHV,7140212,Sư phạm Mỹ thuật,V01,23.50,,THPTQG,2020,,daniele15,
DHV,7140212,Sư phạm Mỹ thuật,V02,23.50,,THPTQG,2020,,daniele15,
DHV,7140212,Sư phạm Mỹ thuật,V03,23.50,,THPTQG,2020,,daniele15,
DHV,7140217,Sư phạm Ngữ văn,C00,18.50,,THPTQG,2020,,daniele15,
DHV,7140217,Sư phạm Ngữ văn,C19,18.50,,THPTQG,2020,,daniele15,
DHV,7140217,Sư phạm Ngữ văn,D14,18.50,,THPTQG,2020,,daniele15,
DHV,7140217,Sư phạm Ngữ văn,D15,18.50,,THPTQG,2020,,daniele15,
DHV,7140221,Sư phạm Âm nhạc,N00,23.50,,THPTQG,2020,,daniele15,
DHV,7140221,Sư phạm Âm nhạc,N01,23.50,,THPTQG,2020,,daniele15,
DHV,7140231,Sư phạm Tiếng Anh,D01,18.50,,THPTQG,2020,,daniele15,
DHV,7140231,Sư phạm Tiếng Anh,D11,18.50,,THPTQG,2020,,daniele15,
DHV,7140231,Sư phạm Tiếng Anh,D14,18.50,,THPTQG,2020,,daniele15,
DHV,7140231,Sư phạm Tiếng Anh,D15,18.50,,THPTQG,2020,,daniele15,
DHV,7220201,Ngôn ngữ Anh,D01,15.00,,THPTQG,2020,,daniele15,
DHV,7220201,Ngôn ngữ Anh,D14,15.00,,THPTQG,2020,,daniele15,
DHV,7220201,Ngôn ngữ Anh,D15,15.00,,THPTQG,2020,,daniele15,
DHV,7220201,Ngôn ngữ Anh,D66,15.00,,THPTQG,2020,,daniele15,
DHV,7220204,Ngôn ngữ Trung Quốc,C00,15.00,,THPTQG,2020,,daniele15,
DHV,7220204,Ngôn ngữ Trung Quốc,D01,15.00,,THPTQG,2020,,daniele15,
DHV,7220204,Ngôn ngữ Trung Quốc,D04,15.00,,THPTQG,2020,,daniele15,
DHV,7220204,Ngôn ngữ Trung Quốc,D15,15.00,,THPTQG,2020,,daniele15,
DHV,7340101,Quản trị kinh doanh,A00,15.00,,THPTQG,2020,,daniele15,
DHV,7340101,Quản trị kinh doanh,C00,15.00,,THPTQG,2020,,daniele15,
DHV,7340101,Quản trị kinh doanh,C01,15.00,,THPTQG,2020,,daniele15,
DHV,7340101,Quản trị kinh doanh,D01,15.00,,THPTQG,2020,,daniele15,
DHV,7340201,Tài chính - Ngân hàng,A00,15.00,,THPTQG,2020,,daniele15,
DHV,7340201,Tài chính - Ngân hàng,C00,15.00,,THPTQG,2020,,daniele15,
DHV,7340201,Tài chính - Ngân hàng,C04,15.00,,THPTQG,2020,,daniele15,
DHV,7340201,Tài chính - Ngân hàng,D01,15.00,,THPTQG,2020,,daniele15,
DHV,7340301,Kế toán,A00,15.00,,THPTQG,2020,,daniele15,
DHV,7340301,Kế toán,C03,15.00,,THPTQG,2020,,daniele15,
DHV,7340301,Kế toán,C14,15.00,,THPTQG,2020,,daniele15,
DHV,7340301,Kế toán,D01,15.00,,THPTQG,2020,,daniele15,
DHV,7480201,Công nghệ thông tin,A00,15.00,,THPTQG,2020,,daniele15,
DHV,7480201,Công nghệ thông tin,A01,15.00,,THPTQG,2020,,daniele15,
DHV,7480201,Công nghệ thông tin,C14,15.00,,THPTQG,2020,,daniele15,
DHV,7480201,Công nghệ thông tin,D01,15.00,,THPTQG,2020,,daniele15,
DHV,7510301,"Công nghệ kỹ thuật điện, điện tử",A00,15.00,,THPTQG,2020,,daniele15,
DHV,7510301,"Công nghệ kỹ thuật điện, điện tử",A01,15.00,,THPTQG,2020,,daniele15,
DHV,7510301,"Công nghệ kỹ thuật điện, điện tử",B00,15.00,,THPTQG,2020,,daniele15,
DHV,7510301,"Công nghệ kỹ thuật điện, điện tử",D01,15.00,,THPTQG,2020,,daniele15,
DHV,7620105,Chăn nuôi,A00,15.00,,THPTQG,2020,,daniele15,
DHV,7620105,Chăn nuôi,B00,15.00,,THPTQG,2020,,daniele15,
DHV,7620105,Chăn nuôi,D07,15.00,,THPTQG,2020,,daniele15,
DHV,7620105,Chăn nuôi,D08,15.00,,THPTQG,2020,,daniele15,
DHV,7620110,Khoa học cây trồng,A00,15.00,,THPTQG,2020,,daniele15,
DHV,7620110,Khoa học cây trồng,B00,15.00,,THPTQG,2020,,daniele15,
DHV,7620110,Khoa học cây trồng,D07,15.00,,THPTQG,2020,,daniele15,
DHV,7620110,Khoa học cây trồng,D08,15.00,,THPTQG,2020,,daniele15,
DHV,7640101,Thú y,A00,15.00,,THPTQG,2020,,daniele15,
DHV,7640101,Thú y,B00,15.00,,THPTQG,2020,,daniele15,
DHV,7640101,Thú y,D07,15.00,,THPTQG,2020,,daniele15,
DHV,7640101,Thú y,D08,15.00,,THPTQG,2020,,daniele15,
DHV,7760101,Công tác xã hội,C00,15.00,,THPTQG,2020,,daniele15,
DHV,7760101,Công tác xã hội,C20,15.00,,THPTQG,2020,,daniele15,
DHV,7760101,Công tác xã hội,D01,15.00,,THPTQG,2020,,daniele15,
DHV,7760101,Công tác xã hội,D15,15.00,,THPTQG,2020,,daniele15,
DHV,7810101,Du lịch,C00,15.00,,THPTQG,2020,,daniele15,
DHV,7810101,Du lịch,C20,15.00,,THPTQG,2020,,daniele15,
DHV,7810101,Du lịch,D01,15.00,,THPTQG,2020,,daniele15,
DHV,7810101,Du lịch,D15,15.00,,THPTQG,2020,,daniele15,
DHV,7810103,Quản trị dịch vụ du lịch và lữ hành,A00,15.00,,THPTQG,2020,,daniele15,
DHV,7810103,Quản trị dịch vụ du lịch và lữ hành,A01,15.00,,THPTQG,2020,,daniele15,
DHV,7810103,Quản trị dịch vụ du lịch và lữ hành,C00,15.00,,THPTQG,2020,,daniele15,
DHV,7810103,Quản trị dịch vụ du lịch và lữ hành,D01,15.00,,THPTQG,2020,,daniele15,
DHY,7720101,Y khoa,B00,27.55,,THPTQG,2020,,daniele15,
DHY,7720110,Y học dự phòng,B00,19.75,,THPTQG,2020,,daniele15,
DHY,7720115,Y học cổ truyền,B00,24.80,,THPTQG,2020,,daniele15,
DHY,7720201,Dược học,A00,25.60,,THPTQG,2020,,daniele15,
DHY,7720301,Điều dưỡng,B00,22.50,,THPTQG,2020,,daniele15,
DHY,7720302,Hộ sinh,B00,19.15,,THPTQG,2020,,daniele15,
DHY,7720501,Răng - Hàm - Mặt,B00,27.75,,THPTQG,2020,,daniele15,
DHY,7720601,Kỹ thuật xét nghiệm y học,B00,24.40,,THPTQG,2020,,daniele15,
DHY,7720602,Kỹ thuật hình ảnh y học,B00,23.45,,THPTQG,2020,,daniele15,
DHY,7720701,Y tế công cộng,B00,17.15,,THPTQG,2020,,daniele15,
DKB,7340101,Quản trị kinh doanh,A00,15.00,,THPTQG,2020,Thí sinh kv3,daniele15,
DKB,7340101,Quản trị kinh doanh,A01,15.00,,THPTQG,2020,Thí sinh kv3,daniele15,
DKB,7340101,Quản trị kinh doanh,C03,15.00,,THPTQG,2020,Thí sinh kv3,daniele15,
DKB,7340101,Quản trị kinh doanh,D01,15.00,,THPTQG,2020,Thí sinh kv3,daniele15,
DKB,7340115,Marketing,A00,15.00,,THPTQG,2020,Thí sinh KV3,daniele15,
DKB,7340115,Marketing,A01,15.00,,THPTQG,2020,Thí sinh KV3,daniele15,
DKB,7340115,Marketing,C03,15.00,,THPTQG,2020,Thí sinh KV3,daniele15,
DKB,7340115,Marketing,D01,15.00,,THPTQG,2020,Thí sinh KV3,daniele15,
DKB,7340115,Marketing,D09,15.00,,THPTQG,2020,Thí sinh KV3,daniele15,
DKB,7340201,Tài chính - Ngân hàng,A00,15.00,,THPTQG,2020,Thí sinh KV3,daniele15,
DKB,7340201,Tài chính - Ngân hàng,A01,15.00,,THPTQG,2020,Thí sinh KV3,daniele15,
DKB,7340201,Tài chính - Ngân hàng,C03,15.00,,THPTQG,2020,Thí sinh KV3,daniele15,
DKB,7340201,Tài chính - Ngân hàng,D01,15.00,,THPTQG,2020,Thí sinh KV3,daniele15,
DKB,7340301,Kế toán,A00,15.00,,THPTQG,2020,Thí sinh KV3,daniele15,
DKB,7340301,Kế toán,A01,15.00,,THPTQG,2020,Thí sinh KV3,daniele15,
DKB,7340301,Kế toán,C03,15.00,,THPTQG,2020,Thí sinh KV3,daniele15,
DKB,7340301,Kế toán,D01,15.00,,THPTQG,2020,Thí sinh KV3,daniele15,
DKB,7340406,Quản trị văn phòng,A00,15.00,,THPTQG,2020,Thí sinh KV3,daniele15,
DKB,7340406,Quản trị văn phòng,A01,15.00,,THPTQG,2020,Thí sinh KV3,daniele15,
DKB,7340406,Quản trị văn phòng,C03,15.00,,THPTQG,2020,Thí sinh KV3,daniele15,
DKB,7340406,Quản trị văn phòng,D01,15.00,,THPTQG,2020,Thí sinh KV3,daniele15,
DKB,7480201,Công nghệ thông tin,A00,15.00,,THPTQG,2020,Thí sinh KV3,daniele15,
DKB,7480201,Công nghệ thông tin,A01,15.00,,THPTQG,2020,Thí sinh KV3,daniele15,
DKB,7480201,Công nghệ thông tin,C01,15.00,,THPTQG,2020,Thí sinh KV3,daniele15,
DKB,7510301,"Công nghệ kỹ thuật điện, điện tử",A00,15.00,,THPTQG,2020,Thí sinh KV3,daniele15,
DKB,7510301,"Công nghệ kỹ thuật điện, điện tử",A01,15.00,,THPTQG,2020,Thí sinh KV3,daniele15,
DKB,7510301,"Công nghệ kỹ thuật điện, điện tử",C01,15.00,,THPTQG,2020,Thí sinh KV3,daniele15,
DKB,7580205,Kỹ thuật xây dựng,A00,15.00,,THPTQG,2020,Thí sinh KV3,daniele15,
DKB,7580205,Kỹ thuật xây dựng,A01,15.00,,THPTQG,2020,Thí sinh KV3,daniele15,
DKB,7580205,Kỹ thuật xây dựng,C01,15.00,,THPTQG,2020,Thí sinh KV3,daniele15,
DKC,7210403,Thiết kế đồ họa,,18.00,,HocBa,2020,Xét học bạ,daniele15,
DKC,7210403,Thiết kế đồ họa,,18.00,,THPTQG,2020,Điểm TN,daniele15,
DKC,7210403,Thiết kế đồ họa,,625.00,,DGNL,2020,,daniele15,
DKC,7210404,Thiết kế thời trang,,18.00,,HocBa,2020,Xét học bạ,daniele15,
DKC,7210404,Thiết kế thời trang,,20.00,,THPTQG,2020,Điểm TN,daniele15,
DKC,7210404,Thiết kế thời trang,,625.00,,DGNL,2020,,daniele15,
DKC,7210405,Thiết kế nội thất,,625.00,,DGNL,2020,,daniele15,
DKC,7220201,Ngôn ngữ Anh,,18.00,,THPTQG,2020,,daniele15,
DKC,7220201,Ngôn ngữ Anh,,18.00,,HocBa,2020,Xét học bạ,daniele15,
DKC,7220201,Ngôn ngữ Anh,,625.00,,DGNL,2020,,daniele15,
DKC,7220204,Ngôn ngữ Trung Quốc,A01,18.00,,THPTQG,2020,Điểm TN,daniele15,
DKC,7220204,Ngôn ngữ Trung Quốc,C00,18.00,,THPTQG,2020,Điểm TN,daniele15,
DKC,7220204,Ngôn ngữ Trung Quốc,D01,18.00,,THPTQG,2020,Điểm TN,daniele15,
DKC,7220204,Ngôn ngữ Trung Quốc,D15,18.00,,THPTQG,2020,Điểm TN,daniele15,
DKC,7220204,Ngôn ngữ Trung Quốc,A01,18.00,,HocBa,2020,Xét học bạ,daniele15,
DKC,7220204,Ngôn ngữ Trung Quốc,C00,18.00,,HocBa,2020,Xét học bạ,daniele15,
DKC,7220204,Ngôn ngữ Trung Quốc,D01,18.00,,HocBa,2020,Xét học bạ,daniele15,
DKC,7220204,Ngôn ngữ Trung Quốc,D15,18.00,,HocBa,2020,Xét học bạ,daniele15,
DKC,7220209,Ngôn ngữ Nhật,,18.00,,THPTQG,2020,,daniele15,
DKC,7220209,Ngôn ngữ Nhật,,18.00,,HocBa,2020,Xét học bạ,daniele15,
DKC,7220209,Ngôn ngữ Nhật,,625.00,,DGNL,2020,,daniele15,
DKC,7220210,Ngôn ngữ Hàn Quốc,,18.00,,THPTQG,2020,Điểm TN,daniele15,
DKC,7220210,Ngôn ngữ Hàn Quốc,,625.00,,DGNL,2020,,daniele15,
DKC,7220213,Đông phương học,,625.00,,DGNL,2020,,daniele15,
DKC,7310401,Tâm lý học,,18.00,,THPTQG,2020,,daniele15,
DKC,7310401,Tâm lý học,,18.00,,HocBa,2020,Xét học bạ,daniele15,
DKC,7310401,Tâm lý học,,625.00,,DGNL,2020,,daniele15,
DKC,7310608,Đông phương học,A01,18.00,,HocBa,2020,Xét học bạ,daniele15,
DKC,7310608,Đông phương học,A01,18.00,,THPTQG,2020,Điểm TN,daniele15,
DKC,7310630,Việt Nam học,,18.00,,HocBa,2020,Xét học bạ,daniele15,
DKC,7310630,Việt Nam học,,18.00,,THPTQG,2020,Điểm TN,daniele15,
DKC,7310630,Việt Nam học,,625.00,,DGNL,2020,,daniele15,
DKC,7320104,Truyền thông đa phương tiện,,18.00,,HocBa,2020,Xét học bạ,daniele15,
DKC,7320104,Truyền thông đa phương tiện,,18.00,,THPTQG,2020,Điểm TN,daniele15,
DKC,7320104,Truyền thông đa phương tiện,,625.00,,DGNL,2020,,daniele15,
DKC,7340101,Quản trị kinh doanh,,18.00,,HocBa,2020,Xét học bạ,daniele15,
DKC,7340101,Quản trị kinh doanh,,18.00,,THPTQG,2020,,daniele15,
DKC,7340101,Quản trị kinh doanh,,625.00,,DGNL,2020,,daniele15,
DKC,7340103,Quản trị dịch vụ du lịch và lữ hành,,18.00,,THPTQG,2020,,daniele15,
DKC,7340103,Quản trị dịch vụ du lịch và lữ hành,,625.00,,DGNL,2020,,daniele15,
DKC,7340107,Quản trị khách sạn,,625.00,,DGNL,2020,,daniele15,
DKC,7340109,Quản trị nhà hàng và dịch vụ ăn uống,,625.00,,DGNL,2020,,daniele15,
DKC,7340115,Marketing,,18.00,,THPTQG,2020,,daniele15,
DKC,7340115,Marketing,,18.00,,HocBa,2020,Xét học bạ,daniele15,
DKC,7340115,Marketing,,625.00,,DGNL,2020,,daniele15,
DKC,7340120,Kinh doanh quốc tế,,18.00,,HocBa,2020,Xét học bạ,daniele15,
DKC,7340120,Kinh doanh quốc tế,,20.00,,THPTQG,2020,,daniele15,
DKC,7340120,Kinh doanh quốc tế,,625.00,,DGNL,2020,,daniele15,
DKC,7340121,Kinh doanh thương mại,,18.00,,HocBa,2020,Xét học bạ,daniele15,
DKC,7340121,Kinh doanh thương mại,,18.00,,THPTQG,2020,,daniele15,
DKC,7340121,Kinh doanh thương mại,,625.00,,DGNL,2020,,daniele15,
DKC,7340122,Thương mại điện tử,,18.00,,HocBa,2020,Xét học bạ,daniele15,
DKC,7340122,Thương mại điện tử,,19.00,,THPTQG,2020,,daniele15,
DKC,7340122,Thương mại điện tử,,625.00,,DGNL,2020,,daniele15,
DKC,7340201,Tài chính - Ngân hàng,,18.00,,HocBa,2020,Xét học bạ,daniele15,
DKC,7340201,Tài chính - Ngân hàng,,18.00,,THPTQG,2020,,daniele15,
DKC,7340201,Tài chính - Ngân hàng,,625.00,,DGNL,2020,,daniele15,
DKC,7340301,Kế toán,,18.00,,THPTQG,2020,,daniele15,
DKC,7340301,Kế toán,,18.00,,HocBa,2020,Xét học bạ,daniele15,
DKC,7340301,Kế toán,,625.00,,DGNL,2020,,daniele15,
DKC,7340405,Hệ thống thông tin quản lý,,18.00,,HocBa,2020,Xét học bạ,daniele15,
DKC,7340405,Hệ thống thông tin quản lý,,20.00,,THPTQG,2020,,daniele15,
DKC,7340405,Hệ thống thông tin quản lý,,625.00,,DGNL,2020,,daniele15,
DKC,7380101,Luật,A00,18.00,,HocBa,2020,Xét học bạ,daniele15,
DKC,7380101,Luật,A01,18.00,,HocBa,2020,Xét học bạ,daniele15,
DKC,7380101,Luật,C00,18.00,,HocBa,2020,Xét học bạ,daniele15,
DKC,7380101,Luật,D01,18.00,,HocBa,2020,Xét học bạ,daniele15,
DKC,7380101,Luật,A00,18.00,,THPTQG,2020,Điểm TN,daniele15,
DKC,7380101,Luật,A01,18.00,,THPTQG,2020,Điểm TN,daniele15,
DKC,7380101,Luật,C00,18.00,,THPTQG,2020,Điểm TN,daniele15,
DKC,7380101,Luật,D01,18.00,,THPTQG,2020,Điểm TN,daniele15,
DKC,7380107,Luật,A00,18.00,,HocBa,2020,Luật kinh tếXét học bạ,daniele15,
DKC,7380107,Luật,A01,18.00,,HocBa,2020,Luật kinh tếXét học bạ,daniele15,
DKC,7380107,Luật,C00,18.00,,HocBa,2020,Luật kinh tếXét học bạ,daniele15,
DKC,7380107,Luật,D01,18.00,,HocBa,2020,Luật kinh tếXét học bạ,daniele15,
DKC,7420201,Công nghệ sinh học,A00,18.00,,HocBa,2020,Xét học bạ,daniele15,
DKC,7420201,Công nghệ sinh học,B00,18.00,,HocBa,2020,Xét học bạ,daniele15,
DKC,7420201,Công nghệ sinh học,C08,18.00,,HocBa,2020,Xét học bạ,daniele15,
DKC,7420201,Công nghệ sinh học,D07,18.00,,HocBa,2020,Xét học bạ,daniele15,
DKC,7420201,Công nghệ sinh học,A00,18.00,,THPTQG,2020,,daniele15,
DKC,7420201,Công nghệ sinh học,B00,18.00,,THPTQG,2020,,daniele15,
DKC,7420201,Công nghệ sinh học,C08,18.00,,THPTQG,2020,,daniele15,
DKC,7420201,Công nghệ sinh học,D07,18.00,,THPTQG,2020,,daniele15,
DKC,7480201,Công nghệ thông tin,A01,18.00,,DGNL,2020,Xét học bạ,daniele15,
DKC,7480201,Công nghệ thông tin,A01,18.00,,THPTQG,2020,,daniele15,
DKC,7480202,An toàn thông tin,,18.00,,HocBa,2020,Xét học bạ,daniele15,
DKC,7480202,An toàn thông tin,,19.00,,THPTQG,2020,,daniele15,
DKC,7480202,An toàn thông tin,,625.00,,DGNL,2020,,daniele15,
DKC,7510205,Công nghệ kỹ thuật ô tô,,18.00,,HocBa,2020,Xét học bạ,daniele15,
DKC,7510205,Công nghệ kỹ thuật ô tô,,18.00,,THPTQG,2020,,daniele15,
DKC,7510205,Công nghệ kỹ thuật ô tô,,625.00,,DGNL,2020,,daniele15,
DKC,7510605,Logistics và Quản lý chuỗi cung ứng,A00,18.00,,THPTQG,2020,,daniele15,
DKC,7510605,Logistics và Quản lý chuỗi cung ứng,A01,18.00,,THPTQG,2020,,daniele15,
DKC,7510605,Logistics và Quản lý chuỗi cung ứng,C01,18.00,,THPTQG,2020,,daniele15,
DKC,7510605,Logistics và Quản lý chuỗi cung ứng,D01,18.00,,THPTQG,2020,,daniele15,
DKC,7510605,Logistics và Quản lý chuỗi cung ứng,A00,18.00,,HocBa,2020,Xét học bạ,daniele15,
DKC,7510605,Logistics và Quản lý chuỗi cung ứng,A01,18.00,,HocBa,2020,Xét học bạ,daniele15,
DKC,7510605,Logistics và Quản lý chuỗi cung ứng,C01,18.00,,HocBa,2020,Xét học bạ,daniele15,
DKC,7510605,Logistics và Quản lý chuỗi cung ứng,D01,18.00,,HocBa,2020,Xét học bạ,daniele15,
DKC,7520103,Kỹ thuật cơ khí,,18.00,,THPTQG,2020,,daniele15,
DKC,7520103,Kỹ thuật cơ khí,,18.00,,HocBa,2020,Xét học bạ,daniele15,
DKC,7520103,Kỹ thuật cơ khí,,625.00,,DGNL,2020,,daniele15,
DKC,7520114,Kỹ thuật cơ điện tử,,18.00,,HocBa,2020,Xét học bạ,daniele15,
DKC,7520114,Kỹ thuật cơ điện tử,,18.00,,THPTQG,2020,,daniele15,
DKC,7520114,Kỹ thuật cơ điện tử,,625.00,,DGNL,2020,,daniele15,
DKC,7520201,Kỹ thuật điện,,18.00,,HocBa,2020,Xét học bạ,daniele15,
DKC,7520201,Kỹ thuật điện,,18.00,,THPTQG,2020,,daniele15,
DKC,7520201,Kỹ thuật điện,,625.00,,DGNL,2020,,daniele15,
DKC,7520207,Kỹ thuật điện tử - viễn thông,,18.00,,HocBa,2020,Xét học bạ,daniele15,
DKC,7520207,Kỹ thuật điện tử - viễn thông,,19.00,,THPTQG,2020,,daniele15,
DKC,7520207,Kỹ thuật điện tử - viễn thông,,625.00,,DGNL,2020,,daniele15,
DKC,7520212,Kỹ thuật y sinh,,18.00,,HocBa,2020,Xét học bạ,daniele15,
DKC,7520212,Kỹ thuật y sinh,,19.00,,THPTQG,2020,,daniele15,
DKC,7520212,Kỹ thuật y sinh,,625.00,,DGNL,2020,,daniele15,
DKC,7520216,Kỹ thuật điều khiển và tự động hoá,,18.00,,HocBa,2020,Xét học bạ,daniele15,
DKC,7520216,Kỹ thuật điều khiển và tự động hoá,,18.00,,THPTQG,2020,Điểm TN,daniele15,
DKC,7520216,Kỹ thuật điều khiển và tự động hoá,,625.00,,DGNL,2020,,daniele15,
DKC,7520320,Kỹ thuật môi trường,,18.00,,HocBa,2020,Xét học bạ,daniele15,
DKC,7520320,Kỹ thuật môi trường,,18.00,,THPTQG,2020,Điểm tốt nghiệp THPT,daniele15,
DKC,7520320,Kỹ thuật môi trường,,625.00,,DGNL,2020,,daniele15,
DKC,7540101,Công nghệ thực phẩm,,18.00,,DGNL,2020,,daniele15,
DKC,7540101,Công nghệ thực phẩm,,18.00,,THPTQG,2020,,daniele15,
DKC,7540101,Công nghệ thực phẩm,,625.00,,DGNL,2020,,daniele15,
DKC,7540204,"Công nghệ dệt, may",,18.00,,DGNL,2020,Xét học bạ,daniele15,
DKC,7540204,"Công nghệ dệt, may",,18.00,,THPTQG,2020,,daniele15,
DKC,7540204,"Công nghệ dệt, may",,625.00,,DGNL,2020,,daniele15,
DKC,7580101,Kiến trúc,A00,18.00,,HocBa,2020,Xét học bạ,daniele15,
DKC,7580101,Kiến trúc,D01,18.00,,HocBa,2020,Xét học bạ,daniele15,
DKC,7580101,Kiến trúc,H01,18.00,,HocBa,2020,Xét học bạ,daniele15,
DKC,7580101,Kiến trúc,V00,18.00,,HocBa,2020,Xét học bạ,daniele15,
DKC,7580101,Kiến trúc,A00,20.00,,THPTQG,2020,Điểm TN,daniele15,
DKC,7580101,Kiến trúc,D01,20.00,,THPTQG,2020,Điểm TN,daniele15,
DKC,7580101,Kiến trúc,H01,20.00,,THPTQG,2020,Điểm TN,daniele15,
DKC,7580101,Kiến trúc,V00,20.00,,THPTQG,2020,Điểm TN,daniele15,
DKC,7580102,Kiến trúc,,625.00,,DGNL,2020,,daniele15,
DKC,7580108,Thiết kế nội thất,A00,18.00,,HocBa,2020,Xét học bạ,daniele15,
DKC,7580108,Thiết kế nội thất,D01,18.00,,HocBa,2020,Xét học bạ,daniele15,
DKC,7580108,Thiết kế nội thất,H01,18.00,,HocBa,2020,Xét học bạ,daniele15,
DKC,7580108,Thiết kế nội thất,V00,18.00,,HocBa,2020,Xét học bạ,daniele15,
DKC,7580108,Thiết kế nội thất,A00,18.00,,THPTQG,2020,Điểm TN,daniele15,
DKC,7580108,Thiết kế nội thất,D01,18.00,,THPTQG,2020,Điểm TN,daniele15,
DKC,7580108,Thiết kế nội thất,H01,18.00,,THPTQG,2020,Điểm TN,daniele15,
DKC,7580108,Thiết kế nội thất,V00,18.00,,THPTQG,2020,Điểm TN,daniele15,
DKC,7580201,Kỹ thuật xây dựng,,18.00,,HocBa,2020,Xét học bạ,daniele15,
DKC,7580201,Kỹ thuật xây dựng,,18.00,,THPTQG,2020,,daniele15,
DKC,7580201,Kỹ thuật xây dựng,,625.00,,DGNL,2020,,daniele15,
DKC,7580205,Kỹ thuật xây dựng,,18.00,,HocBa,2020,Xét học bạ,daniele15,
DKC,7580205,Kỹ thuật xây dựng,,18.00,,THPTQG,2020,,daniele15,
DKC,7580205,Kỹ thuật xây dựng,,625.00,,DGNL,2020,,daniele15,
DKC,7580301,Kinh tế xây dựng,,18.00,,HocBa,2020,Xét học bạ,daniele15,
DKC,7580301,Kinh tế xây dựng,,19.00,,THPTQG,2020,,daniele15,
DKC,7580301,Kinh tế xây dựng,,625.00,,DGNL,2020,,daniele15,
DKC,7580302,Quản lý xây dựng,,18.00,,HocBa,2020,Xét học bạ,daniele15,
DKC,7580302,Quản lý xây dựng,,18.00,,THPTQG,2020,,daniele15,
DKC,7580302,Quản lý xây dựng,,625.00,,DGNL,2020,,daniele15,
DKC,7640101,Thú y,,18.00,,THPTQG,2020,Điểm thi TN THPT,daniele15,
DKC,7640101,Thú y,,18.00,,HocBa,2020,Xét học bạ,daniele15,
DKC,7640101,Thú y,,625.00,,DGNL,2020,,daniele15,
DKC,7720201,Dược học,,22.00,,THPTQG,2020,Điểm THPT,daniele15,
DKC,7720201,Dược học,,24.00,,HocBa,2020,Xét học bạ,daniele15,
DKC,7720201,Dược học,,725.00,,DGNL,2020,Quản lý & cung ứng thuốc,daniele15,
DKC,7810103,Quản trị dịch vụ du lịch và lữ hành,A00,18.00,,HocBa,2020,Xét học bạ,daniele15,
DKC,7810103,Quản trị dịch vụ du lịch và lữ hành,A01,18.00,,HocBa,2020,Xét học bạ,daniele15,
DKC,7810103,Quản trị dịch vụ du lịch và lữ hành,C00,18.00,,HocBa,2020,Xét học bạ,daniele15,
DKC,7810103,Quản trị dịch vụ du lịch và lữ hành,D01,18.00,,HocBa,2020,Xét học bạ,daniele15,
DKC,7810201,Quản trị khách sạn,A01,18.00,,HocBa,2020,Xét học bạ,daniele15,
DKC,7810201,Quản trị khách sạn,A01,18.00,,THPTQG,2020,,daniele15,
DKC,7810202,Quản trị nhà hàng và dịch vụ ăn uống,A01,18.00,,HocBa,2020,Xét học bạ,daniele15,
DKC,7810202,Quản trị nhà hàng và dịch vụ ăn uống,A01,18.00,,THPTQG,2020,Điểm TN,daniele15,
DKH,7720201,Dược học,A00,26.90,,THPTQG,2020,,daniele15,
DKH,7720203,Hoá dược,A00,26.60,,THPTQG,2020,,daniele15,
DKK,7220201DKK,Ngôn ngữ Anh,A01,16.00,,THPTQG,2020,Cơ sở Nam Định điểm chuẩn 15,daniele15,
DKK,7220201DKK,Ngôn ngữ Anh,D01,16.00,,THPTQG,2020,Cơ sở Nam Định điểm chuẩn 15,daniele15,
DKK,7340101DKK,Quản trị kinh doanh,A00,17.50,,THPTQG,2020,Cơ sở Nam Định điểm chuẩn 17.0,daniele15,
DKK,7340101DKK,Quản trị kinh doanh,A01,17.50,,THPTQG,2020,Cơ sở Nam Định điểm chuẩn 17.0,daniele15,
DKK,7340101DKK,Quản trị kinh doanh,C01,17.50,,THPTQG,2020,Cơ sở Nam Định điểm chuẩn 17.0,daniele15,
DKK,7340101DKK,Quản trị kinh doanh,D01,17.50,,THPTQG,2020,Cơ sở Nam Định điểm chuẩn 17.0,daniele15,
DKK,7340121DKK,Kinh doanh thương mại,A00,17.00,,THPTQG,2020,Cơ sở Nam Định điểm chuẩn 16.5,daniele15,
DKK,7340121DKK,Kinh doanh thương mại,A01,17.00,,THPTQG,2020,Cơ sở Nam Định điểm chuẩn 16.5,daniele15,
DKK,7340121DKK,Kinh doanh thương mại,C01,17.00,,THPTQG,2020,Cơ sở Nam Định điểm chuẩn 16.5,daniele15,
DKK,7340121DKK,Kinh doanh thương mại,D01,17.00,,THPTQG,2020,Cơ sở Nam Định điểm chuẩn 16.5,daniele15,
DKK,7340201DKK,Tài chính - Ngân hàng,A00,16.00,,THPTQG,2020,Cơ sở Nam Định điểm chuẩn 15,daniele15,
DKK,7340201DKK,Tài chính - Ngân hàng,A01,16.00,,THPTQG,2020,Cơ sở Nam Định điểm chuẩn 15,daniele15,
DKK,7340201DKK,Tài chính - Ngân hàng,C01,16.00,,THPTQG,2020,Cơ sở Nam Định điểm chuẩn 15,daniele15,
DKK,7340201DKK,Tài chính - Ngân hàng,D01,16.00,,THPTQG,2020,Cơ sở Nam Định điểm chuẩn 15,daniele15,
DKK,7340301DKK,Kế toán,A00,17.00,,THPTQG,2020,Cơ sở Nam Định điểm chuẩn  16,daniele15,
DKK,7340301DKK,Kế toán,A01,17.00,,THPTQG,2020,Cơ sở Nam Định điểm chuẩn  16,daniele15,
DKK,7340301DKK,Kế toán,C01,17.00,,THPTQG,2020,Cơ sở Nam Định điểm chuẩn  16,daniele15,
DKK,7340301DKK,Kế toán,D01,17.00,,THPTQG,2020,Cơ sở Nam Định điểm chuẩn  16,daniele15,
DKK,7480102DKK,Mạng máy tính và Truyền thông dữ liệu,A00,17.50,,THPTQG,2020,Cơ sở Nam Định điểm chuẩn 16.0,daniele15,
DKK,7480102DKK,Mạng máy tính và Truyền thông dữ liệu,A01,17.50,,THPTQG,2020,Cơ sở Nam Định điểm chuẩn 16.0,daniele15,
DKK,7480102DKK,Mạng máy tính và Truyền thông dữ liệu,C01,17.50,,THPTQG,2020,Cơ sở Nam Định điểm chuẩn 16.0,daniele15,
DKK,7480102DKK,Mạng máy tính và Truyền thông dữ liệu,D01,17.50,,THPTQG,2020,Cơ sở Nam Định điểm chuẩn 16.0,daniele15,
DKK,7480201DKK,Công nghệ thông tin,A00,19.50,,THPTQG,2020,Cơ sở Nam Định điểm chuẩn 16.5,daniele15,
DKK,7480201DKK,Công nghệ thông tin,A01,19.50,,THPTQG,2020,Cơ sở Nam Định điểm chuẩn 16.5,daniele15,
DKK,7480201DKK,Công nghệ thông tin,C01,19.50,,THPTQG,2020,Cơ sở Nam Định điểm chuẩn 16.5,daniele15,
DKK,7480201DKK,Công nghệ thông tin,D01,19.50,,THPTQG,2020,Cơ sở Nam Định điểm chuẩn 16.5,daniele15,
DKK,7510201DKK,Công nghệ kỹ thuật cơ khí,A00,17.00,,THPTQG,2020,Cơ sở Nam Định điểm chuẩn 15.5,daniele15,
DKK,7510201DKK,Công nghệ kỹ thuật cơ khí,A01,17.00,,THPTQG,2020,Cơ sở Nam Định điểm chuẩn 15.5,daniele15,
DKK,7510201DKK,Công nghệ kỹ thuật cơ khí,C01,17.00,,THPTQG,2020,Cơ sở Nam Định điểm chuẩn 15.5,daniele15,
DKK,7510201DKK,Công nghệ kỹ thuật cơ khí,D01,17.00,,THPTQG,2020,Cơ sở Nam Định điểm chuẩn 15.5,daniele15,
DKK,7510203DKK,Công nghệ kỹ thuật cơ điện tử,A00,18.50,,THPTQG,2020,Cơ sở Nam Định điểm chuẩn 16,daniele15,
DKK,7510203DKK,Công nghệ kỹ thuật cơ điện tử,A01,18.50,,THPTQG,2020,Cơ sở Nam Định điểm chuẩn 16,daniele15,
DKK,7510203DKK,Công nghệ kỹ thuật cơ điện tử,C01,18.50,,THPTQG,2020,Cơ sở Nam Định điểm chuẩn 16,daniele15,
DKK,7510203DKK,Công nghệ kỹ thuật cơ điện tử,D01,18.50,,THPTQG,2020,Cơ sở Nam Định điểm chuẩn 16,daniele15,
DKK,7510301DKK,"Công nghệ kỹ thuật điện, điện tử",A00,18.50,,THPTQG,2020,Cơ Sở Nam Định điểm chuẩn 15.5,daniele15,
DKK,7510301DKK,"Công nghệ kỹ thuật điện, điện tử",A01,18.50,,THPTQG,2020,Cơ Sở Nam Định điểm chuẩn 15.5,daniele15,
DKK,7510301DKK,"Công nghệ kỹ thuật điện, điện tử",C01,18.50,,THPTQG,2020,Cơ Sở Nam Định điểm chuẩn 15.5,daniele15,
DKK,7510301DKK,"Công nghệ kỹ thuật điện, điện tử",D01,18.50,,THPTQG,2020,Cơ Sở Nam Định điểm chuẩn 15.5,daniele15,
DKK,7510302DKK,Công nghệ kỹ thuật điện tử - viễn thông,A00,16.50,,THPTQG,2020,Cơ sở Nam Định điểm chuẩn 16,daniele15,
DKK,7510302DKK,Công nghệ kỹ thuật điện tử - viễn thông,A01,16.50,,THPTQG,2020,Cơ sở Nam Định điểm chuẩn 16,daniele15,
DKK,7510302DKK,Công nghệ kỹ thuật điện tử - viễn thông,C01,16.50,,THPTQG,2020,Cơ sở Nam Định điểm chuẩn 16,daniele15,
DKK,7510302DKK,Công nghệ kỹ thuật điện tử - viễn thông,D01,16.50,,THPTQG,2020,Cơ sở Nam Định điểm chuẩn 16,daniele15,
DKK,7510303DKK,Công nghệ kỹ thuật điều khiển và tự động hóa,A00,18.50,,THPTQG,2020,Cơ sở Nam Định điểm chuẩn  15.5,daniele15,
DKK,7510303DKK,Công nghệ kỹ thuật điều khiển và tự động hóa,A01,18.50,,THPTQG,2020,Cơ sở Nam Định điểm chuẩn  15.5,daniele15,
DKK,7510303DKK,Công nghệ kỹ thuật điều khiển và tự động hóa,C01,18.50,,THPTQG,2020,Cơ sở Nam Định điểm chuẩn  15.5,daniele15,
DKK,7510303DKK,Công nghệ kỹ thuật điều khiển và tự động hóa,D01,18.50,,THPTQG,2020,Cơ sở Nam Định điểm chuẩn  15.5,daniele15,
DKK,7540101DKK,Công nghệ thực phẩm,A00,16.00,,THPTQG,2020,Cơ sở Nam Định 15.25,daniele15,
DKK,7540101DKK,Công nghệ thực phẩm,A01,16.00,,THPTQG,2020,Cơ sở Nam Định 15.25,daniele15,
DKK,7540101DKK,Công nghệ thực phẩm,B00,16.00,,THPTQG,2020,Cơ sở Nam Định 15.25,daniele15,
DKK,7540101DKK,Công nghệ thực phẩm,D01,16.00,,THPTQG,2020,Cơ sở Nam Định 15.25,daniele15,
DKK,7540202DKK,"Công nghệ sợi, dệt",A00,15.00,,THPTQG,2020,Cơ sở Nam ĐỊnh điểm chuẩn 15,daniele15,
DKK,7540202DKK,"Công nghệ sợi, dệt",A01,15.00,,THPTQG,2020,Cơ sở Nam ĐỊnh điểm chuẩn 15,daniele15,
DKK,7540202DKK,"Công nghệ sợi, dệt",C01,15.00,,THPTQG,2020,Cơ sở Nam ĐỊnh điểm chuẩn 15,daniele15,
DKK,7540202DKK,"Công nghệ sợi, dệt",D01,15.00,,THPTQG,2020,Cơ sở Nam ĐỊnh điểm chuẩn 15,daniele15,
DKK,7540204DKK,"Công nghệ dệt, may",A00,18.00,,THPTQG,2020,Cơ sở Nam Định điểm chuẩn 16,daniele15,
DKK,7540204DKK,"Công nghệ dệt, may",A01,18.00,,THPTQG,2020,Cơ sở Nam Định điểm chuẩn 16,daniele15,
DKK,7540204DKK,"Công nghệ dệt, may",C01,18.00,,THPTQG,2020,Cơ sở Nam Định điểm chuẩn 16,daniele15,
DKK,7540204DKK,"Công nghệ dệt, may",D01,18.00,,THPTQG,2020,Cơ sở Nam Định điểm chuẩn 16,daniele15,
DKQ,7340101,Quản trị kinh doanh,A00,15.00,,THPTQG,2020,,daniele15,
DKQ,7340101,Quản trị kinh doanh,A01,15.00,,THPTQG,2020,,daniele15,
DKQ,7340101,Quản trị kinh doanh,A16,15.00,,THPTQG,2020,,daniele15,
DKQ,7340101,Quản trị kinh doanh,D01,15.00,,THPTQG,2020,,daniele15,
DKQ,7340120,Kinh doanh quốc tế,A00,15.00,,THPTQG,2020,,daniele15,
DKQ,7340120,Kinh doanh quốc tế,A01,15.00,,THPTQG,2020,,daniele15,
DKQ,7340120,Kinh doanh quốc tế,A16,15.00,,THPTQG,2020,,daniele15,
DKQ,7340120,Kinh doanh quốc tế,D01,15.00,,THPTQG,2020,,daniele15,
DKQ,7340201,Tài chính - Ngân hàng,A00,15.00,,THPTQG,2020,,daniele15,
DKQ,7340201,Tài chính - Ngân hàng,A01,15.00,,THPTQG,2020,,daniele15,
DKQ,7340201,Tài chính - Ngân hàng,A16,15.00,,THPTQG,2020,,daniele15,
DKQ,7340201,Tài chính - Ngân hàng,D01,15.00,,THPTQG,2020,,daniele15,
DKQ,7340301,Kế toán,A00,15.00,,THPTQG,2020,,daniele15,
DKQ,7340301,Kế toán,A01,15.00,,THPTQG,2020,,daniele15,
DKQ,7340301,Kế toán,A16,15.00,,THPTQG,2020,,daniele15,
DKQ,7340301,Kế toán,D01,15.00,,THPTQG,2020,,daniele15,
DKQ,7380107,Luật,A00,15.00,,THPTQG,2020,Luật kinh tế,daniele15,
DKQ,7380107,Luật,C00,15.00,,THPTQG,2020,Luật kinh tế,daniele15,
DKQ,7380107,Luật,C15,15.00,,THPTQG,2020,Luật kinh tế,daniele15,
DKQ,7380107,Luật,D01,15.00,,THPTQG,2020,Luật kinh tế,daniele15,
DKS,51140201,Giáo dục Mầm non,,16.50,,THPTQG,2020,Cao Đẳng,daniele15,
DKS,7140201,Giáo dục Mầm non,,18.50,,THPTQG,2020,,daniele15,
DKS,7140202,Giáo dục Tiểu học,A00,18.50,,THPTQG,2020,,daniele15,
DKS,7140202,Giáo dục Tiểu học,C01,18.50,,THPTQG,2020,,daniele15,
DKS,7140202,Giáo dục Tiểu học,C02,18.50,,THPTQG,2020,,daniele15,
DKS,7140202,Giáo dục Tiểu học,D01,18.50,,THPTQG,2020,,daniele15,
DKS,7140205,Giáo dục Chính trị,A00,18.50,,THPTQG,2020,,daniele15,
DKS,7140205,Giáo dục Chính trị,B00,18.50,,THPTQG,2020,,daniele15,
DKS,7140205,Giáo dục Chính trị,C14,18.50,,THPTQG,2020,,daniele15,
DKS,7140205,Giáo dục Chính trị,C15,18.50,,THPTQG,2020,,daniele15,
DKS,7140206,Giáo dục Thể chất,T00,19.50,,THPTQG,2020,Môn chính: Năng khiếu,daniele15,
DKS,7140206,Giáo dục Thể chất,T01,19.50,,THPTQG,2020,Môn chính: Năng khiếu,daniele15,
DKS,7140209,Sư phạm Toán học,A00,18.50,,THPTQG,2020,,daniele15,
DKS,7140209,Sư phạm Toán học,A01,18.50,,THPTQG,2020,,daniele15,
DKS,7140209,Sư phạm Toán học,C01,18.50,,THPTQG,2020,,daniele15,
DKS,7140209,Sư phạm Toán học,D01,18.50,,THPTQG,2020,,daniele15,
DKS,7140217,Sư phạm Ngữ văn,C00,18.50,,THPTQG,2020,,daniele15,
DKS,7140217,Sư phạm Ngữ văn,D01,18.50,,THPTQG,2020,,daniele15,
DKS,7140217,Sư phạm Ngữ văn,D14,18.50,,THPTQG,2020,,daniele15,
DKS,7140217,Sư phạm Ngữ văn,D15,18.50,,THPTQG,2020,,daniele15,
DKS,7140231,Sư phạm Tiếng Anh,A01,19.50,,THPTQG,2020,Môn chính: Ngoại ngữ,daniele15,
DKS,7140231,Sư phạm Tiếng Anh,D01,19.50,,THPTQG,2020,Môn chính: Ngoại ngữ,daniele15,
DKS,7140231,Sư phạm Tiếng Anh,D06,19.50,,THPTQG,2020,Môn chính: Ngoại ngữ,daniele15,
DKS,7140231,Sư phạm Tiếng Anh,D15,19.50,,THPTQG,2020,Môn chính: Ngoại ngữ,daniele15,
DKS,7220201,Ngôn ngữ Anh,A01,17.00,,THPTQG,2020,Môn chính: Ngoại ngữ,daniele15,
DKS,7220201,Ngôn ngữ Anh,D01,17.00,,THPTQG,2020,Môn chính: Ngoại ngữ,daniele15,
DKS,7220201,Ngôn ngữ Anh,D06,17.00,,THPTQG,2020,Môn chính: Ngoại ngữ,daniele15,
DKS,7220201,Ngôn ngữ Anh,D15,17.00,,THPTQG,2020,Môn chính: Ngoại ngữ,daniele15,
DKS,7220204,Ngôn ngữ Trung Quốc,D01,20.00,,THPTQG,2020,Môn chính: Ngoại ngữ,daniele15,
DKS,7220204,Ngôn ngữ Trung Quốc,D03,20.00,,THPTQG,2020,Môn chính: Ngoại ngữ,daniele15,
DKS,7220204,Ngôn ngữ Trung Quốc,D04,20.00,,THPTQG,2020,Môn chính: Ngoại ngữ,daniele15,
DKS,7220204,Ngôn ngữ Trung Quốc,D06,20.00,,THPTQG,2020,Môn chính: Ngoại ngữ,daniele15,
DKS,7229030,Văn học,C00,14.00,,THPTQG,2020,,daniele15,
DKS,7229030,Văn học,D01,14.00,,THPTQG,2020,,daniele15,
DKS,7229030,Văn học,D14,14.00,,THPTQG,2020,,daniele15,
DKS,7229030,Văn học,D15,14.00,,THPTQG,2020,,daniele15,
DKS,7310101,Kinh tế,A00,15.00,,THPTQG,2020,,daniele15,
DKS,7310101,Kinh tế,A01,15.00,,THPTQG,2020,,daniele15,
DKS,7310101,Kinh tế,C01,15.00,,THPTQG,2020,,daniele15,
DKS,7310101,Kinh tế,D01,15.00,,THPTQG,2020,,daniele15,
DKS,7310630,Việt Nam học,C00,14.00,,THPTQG,2020,,daniele15,
DKS,7310630,Việt Nam học,D01,14.00,,THPTQG,2020,,daniele15,
DKS,7310630,Việt Nam học,D06,14.00,,THPTQG,2020,,daniele15,
DKS,7310630,Việt Nam học,D15,14.00,,THPTQG,2020,,daniele15,
DKS,7340101,Quản trị kinh doanh,A00,14.00,,THPTQG,2020,,daniele15,
DKS,7340101,Quản trị kinh doanh,A01,14.00,,THPTQG,2020,,daniele15,
DKS,7340101,Quản trị kinh doanh,C01,14.00,,THPTQG,2020,,daniele15,
DKS,7340101,Quản trị kinh doanh,D01,14.00,,THPTQG,2020,,daniele15,
DKS,7340201,Tài chính - Ngân hàng,A00,14.00,,THPTQG,2020,,daniele15,
DKS,7340201,Tài chính - Ngân hàng,A01,14.00,,THPTQG,2020,,daniele15,
DKS,7340201,Tài chính - Ngân hàng,C01,14.00,,THPTQG,2020,,daniele15,
DKS,7340201,Tài chính - Ngân hàng,D01,14.00,,THPTQG,2020,,daniele15,
DKS,7340301,Kế toán,A00,15.00,,THPTQG,2020,,daniele15,
DKS,7340301,Kế toán,A01,15.00,,THPTQG,2020,,daniele15,
DKS,7340301,Kế toán,C01,15.00,,THPTQG,2020,,daniele15,
DKS,7340301,Kế toán,D01,15.00,,THPTQG,2020,,daniele15,
DKS,7380101,Luật,C00,16.20,,THPTQG,2020,Nam từ Quảng Trị trở vào,daniele15,
DKS,7380101,Luật,C00,17.70,,THPTQG,2020,Nam từ Quảng Trị trở vào,daniele15,
DKS,7380101,Luật,C00,21.20,,THPTQG,2020,Nam từ Quản Bình trở ra,daniele15,
DKS,7380101,Luật,C00,21.40,,THPTQG,2020,Nam từ Quảng Trị trở vào,daniele15,
DKS,7380101,Luật,C00,21.60,,THPTQG,2020,Nữ từ Quảng Trị trở vào,daniele15,
DKS,7380101,Luật,C00,22.85,,THPTQG,2020,Nữ từ Quảng Bình trở ra,daniele15,
DKS,7380101,Luật,C00,23.45,,THPTQG,2020,Nam từ Quảng Bình trở ra,daniele15,
DKS,7380101,Luật,C00,24.30,,THPTQG,2020,Nữ từ Quảng Trị trở vào,daniele15,
DKS,7380101,Luật,C00,24.95,,THPTQG,2020,Nữ từ Quảng Trị trở vào,daniele15,
DKS,7380101,Luật,C00,25.21,,THPTQG,2020,Nam từ Quản Bình trở ra,daniele15,
DKS,7380101,Luật,C00,25.70,,THPTQG,2020,Nữ từ Quảng Bình trở ra,daniele15,
DKS,7380101,Luật,C00,25.75,,THPTQG,2020,Nam từ Quảng Trị trở vào,daniele15,
DKS,7380101,Luật,C00,25.95,,THPTQG,2020,Nữ từ Quảng Bình trở ra,daniele15,
DKS,7380101,Luật,C00,27.50,,THPTQG,2020,Nam từ Quảng Bình trở ra,daniele15,
DKS,7380101,Luật,C00,27.75,,THPTQG,2020,Nữ từ Quảng Trị trở vào,daniele15,
DKS,7380101,Luật,C00,29.67,,THPTQG,2020,Nữ từ Quảng Bình trở ra,daniele15,
DKS,7480201,Công nghệ thông tin,A00,15.00,,THPTQG,2020,,daniele15,
DKS,7480201,Công nghệ thông tin,A01,15.00,,THPTQG,2020,,daniele15,
DKS,7480201,Công nghệ thông tin,C01,15.00,,THPTQG,2020,,daniele15,
DKS,7480201,Công nghệ thông tin,D01,15.00,,THPTQG,2020,,daniele15,
DKS,7510103,Công nghệ kỹ thuật xây dựng,A00,14.00,,THPTQG,2020,,daniele15,
DKS,7510103,Công nghệ kỹ thuật xây dựng,A01,14.00,,THPTQG,2020,,daniele15,
DKS,7510103,Công nghệ kỹ thuật xây dựng,C01,14.00,,THPTQG,2020,,daniele15,
DKS,7510103,Công nghệ kỹ thuật xây dựng,D01,14.00,,THPTQG,2020,,daniele15,
DKS,7510202,Công nghệ chế tạo máy,A00,14.00,,THPTQG,2020,,daniele15,
DKS,7510202,Công nghệ chế tạo máy,A01,14.00,,THPTQG,2020,,daniele15,
DKS,7510202,Công nghệ chế tạo máy,C01,14.00,,THPTQG,2020,,daniele15,
DKS,7510202,Công nghệ chế tạo máy,D01,14.00,,THPTQG,2020,,daniele15,
DKS,7510203,Công nghệ kỹ thuật cơ điện tử,A00,14.00,,THPTQG,2020,,daniele15,
DKS,7510203,Công nghệ kỹ thuật cơ điện tử,A01,14.00,,THPTQG,2020,,daniele15,
DKS,7510203,Công nghệ kỹ thuật cơ điện tử,C01,14.00,,THPTQG,2020,,daniele15,
DKS,7510203,Công nghệ kỹ thuật cơ điện tử,D01,14.00,,THPTQG,2020,,daniele15,
DKS,7510301,"Công nghệ kỹ thuật điện, điện tử",A00,14.00,,THPTQG,2020,,daniele15,
DKS,7510301,"Công nghệ kỹ thuật điện, điện tử",A01,14.00,,THPTQG,2020,,daniele15,
DKS,7510301,"Công nghệ kỹ thuật điện, điện tử",C01,14.00,,THPTQG,2020,,daniele15,
DKS,7510301,"Công nghệ kỹ thuật điện, điện tử",D01,14.00,,THPTQG,2020,,daniele15,
DKS,7510303,Công nghệ kỹ thuật điều khiển và tự động hóa,A00,14.00,,THPTQG,2020,,daniele15,
DKS,7510303,Công nghệ kỹ thuật điều khiển và tự động hóa,A01,14.00,,THPTQG,2020,,daniele15,
DKS,7510303,Công nghệ kỹ thuật điều khiển và tự động hóa,C01,14.00,,THPTQG,2020,,daniele15,
DKS,7510303,Công nghệ kỹ thuật điều khiển và tự động hóa,D01,14.00,,THPTQG,2020,,daniele15,
DKS,7580101,Kiến trúc,V00,16.00,,THPTQG,2020,Môn chính: Vẽ mỹ thuật,daniele15,
DKS,7580101,Kiến trúc,V01,16.00,,THPTQG,2020,Môn chính: Vẽ mỹ thuật,daniele15,
DKS,7580101,Kiến trúc,V02,16.00,,THPTQG,2020,Môn chính: Vẽ mỹ thuật,daniele15,
DKS,7580101,Kiến trúc,V03,16.00,,THPTQG,2020,Môn chính: Vẽ mỹ thuật,daniele15,
DKS,7620110,Khoa học cây trồng,A00,14.00,,THPTQG,2020,,daniele15,
DKS,7620110,Khoa học cây trồng,B00,14.00,,THPTQG,2020,,daniele15,
DKS,7620110,Khoa học cây trồng,C02,14.00,,THPTQG,2020,,daniele15,
DKS,7620110,Khoa học cây trồng,D01,14.00,,THPTQG,2020,,daniele15,
DKS,7760101,Công tác xã hội,C00,14.00,,THPTQG,2020,,daniele15,
DKS,7760101,Công tác xã hội,C01,14.00,,THPTQG,2020,,daniele15,
DKS,7760101,Công tác xã hội,C02,14.00,,THPTQG,2020,,daniele15,
DKS,7760101,Công tác xã hội,D01,14.00,,THPTQG,2020,,daniele15,
DKY,7720101,Y khoa,B00,26.10,,THPTQG,2020,,daniele15,
DKY,7720301,Điều dưỡng,B00,19.00,,THPTQG,2020,,daniele15,
DKY,7720601,Kỹ thuật xét nghiệm y học,A00,21.50,,THPTQG,2020,,daniele15,
DKY,7720601,Kỹ thuật xét nghiệm y học,B00,21.50,,THPTQG,2020,,daniele15,
DKY,7720602,Kỹ thuật hình ảnh y học,A00,19.00,,THPTQG,2020,,daniele15,
DKY,7720602,Kỹ thuật hình ảnh y học,B00,19.00,,THPTQG,2020,,daniele15,
DKY,7720603,Kỹ thuật phục hồi chức năng,A00,19.00,,THPTQG,2020,,daniele15,
DKY,7720603,Kỹ thuật phục hồi chức năng,B00,19.00,,THPTQG,2020,,daniele15,
DLA,7220201,Ngôn ngữ Anh,D01,15.00,,THPTQG,2020,,daniele15,
DLA,7220201,Ngôn ngữ Anh,D12,15.00,,THPTQG,2020,,daniele15,
DLA,7220201,Ngôn ngữ Anh,D15,15.00,,THPTQG,2020,,daniele15,
DLA,7220201,Ngôn ngữ Anh,D66,15.00,,THPTQG,2020,,daniele15,
DLA,7340101,Quản trị kinh doanh,A01,15.00,,THPTQG,2020,,daniele15,
DLA,7340101,Quản trị kinh doanh,B03,15.00,,THPTQG,2020,,daniele15,
DLA,7340101,Quản trị kinh doanh,C20,15.00,,THPTQG,2020,,daniele15,
DLA,7340101,Quản trị kinh doanh,D13,15.00,,THPTQG,2020,,daniele15,
DLA,7340115,Marketing,A01,15.00,,THPTQG,2020,,daniele15,
DLA,7340115,Marketing,B03,15.00,,THPTQG,2020,,daniele15,
DLA,7340115,Marketing,C20,15.00,,THPTQG,2020,,daniele15,
DLA,7340115,Marketing,D13,15.00,,THPTQG,2020,,daniele15,
DLA,7340201,Tài chính - Ngân hàng,A08,15.00,,THPTQG,2020,,daniele15,
DLA,7340201,Tài chính - Ngân hàng,B00,15.00,,THPTQG,2020,,daniele15,
DLA,7340201,Tài chính - Ngân hàng,C08,15.00,,THPTQG,2020,,daniele15,
DLA,7340201,Tài chính - Ngân hàng,D07,15.00,,THPTQG,2020,,daniele15,
DLA,7340301,Kế toán,A00,15.00,,THPTQG,2020,,daniele15,
DLA,7340301,Kế toán,A09,15.00,,THPTQG,2020,,daniele15,
DLA,7340301,Kế toán,C02,15.00,,THPTQG,2020,,daniele15,
DLA,7340301,Kế toán,D10,15.00,,THPTQG,2020,,daniele15,
DLA,7340410,Quản trị công nghệ truyền thông,A01,15.00,,THPTQG,2020,,daniele15,
DLA,7340410,Quản trị công nghệ truyền thông,B03,15.00,,THPTQG,2020,,daniele15,
DLA,7340410,Quản trị công nghệ truyền thông,C20,15.00,,THPTQG,2020,,daniele15,
DLA,7340410,Quản trị công nghệ truyền thông,D13,15.00,,THPTQG,2020,,daniele15,
DLA,7380107,Luật,A00,15.00,,THPTQG,2020,,daniele15,
DLA,7380107,Luật,C00,15.00,,THPTQG,2020,,daniele15,
DLA,7380107,Luật,C04,15.00,,THPTQG,2020,,daniele15,
DLA,7380107,Luật,C05,15.00,,THPTQG,2020,,daniele15,
DLA,7480101,Khoa học máy tính,A00,15.00,,THPTQG,2020,,daniele15,
DLA,7480101,Khoa học máy tính,C01,15.00,,THPTQG,2020,,daniele15,
DLA,7480101,Khoa học máy tính,C14,15.00,,THPTQG,2020,,daniele15,
DLA,7480101,Khoa học máy tính,D08,15.00,,THPTQG,2020,,daniele15,
DLA,7510103,Công nghệ kỹ thuật xây dựng,A00,16.00,,THPTQG,2020,,daniele15,
DLA,7510103,Công nghệ kỹ thuật xây dựng,A02,16.00,,THPTQG,2020,,daniele15,
DLA,7510103,Công nghệ kỹ thuật xây dựng,A10,16.00,,THPTQG,2020,,daniele15,
DLA,7510103,Công nghệ kỹ thuật xây dựng,D84,16.00,,THPTQG,2020,,daniele15,
DLA,7580101,Kiến trúc,H01,15.00,,THPTQG,2020,,daniele15,
DLA,7580101,Kiến trúc,H02,15.00,,THPTQG,2020,,daniele15,
DLA,7580101,Kiến trúc,V00,15.00,,THPTQG,2020,,daniele15,
DLA,7580101,Kiến trúc,V03,15.00,,THPTQG,2020,,daniele15,
DLA,7810103,Quản trị dịch vụ du lịch và lữ hành,D01,15.00,,THPTQG,2020,,daniele15,
DLA,7810103,Quản trị dịch vụ du lịch và lữ hành,D15,15.00,,THPTQG,2020,,daniele15,
DLA,7810103,Quản trị dịch vụ du lịch và lữ hành,D66,15.00,,THPTQG,2020,,daniele15,
DLA,7810103,Quản trị dịch vụ du lịch và lữ hành,D84,15.00,,THPTQG,2020,,daniele15,
DLH,7220201,Ngôn ngữ Anh,A01,15.00,,THPTQG,2020,,daniele15,
DLH,7220201,Ngôn ngữ Anh,D01,15.00,,THPTQG,2020,,daniele15,
DLH,7220201,Ngôn ngữ Anh,D09,15.00,,THPTQG,2020,,daniele15,
DLH,7220201,Ngôn ngữ Anh,D10,15.00,,THPTQG,2020,,daniele15,
DLH,7220204,Ngôn ngữ Trung Quốc,C00,15.00,,THPTQG,2020,,daniele15,
DLH,7220204,Ngôn ngữ Trung Quốc,C03,15.00,,THPTQG,2020,,daniele15,
DLH,7220204,Ngôn ngữ Trung Quốc,C04,15.00,,THPTQG,2020,,daniele15,
DLH,7220204,Ngôn ngữ Trung Quốc,D01,15.00,,THPTQG,2020,,daniele15,
DLH,7310101,Kinh tế,A00,15.00,,THPTQG,2020,,daniele15,
DLH,7310101,Kinh tế,A01,15.00,,THPTQG,2020,,daniele15,
DLH,7310101,Kinh tế,C01,15.00,,THPTQG,2020,,daniele15,
DLH,7310101,Kinh tế,D01,15.00,,THPTQG,2020,,daniele15,
DLH,7310608,Đông phương học,C00,15.00,,THPTQG,2020,,daniele15,
DLH,7310608,Đông phương học,C03,15.00,,THPTQG,2020,,daniele15,
DLH,7310608,Đông phương học,C04,15.00,,THPTQG,2020,,daniele15,
DLH,7310608,Đông phương học,D01,15.00,,THPTQG,2020,,daniele15,
DLH,7340101,Quản trị kinh doanh,A00,15.00,,THPTQG,2020,,daniele15,
DLH,7340101,Quản trị kinh doanh,A01,15.00,,THPTQG,2020,,daniele15,
DLH,7340101,Quản trị kinh doanh,C01,15.00,,THPTQG,2020,,daniele15,
DLH,7340101,Quản trị kinh doanh,D01,15.00,,THPTQG,2020,,daniele15,
DLH,7340201,Tài chính - Ngân hàng,A00,15.00,,THPTQG,2020,,daniele15,
DLH,7340201,Tài chính - Ngân hàng,A01,15.00,,THPTQG,2020,,daniele15,
DLH,7340201,Tài chính - Ngân hàng,C01,15.00,,THPTQG,2020,,daniele15,
DLH,7340201,Tài chính - Ngân hàng,D01,15.00,,THPTQG,2020,,daniele15,
DLH,7340301,Kế toán,A00,15.00,,THPTQG,2020,,daniele15,
DLH,7340301,Kế toán,A01,15.00,,THPTQG,2020,,daniele15,
DLH,7340301,Kế toán,C01,15.00,,THPTQG,2020,,daniele15,
DLH,7340301,Kế toán,D01,15.00,,THPTQG,2020,,daniele15,
DLH,7380107,Luật,A00,15.00,,THPTQG,2020,,daniele15,
DLH,7380107,Luật,A01,15.00,,THPTQG,2020,,daniele15,
DLH,7380107,Luật,C00,15.00,,THPTQG,2020,,daniele15,
DLH,7380107,Luật,D01,15.00,,THPTQG,2020,,daniele15,
DLH,7480201,Công nghệ thông tin,A00,15.00,,THPTQG,2020,,daniele15,
DLH,7480201,Công nghệ thông tin,A01,15.00,,THPTQG,2020,,daniele15,
DLH,7480201,Công nghệ thông tin,D01,15.00,,THPTQG,2020,,daniele15,
DLH,7480201,Công nghệ thông tin,D07,15.00,,THPTQG,2020,,daniele15,
DLH,7510102,Công nghệ kỹ thuật công trình xây dựng,A00,15.00,,THPTQG,2020,,daniele15,
DLH,7510102,Công nghệ kỹ thuật công trình xây dựng,A01,15.00,,THPTQG,2020,,daniele15,
DLH,7510102,Công nghệ kỹ thuật công trình xây dựng,D01,15.00,,THPTQG,2020,,daniele15,
DLH,7510102,Công nghệ kỹ thuật công trình xây dựng,V00,15.00,,THPTQG,2020,,daniele15,
DLH,7510201,Công nghệ kỹ thuật cơ khí,A00,15.00,,THPTQG,2020,,daniele15,
DLH,7510201,Công nghệ kỹ thuật cơ khí,A01,15.00,,THPTQG,2020,,daniele15,
DLH,7510201,Công nghệ kỹ thuật cơ khí,C01,15.00,,THPTQG,2020,,daniele15,
DLH,7510201,Công nghệ kỹ thuật cơ khí,D01,15.00,,THPTQG,2020,,daniele15,
DLH,7510205,Công nghệ kỹ thuật ô tô,A00,15.00,,THPTQG,2020,,daniele15,
DLH,7510205,Công nghệ kỹ thuật ô tô,A01,15.00,,THPTQG,2020,,daniele15,
DLH,7510205,Công nghệ kỹ thuật ô tô,C01,15.00,,THPTQG,2020,,daniele15,
DLH,7510205,Công nghệ kỹ thuật ô tô,D01,15.00,,THPTQG,2020,,daniele15,
DLH,7510301,"Công nghệ kỹ thuật điện, điện tử",A00,15.00,,THPTQG,2020,,daniele15,
DLH,7510301,"Công nghệ kỹ thuật điện, điện tử",A01,15.00,,THPTQG,2020,,daniele15,
DLH,7510301,"Công nghệ kỹ thuật điện, điện tử",C01,15.00,,THPTQG,2020,,daniele15,
DLH,7510301,"Công nghệ kỹ thuật điện, điện tử",D01,15.00,,THPTQG,2020,,daniele15,
DLH,7510303,Công nghệ kỹ thuật điều khiển và tự động hóa,A00,15.00,,THPTQG,2020,,daniele15,
DLH,7510303,Công nghệ kỹ thuật điều khiển và tự động hóa,A01,15.00,,THPTQG,2020,,daniele15,
DLH,7510303,Công nghệ kỹ thuật điều khiển và tự động hóa,C01,15.00,,THPTQG,2020,,daniele15,
DLH,7510303,Công nghệ kỹ thuật điều khiển và tự động hóa,D01,15.00,,THPTQG,2020,,daniele15,
DLH,7540101,Công nghệ thực phẩm,A00,15.00,,THPTQG,2020,,daniele15,
DLH,7540101,Công nghệ thực phẩm,B00,15.00,,THPTQG,2020,,daniele15,
DLH,7540101,Công nghệ thực phẩm,C02,15.00,,THPTQG,2020,,daniele15,
DLH,7540101,Công nghệ thực phẩm,D01,15.00,,THPTQG,2020,,daniele15,
DLH,7720201,Dược học,A00,21.00,,THPTQG,2020,,daniele15,
DLH,7720201,Dược học,B00,21.00,,THPTQG,2020,,daniele15,
DLH,7720201,Dược học,C02,21.00,,THPTQG,2020,,daniele15,
DLH,7720201,Dược học,D01,21.00,,THPTQG,2020,,daniele15,
DLH,7810103,Quản trị dịch vụ du lịch và lữ hành,C00,15.00,,THPTQG,2020,,daniele15,
DLH,7810103,Quản trị dịch vụ du lịch và lữ hành,C03,15.00,,THPTQG,2020,,daniele15,
DLH,7810103,Quản trị dịch vụ du lịch và lữ hành,C04,15.00,,THPTQG,2020,,daniele15,
DLH,7810103,Quản trị dịch vụ du lịch và lữ hành,D01,15.00,,THPTQG,2020,,daniele15,
DLS,7310101,Kinh tế,A00,15.00,,THPTQG,2020,,daniele15,
DLS,7310101,Kinh tế,A01,15.00,,THPTQG,2020,,daniele15,
DLS,7310101,Kinh tế,D01,15.00,,THPTQG,2020,,daniele15,
DLS,7310401,Tâm lý học,C00,19.50,,THPTQG,2020,,daniele15,
DLS,7340101,Quản trị kinh doanh,A00,20.50,,THPTQG,2020,,daniele15,
DLS,7340101,Quản trị kinh doanh,A01,20.50,,THPTQG,2020,,daniele15,
DLS,7340101,Quản trị kinh doanh,D01,20.50,,THPTQG,2020,,daniele15,
DLS,7340204,Bảo hiểm,A00,14.00,,THPTQG,2020,,daniele15,
DLS,7340204,Bảo hiểm,A01,14.00,,THPTQG,2020,,daniele15,
DLS,7340204,Bảo hiểm,D01,14.00,,THPTQG,2020,,daniele15,
DLS,7340301,Kế toán,A00,17.00,,THPTQG,2020,,daniele15,
DLS,7340301,Kế toán,A01,17.00,,THPTQG,2020,,daniele15,
DLS,7340301,Kế toán,D01,17.00,,THPTQG,2020,,daniele15,
DLS,7340404,Quản trị nhân lực,A00,21.00,,THPTQG,2020,,daniele15,
DLS,7340404,Quản trị nhân lực,A01,21.00,,THPTQG,2020,,daniele15,
DLS,7340404,Quản trị nhân lực,D01,21.00,,THPTQG,2020,,daniele15,
DLS,7380107,Luật,A00,15.00,,THPTQG,2020,,daniele15,
DLS,7380107,Luật,A01,15.00,,THPTQG,2020,,daniele15,
DLS,7380107,Luật,D01,15.00,,THPTQG,2020,,daniele15,
DLS,7760101,Công tác xã hội,A00,15.00,,THPTQG,2020,,daniele15,
DLS,7760101,Công tác xã hội,A01,15.00,,THPTQG,2020,,daniele15,
DLS,7760101,Công tác xã hội,D01,15.00,,THPTQG,2020,,daniele15,
DLX,7310101,Kinh tế,A00,15.00,,THPTQG,2020,,daniele15,
DLX,7310101,Kinh tế,A01,15.00,,THPTQG,2020,,daniele15,
DLX,7310101,Kinh tế,D01,15.00,,THPTQG,2020,,daniele15,
DLX,7310401,Tâm lý học,C00,15.00,,THPTQG,2020,,daniele15,
DLX,7340101,Quản trị kinh doanh,A00,15.00,,THPTQG,2020,,daniele15,
DLX,7340101,Quản trị kinh doanh,A01,15.00,,THPTQG,2020,,daniele15,
DLX,7340101,Quản trị kinh doanh,D01,15.00,,THPTQG,2020,,daniele15,
DLX,7340204,Bảo hiểm,A00,14.00,,THPTQG,2020,,daniele15,
DLX,7340204,Bảo hiểm,A01,14.00,,THPTQG,2020,,daniele15,
DLX,7340204,Bảo hiểm,D01,14.00,,THPTQG,2020,,daniele15,
DLX,7340301,Kế toán,A00,15.00,,THPTQG,2020,,daniele15,
DLX,7340301,Kế toán,A01,15.00,,THPTQG,2020,,daniele15,
DLX,7340301,Kế toán,D01,15.00,,THPTQG,2020,,daniele15,
DLX,7340404,Quản trị nhân lực,A00,15.00,,THPTQG,2020,,daniele15,
DLX,7340404,Quản trị nhân lực,A01,15.00,,THPTQG,2020,,daniele15,
DLX,7340404,Quản trị nhân lực,D01,15.00,,THPTQG,2020,,daniele15,
DLX,7380107,Luật,A00,15.00,,THPTQG,2020,,daniele15,
DLX,7380107,Luật,A01,15.00,,THPTQG,2020,,daniele15,
DLX,7380107,Luật,D01,15.00,,THPTQG,2020,,daniele15,
DLX,7760101,Công tác xã hội,A00,15.00,,THPTQG,2020,,daniele15,
DLX,7760101,Công tác xã hội,A01,15.00,,THPTQG,2020,,daniele15,
DLX,7760101,Công tác xã hội,C00,15.00,,THPTQG,2020,,daniele15,
DLX,7760101,Công tác xã hội,D01,15.00,,THPTQG,2020,,daniele15,
DMS,7220201,Ngôn ngữ Anh,,23.80,,THPTQG,2020,Xét điểm TNTHPT,daniele15,
DMS,7220201,Ngôn ngữ Anh,,26.67,,HocBa,2020,,daniele15,
DMS,7310101,Kinh tế,A00,24.85,,THPTQG,2020,Xét điểm TN THPT,daniele15,
DMS,7310101,Kinh tế,A01,24.85,,THPTQG,2020,Xét điểm TN THPT,daniele15,
DMS,7310101,Kinh tế,D01,24.85,,THPTQG,2020,Xét điểm TN THPT,daniele15,
DMS,7310101,Kinh tế,D96,24.85,,THPTQG,2020,Xét điểm TN THPT,daniele15,
DMS,7310101,Kinh tế,A00,27.50,,HocBa,2020,Xét học bạ,daniele15,
DMS,7310101,Kinh tế,A01,27.50,,HocBa,2020,Xét học bạ,daniele15,
DMS,7310101,Kinh tế,D01,27.50,,HocBa,2020,Xét học bạ,daniele15,
DMS,7310101,Kinh tế,D96,27.50,,HocBa,2020,Xét học bạ,daniele15,
DMS,7340101,Quản trị kinh doanh,,25.30,,THPTQG,2020,Xét điểm TNTHPT- Điểm chuẩn chương trình đại trà 25.3- Điểm chuẩn chương trình CLC 23.9- Điểm chuẩn CTQT 20.7,daniele15,
DMS,7340101,Quản trị kinh doanh,,27.10,,HocBa,2020,,daniele15,
DMS,7340115,Marketing,,26.10,,THPTQG,2020,Xét điểm TNTHPT- Điểm chuẩn chương trình đại trà 26.1- Điểm chuẩn chương trình CLC 24.8- Điểm chuẩn chương trình QT 22.8,daniele15,
DMS,7340115,Marketing,,27.50,,HocBa,2020,,daniele15,
DMS,7340116,Bất động sản,,23.00,,THPTQG,2020,,daniele15,
DMS,7340116,Bất động sản,,26.00,,HocBa,2020,,daniele15,
DMS,7340120,Kinh doanh quốc tế,,25.80,,THPTQG,2020,Xét điểm TN THPT- Điểm chuẩn chương trình đại trà 25.8- Điểm chuẩn chương trình CLC 24.5- Điểm chuẩn chương trình QT 21.7,daniele15,
DMS,7340120,Kinh doanh quốc tế,,28.00,,HocBa,2020,,daniele15,
DMS,7340201,Tài chính - Ngân hàng,,24.47,,THPTQG,2020,Xét điểm TN THPT- Điểm chuẩn chương trình đại trà 24.47- Điểm chuẩn chương trình CLC 22.6,daniele15,
DMS,7340201,Tài chính - Ngân hàng,,26.70,,HocBa,2020,,daniele15,
DMS,7340301,Kế toán,,25.00,,THPTQG,2020,Xét điểm TN THPT- Điểm chuẩn chương trình đại trà 25- Điểm chuẩn chương trình CLC 22.6- Điểm chuẩn chương trình QT 18,daniele15,
DMS,7340301,Kế toán,,27.00,,HocBa,2020,,daniele15,
DMS,7340405D,Hệ thống thông tin quản lý,,22.70,,THPTQG,2020,,daniele15,
DMS,7340405D,Hệ thống thông tin quản lý,,25.37,,HocBa,2020,,daniele15,
DMS,7810103D,Quản trị dịch vụ du lịch và lữ hành,,23.40,,THPTQG,2020,,daniele15,
DMS,7810103D,Quản trị dịch vụ du lịch và lữ hành,,25.71,,HocBa,2020,,daniele15,
DMS,7810201,Quản trị khách sạn,,24.00,,THPTQG,2020,,daniele15,
DMS,7810201,Quản trị khách sạn,,25.50,,HocBa,2020,,daniele15,
DMS,7810202D,Quản trị nhà hàng và dịch vụ ăn uống,,22.00,,THPTQG,2020,,daniele15,
DMS,7810202D,Quản trị nhà hàng và dịch vụ ăn uống,,25.00,,HocBa,2020,,daniele15,
DMT,7220201,Ngôn ngữ Anh,D01,15.00,,THPTQG,2020,,daniele15,
DMT,7220201,Ngôn ngữ Anh,D10,15.00,,THPTQG,2020,,daniele15,
DMT,7220201,Ngôn ngữ Anh,D14,15.00,,THPTQG,2020,,daniele15,
DMT,7220201,Ngôn ngữ Anh,D15,15.00,,THPTQG,2020,,daniele15,
DMT,7340101,Quản trị kinh doanh,A00,21.00,,THPTQG,2020,,daniele15,
DMT,7340101,Quản trị kinh doanh,A01,21.00,,THPTQG,2020,,daniele15,
DMT,7340101,Quản trị kinh doanh,C00,21.00,,THPTQG,2020,,daniele15,
DMT,7340101,Quản trị kinh doanh,D01,21.00,,THPTQG,2020,,daniele15,
DMT,7340115,Marketing,A00,21.00,,THPTQG,2020,,daniele15,
DMT,7340115,Marketing,A01,21.00,,THPTQG,2020,,daniele15,
DMT,7340115,Marketing,C00,21.00,,THPTQG,2020,,daniele15,
DMT,7340115,Marketing,D01,21.00,,THPTQG,2020,,daniele15,
DMT,7340116,Bất động sản,A00,15.00,,THPTQG,2020,,daniele15,
DMT,7340116,Bất động sản,A01,15.00,,THPTQG,2020,,daniele15,
DMT,7340116,Bất động sản,C00,15.00,,THPTQG,2020,,daniele15,
DMT,7340116,Bất động sản,D01,15.00,,THPTQG,2020,,daniele15,
DMT,7340301,Kế toán,A00,19.00,,THPTQG,2020,,daniele15,
DMT,7340301,Kế toán,A01,19.00,,THPTQG,2020,,daniele15,
DMT,7340301,Kế toán,C00,19.00,,THPTQG,2020,,daniele15,
DMT,7340301,Kế toán,D01,19.00,,THPTQG,2020,,daniele15,
DMT,7380101,Luật,A00,15.00,,THPTQG,2020,,daniele15,
DMT,7380101,Luật,A01,15.00,,THPTQG,2020,,daniele15,
DMT,7380101,Luật,C00,15.00,,THPTQG,2020,,daniele15,
DMT,7380101,Luật,D01,15.00,,THPTQG,2020,,daniele15,
DMT,7420203,Sinh học ứng dụng,A00,15.00,,THPTQG,2020,,daniele15,
DMT,7420203,Sinh học ứng dụng,B00,15.00,,THPTQG,2020,,daniele15,
DMT,7420203,Sinh học ứng dụng,D01,15.00,,THPTQG,2020,,daniele15,
DMT,7420203,Sinh học ứng dụng,D13,15.00,,THPTQG,2020,,daniele15,
DMT,7440221,Khí tượng và khí hậu học,A00,15.00,,THPTQG,2020,,daniele15,
DMT,7440221,Khí tượng và khí hậu học,A01,15.00,,THPTQG,2020,,daniele15,
DMT,7440221,Khí tượng và khí hậu học,C01,15.00,,THPTQG,2020,,daniele15,
DMT,7440221,Khí tượng và khí hậu học,D10,15.00,,THPTQG,2020,,daniele15,
DMT,7440224,Thuỷ văn học,A00,15.00,,THPTQG,2020,,daniele15,
DMT,7440224,Thuỷ văn học,A01,15.00,,THPTQG,2020,,daniele15,
DMT,7440224,Thuỷ văn học,B00,15.00,,THPTQG,2020,,daniele15,
DMT,7440224,Thuỷ văn học,D01,15.00,,THPTQG,2020,,daniele15,
DMT,7440298,Biến đổi khí hậu và Phát triển bền vững,A00,15.00,,THPTQG,2020,,daniele15,
DMT,7440298,Biến đổi khí hậu và Phát triển bền vững,A01,15.00,,THPTQG,2020,,daniele15,
DMT,7440298,Biến đổi khí hậu và Phát triển bền vững,D01,15.00,,THPTQG,2020,,daniele15,
DMT,7440298,Biến đổi khí hậu và Phát triển bền vững,D15,15.00,,THPTQG,2020,,daniele15,
DMT,7480201,Công nghệ thông tin,A00,17.00,,THPTQG,2020,,daniele15,
DMT,7480201,Công nghệ thông tin,A01,17.00,,THPTQG,2020,,daniele15,
DMT,7480201,Công nghệ thông tin,B00,17.00,,THPTQG,2020,,daniele15,
DMT,7480201,Công nghệ thông tin,D01,17.00,,THPTQG,2020,,daniele15,
DMT,7510406 PH,Công nghệ kỹ thuật môi trường,A00,15.00,,THPTQG,2020,,daniele15,
DMT,7510406 PH,Công nghệ kỹ thuật môi trường,B00,15.00,,THPTQG,2020,,daniele15,
DMT,7510406 PH,Công nghệ kỹ thuật môi trường,C08,15.00,,THPTQG,2020,,daniele15,
DMT,7510406 PH,Công nghệ kỹ thuật môi trường,D01,15.00,,THPTQG,2020,,daniele15,
DMT,7510605,Logistics và Quản lý chuỗi cung ứng,A00,16.00,,THPTQG,2020,,daniele15,
DMT,7510605,Logistics và Quản lý chuỗi cung ứng,A01,16.00,,THPTQG,2020,,daniele15,
DMT,7510605,Logistics và Quản lý chuỗi cung ứng,C00,16.00,,THPTQG,2020,,daniele15,
DMT,7510605,Logistics và Quản lý chuỗi cung ứng,D01,16.00,,THPTQG,2020,,daniele15,
DMT,7520501,Kỹ thuật địa chất,A00,15.00,,THPTQG,2020,,daniele15,
DMT,7520501,Kỹ thuật địa chất,A01,15.00,,THPTQG,2020,,daniele15,
DMT,7520501,Kỹ thuật địa chất,D01,15.00,,THPTQG,2020,,daniele15,
DMT,7520501,Kỹ thuật địa chất,D07,15.00,,THPTQG,2020,,daniele15,
DMT,7520503PH,Kỹ thuật trắc địa - bản đồ,A00,15.00,,THPTQG,2020,,daniele15,
DMT,7520503PH,Kỹ thuật trắc địa - bản đồ,A01,15.00,,THPTQG,2020,,daniele15,
DMT,7520503PH,Kỹ thuật trắc địa - bản đồ,D01,15.00,,THPTQG,2020,,daniele15,
DMT,7520503PH,Kỹ thuật trắc địa - bản đồ,D10,15.00,,THPTQG,2020,,daniele15,
DMT,7540106,Đảm bảo chất lượng và an toàn thực phẩm,A00,15.00,,THPTQG,2020,,daniele15,
DMT,7540106,Đảm bảo chất lượng và an toàn thực phẩm,B00,15.00,,THPTQG,2020,,daniele15,
DMT,7540106,Đảm bảo chất lượng và an toàn thực phẩm,D01,15.00,,THPTQG,2020,,daniele15,
DMT,7540106,Đảm bảo chất lượng và an toàn thực phẩm,D07,15.00,,THPTQG,2020,,daniele15,
DMT,7810103,Quản trị dịch vụ du lịch và lữ hành,A00,19.50,,THPTQG,2020,,daniele15,
DMT,7810103,Quản trị dịch vụ du lịch và lữ hành,A01,19.50,,THPTQG,2020,,daniele15,
DMT,7810103,Quản trị dịch vụ du lịch và lữ hành,C00,19.50,,THPTQG,2020,,daniele15,
DMT,7810103,Quản trị dịch vụ du lịch và lữ hành,D01,19.50,,THPTQG,2020,,daniele15,
DMT,7810201,Quản trị khách sạn,A00,20.50,,THPTQG,2020,,daniele15,
DMT,7810201,Quản trị khách sạn,A01,20.50,,THPTQG,2020,,daniele15,
DMT,7810201,Quản trị khách sạn,C00,20.50,,THPTQG,2020,,daniele15,
DMT,7810201,Quản trị khách sạn,D01,20.50,,THPTQG,2020,,daniele15,
DMT,7850101PH,Quản lý tài nguyên và môi trường,A00,15.00,,THPTQG,2020,,daniele15,
DMT,7850101PH,Quản lý tài nguyên và môi trường,B00,15.00,,THPTQG,2020,,daniele15,
DMT,7850101PH,Quản lý tài nguyên và môi trường,D01,15.00,,THPTQG,2020,,daniele15,
DMT,7850101PH,Quản lý tài nguyên và môi trường,D15,15.00,,THPTQG,2020,,daniele15,
DMT,7850102,Kinh tế,A00,15.00,,THPTQG,2020,,daniele15,
DMT,7850102,Kinh tế,A01,15.00,,THPTQG,2020,,daniele15,
DMT,7850102,Kinh tế,C00,15.00,,THPTQG,2020,,daniele15,
DMT,7850102,Kinh tế,D01,15.00,,THPTQG,2020,,daniele15,
DMT,7850103 PH,Quản lý đất đai,A00,15.00,,THPTQG,2020,,daniele15,
DMT,7850103 PH,Quản lý đất đai,B00,15.00,,THPTQG,2020,,daniele15,
DMT,7850103 PH,Quản lý đất đai,C00,15.00,,THPTQG,2020,,daniele15,
DMT,7850103 PH,Quản lý đất đai,D01,15.00,,THPTQG,2020,,daniele15,
DMT,7850198,Quản lý tài nguyên nước,A00,15.00,,THPTQG,2020,,daniele15,
DMT,7850198,Quản lý tài nguyên nước,A01,15.00,,THPTQG,2020,,daniele15,
DMT,7850198,Quản lý tài nguyên nước,B00,15.00,,THPTQG,2020,,daniele15,
DMT,7850198,Quản lý tài nguyên nước,D07,15.00,,THPTQG,2020,,daniele15,
DMT,7850199,Quản lý biển,A00,15.00,,THPTQG,2020,,daniele15,
DMT,7850199,Quản lý biển,B00,15.00,,THPTQG,2020,,daniele15,
DMT,7850199,Quản lý biển,C01,15.00,,THPTQG,2020,,daniele15,
DMT,7850199,Quản lý biển,D01,15.00,,THPTQG,2020,,daniele15,
DNB,5140201,Giáo dục Mầm non,,16.50,,THPTQG,2020,,daniele15,
DNB,5340301,Kế toán,A00,14.00,,THPTQG,2020,,daniele15,
DNB,5340301,Kế toán,A01,14.00,,THPTQG,2020,,daniele15,
DNB,5340301,Kế toán,D01,14.00,,THPTQG,2020,,daniele15,
DNB,5340301,Kế toán,D07,14.00,,THPTQG,2020,,daniele15,
DNB,7140201,Giáo dục Mầm non,,18.50,,THPTQG,2020,,daniele15,
DNB,7140202,Giáo dục Tiểu học,A00,18.50,,THPTQG,2020,,daniele15,
DNB,7140202,Giáo dục Tiểu học,A01,18.50,,THPTQG,2020,,daniele15,
DNB,7140202,Giáo dục Tiểu học,C00,18.50,,THPTQG,2020,,daniele15,
DNB,7140202,Giáo dục Tiểu học,D01,18.50,,THPTQG,2020,,daniele15,
DNB,7140212,Sư phạm Hóa học,A00,18.50,,THPTQG,2020,,daniele15,
DNB,7140212,Sư phạm Hóa học,B00,18.50,,THPTQG,2020,,daniele15,
DNB,7140212,Sư phạm Hóa học,D07,18.50,,THPTQG,2020,,daniele15,
DNB,7310630,Việt Nam học,C00,14.00,,THPTQG,2020,,daniele15,
DNB,7310630,Việt Nam học,D14,14.00,,THPTQG,2020,,daniele15,
DNB,7310630,Việt Nam học,D15,14.00,,THPTQG,2020,,daniele15,
DNB,7310630,Việt Nam học,D66,14.00,,THPTQG,2020,,daniele15,
DNB,7340101,Quản trị kinh doanh,A00,14.00,,THPTQG,2020,,daniele15,
DNB,7340101,Quản trị kinh doanh,A01,14.00,,THPTQG,2020,,daniele15,
DNB,7340101,Quản trị kinh doanh,D01,14.00,,THPTQG,2020,,daniele15,
DNB,7340101,Quản trị kinh doanh,D07,14.00,,THPTQG,2020,,daniele15,
DNB,7810101,Du lịch,C00,14.00,,THPTQG,2020,,daniele15,
DNB,7810101,Du lịch,D14,14.00,,THPTQG,2020,,daniele15,
DNB,7810101,Du lịch,D15,14.00,,THPTQG,2020,,daniele15,
DNB,7810101,Du lịch,D66,14.00,,THPTQG,2020,,daniele15,
DNC,7220201,Ngôn ngữ Anh,D01,18.00,,THPTQG,2020,,daniele15,
DNC,7220201,Ngôn ngữ Anh,D14,18.00,,THPTQG,2020,,daniele15,
DNC,7220201,Ngôn ngữ Anh,D15,18.00,,THPTQG,2020,,daniele15,
DNC,7220201,Ngôn ngữ Anh,D66,18.00,,THPTQG,2020,,daniele15,
DNC,7320108,Quan hệ công chúng,C00,22.00,,THPTQG,2020,,daniele15,
DNC,7320108,Quan hệ công chúng,D01,22.00,,THPTQG,2020,,daniele15,
DNC,7320108,Quan hệ công chúng,D14,22.00,,THPTQG,2020,,daniele15,
DNC,7320108,Quan hệ công chúng,D15,22.00,,THPTQG,2020,,daniele15,
DNC,7340101,Quản trị kinh doanh,A00,21.00,,THPTQG,2020,,daniele15,
DNC,7340101,Quản trị kinh doanh,A01,21.00,,THPTQG,2020,,daniele15,
DNC,7340101,Quản trị kinh doanh,C04,21.00,,THPTQG,2020,,daniele15,
DNC,7340101,Quản trị kinh doanh,D01,21.00,,THPTQG,2020,,daniele15,
DNC,7340115,Marketing,A00,22.00,,THPTQG,2020,,daniele15,
DNC,7340115,Marketing,A01,22.00,,THPTQG,2020,,daniele15,
DNC,7340115,Marketing,C04,22.00,,THPTQG,2020,,daniele15,
DNC,7340115,Marketing,D01,22.00,,THPTQG,2020,,daniele15,
DNC,7340116,Bất động sản,A00,17.00,,THPTQG,2020,,daniele15,
DNC,7340116,Bất động sản,B00,17.00,,THPTQG,2020,,daniele15,
DNC,7340116,Bất động sản,C05,17.00,,THPTQG,2020,,daniele15,
DNC,7340116,Bất động sản,C08,17.00,,THPTQG,2020,,daniele15,
DNC,7340120,Kinh doanh quốc tế,A00,17.00,,THPTQG,2020,,daniele15,
DNC,7340120,Kinh doanh quốc tế,A01,17.00,,THPTQG,2020,,daniele15,
DNC,7340120,Kinh doanh quốc tế,C04,17.00,,THPTQG,2020,,daniele15,
DNC,7340120,Kinh doanh quốc tế,D01,17.00,,THPTQG,2020,,daniele15,
DNC,7340201,Tài chính - Ngân hàng,A00,19.00,,THPTQG,2020,,daniele15,
DNC,7340201,Tài chính - Ngân hàng,A01,19.00,,THPTQG,2020,,daniele15,
DNC,7340201,Tài chính - Ngân hàng,C04,19.00,,THPTQG,2020,,daniele15,
DNC,7340201,Tài chính - Ngân hàng,D01,19.00,,THPTQG,2020,,daniele15,
DNC,7340301,Kế toán,A00,18.00,,THPTQG,2020,,daniele15,
DNC,7340301,Kế toán,A01,18.00,,THPTQG,2020,,daniele15,
DNC,7340301,Kế toán,C04,18.00,,THPTQG,2020,,daniele15,
DNC,7340301,Kế toán,D01,18.00,,THPTQG,2020,,daniele15,
DNC,7380101,Luật,C00,17.00,,THPTQG,2020,,daniele15,
DNC,7380101,Luật,D01,17.00,,THPTQG,2020,,daniele15,
DNC,7380101,Luật,D14,17.00,,THPTQG,2020,,daniele15,
DNC,7380101,Luật,D15,17.00,,THPTQG,2020,,daniele15,
DNC,7380107,Luật,C00,17.00,,THPTQG,2020,,daniele15,
DNC,7380107,Luật,D01,17.00,,THPTQG,2020,,daniele15,
DNC,7380107,Luật,D14,17.00,,THPTQG,2020,,daniele15,
DNC,7380107,Luật,D15,17.00,,THPTQG,2020,,daniele15,
DNC,7480201,Công nghệ thông tin,A00,17.00,,THPTQG,2020,,daniele15,
DNC,7480201,Công nghệ thông tin,A01,17.00,,THPTQG,2020,,daniele15,
DNC,7480201,Công nghệ thông tin,A02,17.00,,THPTQG,2020,,daniele15,
DNC,7480201,Công nghệ thông tin,D07,17.00,,THPTQG,2020,,daniele15,
DNC,7510205,Công nghệ kỹ thuật ô tô,A00,21.00,,THPTQG,2020,,daniele15,
DNC,7510205,Công nghệ kỹ thuật ô tô,A01,21.00,,THPTQG,2020,,daniele15,
DNC,7510205,Công nghệ kỹ thuật ô tô,A02,21.00,,THPTQG,2020,,daniele15,
DNC,7510205,Công nghệ kỹ thuật ô tô,D07,21.00,,THPTQG,2020,,daniele15,
DNC,7510401,Công nghệ kỹ thuật hoá học,A00,20.00,,THPTQG,2020,,daniele15,
DNC,7510401,Công nghệ kỹ thuật hoá học,B00,20.00,,THPTQG,2020,,daniele15,
DNC,7510401,Công nghệ kỹ thuật hoá học,C08,20.00,,THPTQG,2020,,daniele15,
DNC,7510401,Công nghệ kỹ thuật hoá học,D07,20.00,,THPTQG,2020,,daniele15,
DNC,7520116,Kỹ thuật cơ khí,A00,16.00,,THPTQG,2020,,daniele15,
DNC,7520116,Kỹ thuật cơ khí,A01,16.00,,THPTQG,2020,,daniele15,
DNC,7520116,Kỹ thuật cơ khí,A02,16.00,,THPTQG,2020,,daniele15,
DNC,7520116,Kỹ thuật cơ khí,D07,16.00,,THPTQG,2020,,daniele15,
DNC,7520320,Kỹ thuật môi trường,A00,20.00,,THPTQG,2020,,daniele15,
DNC,7520320,Kỹ thuật môi trường,A02,20.00,,THPTQG,2020,,daniele15,
DNC,7520320,Kỹ thuật môi trường,B00,20.00,,THPTQG,2020,,daniele15,
DNC,7520320,Kỹ thuật môi trường,C08,20.00,,THPTQG,2020,,daniele15,
DNC,7540101,Công nghệ thực phẩm,A00,17.00,,THPTQG,2020,,daniele15,
DNC,7540101,Công nghệ thực phẩm,A02,17.00,,THPTQG,2020,,daniele15,
DNC,7540101,Công nghệ thực phẩm,B00,17.00,,THPTQG,2020,,daniele15,
DNC,7540101,Công nghệ thực phẩm,D07,17.00,,THPTQG,2020,,daniele15,
DNC,7580101,Kiến trúc,A00,17.00,,THPTQG,2020,,daniele15,
DNC,7580101,Kiến trúc,D01,17.00,,THPTQG,2020,,daniele15,
DNC,7580101,Kiến trúc,V00,17.00,,THPTQG,2020,,daniele15,
DNC,7580101,Kiến trúc,V01,17.00,,THPTQG,2020,,daniele15,
DNC,7580201,Kỹ thuật xây dựng,A00,17.00,,THPTQG,2020,,daniele15,
DNC,7580201,Kỹ thuật xây dựng,A01,17.00,,THPTQG,2020,,daniele15,
DNC,7580201,Kỹ thuật xây dựng,A02,17.00,,THPTQG,2020,,daniele15,
DNC,7580201,Kỹ thuật xây dựng,D07,17.00,,THPTQG,2020,,daniele15,
DNC,7720101,Y khoa,A02,22.00,,THPTQG,2020,,daniele15,
DNC,7720101,Y khoa,B00,22.00,,THPTQG,2020,,daniele15,
DNC,7720101,Y khoa,D07,22.00,,THPTQG,2020,,daniele15,
DNC,7720101,Y khoa,D08,22.00,,THPTQG,2020,,daniele15,
DNC,7720201,Dược học,A00,21.00,,THPTQG,2020,,daniele15,
DNC,7720201,Dược học,B00,21.00,,THPTQG,2020,,daniele15,
DNC,7720201,Dược học,D07,21.00,,THPTQG,2020,,daniele15,
DNC,7720201,Dược học,D08,21.00,,THPTQG,2020,,daniele15,
DNC,7720601,Kỹ thuật xét nghiệm y học,A00,19.00,,THPTQG,2020,,daniele15,
DNC,7720601,Kỹ thuật xét nghiệm y học,B00,19.00,,THPTQG,2020,,daniele15,
DNC,7720601,Kỹ thuật xét nghiệm y học,D07,19.00,,THPTQG,2020,,daniele15,
DNC,7720601,Kỹ thuật xét nghiệm y học,D08,19.00,,THPTQG,2020,,daniele15,
DNC,7720602,Kỹ thuật hình ảnh y học,A00,19.00,,THPTQG,2020,,daniele15,
DNC,7720602,Kỹ thuật hình ảnh y học,B00,19.00,,THPTQG,2020,,daniele15,
DNC,7720602,Kỹ thuật hình ảnh y học,D07,19.00,,THPTQG,2020,,daniele15,
DNC,7720602,Kỹ thuật hình ảnh y học,D08,19.00,,THPTQG,2020,,daniele15,
DNC,7720802,Quản trị bệnh viện,B00,17.00,,THPTQG,2020,,daniele15,
DNC,7720802,Quản trị bệnh viện,B03,17.00,,THPTQG,2020,,daniele15,
DNC,7720802,Quản trị bệnh viện,C01,17.00,,THPTQG,2020,,daniele15,
DNC,7720802,Quản trị bệnh viện,C02,17.00,,THPTQG,2020,,daniele15,
DNC,7810103,Quản trị dịch vụ du lịch và lữ hành,A00,18.00,,THPTQG,2020,,daniele15,
DNC,7810103,Quản trị dịch vụ du lịch và lữ hành,A01,18.00,,THPTQG,2020,,daniele15,
DNC,7810103,Quản trị dịch vụ du lịch và lữ hành,C00,18.00,,THPTQG,2020,,daniele15,
DNC,7810103,Quản trị dịch vụ du lịch và lữ hành,D01,18.00,,THPTQG,2020,,daniele15,
DNC,7810201,Quản trị khách sạn,A00,23.00,,THPTQG,2020,,daniele15,
DNC,7810201,Quản trị khách sạn,A01,23.00,,THPTQG,2020,,daniele15,
DNC,7810201,Quản trị khách sạn,C00,23.00,,THPTQG,2020,,daniele15,
DNC,7810201,Quản trị khách sạn,D01,23.00,,THPTQG,2020,,daniele15,
DNC,7810202,Quản trị nhà hàng và dịch vụ ăn uống,A00,22.00,,THPTQG,2020,,daniele15,
DNC,7810202,Quản trị nhà hàng và dịch vụ ăn uống,A01,22.00,,THPTQG,2020,,daniele15,
DNC,7810202,Quản trị nhà hàng và dịch vụ ăn uống,C00,22.00,,THPTQG,2020,,daniele15,
DNC,7810202,Quản trị nhà hàng và dịch vụ ăn uống,D01,22.00,,THPTQG,2020,,daniele15,
DNC,7850101,Quản lý tài nguyên và môi trường,A00,17.00,,THPTQG,2020,,daniele15,
DNC,7850101,Quản lý tài nguyên và môi trường,A02,17.00,,THPTQG,2020,,daniele15,
DNC,7850101,Quản lý tài nguyên và môi trường,B00,17.00,,THPTQG,2020,,daniele15,
DNC,7850101,Quản lý tài nguyên và môi trường,C08,17.00,,THPTQG,2020,,daniele15,
DNC,7850103,Quản lý đất đai,A00,17.00,,THPTQG,2020,,daniele15,
DNC,7850103,Quản lý đất đai,A02,17.00,,THPTQG,2020,,daniele15,
DNC,7850103,Quản lý đất đai,B00,17.00,,THPTQG,2020,,daniele15,
DNC,7850103,Quản lý đất đai,C08,17.00,,THPTQG,2020,,daniele15,
DNT,7220201,Ngôn ngữ Anh,A01,29.25,,THPTQG,2020,điểm Tiếng anh nhân 2,daniele15,
DNT,7220201,Ngôn ngữ Anh,D01,29.25,,THPTQG,2020,điểm Tiếng anh nhân 2,daniele15,
DNT,7220201,Ngôn ngữ Anh,D14,29.25,,THPTQG,2020,điểm Tiếng anh nhân 2,daniele15,
DNT,7220201,Ngôn ngữ Anh,D15,29.25,,THPTQG,2020,điểm Tiếng anh nhân 2,daniele15,
DNT,7220204,Ngôn ngữ Trung Quốc,A01,23.25,,THPTQG,2020,điểm Tiếng anh nhân 2,daniele15,
DNT,7220204,Ngôn ngữ Trung Quốc,D01,23.25,,THPTQG,2020,điểm Tiếng anh nhân 2,daniele15,
DNT,7220204,Ngôn ngữ Trung Quốc,D04,23.25,,THPTQG,2020,điểm Tiếng anh nhân 2,daniele15,
DNT,7220204,Ngôn ngữ Trung Quốc,D14,23.25,,THPTQG,2020,điểm Tiếng anh nhân 2,daniele15,
DNT,7310206,Quan hệ quốc tế,A01,25.50,,THPTQG,2020,điểm Tiếng anh nhân 2,daniele15,
DNT,7310206,Quan hệ quốc tế,D01,25.50,,THPTQG,2020,điểm Tiếng anh nhân 2,daniele15,
DNT,7310206,Quan hệ quốc tế,D07,25.50,,THPTQG,2020,điểm Tiếng anh nhân 2,daniele15,
DNT,7310206,Quan hệ quốc tế,D14,25.50,,THPTQG,2020,điểm Tiếng anh nhân 2,daniele15,
DNT,7310608,Đông phương học,D01,21.50,,THPTQG,2020,,daniele15,
DNT,7310608,Đông phương học,D06,21.50,,THPTQG,2020,,daniele15,
DNT,7310608,Đông phương học,D14,21.50,,THPTQG,2020,,daniele15,
DNT,7310608,Đông phương học,D15,21.50,,THPTQG,2020,,daniele15,
DNT,7340101,Quản trị kinh doanh,A01,25.75,,THPTQG,2020,điểm Tiếng anh nhân 2,daniele15,
DNT,7340101,Quản trị kinh doanh,D01,25.75,,THPTQG,2020,điểm Tiếng anh nhân 2,daniele15,
DNT,7340101,Quản trị kinh doanh,D07,25.75,,THPTQG,2020,điểm Tiếng anh nhân 2,daniele15,
DNT,7340101,Quản trị kinh doanh,D11,25.75,,THPTQG,2020,điểm Tiếng anh nhân 2,daniele15,
DNT,7340120,Kinh doanh quốc tế,A01,26.25,,THPTQG,2020,điểm Tiếng anh nhân 2,daniele15,
DNT,7340120,Kinh doanh quốc tế,D01,26.25,,THPTQG,2020,điểm Tiếng anh nhân 2,daniele15,
DNT,7340120,Kinh doanh quốc tế,D07,26.25,,THPTQG,2020,điểm Tiếng anh nhân 2,daniele15,
DNT,7340120,Kinh doanh quốc tế,D11,26.25,,THPTQG,2020,điểm Tiếng anh nhân 2,daniele15,
DNT,7340201,Tài chính - Ngân hàng,A01,19.00,,THPTQG,2020,,daniele15,
DNT,7340201,Tài chính - Ngân hàng,D01,19.00,,THPTQG,2020,,daniele15,
DNT,7340201,Tài chính - Ngân hàng,D07,19.00,,THPTQG,2020,,daniele15,
DNT,7340201,Tài chính - Ngân hàng,D11,19.00,,THPTQG,2020,,daniele15,
DNT,7340301,Kế toán,A01,18.00,,THPTQG,2020,,daniele15,
DNT,7340301,Kế toán,D01,18.00,,THPTQG,2020,,daniele15,
DNT,7340301,Kế toán,D07,18.00,,THPTQG,2020,,daniele15,
DNT,7340301,Kế toán,D11,18.00,,THPTQG,2020,,daniele15,
DNT,7380107,Luật,A01,16.00,,THPTQG,2020,,daniele15,
DNT,7380107,Luật,D01,16.00,,THPTQG,2020,,daniele15,
DNT,7380107,Luật,D07,16.00,,THPTQG,2020,,daniele15,
DNT,7380107,Luật,D11,16.00,,THPTQG,2020,,daniele15,
DNT,7480201,Công nghệ thông tin,A00,19.75,,THPTQG,2020,,daniele15,
DNT,7480201,Công nghệ thông tin,A01,19.75,,THPTQG,2020,,daniele15,
DNT,7480201,Công nghệ thông tin,D01,19.75,,THPTQG,2020,,daniele15,
DNT,7480201,Công nghệ thông tin,D07,19.75,,THPTQG,2020,,daniele15,
DNT,7810103,Quản trị dịch vụ du lịch và lữ hành,A01,20.75,,THPTQG,2020,,daniele15,
DNT,7810103,Quản trị dịch vụ du lịch và lữ hành,D01,20.75,,THPTQG,2020,,daniele15,
DNT,7810103,Quản trị dịch vụ du lịch và lữ hành,D14,20.75,,THPTQG,2020,,daniele15,
DNT,7810103,Quản trị dịch vụ du lịch và lữ hành,D15,20.75,,THPTQG,2020,,daniele15,
DNT,7810201,Quản trị khách sạn,A01,20.00,,THPTQG,2020,,daniele15,
DNT,7810201,Quản trị khách sạn,D01,20.00,,THPTQG,2020,,daniele15,
DNT,7810201,Quản trị khách sạn,D14,20.00,,THPTQG,2020,,daniele15,
DNT,7810201,Quản trị khách sạn,D15,20.00,,THPTQG,2020,,daniele15,
DNV,7229040,Văn hoá học,C20,14.00,,THPTQG,2020,,daniele15,
DNV,7229040,Văn hoá học,C20,15.00,,THPTQG,2020,,daniele15,
DNV,7229042,Quản lý văn hoá,C20,14.00,,THPTQG,2020,,daniele15,
DNV,7229042,Quản lý văn hoá,C20,15.00,,THPTQG,2020,,daniele15,
DNV,7310205-03,Quản lý nhà nước,C20,14.00,,THPTQG,2020,,daniele15,
DNV,7310205-03,Quản lý nhà nước,C20,15.00,,THPTQG,2020,,daniele15,
DNV,7320303,Lưu trữ học,C19,14.00,,THPTQG,2020,,daniele15,
DNV,7320303,Lưu trữ học,C20,14.00,,THPTQG,2020,,daniele15,
DNV,7320303,Lưu trữ học,C19,15.00,,THPTQG,2020,,daniele15,
DNV,7320303,Lưu trữ học,C20,15.00,,THPTQG,2020,,daniele15,
DNV,7340404NQ,Quản trị nhân lực,C20,14.00,,THPTQG,2020,,daniele15,
DNV,7340404NQ,Quản trị nhân lực,C20,15.00,,THPTQG,2020,,daniele15,
DNV,7340406NQ,Quản trị văn phòng,C20,14.00,,THPTQG,2020,,daniele15,
DNV,7340406NQ,Quản trị văn phòng,C20,15.00,,THPTQG,2020,,daniele15,
DNV,7380101,Luật,C20,14.00,,THPTQG,2020,,daniele15,
DNV,7380101,Luật,C20,15.00,,THPTQG,2020,,daniele15,
DPC,7220201,Ngôn ngữ Anh,A01,15.00,,THPTQG,2020,,daniele15,
DPC,7220201,Ngôn ngữ Anh,D01,15.00,,THPTQG,2020,,daniele15,
DPC,7220201,Ngôn ngữ Anh,D08,15.00,,THPTQG,2020,,daniele15,
DPC,7220201,Ngôn ngữ Anh,D90,15.00,,THPTQG,2020,,daniele15,
DPC,7340101,Quản trị kinh doanh,A01,15.00,,THPTQG,2020,,daniele15,
DPC,7340101,Quản trị kinh doanh,D01,15.00,,THPTQG,2020,,daniele15,
DPC,7340101,Quản trị kinh doanh,D08,15.00,,THPTQG,2020,,daniele15,
DPC,7340101,Quản trị kinh doanh,D90,15.00,,THPTQG,2020,,daniele15,
DPC,7720101,Y khoa,B00,22.00,,THPTQG,2020,,daniele15,
DPC,7720101,Y khoa,D08,22.00,,THPTQG,2020,,daniele15,
DPC,7720101,Y khoa,D90,22.00,,THPTQG,2020,,daniele15,
DPC,7720101,Y khoa,D91,22.00,,THPTQG,2020,,daniele15,
DPC,7720301,Điều dưỡng,B00,19.00,,THPTQG,2020,,daniele15,
DPC,7720301,Điều dưỡng,D08,19.00,,THPTQG,2020,,daniele15,
DPC,7720301,Điều dưỡng,D90,19.00,,THPTQG,2020,,daniele15,
DPC,7720301,Điều dưỡng,D91,19.00,,THPTQG,2020,,daniele15,
DPC,7720501,Răng - Hàm - Mặt,A00,22.00,,THPTQG,2020,,daniele15,
DPC,7720501,Răng - Hàm - Mặt,A16,22.00,,THPTQG,2020,,daniele15,
DPC,7720501,Răng - Hàm - Mặt,B00,22.00,,THPTQG,2020,,daniele15,
DPC,7720501,Răng - Hàm - Mặt,D90,22.00,,THPTQG,2020,,daniele15,
DPC,7720601,Kỹ thuật xét nghiệm y học,B00,19.00,,THPTQG,2020,,daniele15,
DPC,7720601,Kỹ thuật xét nghiệm y học,D08,19.00,,THPTQG,2020,,daniele15,
DPC,7720601,Kỹ thuật xét nghiệm y học,D90,19.00,,THPTQG,2020,,daniele15,
DPC,7720601,Kỹ thuật xét nghiệm y học,D91,19.00,,THPTQG,2020,,daniele15,
DPD,51140201,Giáo dục Mầm non,,16.50,,THPTQG,2020,Hệ cao đẳng,daniele15,
DPD,7140210,Sư phạm Tin học,A00,28.50,,THPTQG,2020,,daniele15,
DPD,7140210,Sư phạm Tin học,A01,28.50,,THPTQG,2020,,daniele15,
DPD,7140210,Sư phạm Tin học,D01,28.50,,THPTQG,2020,,daniele15,
DPD,7140210,Sư phạm Tin học,D90,28.50,,THPTQG,2020,,daniele15,
DPD,7140211,Sư phạm Vật lý,A00,18.50,,THPTQG,2020,,daniele15,
DPD,7140211,Sư phạm Vật lý,A01,18.50,,THPTQG,2020,,daniele15,
DPD,7140211,Sư phạm Vật lý,D90,18.50,,THPTQG,2020,,daniele15,
DPD,7140217,Sư phạm Ngữ văn,C00,18.50,,THPTQG,2020,,daniele15,
DPD,7140217,Sư phạm Ngữ văn,D78,18.50,,THPTQG,2020,,daniele15,
DPD,7140231,Sư phạm Tiếng Anh,D01,18.50,,THPTQG,2020,,daniele15,
DPD,7140231,Sư phạm Tiếng Anh,D72,18.50,,THPTQG,2020,,daniele15,
DPD,7140231,Sư phạm Tiếng Anh,D96,18.50,,THPTQG,2020,,daniele15,
DPD,7220201,Ngôn ngữ Anh,D01,14.00,,THPTQG,2020,,daniele15,
DPD,7220201,Ngôn ngữ Anh,D72,14.00,,THPTQG,2020,,daniele15,
DPD,7220201,Ngôn ngữ Anh,D96,14.00,,THPTQG,2020,,daniele15,
DPD,7220201,Ngôn ngữ Anh,D01,15.00,,THPTQG,2020,,daniele15,
DPD,7220201,Ngôn ngữ Anh,D72,15.00,,THPTQG,2020,,daniele15,
DPD,7220201,Ngôn ngữ Anh,D96,15.00,,THPTQG,2020,,daniele15,
DPD,7220204,Ngôn ngữ Trung Quốc,D01,14.00,,THPTQG,2020,,daniele15,
DPD,7220204,Ngôn ngữ Trung Quốc,D04,14.00,,THPTQG,2020,,daniele15,
DPD,7220209,Ngôn ngữ Nhật,D01,14.00,,THPTQG,2020,,daniele15,
DPD,7220209,Ngôn ngữ Nhật,D06,14.00,,THPTQG,2020,,daniele15,
DPD,7310105,Kinh tế,A00,15.00,,THPTQG,2020,,daniele15,
DPD,7310105,Kinh tế,A01,15.00,,THPTQG,2020,,daniele15,
DPD,7310105,Kinh tế,D01,15.00,,THPTQG,2020,,daniele15,
DPD,7310105,Kinh tế,D90,15.00,,THPTQG,2020,,daniele15,
DPD,7310630,Việt Nam học,A00,14.00,,THPTQG,2020,,daniele15,
DPD,7310630,Việt Nam học,A01,14.00,,THPTQG,2020,,daniele15,
DPD,7310630,Việt Nam học,C00,14.00,,THPTQG,2020,,daniele15,
DPD,7310630,Việt Nam học,D01,14.00,,THPTQG,2020,,daniele15,
DPD,7340101,Quản trị kinh doanh,A00,14.00,,THPTQG,2020,,daniele15,
DPD,7340101,Quản trị kinh doanh,A01,14.00,,THPTQG,2020,,daniele15,
DPD,7340101,Quản trị kinh doanh,D01,14.00,,THPTQG,2020,,daniele15,
DPD,7340101,Quản trị kinh doanh,D90,14.00,,THPTQG,2020,,daniele15,
DPD,7340101,Quản trị kinh doanh,A00,15.00,,THPTQG,2020,,daniele15,
DPD,7340101,Quản trị kinh doanh,A01,15.00,,THPTQG,2020,,daniele15,
DPD,7340101,Quản trị kinh doanh,D01,15.00,,THPTQG,2020,,daniele15,
DPD,7340101,Quản trị kinh doanh,D90,15.00,,THPTQG,2020,,daniele15,
DPD,7340122,Thương mại điện tử,A00,15.00,,THPTQG,2020,,daniele15,
DPD,7340122,Thương mại điện tử,A01,15.00,,THPTQG,2020,,daniele15,
DPD,7340122,Thương mại điện tử,D01,15.00,,THPTQG,2020,,daniele15,
DPD,7340122,Thương mại điện tử,D90,15.00,,THPTQG,2020,,daniele15,
DPD,7340201,Tài chính - Ngân hàng,A00,14.00,,THPTQG,2020,,daniele15,
DPD,7340201,Tài chính - Ngân hàng,A01,14.00,,THPTQG,2020,,daniele15,
DPD,7340201,Tài chính - Ngân hàng,D01,14.00,,THPTQG,2020,,daniele15,
DPD,7340301,Kế toán,A00,14.00,,THPTQG,2020,,daniele15,
DPD,7340301,Kế toán,A01,14.00,,THPTQG,2020,,daniele15,
DPD,7340301,Kế toán,D01,14.00,,THPTQG,2020,,daniele15,
DPD,7340406,Quản trị văn phòng,A00,14.00,,THPTQG,2020,,daniele15,
DPD,7340406,Quản trị văn phòng,A01,14.00,,THPTQG,2020,,daniele15,
DPD,7340406,Quản trị văn phòng,C00,14.00,,THPTQG,2020,,daniele15,
DPD,7340406,Quản trị văn phòng,D01,14.00,,THPTQG,2020,,daniele15,
DPD,7420201,Công nghệ sinh học,A00,14.00,,THPTQG,2020,,daniele15,
DPD,7420201,Công nghệ sinh học,B00,14.00,,THPTQG,2020,,daniele15,
DPD,7420201,Công nghệ sinh học,B08,14.00,,THPTQG,2020,,daniele15,
DPD,7420201,Công nghệ sinh học,D07,14.00,,THPTQG,2020,,daniele15,
DPD,7420203,Sinh học ứng dụng,B00,15.00,,THPTQG,2020,,daniele15,
DPD,7420203,Sinh học ứng dụng,D90,15.00,,THPTQG,2020,,daniele15,
DPD,7480201,Công nghệ thông tin,A00,14.00,,THPTQG,2020,,daniele15,
DPD,7480201,Công nghệ thông tin,A01,14.00,,THPTQG,2020,,daniele15,
DPD,7480201,Công nghệ thông tin,D01,14.00,,THPTQG,2020,,daniele15,
DPD,7480201,Công nghệ thông tin,D90,14.00,,THPTQG,2020,,daniele15,
DPD,7480201,Công nghệ thông tin,A00,15.00,,THPTQG,2020,,daniele15,
DPD,7480201,Công nghệ thông tin,A01,15.00,,THPTQG,2020,,daniele15,
DPD,7480201,Công nghệ thông tin,D01,15.00,,THPTQG,2020,,daniele15,
DPD,7480201,Công nghệ thông tin,D90,15.00,,THPTQG,2020,,daniele15,
DPD,7510201,Công nghệ kỹ thuật cơ khí,A00,15.00,,THPTQG,2020,,daniele15,
DPD,7510201,Công nghệ kỹ thuật cơ khí,A01,15.00,,THPTQG,2020,,daniele15,
DPD,7510201,Công nghệ kỹ thuật cơ khí,D90,15.00,,THPTQG,2020,,daniele15,
DPD,7510302,Công nghệ kỹ thuật điện tử - viễn thông,A00,14.00,,THPTQG,2020,,daniele15,
DPD,7510302,Công nghệ kỹ thuật điện tử - viễn thông,A01,14.00,,THPTQG,2020,,daniele15,
DPD,7510302,Công nghệ kỹ thuật điện tử - viễn thông,C01,14.00,,THPTQG,2020,,daniele15,
DPD,7510302,Công nghệ kỹ thuật điện tử - viễn thông,D01,14.00,,THPTQG,2020,,daniele15,
DPD,7520114,Kỹ thuật cơ điện tử,A00,15.00,,THPTQG,2020,,daniele15,
DPD,7520114,Kỹ thuật cơ điện tử,A01,15.00,,THPTQG,2020,,daniele15,
DPD,7520114,Kỹ thuật cơ điện tử,D90,15.00,,THPTQG,2020,,daniele15,
DPD,7520207,Kỹ thuật điện tử - viễn thông,A00,15.00,,THPTQG,2020,,daniele15,
DPD,7520207,Kỹ thuật điện tử - viễn thông,A01,15.00,,THPTQG,2020,,daniele15,
DPD,7520207,Kỹ thuật điện tử - viễn thông,D90,15.00,,THPTQG,2020,,daniele15,
DPD,7580101,Kiến trúc,H01,18.00,,THPTQG,2020,,daniele15,
DPD,7580101,Kiến trúc,V00,18.00,,THPTQG,2020,,daniele15,
DPD,7580101,Kiến trúc,V01,18.00,,THPTQG,2020,,daniele15,
DPD,7580101,Kiến trúc,V02,18.00,,THPTQG,2020,,daniele15,
DPD,7580201,Kỹ thuật xây dựng,A00,14.00,,THPTQG,2020,,daniele15,
DPD,7580201,Kỹ thuật xây dựng,A01,14.00,,THPTQG,2020,,daniele15,
DPD,7580201,Kỹ thuật xây dựng,C01,14.00,,THPTQG,2020,,daniele15,
DPD,7580201,Kỹ thuật xây dựng,D01,14.00,,THPTQG,2020,,daniele15,
DPD,7580301,Kinh tế,A00,14.00,,THPTQG,2020,,daniele15,
DPD,7580301,Kinh tế,A01,14.00,,THPTQG,2020,,daniele15,
DPD,7580301,Kinh tế,C01,14.00,,THPTQG,2020,,daniele15,
DPD,7580301,Kinh tế,D01,14.00,,THPTQG,2020,,daniele15,
DPD,7810101,Du lịch,C00,15.00,,THPTQG,2020,Quản trị kinh doanh du lịch,daniele15,
DPD,7810101,Du lịch,D01,15.00,,THPTQG,2020,Quản trị kinh doanh du lịch,daniele15,
DPD,7810101,Du lịch,D72,15.00,,THPTQG,2020,Quản trị kinh doanh du lịch,daniele15,
DPD,7810101,Du lịch,D78,15.00,,THPTQG,2020,Quản trị kinh doanh du lịch,daniele15,
DPD,7810103,Quản trị dịch vụ du lịch và lữ hành,A00,14.00,,THPTQG,2020,,daniele15,
DPD,7810103,Quản trị dịch vụ du lịch và lữ hành,A01,14.00,,THPTQG,2020,,daniele15,
DPD,7810103,Quản trị dịch vụ du lịch và lữ hành,C00,14.00,,THPTQG,2020,,daniele15,
DPD,7810103,Quản trị dịch vụ du lịch và lữ hành,D01,14.00,,THPTQG,2020,,daniele15,
DPT,7220201,Ngôn ngữ Anh,D01,14.00,,THPTQG,2020,,daniele15,
DPT,7220201,Ngôn ngữ Anh,D14,14.00,,THPTQG,2020,,daniele15,
DPT,7220201,Ngôn ngữ Anh,D15,14.00,,THPTQG,2020,,daniele15,
DPT,7220201,Ngôn ngữ Anh,D66,14.00,,THPTQG,2020,,daniele15,
DPT,7340101,Quản trị kinh doanh,A00,14.00,,THPTQG,2020,,daniele15,
DPT,7340101,Quản trị kinh doanh,A01,14.00,,THPTQG,2020,,daniele15,
DPT,7340101,Quản trị kinh doanh,C04,14.00,,THPTQG,2020,,daniele15,
DPT,7340101,Quản trị kinh doanh,D01,14.00,,THPTQG,2020,,daniele15,
DPT,7340116,Bất động sản,A00,14.00,,THPTQG,2020,,daniele15,
DPT,7340116,Bất động sản,A01,14.00,,THPTQG,2020,,daniele15,
DPT,7340116,Bất động sản,B00,14.00,,THPTQG,2020,,daniele15,
DPT,7340116,Bất động sản,D01,14.00,,THPTQG,2020,,daniele15,
DPT,7340120,Kinh doanh quốc tế,A00,14.00,,THPTQG,2020,,daniele15,
DPT,7340120,Kinh doanh quốc tế,A01,14.00,,THPTQG,2020,,daniele15,
DPT,7340120,Kinh doanh quốc tế,C04,14.00,,THPTQG,2020,,daniele15,
DPT,7340120,Kinh doanh quốc tế,D01,14.00,,THPTQG,2020,,daniele15,
DPT,7340201,Tài chính - Ngân hàng,A00,14.00,,THPTQG,2020,,daniele15,
DPT,7340201,Tài chính - Ngân hàng,A01,14.00,,THPTQG,2020,,daniele15,
DPT,7340201,Tài chính - Ngân hàng,C04,14.00,,THPTQG,2020,,daniele15,
DPT,7340201,Tài chính - Ngân hàng,D01,14.00,,THPTQG,2020,,daniele15,
DPT,7340301,Kế toán,A00,14.00,,THPTQG,2020,,daniele15,
DPT,7340301,Kế toán,A01,14.00,,THPTQG,2020,,daniele15,
DPT,7340301,Kế toán,C04,14.00,,THPTQG,2020,,daniele15,
DPT,7340301,Kế toán,D01,14.00,,THPTQG,2020,,daniele15,
DPT,7380107,Luật,C00,14.00,,THPTQG,2020,,daniele15,
DPT,7380107,Luật,D14,14.00,,THPTQG,2020,,daniele15,
DPT,7380107,Luật,D66,14.00,,THPTQG,2020,,daniele15,
DPT,7380107,Luật,D84,14.00,,THPTQG,2020,,daniele15,
DPT,7420201,Công nghệ sinh học,A00,14.00,,THPTQG,2020,,daniele15,
DPT,7420201,Công nghệ sinh học,B00,14.00,,THPTQG,2020,,daniele15,
DPT,7420201,Công nghệ sinh học,C08,14.00,,THPTQG,2020,,daniele15,
DPT,7420201,Công nghệ sinh học,D07,14.00,,THPTQG,2020,,daniele15,
DPT,7480201,Công nghệ thông tin,A00,14.00,,THPTQG,2020,,daniele15,
DPT,7480201,Công nghệ thông tin,A01,14.00,,THPTQG,2020,,daniele15,
DPT,7480201,Công nghệ thông tin,C01,14.00,,THPTQG,2020,,daniele15,
DPT,7480201,Công nghệ thông tin,D01,14.00,,THPTQG,2020,,daniele15,
DPT,7510205,Công nghệ kỹ thuật ô tô,A00,14.00,,THPTQG,2020,,daniele15,
DPT,7510205,Công nghệ kỹ thuật ô tô,A01,14.00,,THPTQG,2020,,daniele15,
DPT,7510205,Công nghệ kỹ thuật ô tô,A02,14.00,,THPTQG,2020,,daniele15,
DPT,7510205,Công nghệ kỹ thuật ô tô,D07,14.00,,THPTQG,2020,,daniele15,
DPT,7510605,Logistics và Quản lý chuỗi cung ứng,A00,14.00,,THPTQG,2020,,daniele15,
DPT,7510605,Logistics và Quản lý chuỗi cung ứng,A01,14.00,,THPTQG,2020,,daniele15,
DPT,7510605,Logistics và Quản lý chuỗi cung ứng,A04,14.00,,THPTQG,2020,,daniele15,
DPT,7510605,Logistics và Quản lý chuỗi cung ứng,D01,14.00,,THPTQG,2020,,daniele15,
DPT,7810103,Quản trị dịch vụ du lịch và lữ hành,A00,14.00,,THPTQG,2020,,daniele15,
DPT,7810103,Quản trị dịch vụ du lịch và lữ hành,A01,14.00,,THPTQG,2020,,daniele15,
DPT,7810103,Quản trị dịch vụ du lịch và lữ hành,C00,14.00,,THPTQG,2020,,daniele15,
DPT,7810103,Quản trị dịch vụ du lịch và lữ hành,D01,14.00,,THPTQG,2020,,daniele15,
DPT,7810201,Quản trị khách sạn,A00,14.00,,THPTQG,2020,,daniele15,
DPT,7810201,Quản trị khách sạn,A01,14.00,,THPTQG,2020,,daniele15,
DPT,7810201,Quản trị khách sạn,C00,14.00,,THPTQG,2020,,daniele15,
DPT,7810201,Quản trị khách sạn,D01,14.00,,THPTQG,2020,,daniele15,
DPT,7810202,Quản trị nhà hàng và dịch vụ ăn uống,A00,14.00,,THPTQG,2020,,daniele15,
DPT,7810202,Quản trị nhà hàng và dịch vụ ăn uống,A01,14.00,,THPTQG,2020,,daniele15,
DPT,7810202,Quản trị nhà hàng và dịch vụ ăn uống,C00,14.00,,THPTQG,2020,,daniele15,
DPT,7810202,Quản trị nhà hàng và dịch vụ ăn uống,D01,14.00,,THPTQG,2020,,daniele15,
DPX,7220201,Ngôn ngữ Anh,A01,15.50,,THPTQG,2020,,daniele15,
DPX,7220201,Ngôn ngữ Anh,D01,15.50,,THPTQG,2020,,daniele15,
DPX,7220201,Ngôn ngữ Anh,D14,15.50,,THPTQG,2020,,daniele15,
DPX,7220201,Ngôn ngữ Anh,D15,15.50,,THPTQG,2020,,daniele15,
DPX,7220204,Ngôn ngữ Trung Quốc,A01,15.50,,THPTQG,2020,,daniele15,
DPX,7220204,Ngôn ngữ Trung Quốc,C00,15.50,,THPTQG,2020,,daniele15,
DPX,7220204,Ngôn ngữ Trung Quốc,D01,15.50,,THPTQG,2020,,daniele15,
DPX,7220204,Ngôn ngữ Trung Quốc,D15,15.50,,THPTQG,2020,,daniele15,
DPX,7310630,Việt Nam học,B00,16.50,,THPTQG,2020,,daniele15,
DPX,7310630,Việt Nam học,C00,16.50,,THPTQG,2020,,daniele15,
DPX,7310630,Việt Nam học,D01,16.50,,THPTQG,2020,,daniele15,
DPX,7310630,Việt Nam học,D15,16.50,,THPTQG,2020,,daniele15,
DPX,7340101,Quản trị kinh doanh,A00,16.50,,THPTQG,2020,,daniele15,
DPX,7340101,Quản trị kinh doanh,A01,16.50,,THPTQG,2020,,daniele15,
DPX,7340101,Quản trị kinh doanh,B00,16.50,,THPTQG,2020,,daniele15,
DPX,7340101,Quản trị kinh doanh,D01,16.50,,THPTQG,2020,,daniele15,
DPX,7340301,Kế toán,A00,15.00,,THPTQG,2020,,daniele15,
DPX,7340301,Kế toán,A01,15.00,,THPTQG,2020,,daniele15,
DPX,7340301,Kế toán,B00,15.00,,THPTQG,2020,,daniele15,
DPX,7340301,Kế toán,D01,15.00,,THPTQG,2020,,daniele15,
DPX,7480201,Công nghệ thông tin,A00,15.40,,THPTQG,2020,,daniele15,
DPX,7480201,Công nghệ thông tin,A01,15.40,,THPTQG,2020,,daniele15,
DPX,7480201,Công nghệ thông tin,B00,15.40,,THPTQG,2020,,daniele15,
DPX,7480201,Công nghệ thông tin,D01,15.40,,THPTQG,2020,,daniele15,
DPX,7810103,Quản trị dịch vụ du lịch và lữ hành,A01,15.00,,THPTQG,2020,,daniele15,
DPX,7810103,Quản trị dịch vụ du lịch và lữ hành,C00,15.00,,THPTQG,2020,,daniele15,
DPX,7810103,Quản trị dịch vụ du lịch và lữ hành,D01,15.00,,THPTQG,2020,,daniele15,
DPX,7810103,Quản trị dịch vụ du lịch và lữ hành,D14,15.00,,THPTQG,2020,,daniele15,
DPY,51140201,Giáo dục Mầm non,,16.50,,THPTQG,2020,(điểm thi Văn hoặc Toán + Điểm ưu tiên)/3 >= 5.5Hệ cao đẳng,daniele15,
DPY,7140201,Giáo dục Mầm non,,18.50,,THPTQG,2020,(điểm thi Văn hoặc Toán + Điểm ưu tiên)/3 >= 6.17,daniele15,
DPY,7140202,Giáo dục Tiểu học,A00,18.50,,THPTQG,2020,,daniele15,
DPY,7140202,Giáo dục Tiểu học,A01,18.50,,THPTQG,2020,,daniele15,
DPY,7140202,Giáo dục Tiểu học,C00,18.50,,THPTQG,2020,,daniele15,
DPY,7140202,Giáo dục Tiểu học,D01,18.50,,THPTQG,2020,,daniele15,
DPY,7140209,Sư phạm Toán học,A00,18.50,,THPTQG,2020,,daniele15,
DPY,7140209,Sư phạm Toán học,A01,18.50,,THPTQG,2020,,daniele15,
DPY,7140209,Sư phạm Toán học,B00,18.50,,THPTQG,2020,,daniele15,
DPY,7140209,Sư phạm Toán học,D01,18.50,,THPTQG,2020,,daniele15,
DPY,7140210,Sư phạm Tin học,A00,18.50,,THPTQG,2020,,daniele15,
DPY,7140210,Sư phạm Tin học,A01,18.50,,THPTQG,2020,,daniele15,
DPY,7140210,Sư phạm Tin học,D01,18.50,,THPTQG,2020,,daniele15,
DPY,7140212,Sư phạm Hóa học,A00,18.50,,THPTQG,2020,,daniele15,
DPY,7140212,Sư phạm Hóa học,A01,18.50,,THPTQG,2020,,daniele15,
DPY,7140212,Sư phạm Hóa học,B00,18.50,,THPTQG,2020,,daniele15,
DPY,7140212,Sư phạm Hóa học,D07,18.50,,THPTQG,2020,,daniele15,
DPY,7140213,Sư phạm Sinh học,A02,18.50,,THPTQG,2020,,daniele15,
DPY,7140213,Sư phạm Sinh học,B00,18.50,,THPTQG,2020,,daniele15,
DPY,7140213,Sư phạm Sinh học,D08,18.50,,THPTQG,2020,,daniele15,
DPY,7140217,Sư phạm Ngữ văn,C00,18.50,,THPTQG,2020,,daniele15,
DPY,7140217,Sư phạm Ngữ văn,D01,18.50,,THPTQG,2020,,daniele15,
DPY,7140217,Sư phạm Ngữ văn,D14,18.50,,THPTQG,2020,,daniele15,
DPY,7140218,Sư phạm Lịch sử,C00,18.50,,THPTQG,2020,,daniele15,
DPY,7140218,Sư phạm Lịch sử,D14,18.50,,THPTQG,2020,,daniele15,
DPY,7140218,Sư phạm Lịch sử,D15,18.50,,THPTQG,2020,,daniele15,
DPY,7140231,Sư phạm Tiếng Anh,A01,18.50,,THPTQG,2020,,daniele15,
DPY,7140231,Sư phạm Tiếng Anh,D01,18.50,,THPTQG,2020,,daniele15,
DPY,7140231,Sư phạm Tiếng Anh,D10,18.50,,THPTQG,2020,,daniele15,
DPY,7140231,Sư phạm Tiếng Anh,D14,18.50,,THPTQG,2020,,daniele15,
DQK,7210402,Thiết kế công nghiệp,H00,15.00,,THPTQG,2020,,daniele15,
DQK,7210402,Thiết kế công nghiệp,H01,15.00,,THPTQG,2020,,daniele15,
DQK,7210402,Thiết kế công nghiệp,H02,15.00,,THPTQG,2020,,daniele15,
DQK,7210402,Thiết kế công nghiệp,H08,15.00,,THPTQG,2020,,daniele15,
DQK,7210403,Thiết kế đồ họa,H00,15.00,,THPTQG,2020,,daniele15,
DQK,7210403,Thiết kế đồ họa,H01,15.00,,THPTQG,2020,,daniele15,
DQK,7210403,Thiết kế đồ họa,H02,15.00,,THPTQG,2020,,daniele15,
DQK,7210403,Thiết kế đồ họa,H08,15.00,,THPTQG,2020,,daniele15,
DQK,7220201,Ngôn ngữ Anh,A01,17.00,,THPTQG,2020,,daniele15,
DQK,7220201,Ngôn ngữ Anh,D01,17.00,,THPTQG,2020,,daniele15,
DQK,7220201,Ngôn ngữ Anh,D09,17.00,,THPTQG,2020,,daniele15,
DQK,7220201,Ngôn ngữ Anh,D10,17.00,,THPTQG,2020,,daniele15,
DQK,7220202,Ngôn ngữ Nga,A01,16.65,,THPTQG,2020,,daniele15,
DQK,7220202,Ngôn ngữ Nga,D01,16.65,,THPTQG,2020,,daniele15,
DQK,7220202,Ngôn ngữ Nga,D09,16.65,,THPTQG,2020,,daniele15,
DQK,7220202,Ngôn ngữ Nga,D10,16.65,,THPTQG,2020,,daniele15,
DQK,7220204,Ngôn ngữ Trung Quốc,A01,20.00,,THPTQG,2020,,daniele15,
DQK,7220204,Ngôn ngữ Trung Quốc,D01,20.00,,THPTQG,2020,,daniele15,
DQK,7220204,Ngôn ngữ Trung Quốc,D14,20.00,,THPTQG,2020,,daniele15,
DQK,7220204,Ngôn ngữ Trung Quốc,D15,20.00,,THPTQG,2020,,daniele15,
DQK,7310101,Kinh tế,A00,15.00,,THPTQG,2020,,daniele15,
DQK,7310101,Kinh tế,A01,15.00,,THPTQG,2020,,daniele15,
DQK,7310101,Kinh tế,A08,15.00,,THPTQG,2020,,daniele15,
DQK,7310101,Kinh tế,D01,15.00,,THPTQG,2020,,daniele15,
DQK,7310205,Quản lý nhà nước,B00,15.50,,THPTQG,2020,,daniele15,
DQK,7310205,Quản lý nhà nước,C00,15.50,,THPTQG,2020,,daniele15,
DQK,7310205,Quản lý nhà nước,C03,15.50,,THPTQG,2020,,daniele15,
DQK,7310205,Quản lý nhà nước,D09,15.50,,THPTQG,2020,,daniele15,
DQK,7340101,Quản trị kinh doanh,A00,19.00,,THPTQG,2020,,daniele15,
DQK,7340101,Quản trị kinh doanh,A01,19.00,,THPTQG,2020,,daniele15,
DQK,7340101,Quản trị kinh doanh,A08,19.00,,THPTQG,2020,,daniele15,
DQK,7340101,Quản trị kinh doanh,D01,19.00,,THPTQG,2020,,daniele15,
DQK,7340120,Kinh doanh quốc tế,A00,15.60,,THPTQG,2020,,daniele15,
DQK,7340120,Kinh doanh quốc tế,A04,15.60,,THPTQG,2020,,daniele15,
DQK,7340120,Kinh doanh quốc tế,A09,15.60,,THPTQG,2020,,daniele15,
DQK,7340120,Kinh doanh quốc tế,D01,15.60,,THPTQG,2020,,daniele15,
DQK,7340201,Tài chính - Ngân hàng,A00,15.20,,THPTQG,2020,,daniele15,
DQK,7340201,Tài chính - Ngân hàng,A01,15.20,,THPTQG,2020,,daniele15,
DQK,7340201,Tài chính - Ngân hàng,A02,15.20,,THPTQG,2020,,daniele15,
DQK,7340201,Tài chính - Ngân hàng,D10,15.20,,THPTQG,2020,,daniele15,
DQK,7340301,Kế toán,A00,16.00,,THPTQG,2020,,daniele15,
DQK,7340301,Kế toán,A01,16.00,,THPTQG,2020,,daniele15,
DQK,7340301,Kế toán,A08,16.00,,THPTQG,2020,,daniele15,
DQK,7340301,Kế toán,D01,16.00,,THPTQG,2020,,daniele15,
DQK,7380107,Luật,A08,15.50,,THPTQG,2020,,daniele15,
DQK,7380107,Luật,C00,15.50,,THPTQG,2020,,daniele15,
DQK,7380107,Luật,C14,15.50,,THPTQG,2020,,daniele15,
DQK,7380107,Luật,D01,15.50,,THPTQG,2020,,daniele15,
DQK,7480201,Công nghệ thông tin,A00,16.00,,THPTQG,2020,,daniele15,
DQK,7480201,Công nghệ thông tin,A01,16.00,,THPTQG,2020,,daniele15,
DQK,7480201,Công nghệ thông tin,D01,16.00,,THPTQG,2020,,daniele15,
DQK,7480201,Công nghệ thông tin,D08,16.00,,THPTQG,2020,,daniele15,
DQK,7510203,Công nghệ kỹ thuật cơ điện tử,A00,15.40,,THPTQG,2020,,daniele15,
DQK,7510203,Công nghệ kỹ thuật cơ điện tử,D01,15.40,,THPTQG,2020,,daniele15,
DQK,7510205,Công nghệ kỹ thuật ô tô,A00,15.10,,THPTQG,2020,,daniele15,
DQK,7510205,Công nghệ kỹ thuật ô tô,A04,15.10,,THPTQG,2020,,daniele15,
DQK,7510205,Công nghệ kỹ thuật ô tô,A07,15.10,,THPTQG,2020,,daniele15,
DQK,7510301,"Công nghệ kỹ thuật điện, điện tử",A00,15.00,,THPTQG,2020,,daniele15,
DQK,7510301,"Công nghệ kỹ thuật điện, điện tử",A01,15.00,,THPTQG,2020,,daniele15,
DQK,7510301,"Công nghệ kỹ thuật điện, điện tử",D01,15.00,,THPTQG,2020,,daniele15,
DQK,7510406,Công nghệ kỹ thuật môi trường,B00,15.00,,THPTQG,2020,,daniele15,
DQK,7510406,Công nghệ kỹ thuật môi trường,B02,15.00,,THPTQG,2020,,daniele15,
DQK,7510406,Công nghệ kỹ thuật môi trường,B04,15.00,,THPTQG,2020,,daniele15,
DQK,7580101,Kiến trúc,V00,15.00,,THPTQG,2020,,daniele15,
DQK,7580101,Kiến trúc,V01,15.00,,THPTQG,2020,,daniele15,
DQK,7580101,Kiến trúc,V02,15.00,,THPTQG,2020,,daniele15,
DQK,7580101,Kiến trúc,V03,15.00,,THPTQG,2020,,daniele15,
DQK,7580106,Quản lý Đô thị và Công trình,A00,15.45,,THPTQG,2020,,daniele15,
DQK,7580106,Quản lý Đô thị và Công trình,A01,15.45,,THPTQG,2020,,daniele15,
DQK,7580106,Quản lý Đô thị và Công trình,C01,15.45,,THPTQG,2020,,daniele15,
DQK,7580106,Quản lý Đô thị và Công trình,D01,15.45,,THPTQG,2020,,daniele15,
DQK,7580108,Thiết kế nội thất,H00,15.00,,THPTQG,2020,,daniele15,
DQK,7580108,Thiết kế nội thất,H01,15.00,,THPTQG,2020,,daniele15,
DQK,7580108,Thiết kế nội thất,H02,15.00,,THPTQG,2020,,daniele15,
DQK,7580108,Thiết kế nội thất,H08,15.00,,THPTQG,2020,,daniele15,
DQK,7580201,Kỹ thuật xây dựng,A00,15.00,,THPTQG,2020,,daniele15,
DQK,7580201,Kỹ thuật xây dựng,B02,15.00,,THPTQG,2020,,daniele15,
DQK,7580201,Kỹ thuật xây dựng,C01,15.00,,THPTQG,2020,,daniele15,
DQK,7720101,Y khoa,A00,22.35,,THPTQG,2020,,daniele15,
DQK,7720101,Y khoa,A02,22.35,,THPTQG,2020,,daniele15,
DQK,7720101,Y khoa,B00,22.35,,THPTQG,2020,,daniele15,
DQK,7720201,Dược học,A00,21.15,,THPTQG,2020,,daniele15,
DQK,7720201,Dược học,A02,21.15,,THPTQG,2020,,daniele15,
DQK,7720201,Dược học,A11,21.15,,THPTQG,2020,,daniele15,
DQK,7720201,Dược học,B00,21.15,,THPTQG,2020,,daniele15,
DQK,7720301,Điều dưỡng,A00,19.40,,THPTQG,2020,,daniele15,
DQK,7720301,Điều dưỡng,A02,19.40,,THPTQG,2020,,daniele15,
DQK,7720301,Điều dưỡng,A11,19.40,,THPTQG,2020,,daniele15,
DQK,7720301,Điều dưỡng,B00,19.40,,THPTQG,2020,,daniele15,
DQK,7720501,Răng - Hàm - Mặt,A00,22.10,,THPTQG,2020,,daniele15,
DQK,7720501,Răng - Hàm - Mặt,A02,22.10,,THPTQG,2020,,daniele15,
DQK,7720501,Răng - Hàm - Mặt,B00,22.10,,THPTQG,2020,,daniele15,
DQK,7810103,Quản trị dịch vụ du lịch và lữ hành,A00,15.50,,THPTQG,2020,,daniele15,
DQK,7810103,Quản trị dịch vụ du lịch và lữ hành,A01,15.50,,THPTQG,2020,,daniele15,
DQK,7810103,Quản trị dịch vụ du lịch và lữ hành,A07,15.50,,THPTQG,2020,,daniele15,
DQK,7810103,Quản trị dịch vụ du lịch và lữ hành,D66,15.50,,THPTQG,2020,,daniele15,
DQK,7850101,Quản lý tài nguyên và môi trường,A11,15.55,,THPTQG,2020,,daniele15,
DQK,7850101,Quản lý tài nguyên và môi trường,B00,15.55,,THPTQG,2020,,daniele15,
DQK,7850101,Quản lý tài nguyên và môi trường,B02,15.55,,THPTQG,2020,,daniele15,
DQN,7140114,Quản lý giáo dục,A00,15.00,,THPTQG,2020,,daniele15,
DQN,7140114,Quản lý giáo dục,A01,15.00,,THPTQG,2020,,daniele15,
DQN,7140114,Quản lý giáo dục,C00,15.00,,THPTQG,2020,,daniele15,
DQN,7140114,Quản lý giáo dục,D01,15.00,,THPTQG,2020,,daniele15,
DQN,7140201,Giáo dục Mầm non,,18.50,,THPTQG,2020,,daniele15,
DQN,7140202,Giáo dục Tiểu học,A00,19.50,,THPTQG,2020,,daniele15,
DQN,7140202,Giáo dục Tiểu học,C00,19.50,,THPTQG,2020,,daniele15,
DQN,7140205,Giáo dục Chính trị,C00,18.50,,THPTQG,2020,,daniele15,
DQN,7140205,Giáo dục Chính trị,C19,18.50,,THPTQG,2020,,daniele15,
DQN,7140205,Giáo dục Chính trị,D01,18.50,,THPTQG,2020,,daniele15,
DQN,7140206,Giáo dục Thể chất,T00,18.50,,THPTQG,2020,,daniele15,
DQN,7140206,Giáo dục Thể chất,T02,18.50,,THPTQG,2020,,daniele15,
DQN,7140209,Sư phạm Toán học,A00,18.50,,THPTQG,2020,,daniele15,
DQN,7140209,Sư phạm Toán học,A01,18.50,,THPTQG,2020,,daniele15,
DQN,7140210,Sư phạm Tin học,A00,18.50,,THPTQG,2020,,daniele15,
DQN,7140210,Sư phạm Tin học,A01,18.50,,THPTQG,2020,,daniele15,
DQN,7140210,Sư phạm Tin học,D01,18.50,,THPTQG,2020,,daniele15,
DQN,7140211,Sư phạm Vật lý,A00,18.50,,THPTQG,2020,,daniele15,
DQN,7140211,Sư phạm Vật lý,A01,18.50,,THPTQG,2020,,daniele15,
DQN,7140212,Sư phạm Hóa học,A00,18.50,,THPTQG,2020,,daniele15,
DQN,7140212,Sư phạm Hóa học,D07,18.50,,THPTQG,2020,,daniele15,
DQN,7140213,Sư phạm Sinh học,B00,18.50,,THPTQG,2020,,daniele15,
DQN,7140213,Sư phạm Sinh học,D08,18.50,,THPTQG,2020,,daniele15,
DQN,7140217,Sư phạm Ngữ văn,C00,18.50,,THPTQG,2020,,daniele15,
DQN,7140217,Sư phạm Ngữ văn,D14,18.50,,THPTQG,2020,,daniele15,
DQN,7140217,Sư phạm Ngữ văn,D15,18.50,,THPTQG,2020,,daniele15,
DQN,7140218,Sư phạm Lịch sử,C00,18.50,,THPTQG,2020,,daniele15,
DQN,7140218,Sư phạm Lịch sử,C19,18.50,,THPTQG,2020,,daniele15,
DQN,7140218,Sư phạm Lịch sử,D14,18.50,,THPTQG,2020,,daniele15,
DQN,7140219,Sư phạm Địa lý,A00,18.50,,THPTQG,2020,,daniele15,
DQN,7140219,Sư phạm Địa lý,C00,18.50,,THPTQG,2020,,daniele15,
DQN,7140219,Sư phạm Địa lý,D15,18.50,,THPTQG,2020,,daniele15,
DQN,7140231,Sư phạm Tiếng Anh,D01,18.50,,THPTQG,2020,,daniele15,
DQN,7220201,Ngôn ngữ Anh,A01,15.00,,THPTQG,2020,,daniele15,
DQN,7220201,Ngôn ngữ Anh,D01,15.00,,THPTQG,2020,,daniele15,
DQN,7220204,Ngôn ngữ Trung Quốc,A01,15.00,,THPTQG,2020,,daniele15,
DQN,7220204,Ngôn ngữ Trung Quốc,D01,15.00,,THPTQG,2020,,daniele15,
DQN,7220204,Ngôn ngữ Trung Quốc,D04,15.00,,THPTQG,2020,,daniele15,
DQN,7220204,Ngôn ngữ Trung Quốc,D15,15.00,,THPTQG,2020,,daniele15,
DQN,7229030,Văn học,C00,15.00,,THPTQG,2020,,daniele15,
DQN,7229030,Văn học,C19,15.00,,THPTQG,2020,,daniele15,
DQN,7229030,Văn học,D14,15.00,,THPTQG,2020,,daniele15,
DQN,7229030,Văn học,D15,15.00,,THPTQG,2020,,daniele15,
DQN,7310101,Kinh tế,A00,15.00,,THPTQG,2020,,daniele15,
DQN,7310101,Kinh tế,A01,15.00,,THPTQG,2020,,daniele15,
DQN,7310101,Kinh tế,D01,15.00,,THPTQG,2020,,daniele15,
DQN,7310205,Quản lý nhà nước,A00,15.00,,THPTQG,2020,,daniele15,
DQN,7310205,Quản lý nhà nước,C00,15.00,,THPTQG,2020,,daniele15,
DQN,7310205,Quản lý nhà nước,D01,15.00,,THPTQG,2020,,daniele15,
DQN,7310205,Quản lý nhà nước,D14,15.00,,THPTQG,2020,,daniele15,
DQN,7310403,Tâm lý học,A00,15.00,,THPTQG,2020,,daniele15,
DQN,7310403,Tâm lý học,C00,15.00,,THPTQG,2020,,daniele15,
DQN,7310403,Tâm lý học,C19,15.00,,THPTQG,2020,,daniele15,
DQN,7310403,Tâm lý học,D01,15.00,,THPTQG,2020,,daniele15,
DQN,7310608,Đông phương học,C00,15.00,,THPTQG,2020,,daniele15,
DQN,7310608,Đông phương học,C19,15.00,,THPTQG,2020,,daniele15,
DQN,7310608,Đông phương học,D14,15.00,,THPTQG,2020,,daniele15,
DQN,7310608,Đông phương học,D15,15.00,,THPTQG,2020,,daniele15,
DQN,7310630,Việt Nam học,C00,15.00,,THPTQG,2020,,daniele15,
DQN,7310630,Việt Nam học,C19,15.00,,THPTQG,2020,,daniele15,
DQN,7310630,Việt Nam học,D01,15.00,,THPTQG,2020,,daniele15,
DQN,7310630,Việt Nam học,D15,15.00,,THPTQG,2020,,daniele15,
DQN,7340101,Quản trị kinh doanh,A00,15.00,,THPTQG,2020,,daniele15,
DQN,7340101,Quản trị kinh doanh,A01,15.00,,THPTQG,2020,,daniele15,
DQN,7340101,Quản trị kinh doanh,D01,15.00,,THPTQG,2020,,daniele15,
DQN,7340201,Tài chính - Ngân hàng,A00,15.00,,THPTQG,2020,,daniele15,
DQN,7340201,Tài chính - Ngân hàng,A01,15.00,,THPTQG,2020,,daniele15,
DQN,7340201,Tài chính - Ngân hàng,D01,15.00,,THPTQG,2020,,daniele15,
DQN,7340301,Kế toán,A00,15.00,,THPTQG,2020,,daniele15,
DQN,7340301,Kế toán,A01,15.00,,THPTQG,2020,,daniele15,
DQN,7340301,Kế toán,D01,15.00,,THPTQG,2020,,daniele15,
DQN,7340302,Kiểm toán,A00,15.00,,THPTQG,2020,,daniele15,
DQN,7340302,Kiểm toán,A01,15.00,,THPTQG,2020,,daniele15,
DQN,7340302,Kiểm toán,D01,15.00,,THPTQG,2020,,daniele15,
DQN,7380101,Luật,A00,15.00,,THPTQG,2020,,daniele15,
DQN,7380101,Luật,C00,15.00,,THPTQG,2020,,daniele15,
DQN,7380101,Luật,C19,15.00,,THPTQG,2020,,daniele15,
DQN,7380101,Luật,D01,15.00,,THPTQG,2020,,daniele15,
DQN,7420203,Sinh học ứng dụng,A02,15.00,,THPTQG,2020,,daniele15,
DQN,7420203,Sinh học ứng dụng,B00,15.00,,THPTQG,2020,,daniele15,
DQN,7420203,Sinh học ứng dụng,D08,15.00,,THPTQG,2020,,daniele15,
DQN,7440112,Hoá học,A00,15.00,,THPTQG,2020,,daniele15,
DQN,7440112,Hoá học,B00,15.00,,THPTQG,2020,,daniele15,
DQN,7440112,Hoá học,D07,15.00,,THPTQG,2020,,daniele15,
DQN,7440122,Khoa học vật liệu,A00,15.00,,THPTQG,2020,Khoa học vật liệu tiên tiến và công nghệ nano,daniele15,
DQN,7440122,Khoa học vật liệu,A01,15.00,,THPTQG,2020,Khoa học vật liệu tiên tiến và công nghệ nano,daniele15,
DQN,7440122,Khoa học vật liệu,A02,15.00,,THPTQG,2020,Khoa học vật liệu tiên tiến và công nghệ nano,daniele15,
DQN,7440122,Khoa học vật liệu,C02,15.00,,THPTQG,2020,Khoa học vật liệu tiên tiến và công nghệ nano,daniele15,
DQN,7460112,Toán ứng dụng,A00,15.00,,THPTQG,2020,,daniele15,
DQN,7460112,Toán ứng dụng,A01,15.00,,THPTQG,2020,,daniele15,
DQN,7460112,Toán ứng dụng,B00,15.00,,THPTQG,2020,,daniele15,
DQN,7460112,Toán ứng dụng,D07,15.00,,THPTQG,2020,,daniele15,
DQN,7460201,Thống kê,A00,15.00,,THPTQG,2020,,daniele15,
DQN,7460201,Thống kê,A01,15.00,,THPTQG,2020,,daniele15,
DQN,7460201,Thống kê,B00,15.00,,THPTQG,2020,,daniele15,
DQN,7460201,Thống kê,D07,15.00,,THPTQG,2020,,daniele15,
DQN,7480103,Kỹ thuật phần mềm,A00,15.00,,THPTQG,2020,,daniele15,
DQN,7480103,Kỹ thuật phần mềm,A01,15.00,,THPTQG,2020,,daniele15,
DQN,7480201,Công nghệ thông tin,A00,15.00,,THPTQG,2020,,daniele15,
DQN,7480201,Công nghệ thông tin,A01,15.00,,THPTQG,2020,,daniele15,
DQN,7480201,Công nghệ thông tin,D01,15.00,,THPTQG,2020,,daniele15,
DQN,7510401,Công nghệ kỹ thuật hoá học,A00,15.00,,THPTQG,2020,,daniele15,
DQN,7510401,Công nghệ kỹ thuật hoá học,A01,15.00,,THPTQG,2020,,daniele15,
DQN,7510401,Công nghệ kỹ thuật hoá học,B00,15.00,,THPTQG,2020,,daniele15,
DQN,7510401,Công nghệ kỹ thuật hoá học,D07,15.00,,THPTQG,2020,,daniele15,
DQN,7520201,Kỹ thuật điện,A00,15.00,,THPTQG,2020,,daniele15,
DQN,7520201,Kỹ thuật điện,A01,15.00,,THPTQG,2020,,daniele15,
DQN,7520201,Kỹ thuật điện,D07,15.00,,THPTQG,2020,,daniele15,
DQN,7520207,Kỹ thuật điện tử - viễn thông,A00,15.00,,THPTQG,2020,,daniele15,
DQN,7520207,Kỹ thuật điện tử - viễn thông,A01,15.00,,THPTQG,2020,,daniele15,
DQN,7520207,Kỹ thuật điện tử - viễn thông,D07,15.00,,THPTQG,2020,,daniele15,
DQN,7520216,Kỹ thuật điều khiển và tự động hoá,A00,15.00,,THPTQG,2020,,daniele15,
DQN,7520216,Kỹ thuật điều khiển và tự động hoá,A01,15.00,,THPTQG,2020,,daniele15,
DQN,7520216,Kỹ thuật điều khiển và tự động hoá,A02,15.00,,THPTQG,2020,,daniele15,
DQN,7520216,Kỹ thuật điều khiển và tự động hoá,D07,15.00,,THPTQG,2020,,daniele15,
DQN,7540101,Công nghệ thực phẩm,A00,15.00,,THPTQG,2020,,daniele15,
DQN,7540101,Công nghệ thực phẩm,B00,15.00,,THPTQG,2020,,daniele15,
DQN,7540101,Công nghệ thực phẩm,C07,15.00,,THPTQG,2020,,daniele15,
DQN,7540101,Công nghệ thực phẩm,D02,15.00,,THPTQG,2020,,daniele15,
DQN,7580201,Kỹ thuật xây dựng,A00,15.00,,THPTQG,2020,,daniele15,
DQN,7580201,Kỹ thuật xây dựng,A01,15.00,,THPTQG,2020,,daniele15,
DQN,7580201,Kỹ thuật xây dựng,D07,15.00,,THPTQG,2020,,daniele15,
DQN,7620109,Nông học,A02,15.00,,THPTQG,2020,,daniele15,
DQN,7620109,Nông học,B00,15.00,,THPTQG,2020,,daniele15,
DQN,7620109,Nông học,D08,15.00,,THPTQG,2020,,daniele15,
DQN,7760101,Công tác xã hội,C00,15.00,,THPTQG,2020,,daniele15,
DQN,7760101,Công tác xã hội,D01,15.00,,THPTQG,2020,,daniele15,
DQN,7760101,Công tác xã hội,D14,15.00,,THPTQG,2020,,daniele15,
DQN,7810103,Quản trị dịch vụ du lịch và lữ hành,A00,15.00,,THPTQG,2020,,daniele15,
DQN,7810103,Quản trị dịch vụ du lịch và lữ hành,A01,15.00,,THPTQG,2020,,daniele15,
DQN,7810103,Quản trị dịch vụ du lịch và lữ hành,D01,15.00,,THPTQG,2020,,daniele15,
DQN,7810103,Quản trị dịch vụ du lịch và lữ hành,D14,15.00,,THPTQG,2020,,daniele15,
DQN,7810201,Quản trị khách sạn,A00,15.00,,THPTQG,2020,,daniele15,
DQN,7810201,Quản trị khách sạn,A01,15.00,,THPTQG,2020,,daniele15,
DQN,7810201,Quản trị khách sạn,D01,15.00,,THPTQG,2020,,daniele15,
DQN,7850101,Quản lý tài nguyên và môi trường,A00,15.00,,THPTQG,2020,,daniele15,
DQN,7850101,Quản lý tài nguyên và môi trường,B00,15.00,,THPTQG,2020,,daniele15,
DQN,7850101,Quản lý tài nguyên và môi trường,C04,15.00,,THPTQG,2020,,daniele15,
DQN,7850101,Quản lý tài nguyên và môi trường,D01,15.00,,THPTQG,2020,,daniele15,
DQN,7850103,Quản lý đất đai,A00,15.00,,THPTQG,2020,,daniele15,
DQN,7850103,Quản lý đất đai,B00,15.00,,THPTQG,2020,,daniele15,
DQN,7850103,Quản lý đất đai,C04,15.00,,THPTQG,2020,,daniele15,
DQN,7850103,Quản lý đất đai,D01,15.00,,THPTQG,2020,,daniele15,
DSG,7210402,Thiết kế công nghiệp,A00,15.00,,THPTQG,2020,,daniele15,
DSG,7210402,Thiết kế công nghiệp,A01,15.00,,THPTQG,2020,,daniele15,
DSG,7210402,Thiết kế công nghiệp,D01,15.00,,THPTQG,2020,,daniele15,
DSG,7210402,Thiết kế công nghiệp,H06,15.00,,THPTQG,2020,,daniele15,
DSG,7340101,Quản trị kinh doanh,A00,15.00,,THPTQG,2020,,daniele15,
DSG,7340101,Quản trị kinh doanh,A01,15.00,,THPTQG,2020,,daniele15,
DSG,7340101,Quản trị kinh doanh,D01,15.00,,THPTQG,2020,,daniele15,
DSG,7340101,Quản trị kinh doanh,D09,15.00,,THPTQG,2020,,daniele15,
DSG,7480201,Công nghệ thông tin,A00,16.00,,THPTQG,2020,,daniele15,
DSG,7480201,Công nghệ thông tin,A01,16.00,,THPTQG,2020,,daniele15,
DSG,7480201,Công nghệ thông tin,C01,16.00,,THPTQG,2020,,daniele15,
DSG,7480201,Công nghệ thông tin,D01,16.00,,THPTQG,2020,,daniele15,
DSG,7510203,Công nghệ kỹ thuật cơ điện tử,A00,15.00,,THPTQG,2020,,daniele15,
DSG,7510203,Công nghệ kỹ thuật cơ điện tử,A01,15.00,,THPTQG,2020,,daniele15,
DSG,7510203,Công nghệ kỹ thuật cơ điện tử,D01,15.00,,THPTQG,2020,,daniele15,
DSG,7510203,Công nghệ kỹ thuật cơ điện tử,D07,15.00,,THPTQG,2020,,daniele15,
DSG,7510301,"Công nghệ kỹ thuật điện, điện tử",A00,15.00,,THPTQG,2020,,daniele15,
DSG,7510301,"Công nghệ kỹ thuật điện, điện tử",A01,15.00,,THPTQG,2020,,daniele15,
DSG,7510301,"Công nghệ kỹ thuật điện, điện tử",D01,15.00,,THPTQG,2020,,daniele15,
DSG,7510301,"Công nghệ kỹ thuật điện, điện tử",D07,15.00,,THPTQG,2020,,daniele15,
DSG,7510302,Công nghệ kỹ thuật điện tử - viễn thông,A00,15.00,,THPTQG,2020,,daniele15,
DSG,7510302,Công nghệ kỹ thuật điện tử - viễn thông,A01,15.00,,THPTQG,2020,,daniele15,
DSG,7510302,Công nghệ kỹ thuật điện tử - viễn thông,D01,15.00,,THPTQG,2020,,daniele15,
DSG,7510302,Công nghệ kỹ thuật điện tử - viễn thông,D07,15.00,,THPTQG,2020,,daniele15,
DSG,7540101,Công nghệ thực phẩm,A00,15.00,,THPTQG,2020,,daniele15,
DSG,7540101,Công nghệ thực phẩm,B00,15.00,,THPTQG,2020,,daniele15,
DSG,7540101,Công nghệ thực phẩm,B08,15.00,,THPTQG,2020,,daniele15,
DSG,7540101,Công nghệ thực phẩm,D07,15.00,,THPTQG,2020,,daniele15,
DSG,7580201,Kỹ thuật xây dựng,A00,15.00,,THPTQG,2020,,daniele15,
DSG,7580201,Kỹ thuật xây dựng,A01,15.00,,THPTQG,2020,,daniele15,
DSG,7580201,Kỹ thuật xây dựng,D01,15.00,,THPTQG,2020,,daniele15,
DSG,7580201,Kỹ thuật xây dựng,D07,15.00,,THPTQG,2020,,daniele15,
DSK,7140214,Sư phạm kỹ thuật công nghiệp,A00,21.56,,HocBa,2020,TCP: Giỏi(chuyên ngành theo 14 ngành đào tạo tại Trường)Xét học bạ,daniele15,
DSK,7140214,Sư phạm kỹ thuật công nghiệp,A16,21.56,,HocBa,2020,TCP: Giỏi(chuyên ngành theo 14 ngành đào tạo tại Trường)Xét học bạ,daniele15,
DSK,7140214,Sư phạm kỹ thuật công nghiệp,D01,21.56,,HocBa,2020,TCP: Giỏi(chuyên ngành theo 14 ngành đào tạo tại Trường)Xét học bạ,daniele15,
DSK,7140214,Sư phạm kỹ thuật công nghiệp,D90,21.56,,HocBa,2020,TCP: Giỏi(chuyên ngành theo 14 ngành đào tạo tại Trường)Xét học bạ,daniele15,
DSK,7480201,Công nghệ thông tin,A00,21.53,,HocBa,2020,Xét học bạ,daniele15,
DSK,7480201,Công nghệ thông tin,A01,21.53,,HocBa,2020,Xét học bạ,daniele15,
DSK,7480201,Công nghệ thông tin,D01,21.53,,HocBa,2020,Xét học bạ,daniele15,
DSK,7480201,Công nghệ thông tin,D90,21.53,,HocBa,2020,Xét học bạ,daniele15,
DSK,7510103,Công nghệ kỹ thuật xây dựng,A00,18.04,,HocBa,2020,(chuyên ngành Xây dựng dân dụng & Công nghiệp)Xét học bạ,daniele15,
DSK,7510103,Công nghệ kỹ thuật xây dựng,A16,18.04,,HocBa,2020,(chuyên ngành Xây dựng dân dụng & Công nghiệp)Xét học bạ,daniele15,
DSK,7510103,Công nghệ kỹ thuật xây dựng,D01,18.04,,HocBa,2020,(chuyên ngành Xây dựng dân dụng & Công nghiệp)Xét học bạ,daniele15,
DSK,7510103,Công nghệ kỹ thuật xây dựng,D90,18.04,,HocBa,2020,(chuyên ngành Xây dựng dân dụng & Công nghiệp)Xét học bạ,daniele15,
DSK,7510104,Công nghệ kỹ thuật giao thông,A00,18.00,,HocBa,2020,Xét học bạ,daniele15,
DSK,7510104,Công nghệ kỹ thuật giao thông,A16,18.00,,HocBa,2020,Xét học bạ,daniele15,
DSK,7510104,Công nghệ kỹ thuật giao thông,D01,18.00,,HocBa,2020,Xét học bạ,daniele15,
DSK,7510104,Công nghệ kỹ thuật giao thông,D90,18.00,,HocBa,2020,Xét học bạ,daniele15,
DSK,7510201,Công nghệ kỹ thuật cơ khí,A00,18.05,,HocBa,2020,Xét học bạ,daniele15,
DSK,7510201,Công nghệ kỹ thuật cơ khí,A16,18.05,,HocBa,2020,Xét học bạ,daniele15,
DSK,7510201,Công nghệ kỹ thuật cơ khí,D01,18.05,,HocBa,2020,Xét học bạ,daniele15,
DSK,7510201,Công nghệ kỹ thuật cơ khí,D90,18.05,,HocBa,2020,Xét học bạ,daniele15,
DSK,7510203,Công nghệ kỹ thuật cơ điện tử,A00,18.17,,HocBa,2020,Xét học bạ,daniele15,
DSK,7510203,Công nghệ kỹ thuật cơ điện tử,A16,18.17,,HocBa,2020,Xét học bạ,daniele15,
DSK,7510203,Công nghệ kỹ thuật cơ điện tử,D01,18.17,,HocBa,2020,Xét học bạ,daniele15,
DSK,7510203,Công nghệ kỹ thuật cơ điện tử,D90,18.17,,HocBa,2020,Xét học bạ,daniele15,
DSK,7510205,Công nghệ kỹ thuật ô tô,A00,22.20,,HocBa,2020,Xét học bạ,daniele15,
DSK,7510205,Công nghệ kỹ thuật ô tô,A16,22.20,,HocBa,2020,Xét học bạ,daniele15,
DSK,7510205,Công nghệ kỹ thuật ô tô,D01,22.20,,HocBa,2020,Xét học bạ,daniele15,
DSK,7510205,Công nghệ kỹ thuật ô tô,D90,22.20,,HocBa,2020,Xét học bạ,daniele15,
DSK,7510206,Công nghệ Kỹ thuật Nhiệt (Cơ điện lạnh),A00,18.00,,HocBa,2020,Xét học bạ,daniele15,
DSK,7510206,Công nghệ Kỹ thuật Nhiệt (Cơ điện lạnh),A16,18.00,,HocBa,2020,Xét học bạ,daniele15,
DSK,7510206,Công nghệ Kỹ thuật Nhiệt (Cơ điện lạnh),D01,18.00,,HocBa,2020,Xét học bạ,daniele15,
DSK,7510206,Công nghệ Kỹ thuật Nhiệt (Cơ điện lạnh),D90,18.00,,HocBa,2020,Xét học bạ,daniele15,
DSK,7510301,"Công nghệ kỹ thuật điện, điện tử",A00,18.13,,HocBa,2020,Xét học bạ(Gồm 02 chuyên ngành Kỹ thuật điện tử và Hệ thống cung cấp điện),daniele15,
DSK,7510301,"Công nghệ kỹ thuật điện, điện tử",A16,18.13,,HocBa,2020,Xét học bạ(Gồm 02 chuyên ngành Kỹ thuật điện tử và Hệ thống cung cấp điện),daniele15,
DSK,7510301,"Công nghệ kỹ thuật điện, điện tử",D01,18.13,,HocBa,2020,Xét học bạ(Gồm 02 chuyên ngành Kỹ thuật điện tử và Hệ thống cung cấp điện),daniele15,
DSK,7510301,"Công nghệ kỹ thuật điện, điện tử",D90,18.13,,HocBa,2020,Xét học bạ(Gồm 02 chuyên ngành Kỹ thuật điện tử và Hệ thống cung cấp điện),daniele15,
DSK,7510302,Công nghệ kỹ thuật điện tử - viễn thông,A00,18.10,,HocBa,2020,Xét học bạ,daniele15,
DSK,7510302,Công nghệ kỹ thuật điện tử - viễn thông,A16,18.10,,HocBa,2020,Xét học bạ,daniele15,
DSK,7510302,Công nghệ kỹ thuật điện tử - viễn thông,D01,18.10,,HocBa,2020,Xét học bạ,daniele15,
DSK,7510302,Công nghệ kỹ thuật điện tử - viễn thông,D90,18.10,,HocBa,2020,Xét học bạ,daniele15,
DSK,7510303,Công nghệ kỹ thuật điều khiển và tự động hóa,A00,18.17,,HocBa,2020,Xét học bạ,daniele15,
DSK,7510303,Công nghệ kỹ thuật điều khiển và tự động hóa,A16,18.17,,HocBa,2020,Xét học bạ,daniele15,
DSK,7510303,Công nghệ kỹ thuật điều khiển và tự động hóa,D01,18.17,,HocBa,2020,Xét học bạ,daniele15,
DSK,7510303,Công nghệ kỹ thuật điều khiển và tự động hóa,D90,18.17,,HocBa,2020,Xét học bạ,daniele15,
DSK,7510402,Công nghệ vật liệu,A00,19.75,,HocBa,2020,Xét điểm học bạ,daniele15,
DSK,7510402,Công nghệ vật liệu,A16,19.75,,HocBa,2020,Xét điểm học bạ,daniele15,
DSK,7510402,Công nghệ vật liệu,D01,19.75,,HocBa,2020,Xét điểm học bạ,daniele15,
DSK,7510402,Công nghệ vật liệu,D90,19.75,,HocBa,2020,Xét điểm học bạ,daniele15,
DSK,7510406,Công nghệ kỹ thuật môi trường,A00,19.13,,HocBa,2020,Xét học bạ,daniele15,
DSK,7510406,Công nghệ kỹ thuật môi trường,A01,19.13,,HocBa,2020,Xét học bạ,daniele15,
DSK,7510406,Công nghệ kỹ thuật môi trường,B00,19.13,,HocBa,2020,Xét học bạ,daniele15,
DSK,7510406,Công nghệ kỹ thuật môi trường,D01,19.13,,HocBa,2020,Xét học bạ,daniele15,
DSK,7540102,Kỹ thuật Thực phẩm,A00,18.34,,HocBa,2020,Xét học bạ,daniele15,
DSK,7540102,Kỹ thuật Thực phẩm,A16,18.34,,HocBa,2020,Xét học bạ,daniele15,
DSK,7540102,Kỹ thuật Thực phẩm,D01,18.34,,HocBa,2020,Xét học bạ,daniele15,
DSK,7540102,Kỹ thuật Thực phẩm,D90,18.34,,HocBa,2020,Xét học bạ,daniele15,
DSK,7580210,Kỹ thuật cơ sở hạ tầng,A00,18.00,,HocBa,2020,Xét học bạ,daniele15,
DSK,7580210,Kỹ thuật cơ sở hạ tầng,A16,18.00,,HocBa,2020,Xét học bạ,daniele15,
DSK,7580210,Kỹ thuật cơ sở hạ tầng,D01,18.00,,HocBa,2020,Xét học bạ,daniele15,
DSK,7580210,Kỹ thuật cơ sở hạ tầng,D90,18.00,,HocBa,2020,Xét học bạ,daniele15,
DTB,7310101,Kinh tế,A00,18.80,,THPTQG,2020,,daniele15,
DTB,7310101,Kinh tế,B00,18.80,,THPTQG,2020,,daniele15,
DTB,7310101,Kinh tế,C14,18.80,,THPTQG,2020,,daniele15,
DTB,7310101,Kinh tế,D01,18.80,,THPTQG,2020,,daniele15,
DTB,7340101,Quản trị kinh doanh,A00,17.20,,THPTQG,2020,,daniele15,
DTB,7340101,Quản trị kinh doanh,B00,17.20,,THPTQG,2020,,daniele15,
DTB,7340101,Quản trị kinh doanh,C14,17.20,,THPTQG,2020,,daniele15,
DTB,7340101,Quản trị kinh doanh,D01,17.20,,THPTQG,2020,,daniele15,
DTB,7340201,Tài chính - Ngân hàng,A00,16.95,,THPTQG,2020,,daniele15,
DTB,7340201,Tài chính - Ngân hàng,B00,16.95,,THPTQG,2020,,daniele15,
DTB,7340201,Tài chính - Ngân hàng,C14,16.95,,THPTQG,2020,,daniele15,
DTB,7340201,Tài chính - Ngân hàng,D01,16.95,,THPTQG,2020,,daniele15,
DTB,7340301,Kế toán,A00,16.50,,THPTQG,2020,,daniele15,
DTB,7340301,Kế toán,B00,16.50,,THPTQG,2020,,daniele15,
DTB,7340301,Kế toán,C14,16.50,,THPTQG,2020,,daniele15,
DTB,7340301,Kế toán,D01,16.50,,THPTQG,2020,,daniele15,
DTB,7380101,Luật,A00,17.75,,THPTQG,2020,,daniele15,
DTB,7380101,Luật,B00,17.75,,THPTQG,2020,,daniele15,
DTB,7380101,Luật,C14,17.75,,THPTQG,2020,,daniele15,
DTB,7380101,Luật,D01,17.75,,THPTQG,2020,,daniele15,
DTB,7460112,Toán ứng dụng,A00,23.95,,THPTQG,2020,,daniele15,
DTB,7460112,Toán ứng dụng,B00,23.95,,THPTQG,2020,,daniele15,
DTB,7460112,Toán ứng dụng,C14,23.95,,THPTQG,2020,,daniele15,
DTB,7460112,Toán ứng dụng,D01,23.95,,THPTQG,2020,,daniele15,
DTB,7480201,Công nghệ thông tin,A00,17.10,,THPTQG,2020,,daniele15,
DTB,7480201,Công nghệ thông tin,B00,17.10,,THPTQG,2020,,daniele15,
DTB,7480201,Công nghệ thông tin,C14,17.10,,THPTQG,2020,,daniele15,
DTB,7480201,Công nghệ thông tin,D01,17.10,,THPTQG,2020,,daniele15,
DTB,7510201,Công nghệ kỹ thuật cơ khí,A00,16.90,,THPTQG,2020,,daniele15,
DTB,7510201,Công nghệ kỹ thuật cơ khí,B00,16.90,,THPTQG,2020,,daniele15,
DTB,7510201,Công nghệ kỹ thuật cơ khí,C14,16.90,,THPTQG,2020,,daniele15,
DTB,7510201,Công nghệ kỹ thuật cơ khí,D01,16.90,,THPTQG,2020,,daniele15,
DTB,7510301,"Công nghệ kỹ thuật điện, điện tử",A00,16.45,,THPTQG,2020,,daniele15,
DTB,7510301,"Công nghệ kỹ thuật điện, điện tử",B00,16.45,,THPTQG,2020,,daniele15,
DTB,7510301,"Công nghệ kỹ thuật điện, điện tử",C14,16.45,,THPTQG,2020,,daniele15,
DTB,7510301,"Công nghệ kỹ thuật điện, điện tử",D01,16.45,,THPTQG,2020,,daniele15,
DTE,7310101,Kinh tế,A00,16.00,,THPTQG,2020,,daniele15,
DTE,7310101,Kinh tế,B00,16.00,,THPTQG,2020,,daniele15,
DTE,7310101,Kinh tế,C04,16.00,,THPTQG,2020,,daniele15,
DTE,7310101,Kinh tế,D01,16.00,,THPTQG,2020,,daniele15,
DTE,7310104,Kinh tế,A00,14.50,,THPTQG,2020,Kinh tế đầu tư,daniele15,
DTE,7310104,Kinh tế,A01,14.50,,THPTQG,2020,Kinh tế đầu tư,daniele15,
DTE,7310104,Kinh tế,D01,14.50,,THPTQG,2020,Kinh tế đầu tư,daniele15,
DTE,7310104,Kinh tế,D10,14.50,,THPTQG,2020,Kinh tế đầu tư,daniele15,
DTE,7310105,Kinh tế,A00,15.50,,THPTQG,2020,Kinh tế phát triển,daniele15,
DTE,7310105,Kinh tế,C00,15.50,,THPTQG,2020,Kinh tế phát triển,daniele15,
DTE,7310105,Kinh tế,C04,15.50,,THPTQG,2020,Kinh tế phát triển,daniele15,
DTE,7310105,Kinh tế,D01,15.50,,THPTQG,2020,Kinh tế phát triển,daniele15,
DTE,7340101,Quản trị kinh doanh,A00,14.50,,THPTQG,2020,,daniele15,
DTE,7340101,Quản trị kinh doanh,A01,14.50,,THPTQG,2020,,daniele15,
DTE,7340101,Quản trị kinh doanh,C01,14.50,,THPTQG,2020,,daniele15,
DTE,7340101,Quản trị kinh doanh,D01,14.50,,THPTQG,2020,,daniele15,
DTE,7340101_CLC,Quản trị kinh doanh,A00,16.00,,THPTQG,2020,,daniele15,
DTE,7340101_CLC,Quản trị kinh doanh,A01,16.00,,THPTQG,2020,,daniele15,
DTE,7340101_CLC,Quản trị kinh doanh,C01,16.00,,THPTQG,2020,,daniele15,
DTE,7340101_CLC,Quản trị kinh doanh,D01,16.00,,THPTQG,2020,,daniele15,
DTE,7340115,Marketing,A00,15.00,,THPTQG,2020,,daniele15,
DTE,7340115,Marketing,A01,15.00,,THPTQG,2020,,daniele15,
DTE,7340115,Marketing,C04,15.00,,THPTQG,2020,,daniele15,
DTE,7340115,Marketing,D01,15.00,,THPTQG,2020,,daniele15,
DTE,7340120,Kinh doanh quốc tế,A00,15.50,,THPTQG,2020,,daniele15,
DTE,7340120,Kinh doanh quốc tế,A01,15.50,,THPTQG,2020,,daniele15,
DTE,7340120,Kinh doanh quốc tế,C04,15.50,,THPTQG,2020,,daniele15,
DTE,7340120,Kinh doanh quốc tế,D01,15.50,,THPTQG,2020,,daniele15,
DTE,7340201,Tài chính - Ngân hàng,A00,14.50,,THPTQG,2020,,daniele15,
DTE,7340201,Tài chính - Ngân hàng,A01,14.50,,THPTQG,2020,,daniele15,
DTE,7340201,Tài chính - Ngân hàng,C01,14.50,,THPTQG,2020,,daniele15,
DTE,7340201,Tài chính - Ngân hàng,D01,14.50,,THPTQG,2020,,daniele15,
DTE,7340201_CLC,Tài chính - Ngân hàng,A00,16.00,,THPTQG,2020,Tài chính chất lượng cao,daniele15,
DTE,7340201_CLC,Tài chính - Ngân hàng,A01,16.00,,THPTQG,2020,Tài chính chất lượng cao,daniele15,
DTE,7340201_CLC,Tài chính - Ngân hàng,C01,16.00,,THPTQG,2020,Tài chính chất lượng cao,daniele15,
DTE,7340201_CLC,Tài chính - Ngân hàng,D01,16.00,,THPTQG,2020,Tài chính chất lượng cao,daniele15,
DTE,7340301,Kế toán,A00,14.50,,THPTQG,2020,,daniele15,
DTE,7340301,Kế toán,A01,14.50,,THPTQG,2020,,daniele15,
DTE,7340301,Kế toán,D01,14.50,,THPTQG,2020,,daniele15,
DTE,7340301,Kế toán,D07,14.50,,THPTQG,2020,,daniele15,
DTE,7340301_CLC,Kế toán,A00,15.00,,THPTQG,2020,,daniele15,
DTE,7340301_CLC,Kế toán,A01,15.00,,THPTQG,2020,,daniele15,
DTE,7340301_CLC,Kế toán,D01,15.00,,THPTQG,2020,,daniele15,
DTE,7340301_CLC,Kế toán,D07,15.00,,THPTQG,2020,,daniele15,
DTE,7340403,Quản lý công,A00,17.50,,THPTQG,2020,,daniele15,
DTE,7340403,Quản lý công,A01,17.50,,THPTQG,2020,,daniele15,
DTE,7340403,Quản lý công,C01,17.50,,THPTQG,2020,,daniele15,
DTE,7340403,Quản lý công,D01,17.50,,THPTQG,2020,,daniele15,
DTE,7380107,Luật,A00,14.50,,THPTQG,2020,Luật kinh tế,daniele15,
DTE,7380107,Luật,C00,14.50,,THPTQG,2020,Luật kinh tế,daniele15,
DTE,7380107,Luật,D01,14.50,,THPTQG,2020,Luật kinh tế,daniele15,
DTE,7380107,Luật,D14,14.50,,THPTQG,2020,Luật kinh tế,daniele15,
DTE,7510605,Logistics và Quản lý chuỗi cung ứng,A00,15.00,,THPTQG,2020,,daniele15,
DTE,7510605,Logistics và Quản lý chuỗi cung ứng,D01,15.00,,THPTQG,2020,,daniele15,
DTE,7510605,Logistics và Quản lý chuỗi cung ứng,D10,15.00,,THPTQG,2020,,daniele15,
DTE,7810103,Quản trị dịch vụ du lịch và lữ hành,A00,15.00,,THPTQG,2020,,daniele15,
DTE,7810103,Quản trị dịch vụ du lịch và lữ hành,A01,15.00,,THPTQG,2020,,daniele15,
DTE,7810103,Quản trị dịch vụ du lịch và lữ hành,C04,15.00,,THPTQG,2020,,daniele15,
DTE,7810103,Quản trị dịch vụ du lịch và lữ hành,D01,15.00,,THPTQG,2020,,daniele15,
DTE,7810103_CLC,Quản trị dịch vụ du lịch và lữ hành,A00,19.00,,THPTQG,2020,Quản trị du lịch và khách sạn chất lượng cao,daniele15,
DTE,7810103_CLC,Quản trị dịch vụ du lịch và lữ hành,C00,19.00,,THPTQG,2020,Quản trị du lịch và khách sạn chất lượng cao,daniele15,
DTE,7810103_CLC,Quản trị dịch vụ du lịch và lữ hành,C04,19.00,,THPTQG,2020,Quản trị du lịch và khách sạn chất lượng cao,daniele15,
DTE,7810103_CLC,Quản trị dịch vụ du lịch và lữ hành,D01,19.00,,THPTQG,2020,Quản trị du lịch và khách sạn chất lượng cao,daniele15,
DTF,7140231,Sư phạm Tiếng Anh,A01,18.50,,THPTQG,2020,,daniele15,
DTF,7140231,Sư phạm Tiếng Anh,D01,18.50,,THPTQG,2020,,daniele15,
DTF,7140231,Sư phạm Tiếng Anh,D15,18.50,,THPTQG,2020,,daniele15,
DTF,7140231,Sư phạm Tiếng Anh,D66,18.50,,THPTQG,2020,,daniele15,
DTF,7140234,Sư phạm Tiếng Trung Quốc,A01,20.00,,THPTQG,2020,,daniele15,
DTF,7140234,Sư phạm Tiếng Trung Quốc,D01,20.00,,THPTQG,2020,,daniele15,
DTF,7140234,Sư phạm Tiếng Trung Quốc,D04,20.00,,THPTQG,2020,,daniele15,
DTF,7140234,Sư phạm Tiếng Trung Quốc,D66,20.00,,THPTQG,2020,,daniele15,
DTF,7220201,Ngôn ngữ Anh,A01,18.50,,THPTQG,2020,,daniele15,
DTF,7220201,Ngôn ngữ Anh,D01,18.50,,THPTQG,2020,,daniele15,
DTF,7220201,Ngôn ngữ Anh,D15,18.50,,THPTQG,2020,,daniele15,
DTF,7220201,Ngôn ngữ Anh,D66,18.50,,THPTQG,2020,,daniele15,
DTF,7220202,Ngôn ngữ Nga,A01,15.00,,THPTQG,2020,,daniele15,
DTF,7220202,Ngôn ngữ Nga,D01,15.00,,THPTQG,2020,,daniele15,
DTF,7220202,Ngôn ngữ Nga,D02,15.00,,THPTQG,2020,,daniele15,
DTF,7220202,Ngôn ngữ Nga,D66,15.00,,THPTQG,2020,,daniele15,
DTF,7220203,Ngôn ngữ Pháp,A01,15.00,,THPTQG,2020,,daniele15,
DTF,7220203,Ngôn ngữ Pháp,D01,15.00,,THPTQG,2020,,daniele15,
DTF,7220203,Ngôn ngữ Pháp,D03,15.00,,THPTQG,2020,,daniele15,
DTF,7220203,Ngôn ngữ Pháp,D66,15.00,,THPTQG,2020,,daniele15,
DTF,7220204,Ngôn ngữ Trung Quốc,A01,20.00,,THPTQG,2020,,daniele15,
DTF,7220204,Ngôn ngữ Trung Quốc,D01,20.00,,THPTQG,2020,,daniele15,
DTF,7220204,Ngôn ngữ Trung Quốc,D04,20.00,,THPTQG,2020,,daniele15,
DTF,7220204,Ngôn ngữ Trung Quốc,D66,20.00,,THPTQG,2020,,daniele15,
DTH,7210403,Thiết kế đồ họa,A01,16.00,,THPTQG,2020,,daniele15,
DTH,7210403,Thiết kế đồ họa,D01,16.00,,THPTQG,2020,,daniele15,
DTH,7210403,Thiết kế đồ họa,D09,16.00,,THPTQG,2020,,daniele15,
DTH,7210403,Thiết kế đồ họa,D14,16.00,,THPTQG,2020,,daniele15,
DTH,7210404,Thiết kế thời trang,A01,16.00,,THPTQG,2020,,daniele15,
DTH,7210404,Thiết kế thời trang,D01,16.00,,THPTQG,2020,,daniele15,
DTH,7210404,Thiết kế thời trang,D09,16.00,,THPTQG,2020,,daniele15,
DTH,7210404,Thiết kế thời trang,D14,16.00,,THPTQG,2020,,daniele15,
DTH,7210408,Nghệ thuật số,A01,16.00,,THPTQG,2020,,daniele15,
DTH,7210408,Nghệ thuật số,D01,16.00,,THPTQG,2020,,daniele15,
DTH,7210408,Nghệ thuật số,D09,16.00,,THPTQG,2020,,daniele15,
DTH,7210408,Nghệ thuật số,D14,16.00,,THPTQG,2020,,daniele15,
DTH,7220201,Ngôn ngữ Anh,D01,16.00,,THPTQG,2020,Hệ số 2 môn tiếng Anh,daniele15,
DTH,7220201,Ngôn ngữ Anh,D09,16.00,,THPTQG,2020,Hệ số 2 môn tiếng Anh,daniele15,
DTH,7220201,Ngôn ngữ Anh,D14,16.00,,THPTQG,2020,Hệ số 2 môn tiếng Anh,daniele15,
DTH,7220201,Ngôn ngữ Anh,D15,16.00,,THPTQG,2020,Hệ số 2 môn tiếng Anh,daniele15,
DTH,7310401,Tâm lý học,A01,16.00,,THPTQG,2020,,daniele15,
DTH,7310401,Tâm lý học,D01,16.00,,THPTQG,2020,,daniele15,
DTH,7310401,Tâm lý học,D08,16.00,,THPTQG,2020,,daniele15,
DTH,7310401,Tâm lý học,D09,16.00,,THPTQG,2020,,daniele15,
DTH,7310613,Nhật Bản học,A01,16.00,,THPTQG,2020,,daniele15,
DTH,7310613,Nhật Bản học,D01,16.00,,THPTQG,2020,,daniele15,
DTH,7310613,Nhật Bản học,D09,16.00,,THPTQG,2020,,daniele15,
DTH,7310613,Nhật Bản học,D15,16.00,,THPTQG,2020,,daniele15,
DTH,7310640,Hoa Kỳ học,A01,16.00,,THPTQG,2020,,daniele15,
DTH,7310640,Hoa Kỳ học,D01,16.00,,THPTQG,2020,,daniele15,
DTH,7310640,Hoa Kỳ học,D09,16.00,,THPTQG,2020,,daniele15,
DTH,7310640,Hoa Kỳ học,D15,16.00,,THPTQG,2020,,daniele15,
DTH,7340101,Quản trị kinh doanh,A00,17.00,,THPTQG,2020,,daniele15,
DTH,7340101,Quản trị kinh doanh,A01,17.00,,THPTQG,2020,,daniele15,
DTH,7340101,Quản trị kinh doanh,D01,17.00,,THPTQG,2020,,daniele15,
DTH,7340101,Quản trị kinh doanh,D03,17.00,,THPTQG,2020,,daniele15,
DTH,7340101,Quản trị kinh doanh,D09,17.00,,THPTQG,2020,,daniele15,
DTH,7340115,Marketing,A00,17.00,,THPTQG,2020,,daniele15,
DTH,7340115,Marketing,A01,17.00,,THPTQG,2020,,daniele15,
DTH,7340115,Marketing,D01,17.00,,THPTQG,2020,,daniele15,
DTH,7340115,Marketing,D03,17.00,,THPTQG,2020,,daniele15,
DTH,7340115,Marketing,D09,17.00,,THPTQG,2020,,daniele15,
DTH,7340120,Kinh doanh quốc tế,A00,17.00,,THPTQG,2020,,daniele15,
DTH,7340120,Kinh doanh quốc tế,A01,17.00,,THPTQG,2020,,daniele15,
DTH,7340120,Kinh doanh quốc tế,D01,17.00,,THPTQG,2020,,daniele15,
DTH,7340120,Kinh doanh quốc tế,D03,17.00,,THPTQG,2020,,daniele15,
DTH,7340120,Kinh doanh quốc tế,D09,17.00,,THPTQG,2020,,daniele15,
DTH,7340201,Tài chính - Ngân hàng,A00,16.00,,THPTQG,2020,,daniele15,
DTH,7340201,Tài chính - Ngân hàng,A01,16.00,,THPTQG,2020,,daniele15,
DTH,7340201,Tài chính - Ngân hàng,D01,16.00,,THPTQG,2020,,daniele15,
DTH,7340201,Tài chính - Ngân hàng,D03,16.00,,THPTQG,2020,,daniele15,
DTH,7340201,Tài chính - Ngân hàng,D09,16.00,,THPTQG,2020,,daniele15,
DTH,7340204,Bảo hiểm,A00,16.00,,THPTQG,2020,,daniele15,
DTH,7340204,Bảo hiểm,A01,16.00,,THPTQG,2020,,daniele15,
DTH,7340204,Bảo hiểm,D01,16.00,,THPTQG,2020,,daniele15,
DTH,7340204,Bảo hiểm,D03,16.00,,THPTQG,2020,,daniele15,
DTH,7340204,Bảo hiểm,D09,16.00,,THPTQG,2020,,daniele15,
DTH,7340301,Kế toán,A00,16.00,,THPTQG,2020,,daniele15,
DTH,7340301,Kế toán,A01,16.00,,THPTQG,2020,,daniele15,
DTH,7340301,Kế toán,D01,16.00,,THPTQG,2020,,daniele15,
DTH,7340301,Kế toán,D03,16.00,,THPTQG,2020,,daniele15,
DTH,7340301,Kế toán,D09,16.00,,THPTQG,2020,,daniele15,
DTH,7340404,Quản trị nhân lực,A00,16.00,,THPTQG,2020,,daniele15,
DTH,7340404,Quản trị nhân lực,A01,16.00,,THPTQG,2020,,daniele15,
DTH,7340404,Quản trị nhân lực,D01,16.00,,THPTQG,2020,,daniele15,
DTH,7340404,Quản trị nhân lực,D03,16.00,,THPTQG,2020,,daniele15,
DTH,7340404,Quản trị nhân lực,D09,16.00,,THPTQG,2020,,daniele15,
DTH,7340405,Hệ thống thông tin quản lý,A00,16.00,,THPTQG,2020,,daniele15,
DTH,7340405,Hệ thống thông tin quản lý,A01,16.00,,THPTQG,2020,,daniele15,
DTH,7340405,Hệ thống thông tin quản lý,D01,16.00,,THPTQG,2020,,daniele15,
DTH,7340405,Hệ thống thông tin quản lý,D03,16.00,,THPTQG,2020,,daniele15,
DTH,7340405,Hệ thống thông tin quản lý,D09,16.00,,THPTQG,2020,,daniele15,
DTH,7340406,Quản trị văn phòng,A00,16.00,,THPTQG,2020,Chuyên ngành Quản trị vận hành doanh nghiệp,daniele15,
DTH,7340406,Quản trị văn phòng,A01,16.00,,THPTQG,2020,Chuyên ngành Quản trị vận hành doanh nghiệp,daniele15,
DTH,7340406,Quản trị văn phòng,D01,16.00,,THPTQG,2020,Chuyên ngành Quản trị vận hành doanh nghiệp,daniele15,
DTH,7340406,Quản trị văn phòng,D03,16.00,,THPTQG,2020,Chuyên ngành Quản trị vận hành doanh nghiệp,daniele15,
DTH,7340406,Quản trị văn phòng,D09,16.00,,THPTQG,2020,Chuyên ngành Quản trị vận hành doanh nghiệp,daniele15,
DTH,7340410,Quản trị công nghệ truyền thông,A00,18.00,,THPTQG,2020,,daniele15,
DTH,7340410,Quản trị công nghệ truyền thông,A01,18.00,,THPTQG,2020,,daniele15,
DTH,7340410,Quản trị công nghệ truyền thông,D01,18.00,,THPTQG,2020,,daniele15,
DTH,7340410,Quản trị công nghệ truyền thông,D03,18.00,,THPTQG,2020,,daniele15,
DTH,7340410,Quản trị công nghệ truyền thông,D09,18.00,,THPTQG,2020,,daniele15,
DTH,7340412,Quản trị sự kiện,A00,16.00,,THPTQG,2020,,daniele15,
DTH,7340412,Quản trị sự kiện,A01,16.00,,THPTQG,2020,,daniele15,
DTH,7340412,Quản trị sự kiện,D01,16.00,,THPTQG,2020,,daniele15,
DTH,7340412,Quản trị sự kiện,D03,16.00,,THPTQG,2020,,daniele15,
DTH,7340412,Quản trị sự kiện,D09,16.00,,THPTQG,2020,,daniele15,
DTH,7480102,Mạng máy tính và Truyền thông dữ liệu,A00,16.00,,THPTQG,2020,,daniele15,
DTH,7480102,Mạng máy tính và Truyền thông dữ liệu,A01,16.00,,THPTQG,2020,,daniele15,
DTH,7480102,Mạng máy tính và Truyền thông dữ liệu,D01,16.00,,THPTQG,2020,,daniele15,
DTH,7480102,Mạng máy tính và Truyền thông dữ liệu,D03,16.00,,THPTQG,2020,,daniele15,
DTH,7480102,Mạng máy tính và Truyền thông dữ liệu,D07,16.00,,THPTQG,2020,,daniele15,
DTH,7480103,Kỹ thuật phần mềm,A00,16.00,,THPTQG,2020,,daniele15,
DTH,7480103,Kỹ thuật phần mềm,A01,16.00,,THPTQG,2020,,daniele15,
DTH,7480103,Kỹ thuật phần mềm,D01,16.00,,THPTQG,2020,,daniele15,
DTH,7480103,Kỹ thuật phần mềm,D03,16.00,,THPTQG,2020,,daniele15,
DTH,7480103,Kỹ thuật phần mềm,D07,16.00,,THPTQG,2020,,daniele15,
DTH,7480201,Công nghệ thông tin,A00,16.00,,THPTQG,2020,,daniele15,
DTH,7480201,Công nghệ thông tin,A01,16.00,,THPTQG,2020,,daniele15,
DTH,7480201,Công nghệ thông tin,D01,16.00,,THPTQG,2020,,daniele15,
DTH,7480201,Công nghệ thông tin,D03,16.00,,THPTQG,2020,,daniele15,
DTH,7480201,Công nghệ thông tin,D09,16.00,,THPTQG,2020,,daniele15,
DTH,7510605,Logistics và Quản lý chuỗi cung ứng,A00,16.00,,THPTQG,2020,,daniele15,
DTH,7510605,Logistics và Quản lý chuỗi cung ứng,A01,16.00,,THPTQG,2020,,daniele15,
DTH,7510605,Logistics và Quản lý chuỗi cung ứng,D01,16.00,,THPTQG,2020,,daniele15,
DTH,7510605,Logistics và Quản lý chuỗi cung ứng,D03,16.00,,THPTQG,2020,,daniele15,
DTH,7510605,Logistics và Quản lý chuỗi cung ứng,D09,16.00,,THPTQG,2020,,daniele15,
DTH,7540101,Công nghệ thực phẩm,A00,16.00,,THPTQG,2020,,daniele15,
DTH,7540101,Công nghệ thực phẩm,B00,16.00,,THPTQG,2020,,daniele15,
DTH,7540101,Công nghệ thực phẩm,D07,16.00,,THPTQG,2020,,daniele15,
DTH,7540101,Công nghệ thực phẩm,D08,16.00,,THPTQG,2020,,daniele15,
DTH,7580108,Thiết kế nội thất,A01,16.00,,THPTQG,2020,,daniele15,
DTH,7580108,Thiết kế nội thất,D01,16.00,,THPTQG,2020,,daniele15,
DTH,7580108,Thiết kế nội thất,D09,16.00,,THPTQG,2020,,daniele15,
DTH,7580108,Thiết kế nội thất,D14,16.00,,THPTQG,2020,,daniele15,
DTH,7810103,Quản trị dịch vụ du lịch và lữ hành,A00,16.00,,THPTQG,2020,,daniele15,
DTH,7810103,Quản trị dịch vụ du lịch và lữ hành,A01,16.00,,THPTQG,2020,,daniele15,
DTH,7810103,Quản trị dịch vụ du lịch và lữ hành,D01,16.00,,THPTQG,2020,,daniele15,
DTH,7810103,Quản trị dịch vụ du lịch và lữ hành,D03,16.00,,THPTQG,2020,,daniele15,
DTH,7810103,Quản trị dịch vụ du lịch và lữ hành,D09,16.00,,THPTQG,2020,,daniele15,
DTH,7810201,Quản trị khách sạn,A00,16.00,,THPTQG,2020,,daniele15,
DTH,7810201,Quản trị khách sạn,A01,16.00,,THPTQG,2020,,daniele15,
DTH,7810201,Quản trị khách sạn,D01,16.00,,THPTQG,2020,,daniele15,
DTH,7810201,Quản trị khách sạn,D03,16.00,,THPTQG,2020,,daniele15,
DTH,7810201,Quản trị khách sạn,D09,16.00,,THPTQG,2020,,daniele15,
DTH,7810202,Quản trị nhà hàng và dịch vụ ăn uống,A00,16.00,,THPTQG,2020,,daniele15,
DTH,7810202,Quản trị nhà hàng và dịch vụ ăn uống,A01,16.00,,THPTQG,2020,,daniele15,
DTH,7810202,Quản trị nhà hàng và dịch vụ ăn uống,D01,16.00,,THPTQG,2020,,daniele15,
DTH,7810202,Quản trị nhà hàng và dịch vụ ăn uống,D03,16.00,,THPTQG,2020,,daniele15,
DTH,7810202,Quản trị nhà hàng và dịch vụ ăn uống,D09,16.00,,THPTQG,2020,,daniele15,
DTH,7850101,Quản lý tài nguyên và môi trường,A00,16.00,,THPTQG,2020,,daniele15,
DTH,7850101,Quản lý tài nguyên và môi trường,B00,16.00,,THPTQG,2020,,daniele15,
DTH,7850101,Quản lý tài nguyên và môi trường,D07,16.00,,THPTQG,2020,,daniele15,
DTH,7850101,Quản lý tài nguyên và môi trường,D08,16.00,,THPTQG,2020,,daniele15,
DTK,7220201,Ngôn ngữ Anh,A00,15.00,,THPTQG,2020,Đào tạo cử nhân,daniele15,
DTK,7220201,Ngôn ngữ Anh,A01,15.00,,THPTQG,2020,Đào tạo cử nhân,daniele15,
DTK,7220201,Ngôn ngữ Anh,D01,15.00,,THPTQG,2020,Đào tạo cử nhân,daniele15,
DTK,7220201,Ngôn ngữ Anh,D07,15.00,,THPTQG,2020,Đào tạo cử nhân,daniele15,
DTK,7480106,Kỹ thuật máy tính,A00,15.00,,THPTQG,2020,Đào tạo kỹ sư kỹ thuật,daniele15,
DTK,7480106,Kỹ thuật máy tính,A01,15.00,,THPTQG,2020,Đào tạo kỹ sư kỹ thuật,daniele15,
DTK,7480106,Kỹ thuật máy tính,D01,15.00,,THPTQG,2020,Đào tạo kỹ sư kỹ thuật,daniele15,
DTK,7480106,Kỹ thuật máy tính,D07,15.00,,THPTQG,2020,Đào tạo kỹ sư kỹ thuật,daniele15,
DTK,7510202,Công nghệ chế tạo máy,A00,15.00,,THPTQG,2020,Đào tạo Kỹ sư công nghệ,daniele15,
DTK,7510202,Công nghệ chế tạo máy,A01,15.00,,THPTQG,2020,Đào tạo Kỹ sư công nghệ,daniele15,
DTK,7510202,Công nghệ chế tạo máy,D01,15.00,,THPTQG,2020,Đào tạo Kỹ sư công nghệ,daniele15,
DTK,7510202,Công nghệ chế tạo máy,D07,15.00,,THPTQG,2020,Đào tạo Kỹ sư công nghệ,daniele15,
DTK,7510205,Công nghệ kỹ thuật ô tô,A00,18.00,,THPTQG,2020,Đào tạo Kỹ sư công nghệ,daniele15,
DTK,7510205,Công nghệ kỹ thuật ô tô,A01,18.00,,THPTQG,2020,Đào tạo Kỹ sư công nghệ,daniele15,
DTK,7510205,Công nghệ kỹ thuật ô tô,D01,18.00,,THPTQG,2020,Đào tạo Kỹ sư công nghệ,daniele15,
DTK,7510205,Công nghệ kỹ thuật ô tô,D07,18.00,,THPTQG,2020,Đào tạo Kỹ sư công nghệ,daniele15,
DTK,7510301,"Công nghệ kỹ thuật điện, điện tử",A00,15.00,,THPTQG,2020,Đào tạo Kỹ sư công nghệ,daniele15,
DTK,7510301,"Công nghệ kỹ thuật điện, điện tử",A01,15.00,,THPTQG,2020,Đào tạo Kỹ sư công nghệ,daniele15,
DTK,7510301,"Công nghệ kỹ thuật điện, điện tử",D01,15.00,,THPTQG,2020,Đào tạo Kỹ sư công nghệ,daniele15,
DTK,7510301,"Công nghệ kỹ thuật điện, điện tử",D07,15.00,,THPTQG,2020,Đào tạo Kỹ sư công nghệ,daniele15,
DTK,7510601,Quản lý công nghiệp,A00,15.00,,THPTQG,2020,Đào tạo cử nhân,daniele15,
DTK,7510601,Quản lý công nghiệp,A01,15.00,,THPTQG,2020,Đào tạo cử nhân,daniele15,
DTK,7510601,Quản lý công nghiệp,D01,15.00,,THPTQG,2020,Đào tạo cử nhân,daniele15,
DTK,7510601,Quản lý công nghiệp,D07,15.00,,THPTQG,2020,Đào tạo cử nhân,daniele15,
DTK,7510604,Kinh tế,A00,15.00,,THPTQG,2020,Đào tạo cử nhân,daniele15,
DTK,7510604,Kinh tế,A01,15.00,,THPTQG,2020,Đào tạo cử nhân,daniele15,
DTK,7510604,Kinh tế,D01,15.00,,THPTQG,2020,Đào tạo cử nhân,daniele15,
DTK,7510604,Kinh tế,D07,15.00,,THPTQG,2020,Đào tạo cử nhân,daniele15,
DTK,7520103,Kỹ thuật cơ khí,A00,15.00,,THPTQG,2020,Đào tạo kỹ sư kỹ thuật,daniele15,
DTK,7520103,Kỹ thuật cơ khí,A01,15.00,,THPTQG,2020,Đào tạo kỹ sư kỹ thuật,daniele15,
DTK,7520103,Kỹ thuật cơ khí,D01,15.00,,THPTQG,2020,Đào tạo kỹ sư kỹ thuật,daniele15,
DTK,7520103,Kỹ thuật cơ khí,D07,15.00,,THPTQG,2020,Đào tạo kỹ sư kỹ thuật,daniele15,
DTK,7520114,Kỹ thuật cơ điện tử,A00,17.00,,THPTQG,2020,Đào tạo kỹ sư kỹ thuật,daniele15,
DTK,7520114,Kỹ thuật cơ điện tử,A01,17.00,,THPTQG,2020,Đào tạo kỹ sư kỹ thuật,daniele15,
DTK,7520114,Kỹ thuật cơ điện tử,D01,17.00,,THPTQG,2020,Đào tạo kỹ sư kỹ thuật,daniele15,
DTK,7520114,Kỹ thuật cơ điện tử,D07,17.00,,THPTQG,2020,Đào tạo kỹ sư kỹ thuật,daniele15,
DTK,7520116,Kỹ thuật cơ khí động lực,A00,15.00,,THPTQG,2020,Đào tạo kỹ sư kỹ thuật,daniele15,
DTK,7520116,Kỹ thuật cơ khí động lực,A01,15.00,,THPTQG,2020,Đào tạo kỹ sư kỹ thuật,daniele15,
DTK,7520116,Kỹ thuật cơ khí động lực,D01,15.00,,THPTQG,2020,Đào tạo kỹ sư kỹ thuật,daniele15,
DTK,7520116,Kỹ thuật cơ khí động lực,D07,15.00,,THPTQG,2020,Đào tạo kỹ sư kỹ thuật,daniele15,
DTK,7520201,Kỹ thuật điện,A00,15.00,,THPTQG,2020,Đào tạo Kỹ sư kỹ thuật,daniele15,
DTK,7520201,Kỹ thuật điện,A01,15.00,,THPTQG,2020,Đào tạo Kỹ sư kỹ thuật,daniele15,
DTK,7520201,Kỹ thuật điện,D01,15.00,,THPTQG,2020,Đào tạo Kỹ sư kỹ thuật,daniele15,
DTK,7520201,Kỹ thuật điện,D07,15.00,,THPTQG,2020,Đào tạo Kỹ sư kỹ thuật,daniele15,
DTK,7520207,Kỹ thuật điện tử - viễn thông,A00,15.00,,THPTQG,2020,Đào tạo kỹ sư kỹ thuật,daniele15,
DTK,7520207,Kỹ thuật điện tử - viễn thông,A01,15.00,,THPTQG,2020,Đào tạo kỹ sư kỹ thuật,daniele15,
DTK,7520207,Kỹ thuật điện tử - viễn thông,D01,15.00,,THPTQG,2020,Đào tạo kỹ sư kỹ thuật,daniele15,
DTK,7520207,Kỹ thuật điện tử - viễn thông,D07,15.00,,THPTQG,2020,Đào tạo kỹ sư kỹ thuật,daniele15,
DTK,7520216,Kỹ thuật điều khiển và tự động hoá,A00,18.00,,THPTQG,2020,Đào tạo kỹ sư kỹ thuật,daniele15,
DTK,7520216,Kỹ thuật điều khiển và tự động hoá,A01,18.00,,THPTQG,2020,Đào tạo kỹ sư kỹ thuật,daniele15,
DTK,7520216,Kỹ thuật điều khiển và tự động hoá,D01,18.00,,THPTQG,2020,Đào tạo kỹ sư kỹ thuật,daniele15,
DTK,7520216,Kỹ thuật điều khiển và tự động hoá,D07,18.00,,THPTQG,2020,Đào tạo kỹ sư kỹ thuật,daniele15,
DTK,7520309,Kỹ thuật vật liệu,A00,15.00,,THPTQG,2020,Đào tạo kỹ sư kỹ thuật,daniele15,
DTK,7520309,Kỹ thuật vật liệu,A01,15.00,,THPTQG,2020,Đào tạo kỹ sư kỹ thuật,daniele15,
DTK,7520309,Kỹ thuật vật liệu,D01,15.00,,THPTQG,2020,Đào tạo kỹ sư kỹ thuật,daniele15,
DTK,7520309,Kỹ thuật vật liệu,D07,15.00,,THPTQG,2020,Đào tạo kỹ sư kỹ thuật,daniele15,
DTK,7520320,Kỹ thuật môi trường,A00,15.00,,THPTQG,2020,Đào tạo kỹ sư kỹ thuật,daniele15,
DTK,7520320,Kỹ thuật môi trường,A01,15.00,,THPTQG,2020,Đào tạo kỹ sư kỹ thuật,daniele15,
DTK,7520320,Kỹ thuật môi trường,D01,15.00,,THPTQG,2020,Đào tạo kỹ sư kỹ thuật,daniele15,
DTK,7520320,Kỹ thuật môi trường,D07,15.00,,THPTQG,2020,Đào tạo kỹ sư kỹ thuật,daniele15,
DTK,7580201,Kỹ thuật xây dựng,A00,15.00,,THPTQG,2020,Đào tạo kỹ sư kỹ thuật,daniele15,
DTK,7580201,Kỹ thuật xây dựng,A01,15.00,,THPTQG,2020,Đào tạo kỹ sư kỹ thuật,daniele15,
DTK,7580201,Kỹ thuật xây dựng,D01,15.00,,THPTQG,2020,Đào tạo kỹ sư kỹ thuật,daniele15,
DTK,7580201,Kỹ thuật xây dựng,D07,15.00,,THPTQG,2020,Đào tạo kỹ sư kỹ thuật,daniele15,
DTK,7905218,Kỹ thuật cơ khí,A00,18.00,,THPTQG,2020,Chương trình tiên tiến,daniele15,
DTK,7905218,Kỹ thuật cơ khí,A01,18.00,,THPTQG,2020,Chương trình tiên tiến,daniele15,
DTK,7905218,Kỹ thuật cơ khí,D01,18.00,,THPTQG,2020,Chương trình tiên tiến,daniele15,
DTK,7905218,Kỹ thuật cơ khí,D07,18.00,,THPTQG,2020,Chương trình tiên tiến,daniele15,
DTK,7905228,Kỹ thuật điện,A00,18.00,,THPTQG,2020,Chương trình tiên tiến,daniele15,
DTK,7905228,Kỹ thuật điện,A01,18.00,,THPTQG,2020,Chương trình tiên tiến,daniele15,
DTK,7905228,Kỹ thuật điện,D01,18.00,,THPTQG,2020,Chương trình tiên tiến,daniele15,
DTK,7905228,Kỹ thuật điện,D07,18.00,,THPTQG,2020,Chương trình tiên tiến,daniele15,
DTL,7220201,Ngôn ngữ Anh,D01,21.73,,THPTQG,2020,,daniele15,
DTL,7220204,Ngôn ngữ Trung Quốc,D01,24.20,,THPTQG,2020,,daniele15,
DTL,7220204,Ngôn ngữ Trung Quốc,D04,24.20,,THPTQG,2020,,daniele15,
DTL,7220209,Ngôn ngữ Nhật,D01,22.26,,THPTQG,2020,,daniele15,
DTL,7220209,Ngôn ngữ Nhật,D06,22.26,,THPTQG,2020,,daniele15,
DTL,7220210,Ngôn ngữ Hàn Quốc,D01,23.00,,THPTQG,2020,,daniele15,
DTL,7310106,Kinh tế,A00,22.30,,THPTQG,2020,Kinh tế quốc tế,daniele15,
DTL,7310106,Kinh tế,A01,22.30,,THPTQG,2020,Kinh tế quốc tế,daniele15,
DTL,7310106,Kinh tế,D01,22.30,,THPTQG,2020,Kinh tế quốc tế,daniele15,
DTL,7310106,Kinh tế,D03,22.30,,THPTQG,2020,Kinh tế quốc tế,daniele15,
DTL,7310630,Việt Nam học,A00,20.00,,THPTQG,2020,,daniele15,
DTL,7310630,Việt Nam học,C00,20.00,,THPTQG,2020,,daniele15,
DTL,7310630,Việt Nam học,D01,20.00,,THPTQG,2020,,daniele15,
DTL,7310630,Việt Nam học,D04,20.00,,THPTQG,2020,,daniele15,
DTL,7320104,Truyền thông đa phương tiện,A00,24.00,,THPTQG,2020,,daniele15,
DTL,7320104,Truyền thông đa phương tiện,C00,24.00,,THPTQG,2020,,daniele15,
DTL,7320104,Truyền thông đa phương tiện,D01,24.00,,THPTQG,2020,,daniele15,
DTL,7320104,Truyền thông đa phương tiện,D03,24.00,,THPTQG,2020,,daniele15,
DTL,7340101,Quản trị kinh doanh,A00,22.60,,THPTQG,2020,,daniele15,
DTL,7340101,Quản trị kinh doanh,A01,22.60,,THPTQG,2020,,daniele15,
DTL,7340101,Quản trị kinh doanh,D01,22.60,,THPTQG,2020,,daniele15,
DTL,7340101,Quản trị kinh doanh,D03,22.60,,THPTQG,2020,,daniele15,
DTL,7340115,Marketing,A00,23.90,,THPTQG,2020,,daniele15,
DTL,7340115,Marketing,A01,23.90,,THPTQG,2020,,daniele15,
DTL,7340115,Marketing,D01,23.90,,THPTQG,2020,,daniele15,
DTL,7340115,Marketing,D03,23.90,,THPTQG,2020,,daniele15,
DTL,7340201,Tài chính - Ngân hàng,A00,21.85,,THPTQG,2020,,daniele15,
DTL,7340201,Tài chính - Ngân hàng,A01,21.85,,THPTQG,2020,,daniele15,
DTL,7340201,Tài chính - Ngân hàng,D01,21.85,,THPTQG,2020,,daniele15,
DTL,7340201,Tài chính - Ngân hàng,D03,21.85,,THPTQG,2020,,daniele15,
DTL,7340301,Kế toán,A00,21.85,,THPTQG,2020,,daniele15,
DTL,7340301,Kế toán,A01,21.85,,THPTQG,2020,,daniele15,
DTL,7340301,Kế toán,D01,21.85,,THPTQG,2020,,daniele15,
DTL,7340301,Kế toán,D03,21.85,,THPTQG,2020,,daniele15,
DTL,7380107,Luật,A00,21.35,,THPTQG,2020,Luật kinh tế,daniele15,
DTL,7380107,Luật,A01,21.35,,THPTQG,2020,Luật kinh tế,daniele15,
DTL,7380107,Luật,D01,21.35,,THPTQG,2020,Luật kinh tế,daniele15,
DTL,7380107,Luật,D03,21.35,,THPTQG,2020,Luật kinh tế,daniele15,
DTL,7460112,Toán ứng dụng,A00,20.00,,THPTQG,2020,,daniele15,
DTL,7460112,Toán ứng dụng,A01,20.00,,THPTQG,2020,,daniele15,
DTL,7480101,Khoa học máy tính,A00,20.00,,THPTQG,2020,,daniele15,
DTL,7480101,Khoa học máy tính,A01,20.00,,THPTQG,2020,,daniele15,
DTL,7480102,Mạng máy tính và Truyền thông dữ liệu,A00,20.00,,THPTQG,2020,,daniele15,
DTL,7480102,Mạng máy tính và Truyền thông dữ liệu,A01,20.00,,THPTQG,2020,,daniele15,
DTL,7480104,Hệ thống thông tin,A00,20.00,,THPTQG,2020,,daniele15,
DTL,7480104,Hệ thống thông tin,A01,20.00,,THPTQG,2020,,daniele15,
DTL,7480201,Công nghệ thông tin,A00,21.96,,THPTQG,2020,,daniele15,
DTL,7480201,Công nghệ thông tin,A01,21.96,,THPTQG,2020,,daniele15,
DTL,7480207,Trí tuệ nhân tạo,A00,20.00,,THPTQG,2020,,daniele15,
DTL,7480207,Trí tuệ nhân tạo,A01,20.00,,THPTQG,2020,,daniele15,
DTL,7510605,Logistics và Quản lý chuỗi cung ứng,A00,23.35,,THPTQG,2020,,daniele15,
DTL,7510605,Logistics và Quản lý chuỗi cung ứng,A01,23.35,,THPTQG,2020,,daniele15,
DTL,7510605,Logistics và Quản lý chuỗi cung ứng,D01,23.35,,THPTQG,2020,,daniele15,
DTL,7510605,Logistics và Quản lý chuỗi cung ứng,D03,23.35,,THPTQG,2020,,daniele15,
DTL,7720301,Điều dưỡng,B00,19.15,,THPTQG,2020,,daniele15,
DTL,7720401,Dinh dưỡng,B00,16.75,,THPTQG,2020,,daniele15,
DTL,7760101,Công tác xã hội,A00,20.00,,THPTQG,2020,,daniele15,
DTL,7760101,Công tác xã hội,C00,20.00,,THPTQG,2020,,daniele15,
DTL,7760101,Công tác xã hội,D01,20.00,,THPTQG,2020,,daniele15,
DTL,7760101,Công tác xã hội,D04,20.00,,THPTQG,2020,,daniele15,
DTL,7810103,Quản trị dịch vụ du lịch và lữ hành,A00,21.90,,THPTQG,2020,,daniele15,
DTL,7810103,Quản trị dịch vụ du lịch và lữ hành,A01,21.90,,THPTQG,2020,,daniele15,
DTL,7810103,Quản trị dịch vụ du lịch và lữ hành,D01,21.90,,THPTQG,2020,,daniele15,
DTL,7810103,Quản trị dịch vụ du lịch và lữ hành,D03,21.90,,THPTQG,2020,,daniele15,
DTL,TLA101,Kỹ thuật xây dựng,A00,18.00,,HocBa,2020,Kỹ thuật xây dựng công trình thủyXét học bạ,daniele15,
DTL,TLA101,Kỹ thuật xây dựng,A01,18.00,,HocBa,2020,Kỹ thuật xây dựng công trình thủyXét học bạ,daniele15,
DTL,TLA101,Kỹ thuật xây dựng,D01,18.00,,HocBa,2020,Kỹ thuật xây dựng công trình thủyXét học bạ,daniele15,
DTL,TLA101,Kỹ thuật xây dựng,D07,18.00,,HocBa,2020,Kỹ thuật xây dựng công trình thủyXét học bạ,daniele15,
DTL,TLA102,Kỹ thuật tài nguyên nước,A00,18.43,,HocBa,2020,Xét học bạ,daniele15,
DTL,TLA102,Kỹ thuật tài nguyên nước,A01,18.43,,HocBa,2020,Xét học bạ,daniele15,
DTL,TLA102,Kỹ thuật tài nguyên nước,D01,18.43,,HocBa,2020,Xét học bạ,daniele15,
DTL,TLA102,Kỹ thuật tài nguyên nước,D07,18.43,,HocBa,2020,Xét học bạ,daniele15,
DTL,TLA103,Thuỷ văn học,A00,18.25,,HocBa,2020,Xét học bạ,daniele15,
DTL,TLA103,Thuỷ văn học,A01,18.25,,HocBa,2020,Xét học bạ,daniele15,
DTL,TLA103,Thuỷ văn học,D01,18.25,,HocBa,2020,Xét học bạ,daniele15,
DTL,TLA103,Thuỷ văn học,D07,18.25,,HocBa,2020,Xét học bạ,daniele15,
DTL,TLA104,Kỹ thuật xây dựng,A00,18.00,,HocBa,2020,Xét học bạ,daniele15,
DTL,TLA104,Kỹ thuật xây dựng,A01,18.00,,HocBa,2020,Xét học bạ,daniele15,
DTL,TLA104,Kỹ thuật xây dựng,D01,18.00,,HocBa,2020,Xét học bạ,daniele15,
DTL,TLA104,Kỹ thuật xây dựng,D07,18.00,,HocBa,2020,Xét học bạ,daniele15,
DTL,TLA105,Kỹ thuật cơ khí,A00,18.15,,HocBa,2020,Xét học bạ,daniele15,
DTL,TLA105,Kỹ thuật cơ khí,A01,18.15,,HocBa,2020,Xét học bạ,daniele15,
DTL,TLA105,Kỹ thuật cơ khí,D01,18.15,,HocBa,2020,Xét học bạ,daniele15,
DTL,TLA105,Kỹ thuật cơ khí,D07,18.15,,HocBa,2020,Xét học bạ,daniele15,
DTL,TLA106,Công nghệ thông tin,A00,23.60,,HocBa,2020,Tiêu chí phụ: 7.83Xét học bạ,daniele15,
DTL,TLA106,Công nghệ thông tin,A01,23.60,,HocBa,2020,Tiêu chí phụ: 7.83Xét học bạ,daniele15,
DTL,TLA106,Công nghệ thông tin,D01,23.60,,HocBa,2020,Tiêu chí phụ: 7.83Xét học bạ,daniele15,
DTL,TLA106,Công nghệ thông tin,D07,23.60,,HocBa,2020,Tiêu chí phụ: 7.83Xét học bạ,daniele15,
DTL,TLA107,Kỹ thuật cấp thoát nước,A00,18.50,,HocBa,2020,Xét học bạ,daniele15,
DTL,TLA107,Kỹ thuật cấp thoát nước,A01,18.50,,HocBa,2020,Xét học bạ,daniele15,
DTL,TLA107,Kỹ thuật cấp thoát nước,D01,18.50,,HocBa,2020,Xét học bạ,daniele15,
DTL,TLA107,Kỹ thuật cấp thoát nước,D07,18.50,,HocBa,2020,Xét học bạ,daniele15,
DTL,TLA109,Kỹ thuật môi trường,A00,18.25,,HocBa,2020,Xét học bạ,daniele15,
DTL,TLA109,Kỹ thuật môi trường,A01,18.25,,HocBa,2020,Xét học bạ,daniele15,
DTL,TLA109,Kỹ thuật môi trường,D01,18.25,,HocBa,2020,Xét học bạ,daniele15,
DTL,TLA109,Kỹ thuật môi trường,D07,18.25,,HocBa,2020,Xét học bạ,daniele15,
DTL,TLA110,Kỹ thuật cơ sở hạ tầng,A00,18.50,,HocBa,2020,Xét học bạ,daniele15,
DTL,TLA110,Kỹ thuật cơ sở hạ tầng,A01,18.50,,HocBa,2020,Xét học bạ,daniele15,
DTL,TLA110,Kỹ thuật cơ sở hạ tầng,D01,18.50,,HocBa,2020,Xét học bạ,daniele15,
DTL,TLA110,Kỹ thuật cơ sở hạ tầng,D07,18.50,,HocBa,2020,Xét học bạ,daniele15,
DTL,TLA111,Công nghệ kỹ thuật xây dựng,A00,18.25,,HocBa,2020,Xét học bạ,daniele15,
DTL,TLA111,Công nghệ kỹ thuật xây dựng,A01,18.25,,HocBa,2020,Xét học bạ,daniele15,
DTL,TLA111,Công nghệ kỹ thuật xây dựng,D01,18.25,,HocBa,2020,Xét học bạ,daniele15,
DTL,TLA111,Công nghệ kỹ thuật xây dựng,D07,18.25,,HocBa,2020,Xét học bạ,daniele15,
DTL,TLA112,Kỹ thuật điện,A00,19.12,,HocBa,2020,Xét học bạ,daniele15,
DTL,TLA112,Kỹ thuật điện,A01,19.12,,HocBa,2020,Xét học bạ,daniele15,
DTL,TLA112,Kỹ thuật điện,D01,19.12,,HocBa,2020,Xét học bạ,daniele15,
DTL,TLA112,Kỹ thuật điện,D07,19.12,,HocBa,2020,Xét học bạ,daniele15,
DTL,TLA113,Kỹ thuật xây dựng,A00,18.45,,HocBa,2020,Xét học bạ,daniele15,
DTL,TLA113,Kỹ thuật xây dựng,A01,18.45,,HocBa,2020,Xét học bạ,daniele15,
DTL,TLA113,Kỹ thuật xây dựng,D01,18.45,,HocBa,2020,Xét học bạ,daniele15,
DTL,TLA113,Kỹ thuật xây dựng,D07,18.45,,HocBa,2020,Xét học bạ,daniele15,
DTL,TLA114,Quản lý xây dựng,A00,20.38,,HocBa,2020,Xét học bạ,daniele15,
DTL,TLA114,Quản lý xây dựng,A01,20.38,,HocBa,2020,Xét học bạ,daniele15,
DTL,TLA114,Quản lý xây dựng,D01,20.38,,HocBa,2020,Xét học bạ,daniele15,
DTL,TLA114,Quản lý xây dựng,D07,20.38,,HocBa,2020,Xét học bạ,daniele15,
DTL,TLA118,Kỹ thuật hoá học,A00,18.00,,HocBa,2020,Xét điểm học bạ,daniele15,
DTL,TLA118,Kỹ thuật hoá học,A01,18.00,,HocBa,2020,Xét điểm học bạ,daniele15,
DTL,TLA118,Kỹ thuật hoá học,D01,18.00,,HocBa,2020,Xét điểm học bạ,daniele15,
DTL,TLA118,Kỹ thuật hoá học,D07,18.00,,HocBa,2020,Xét điểm học bạ,daniele15,
DTL,TLA119,Công nghệ sinh học,A00,18.00,,HocBa,2020,Xét học bạ,daniele15,
DTL,TLA119,Công nghệ sinh học,A01,18.00,,HocBa,2020,Xét học bạ,daniele15,
DTL,TLA119,Công nghệ sinh học,D01,18.00,,HocBa,2020,Xét học bạ,daniele15,
DTL,TLA119,Công nghệ sinh học,D07,18.00,,HocBa,2020,Xét học bạ,daniele15,
DTL,TLA120,Kỹ thuật cơ điện tử,A00,19.12,,HocBa,2020,Xét học bạ,daniele15,
DTL,TLA120,Kỹ thuật cơ điện tử,A01,19.12,,HocBa,2020,Xét học bạ,daniele15,
DTL,TLA120,Kỹ thuật cơ điện tử,D01,19.12,,HocBa,2020,Xét học bạ,daniele15,
DTL,TLA120,Kỹ thuật cơ điện tử,D07,19.12,,HocBa,2020,Xét học bạ,daniele15,
DTL,TLA121,Kỹ thuật điều khiển và tự động hoá,A00,20.53,,HocBa,2020,Xét học bạ,daniele15,
DTL,TLA121,Kỹ thuật điều khiển và tự động hoá,A01,20.53,,HocBa,2020,Xét học bạ,daniele15,
DTL,TLA121,Kỹ thuật điều khiển và tự động hoá,D01,20.53,,HocBa,2020,Xét học bạ,daniele15,
DTL,TLA121,Kỹ thuật điều khiển và tự động hoá,D07,20.53,,HocBa,2020,Xét học bạ,daniele15,
DTL,TLA123,Kỹ thuật ô tô,A00,22.27,,HocBa,2020,Tiêu chí phụ: 7.53Xét học bạ,daniele15,
DTL,TLA123,Kỹ thuật ô tô,A01,22.27,,HocBa,2020,Tiêu chí phụ: 7.53Xét học bạ,daniele15,
DTL,TLA123,Kỹ thuật ô tô,D01,22.27,,HocBa,2020,Tiêu chí phụ: 7.53Xét học bạ,daniele15,
DTL,TLA123,Kỹ thuật ô tô,D07,22.27,,HocBa,2020,Tiêu chí phụ: 7.53Xét học bạ,daniele15,
DTL,TLA201,Kỹ thuật xây dựng,A00,18.50,,HocBa,2020,CTTTXét học bạ,daniele15,
DTL,TLA201,Kỹ thuật xây dựng,A01,18.50,,HocBa,2020,CTTTXét học bạ,daniele15,
DTL,TLA201,Kỹ thuật xây dựng,D01,18.50,,HocBa,2020,CTTTXét học bạ,daniele15,
DTL,TLA201,Kỹ thuật xây dựng,D07,18.50,,HocBa,2020,CTTTXét học bạ,daniele15,
DTL,TLA202,Kỹ thuật tài nguyên nước,A00,18.50,,HocBa,2020,CTTTXét học bạ,daniele15,
DTL,TLA202,Kỹ thuật tài nguyên nước,A01,18.50,,HocBa,2020,CTTTXét học bạ,daniele15,
DTL,TLA202,Kỹ thuật tài nguyên nước,D01,18.50,,HocBa,2020,CTTTXét học bạ,daniele15,
DTL,TLA202,Kỹ thuật tài nguyên nước,D07,18.50,,HocBa,2020,CTTTXét học bạ,daniele15,
DTL,TLA401,Kinh tế,A00,22.73,,HocBa,2020,Xét học bạ,daniele15,
DTL,TLA401,Kinh tế,A01,22.73,,HocBa,2020,Xét học bạ,daniele15,
DTL,TLA401,Kinh tế,D01,22.73,,HocBa,2020,Xét học bạ,daniele15,
DTL,TLA401,Kinh tế,D07,22.73,,HocBa,2020,Xét học bạ,daniele15,
DTL,TLA402,Quản trị kinh doanh,A00,23.57,,HocBa,2020,Tiêu chí phụ: 7.77Xét học bạ,daniele15,
DTL,TLA402,Quản trị kinh doanh,A01,23.57,,HocBa,2020,Tiêu chí phụ: 7.77Xét học bạ,daniele15,
DTL,TLA402,Quản trị kinh doanh,D01,23.57,,HocBa,2020,Tiêu chí phụ: 7.77Xét học bạ,daniele15,
DTL,TLA402,Quản trị kinh doanh,D07,23.57,,HocBa,2020,Tiêu chí phụ: 7.77Xét học bạ,daniele15,
DTL,TLA403,Kế toán,A00,23.03,,HocBa,2020,Tiêu chí phụ: 8.1Xét học bạ,daniele15,
DTL,TLS101,Xây dựng công trình thủy,A00,16.22,,THPTQG,2020,,daniele15,
DTL,TLS101,Xây dựng công trình thủy,A01,16.22,,THPTQG,2020,,daniele15,
DTL,TLS101,Xây dựng công trình thủy,D01,16.22,,THPTQG,2020,,daniele15,
DTL,TLS101,Xây dựng công trình thủy,D07,16.22,,THPTQG,2020,,daniele15,
DTL,TLS102,Kỹ thuật tài nguyên nước,A00,16.15,,THPTQG,2020,,daniele15,
DTL,TLS102,Kỹ thuật tài nguyên nước,A01,16.15,,THPTQG,2020,,daniele15,
DTL,TLS102,Kỹ thuật tài nguyên nước,D01,16.15,,THPTQG,2020,,daniele15,
DTL,TLS102,Kỹ thuật tài nguyên nước,D07,16.15,,THPTQG,2020,,daniele15,
DTL,TLS104,Kỹ thuật xây dựng,A00,16.17,,THPTQG,2020,,daniele15,
DTL,TLS104,Kỹ thuật xây dựng,A01,16.17,,THPTQG,2020,,daniele15,
DTL,TLS104,Kỹ thuật xây dựng,D01,16.17,,THPTQG,2020,,daniele15,
DTL,TLS104,Kỹ thuật xây dựng,D07,16.17,,THPTQG,2020,,daniele15,
DTL,TLS106,Công nghệ thông tin,A00,16.78,,THPTQG,2020,,daniele15,
DTL,TLS106,Công nghệ thông tin,A01,16.78,,THPTQG,2020,,daniele15,
DTL,TLS106,Công nghệ thông tin,D01,16.78,,THPTQG,2020,,daniele15,
DTL,TLS106,Công nghệ thông tin,D07,16.78,,THPTQG,2020,,daniele15,
DTL,TLS107,Kỹ thuật cấp thoát nước,A00,16.25,,THPTQG,2020,,daniele15,
DTL,TLS107,Kỹ thuật cấp thoát nước,A01,16.25,,THPTQG,2020,,daniele15,
DTL,TLS107,Kỹ thuật cấp thoát nước,D01,16.25,,THPTQG,2020,,daniele15,
DTL,TLS107,Kỹ thuật cấp thoát nước,D07,16.25,,THPTQG,2020,,daniele15,
DTL,TLS111,Công nghệ kỹ thuật xây dựng,A00,16.75,,THPTQG,2020,,daniele15,
DTL,TLS111,Công nghệ kỹ thuật xây dựng,A01,16.75,,THPTQG,2020,,daniele15,
DTL,TLS111,Công nghệ kỹ thuật xây dựng,D01,16.75,,THPTQG,2020,,daniele15,
DTL,TLS111,Công nghệ kỹ thuật xây dựng,D07,16.75,,THPTQG,2020,,daniele15,
DTL,TLS113,kỹ thuật xây dựng công trình giao thông,A00,16.00,,THPTQG,2020,,daniele15,
DTL,TLS113,kỹ thuật xây dựng công trình giao thông,A01,16.00,,THPTQG,2020,,daniele15,
DTL,TLS113,kỹ thuật xây dựng công trình giao thông,D01,16.00,,THPTQG,2020,,daniele15,
DTL,TLS113,kỹ thuật xây dựng công trình giao thông,D07,16.00,,THPTQG,2020,,daniele15,
DTL,TLS402,Quản trị kinh doanh,A00,17.00,,THPTQG,2020,,daniele15,
DTL,TLS402,Quản trị kinh doanh,A01,17.00,,THPTQG,2020,,daniele15,
DTL,TLS402,Quản trị kinh doanh,D01,17.00,,THPTQG,2020,,daniele15,
DTL,TLS402,Quản trị kinh doanh,D07,17.00,,THPTQG,2020,,daniele15,
DTL,TLS403,Kế toán,A00,16.25,,THPTQG,2020,,daniele15,
DTL,TLS403,Kế toán,A01,16.25,,THPTQG,2020,,daniele15,
DTL,TLS403,Kế toán,D01,16.25,,THPTQG,2020,,daniele15,
DTL,TLS403,Kế toán,D07,16.25,,THPTQG,2020,,daniele15,
DTN,7320205,Quản lý thông tin,A07,15.00,,THPTQG,2020,,daniele15,
DTN,7320205,Quản lý thông tin,C20,15.00,,THPTQG,2020,,daniele15,
DTN,7320205,Quản lý thông tin,D01,15.00,,THPTQG,2020,,daniele15,
DTN,7320205,Quản lý thông tin,D84,15.00,,THPTQG,2020,,daniele15,
DTN,7340116,Bất động sản,A00,15.00,,THPTQG,2020,,daniele15,
DTN,7340116,Bất động sản,A02,15.00,,THPTQG,2020,,daniele15,
DTN,7340116,Bất động sản,C00,15.00,,THPTQG,2020,,daniele15,
DTN,7340116,Bất động sản,D10,15.00,,THPTQG,2020,,daniele15,
DTN,7340120,Kinh doanh quốc tế,A00,15.00,,THPTQG,2020,,daniele15,
DTN,7340120,Kinh doanh quốc tế,A01,15.00,,THPTQG,2020,,daniele15,
DTN,7340120,Kinh doanh quốc tế,B00,15.00,,THPTQG,2020,,daniele15,
DTN,7340120,Kinh doanh quốc tế,C02,15.00,,THPTQG,2020,,daniele15,
DTN,7420201,Công nghệ sinh học,B00,18.50,,THPTQG,2020,,daniele15,
DTN,7420201,Công nghệ sinh học,B02,18.50,,THPTQG,2020,,daniele15,
DTN,7420201,Công nghệ sinh học,B04,18.50,,THPTQG,2020,,daniele15,
DTN,7420201,Công nghệ sinh học,B05,18.50,,THPTQG,2020,,daniele15,
DTN,7440301,Khoa học môi trường,A07,15.00,,THPTQG,2020,,daniele15,
DTN,7440301,Khoa học môi trường,A09,15.00,,THPTQG,2020,,daniele15,
DTN,7440301,Khoa học môi trường,B00,15.00,,THPTQG,2020,,daniele15,
DTN,7440301,Khoa học môi trường,D01,15.00,,THPTQG,2020,,daniele15,
DTN,7540106,Đảm bảo chất lượng và an toàn thực phẩm,A00,15.00,,THPTQG,2020,,daniele15,
DTN,7540106,Đảm bảo chất lượng và an toàn thực phẩm,B00,15.00,,THPTQG,2020,,daniele15,
DTN,7540106,Đảm bảo chất lượng và an toàn thực phẩm,D01,15.00,,THPTQG,2020,,daniele15,
DTN,7540106,Đảm bảo chất lượng và an toàn thực phẩm,D07,15.00,,THPTQG,2020,,daniele15,
DTN,7549001,Công nghệ chế biến lâm sản,A00,19.00,,THPTQG,2020,,daniele15,
DTN,7549001,Công nghệ chế biến lâm sản,B00,19.00,,THPTQG,2020,,daniele15,
DTN,7549001,Công nghệ chế biến lâm sản,D01,19.00,,THPTQG,2020,,daniele15,
DTN,7549001,Công nghệ chế biến lâm sản,D07,19.00,,THPTQG,2020,,daniele15,
DTN,7620101,Nông nghiệp,A00,21.00,,THPTQG,2020,,daniele15,
DTN,7620101,Nông nghiệp,B00,21.00,,THPTQG,2020,,daniele15,
DTN,7620101,Nông nghiệp,D01,21.00,,THPTQG,2020,,daniele15,
DTN,7620101,Nông nghiệp,D07,21.00,,THPTQG,2020,,daniele15,
DTN,7620105,Chăn nuôi,A00,15.00,,THPTQG,2020,,daniele15,
DTN,7620105,Chăn nuôi,B00,15.00,,THPTQG,2020,,daniele15,
DTN,7620105,Chăn nuôi,C02,15.00,,THPTQG,2020,,daniele15,
DTN,7620105,Chăn nuôi,D01,15.00,,THPTQG,2020,,daniele15,
DTN,7620110,Khoa học cây trồng,A00,21.00,,THPTQG,2020,,daniele15,
DTN,7620110,Khoa học cây trồng,B00,21.00,,THPTQG,2020,,daniele15,
DTN,7620110,Khoa học cây trồng,B02,21.00,,THPTQG,2020,,daniele15,
DTN,7620110,Khoa học cây trồng,C02,21.00,,THPTQG,2020,,daniele15,
DTN,7620112,Bảo vệ thực vật,A00,15.00,,THPTQG,2020,,daniele15,
DTN,7620112,Bảo vệ thực vật,B00,15.00,,THPTQG,2020,,daniele15,
DTN,7620112,Bảo vệ thực vật,B02,15.00,,THPTQG,2020,,daniele15,
DTN,7620112,Bảo vệ thực vật,C02,15.00,,THPTQG,2020,,daniele15,
DTN,7620114,Kinh doanh nông nghiệp,A00,16.00,,THPTQG,2020,,daniele15,
DTN,7620114,Kinh doanh nông nghiệp,B00,16.00,,THPTQG,2020,,daniele15,
DTN,7620114,Kinh doanh nông nghiệp,C02,16.00,,THPTQG,2020,,daniele15,
DTN,7620205,Lâm sinh,A00,15.00,,THPTQG,2020,,daniele15,
DTN,7620205,Lâm sinh,B00,15.00,,THPTQG,2020,,daniele15,
DTN,7620205,Lâm sinh,B02,15.00,,THPTQG,2020,,daniele15,
DTN,7620205,Lâm sinh,C02,15.00,,THPTQG,2020,,daniele15,
DTN,7620211,Quản lý tài nguyên rừng,A01,15.00,,THPTQG,2020,,daniele15,
DTN,7620211,Quản lý tài nguyên rừng,A14,15.00,,THPTQG,2020,,daniele15,
DTN,7620211,Quản lý tài nguyên rừng,B00,15.00,,THPTQG,2020,,daniele15,
DTN,7620211,Quản lý tài nguyên rừng,B03,15.00,,THPTQG,2020,,daniele15,
DTN,7640101,Thú y,A00,15.00,,THPTQG,2020,,daniele15,
DTN,7640101,Thú y,B00,15.00,,THPTQG,2020,,daniele15,
DTN,7640101,Thú y,C02,15.00,,THPTQG,2020,,daniele15,
DTN,7640101,Thú y,D01,15.00,,THPTQG,2020,,daniele15,
DTN,7850101,Quản lý tài nguyên và môi trường,A01,15.00,,THPTQG,2020,Chuyên ngành DL sinh thái và QL Tài nguyên,daniele15,
DTN,7850101,Quản lý tài nguyên và môi trường,B00,15.00,,THPTQG,2020,Chuyên ngành DL sinh thái và QL Tài nguyên,daniele15,
DTN,7850101,Quản lý tài nguyên và môi trường,C00,15.00,,THPTQG,2020,Chuyên ngành DL sinh thái và QL Tài nguyên,daniele15,
DTN,7850101,Quản lý tài nguyên và môi trường,D14,15.00,,THPTQG,2020,Chuyên ngành DL sinh thái và QL Tài nguyên,daniele15,
DTN,7850103,Quản lý đất đai,A00,15.00,,THPTQG,2020,,daniele15,
DTN,7850103,Quản lý đất đai,B00,15.00,,THPTQG,2020,,daniele15,
DTN,7850103,Quản lý đất đai,D10,15.00,,THPTQG,2020,,daniele15,
DTN,7904492,Khoa học & Quản lý môi trường,A00,16.50,,THPTQG,2020,,daniele15,
DTN,7904492,Khoa học & Quản lý môi trường,A01,16.50,,THPTQG,2020,,daniele15,
DTN,7904492,Khoa học & Quản lý môi trường,B00,16.50,,THPTQG,2020,,daniele15,
DTN,7904492,Khoa học & Quản lý môi trường,D10,16.50,,THPTQG,2020,,daniele15,
DTN,7905419,Công nghệ thực phẩm,A00,16.50,,THPTQG,2020,CTTT,daniele15,
DTN,7905419,Công nghệ thực phẩm,B00,16.50,,THPTQG,2020,CTTT,daniele15,
DTN,7905419,Công nghệ thực phẩm,D01,16.50,,THPTQG,2020,CTTT,daniele15,
DTN,7905419,Công nghệ thực phẩm,D08,16.50,,THPTQG,2020,CTTT,daniele15,
DTN,7905419,Công nghệ thực phẩm,A00,19.00,,THPTQG,2020,,daniele15,
DTN,7905419,Công nghệ thực phẩm,B00,19.00,,THPTQG,2020,,daniele15,
DTN,7905419,Công nghệ thực phẩm,D01,19.00,,THPTQG,2020,,daniele15,
DTN,7905419,Công nghệ thực phẩm,D08,19.00,,THPTQG,2020,,daniele15,
DTN,7906425,Kinh tế,A00,15.00,,THPTQG,2020,,daniele15,
DTN,7906425,Kinh tế,A01,15.00,,THPTQG,2020,,daniele15,
DTN,7906425,Kinh tế,B00,15.00,,THPTQG,2020,,daniele15,
DTN,7906425,Kinh tế,D01,15.00,,THPTQG,2020,,daniele15,
DTN,7906425,Kinh tế,A00,17.00,,THPTQG,2020,CTTT,daniele15,
DTN,7906425,Kinh tế,A01,17.00,,THPTQG,2020,CTTT,daniele15,
DTN,7906425,Kinh tế,B00,17.00,,THPTQG,2020,CTTT,daniele15,
DTN,7906425,Kinh tế,D01,17.00,,THPTQG,2020,CTTT,daniele15,
DTQ,7340101,Quản trị kinh doanh,A00,16.10,,THPTQG,2020,,daniele15,
DTQ,7340101,Quản trị kinh doanh,A01,16.10,,THPTQG,2020,,daniele15,
DTQ,7340101,Quản trị kinh doanh,D01,16.10,,THPTQG,2020,,daniele15,
DTQ,7340101,Quản trị kinh doanh,D10,16.10,,THPTQG,2020,,daniele15,
DTQ,7340120,Kinh doanh quốc tế,A00,15.80,,THPTQG,2020,,daniele15,
DTQ,7340120,Kinh doanh quốc tế,A01,15.80,,THPTQG,2020,,daniele15,
DTQ,7340120,Kinh doanh quốc tế,D01,15.80,,THPTQG,2020,,daniele15,
DTQ,7340120,Kinh doanh quốc tế,D10,15.80,,THPTQG,2020,,daniele15,
DTQ,7340301,Kế toán,A00,15.45,,THPTQG,2020,,daniele15,
DTQ,7340301,Kế toán,A01,15.45,,THPTQG,2020,,daniele15,
DTQ,7340301,Kế toán,D01,15.45,,THPTQG,2020,,daniele15,
DTQ,7340301,Kế toán,D10,15.45,,THPTQG,2020,,daniele15,
DTQ,7850101,Quản lý tài nguyên và môi trường,B00,15.10,,THPTQG,2020,,daniele15,
DTQ,7850101,Quản lý tài nguyên và môi trường,D08,15.10,,THPTQG,2020,,daniele15,
DTQ,7850101,Quản lý tài nguyên và môi trường,D10,15.10,,THPTQG,2020,,daniele15,
DTQ,7850101,Quản lý tài nguyên và môi trường,D15,15.10,,THPTQG,2020,,daniele15,
DTS,7140101,Giáo dục học,C00,18.50,,THPTQG,2020,,daniele15,
DTS,7140101,Giáo dục học,C14,18.50,,THPTQG,2020,,daniele15,
DTS,7140101,Giáo dục học,C20,18.50,,THPTQG,2020,,daniele15,
DTS,7140114,Quản lý giáo dục,C00,18.50,,THPTQG,2020,,daniele15,
DTS,7140114,Quản lý giáo dục,C14,18.50,,THPTQG,2020,,daniele15,
DTS,7140114,Quản lý giáo dục,C20,18.50,,THPTQG,2020,,daniele15,
DTS,7140201,Giáo dục Mầm non,C14,25.00,,THPTQG,2020,,daniele15,
DTS,7140201,Giáo dục Mầm non,C19,25.00,,THPTQG,2020,,daniele15,
DTS,7140201,Giáo dục Mầm non,C20,25.00,,THPTQG,2020,,daniele15,
DTS,7140202,Giáo dục Tiểu học,D01,21.00,,THPTQG,2020,,daniele15,
DTS,7140205,Giáo dục Chính trị,C00,18.50,,THPTQG,2020,,daniele15,
DTS,7140205,Giáo dục Chính trị,C19,18.50,,THPTQG,2020,,daniele15,
DTS,7140205,Giáo dục Chính trị,C20,18.50,,THPTQG,2020,,daniele15,
DTS,7140206,Giáo dục Thể chất,C14,17.50,,THPTQG,2020,,daniele15,
DTS,7140206,Giáo dục Thể chất,C19,17.50,,THPTQG,2020,,daniele15,
DTS,7140206,Giáo dục Thể chất,C20,17.50,,THPTQG,2020,,daniele15,
DTS,7140209,Sư phạm Toán học,A00,19.00,,THPTQG,2020,,daniele15,
DTS,7140209,Sư phạm Toán học,A01,19.00,,THPTQG,2020,,daniele15,
DTS,7140209,Sư phạm Toán học,D01,19.00,,THPTQG,2020,,daniele15,
DTS,7140210,Sư phạm Tin học,A00,18.50,,THPTQG,2020,,daniele15,
DTS,7140210,Sư phạm Tin học,A01,18.50,,THPTQG,2020,,daniele15,
DTS,7140210,Sư phạm Tin học,D07,18.50,,THPTQG,2020,,daniele15,
DTS,7140211,Sư phạm Vật lý,A00,18.50,,THPTQG,2020,,daniele15,
DTS,7140211,Sư phạm Vật lý,A01,18.50,,THPTQG,2020,,daniele15,
DTS,7140212,Sư phạm Hóa học,A00,18.50,,THPTQG,2020,,daniele15,
DTS,7140212,Sư phạm Hóa học,D01,18.50,,THPTQG,2020,,daniele15,
DTS,7140212,Sư phạm Hóa học,D07,18.50,,THPTQG,2020,,daniele15,
DTS,7140213,Sư phạm Sinh học,B00,18.50,,THPTQG,2020,,daniele15,
DTS,7140213,Sư phạm Sinh học,B08,18.50,,THPTQG,2020,,daniele15,
DTS,7140217,Sư phạm Ngữ văn,C00,19.00,,THPTQG,2020,,daniele15,
DTS,7140217,Sư phạm Ngữ văn,D01,19.00,,THPTQG,2020,,daniele15,
DTS,7140217,Sư phạm Ngữ văn,D14,19.00,,THPTQG,2020,,daniele15,
DTS,7140218,Sư phạm Lịch sử,C00,18.50,,THPTQG,2020,,daniele15,
DTS,7140218,Sư phạm Lịch sử,C14,18.50,,THPTQG,2020,,daniele15,
DTS,7140218,Sư phạm Lịch sử,C19,18.50,,THPTQG,2020,,daniele15,
DTS,7140219,Sư phạm Địa lý,C00,18.50,,THPTQG,2020,,daniele15,
DTS,7140219,Sư phạm Địa lý,C04,18.50,,THPTQG,2020,,daniele15,
DTS,7140219,Sư phạm Địa lý,D10,18.50,,THPTQG,2020,,daniele15,
DTS,7140231,Sư phạm Tiếng Anh,D01,19.00,,THPTQG,2020,,daniele15,
DTS,7140231,Sư phạm Tiếng Anh,D09,19.00,,THPTQG,2020,,daniele15,
DTS,7140231,Sư phạm Tiếng Anh,D10,19.00,,THPTQG,2020,,daniele15,
DTS,7140247,Sư phạm khoa học tự nhiên,A00,18.50,,THPTQG,2020,,daniele15,
DTS,7140247,Sư phạm khoa học tự nhiên,B00,18.50,,THPTQG,2020,,daniele15,
DTS,7310403,Tâm lý học,C00,18.50,,THPTQG,2020,,daniele15,
DTS,7310403,Tâm lý học,C14,18.50,,THPTQG,2020,,daniele15,
DTS,7310403,Tâm lý học,C20,18.50,,THPTQG,2020,,daniele15,
DTT,7210402,Thiết kế công nghiệp,H00,24.50,,THPTQG,2020,"Vẽ HHMT,- H00, H02: Vẽ HHMT ≥ 6,0; Vẽ TTM ≥ 6,0- H01: Vẽ HHMT ≥ 6,0",daniele15,
DTT,7210402,Thiết kế công nghiệp,H01,24.50,,THPTQG,2020,"Vẽ HHMT,- H00, H02: Vẽ HHMT ≥ 6,0; Vẽ TTM ≥ 6,0- H01: Vẽ HHMT ≥ 6,0",daniele15,
DTT,7210402,Thiết kế công nghiệp,H02,24.50,,THPTQG,2020,"Vẽ HHMT,- H00, H02: Vẽ HHMT ≥ 6,0; Vẽ TTM ≥ 6,0- H01: Vẽ HHMT ≥ 6,0",daniele15,
DTT,7210403,Thiết kế đồ họa,H00,30.00,,THPTQG,2020,"Vẽ HHMT,- H00, H02: Vẽ HHMT ≥ 6,0; Vẽ TTM ≥ 6,0- H01: Vẽ HHMT ≥ 6,0",daniele15,
DTT,7210403,Thiết kế đồ họa,H01,30.00,,THPTQG,2020,"Vẽ HHMT,- H00, H02: Vẽ HHMT ≥ 6,0; Vẽ TTM ≥ 6,0- H01: Vẽ HHMT ≥ 6,0",daniele15,
DTT,7210403,Thiết kế đồ họa,H02,30.00,,THPTQG,2020,"Vẽ HHMT,- H00, H02: Vẽ HHMT ≥ 6,0; Vẽ TTM ≥ 6,0- H01: Vẽ HHMT ≥ 6,0",daniele15,
DTT,7210404,Thiết kế thời trang,H00,25.00,,THPTQG,2020,"Vẽ HHMT,- H00, H02: Vẽ HHMT ≥ 6,0; Vẽ TTM ≥ 6,0- H01: Vẽ HHMT ≥ 6,0",daniele15,
DTT,7210404,Thiết kế thời trang,H01,25.00,,THPTQG,2020,"Vẽ HHMT,- H00, H02: Vẽ HHMT ≥ 6,0; Vẽ TTM ≥ 6,0- H01: Vẽ HHMT ≥ 6,0",daniele15,
DTT,7210404,Thiết kế thời trang,H02,25.00,,THPTQG,2020,"Vẽ HHMT,- H00, H02: Vẽ HHMT ≥ 6,0; Vẽ TTM ≥ 6,0- H01: Vẽ HHMT ≥ 6,0",daniele15,
DTT,7220201,Ngôn ngữ Anh,D01,33.25,40,THPTQG,2020,Môn nhân hệ số 2: Anh | thang 40 (suy ra),daniele15,
DTT,7220201,Ngôn ngữ Anh,D11,33.25,40,THPTQG,2020,Môn nhân hệ số 2: Anh | thang 40 (suy ra),daniele15,
DTT,7220204,Ngôn ngữ Trung Quốc,D01,31.50,40,THPTQG,2020,"Môn nhân hệ số 2D01, D11: AnhD04, D55: Tiếng Trung Quốc | thang 40 (suy ra)",daniele15,
DTT,7220204,Ngôn ngữ Trung Quốc,D04,31.50,40,THPTQG,2020,"Môn nhân hệ số 2D01, D11: AnhD04, D55: Tiếng Trung Quốc | thang 40 (suy ra)",daniele15,
DTT,7220204,Ngôn ngữ Trung Quốc,D11,31.50,40,THPTQG,2020,"Môn nhân hệ số 2D01, D11: AnhD04, D55: Tiếng Trung Quốc | thang 40 (suy ra)",daniele15,
DTT,7220204,Ngôn ngữ Trung Quốc,D55,31.50,40,THPTQG,2020,"Môn nhân hệ số 2D01, D11: AnhD04, D55: Tiếng Trung Quốc | thang 40 (suy ra)",daniele15,
DTT,7310301,Xã hội học,A01,29.25,,THPTQG,2020,"A01, D01: AnhC00, C01: Văn",daniele15,
DTT,7310301,Xã hội học,C00,29.25,,THPTQG,2020,"A01, D01: AnhC00, C01: Văn",daniele15,
DTT,7310301,Xã hội học,C01,29.25,,THPTQG,2020,"A01, D01: AnhC00, C01: Văn",daniele15,
DTT,7310301,Xã hội học,D01,29.25,,THPTQG,2020,"A01, D01: AnhC00, C01: Văn",daniele15,
DTT,7310630,Việt Nam học,A01,31.75,40,THPTQG,2020,"Chuyên ngành: Du lịch và lữ hànhMôn nhân hệ số 2A01, D01: AnhC00, C01: Văn | thang 40 (suy ra)",daniele15,
DTT,7310630,Việt Nam học,C00,31.75,40,THPTQG,2020,"Chuyên ngành: Du lịch và lữ hànhMôn nhân hệ số 2A01, D01: AnhC00, C01: Văn | thang 40 (suy ra)",daniele15,
DTT,7310630,Việt Nam học,C01,31.75,40,THPTQG,2020,"Chuyên ngành: Du lịch và lữ hànhMôn nhân hệ số 2A01, D01: AnhC00, C01: Văn | thang 40 (suy ra)",daniele15,
DTT,7310630,Việt Nam học,D01,31.75,40,THPTQG,2020,"Chuyên ngành: Du lịch và lữ hànhMôn nhân hệ số 2A01, D01: AnhC00, C01: Văn | thang 40 (suy ra)",daniele15,
DTT,7310630Q,Việt Nam học,A00,32.75,40,THPTQG,2020,"Chuyên ngành: Du lịch và quản lý du lịchMôn nhân hệ số 2A01, D01: AnhC00, C01: Văn | thang 40 (suy ra)",daniele15,
DTT,7310630Q,Việt Nam học,C00,32.75,40,THPTQG,2020,"Chuyên ngành: Du lịch và quản lý du lịchMôn nhân hệ số 2A01, D01: AnhC00, C01: Văn | thang 40 (suy ra)",daniele15,
DTT,7310630Q,Việt Nam học,C01,32.75,40,THPTQG,2020,"Chuyên ngành: Du lịch và quản lý du lịchMôn nhân hệ số 2A01, D01: AnhC00, C01: Văn | thang 40 (suy ra)",daniele15,
DTT,7310630Q,Việt Nam học,D01,32.75,40,THPTQG,2020,"Chuyên ngành: Du lịch và quản lý du lịchMôn nhân hệ số 2A01, D01: AnhC00, C01: Văn | thang 40 (suy ra)",daniele15,
DTT,7340101,Quản trị kinh doanh,A00,34.25,40,THPTQG,2020,"Chuyên ngành: Quản trị nguồn nhân lựcMôn nhân hệ số 2A00: ToánA01, D01: Anh | thang 40 (suy ra)",daniele15,
DTT,7340101,Quản trị kinh doanh,A01,34.25,40,THPTQG,2020,"Chuyên ngành: Quản trị nguồn nhân lựcMôn nhân hệ số 2A00: ToánA01, D01: Anh | thang 40 (suy ra)",daniele15,
DTT,7340101,Quản trị kinh doanh,D01,34.25,40,THPTQG,2020,"Chuyên ngành: Quản trị nguồn nhân lựcMôn nhân hệ số 2A00: ToánA01, D01: Anh | thang 40 (suy ra)",daniele15,
DTT,7340101N,Quản trị kinh doanh,A00,34.25,40,THPTQG,2020,"Chuyên ngành: Quản trị nhà hàng - khách sạnMôn nhân hệ số 2A00: ToánA01, D01: Anh | thang 40 (suy ra)",daniele15,
DTT,7340101N,Quản trị kinh doanh,A01,34.25,40,THPTQG,2020,"Chuyên ngành: Quản trị nhà hàng - khách sạnMôn nhân hệ số 2A00: ToánA01, D01: Anh | thang 40 (suy ra)",daniele15,
DTT,7340101N,Quản trị kinh doanh,D01,34.25,40,THPTQG,2020,"Chuyên ngành: Quản trị nhà hàng - khách sạnMôn nhân hệ số 2A00: ToánA01, D01: Anh | thang 40 (suy ra)",daniele15,
DTT,7340115,Marketing,A00,35.25,40,THPTQG,2020,"Môn nhân hệ số 2A00: ToánA01, D01: Anh | thang 40 (suy ra)",daniele15,
DTT,7340115,Marketing,A01,35.25,40,THPTQG,2020,"Môn nhân hệ số 2A00: ToánA01, D01: Anh | thang 40 (suy ra)",daniele15,
DTT,7340115,Marketing,D01,35.25,40,THPTQG,2020,"Môn nhân hệ số 2A00: ToánA01, D01: Anh | thang 40 (suy ra)",daniele15,
DTT,7340120,Kinh doanh quốc tế,A00,35.25,40,THPTQG,2020,"Môn nhân hệ số 2A00: ToánA01, D01: Anh | thang 40 (suy ra)",daniele15,
DTT,7340120,Kinh doanh quốc tế,A01,35.25,40,THPTQG,2020,"Môn nhân hệ số 2A00: ToánA01, D01: Anh | thang 40 (suy ra)",daniele15,
DTT,7340120,Kinh doanh quốc tế,D01,35.25,40,THPTQG,2020,"Môn nhân hệ số 2A00: ToánA01, D01: Anh | thang 40 (suy ra)",daniele15,
DTT,7340201,Tài chính - Ngân hàng,A00,33.50,40,THPTQG,2020,"Môn nhân hệ số 2A00: ToánA01, D01, D07: Anh | thang 40 (suy ra)",daniele15,
DTT,7340201,Tài chính - Ngân hàng,A01,33.50,40,THPTQG,2020,"Môn nhân hệ số 2A00: ToánA01, D01, D07: Anh | thang 40 (suy ra)",daniele15,
DTT,7340201,Tài chính - Ngân hàng,D01,33.50,40,THPTQG,2020,"Môn nhân hệ số 2A00: ToánA01, D01, D07: Anh | thang 40 (suy ra)",daniele15,
DTT,7340201,Tài chính - Ngân hàng,D07,33.50,40,THPTQG,2020,"Môn nhân hệ số 2A00: ToánA01, D01, D07: Anh | thang 40 (suy ra)",daniele15,
DTT,7340301,Kế toán,A00,33.50,40,THPTQG,2020,"Môn nhân hệ số 2A00, C01: ToánA01, D01: Anh | thang 40 (suy ra)",daniele15,
DTT,7340301,Kế toán,A01,33.50,40,THPTQG,2020,"Môn nhân hệ số 2A00, C01: ToánA01, D01: Anh | thang 40 (suy ra)",daniele15,
DTT,7340301,Kế toán,C01,33.50,40,THPTQG,2020,"Môn nhân hệ số 2A00, C01: ToánA01, D01: Anh | thang 40 (suy ra)",daniele15,
DTT,7340301,Kế toán,D01,33.50,40,THPTQG,2020,"Môn nhân hệ số 2A00, C01: ToánA01, D01: Anh | thang 40 (suy ra)",daniele15,
DTT,7340408,Quan hệ lao động,A00,29.00,,THPTQG,2020,"Chuyên ngành Quản lý Quan hệ lao động, Chuyên ngành Hành vi tổ chứcMôn nhân hệ số 2A00, C01: ToánA01, D01: Anh",daniele15,
DTT,7340408,Quan hệ lao động,A01,29.00,,THPTQG,2020,"Chuyên ngành Quản lý Quan hệ lao động, Chuyên ngành Hành vi tổ chứcMôn nhân hệ số 2A00, C01: ToánA01, D01: Anh",daniele15,
DTT,7340408,Quan hệ lao động,C01,29.00,,THPTQG,2020,"Chuyên ngành Quản lý Quan hệ lao động, Chuyên ngành Hành vi tổ chứcMôn nhân hệ số 2A00, C01: ToánA01, D01: Anh",daniele15,
DTT,7340408,Quan hệ lao động,D01,29.00,,THPTQG,2020,"Chuyên ngành Quản lý Quan hệ lao động, Chuyên ngành Hành vi tổ chứcMôn nhân hệ số 2A00, C01: ToánA01, D01: Anh",daniele15,
DTT,7380101,Luật,A00,33.25,40,THPTQG,2020,"Môn nhân hệ số 2A00, A01: ToánC00, D01: Văn | thang 40 (suy ra)",daniele15,
DTT,7380101,Luật,A01,33.25,40,THPTQG,2020,"Môn nhân hệ số 2A00, A01: ToánC00, D01: Văn | thang 40 (suy ra)",daniele15,
DTT,7380101,Luật,C00,33.25,40,THPTQG,2020,"Môn nhân hệ số 2A00, A01: ToánC00, D01: Văn | thang 40 (suy ra)",daniele15,
DTT,7380101,Luật,D01,33.25,40,THPTQG,2020,"Môn nhân hệ số 2A00, A01: ToánC00, D01: Văn | thang 40 (suy ra)",daniele15,
DTT,7420201,Công nghệ sinh học,A00,27.00,,THPTQG,2020,"Môn nhân hệ số 2A00: HóaB00, D08: Sinh",daniele15,
DTT,7420201,Công nghệ sinh học,B00,27.00,,THPTQG,2020,"Môn nhân hệ số 2A00: HóaB00, D08: Sinh",daniele15,
DTT,7420201,Công nghệ sinh học,D08,27.00,,THPTQG,2020,"Môn nhân hệ số 2A00: HóaB00, D08: Sinh",daniele15,
DTT,7440301,Khoa học môi trường,A00,24.00,,THPTQG,2020,"Chuyên ngành Công nghệ môi trường, Quản lý tài nguyên thiên nhiênMôn nhân hệ số 2: Toán",daniele15,
DTT,7440301,Khoa học môi trường,B00,24.00,,THPTQG,2020,"Chuyên ngành Công nghệ môi trường, Quản lý tài nguyên thiên nhiênMôn nhân hệ số 2: Toán",daniele15,
DTT,7440301,Khoa học môi trường,D07,24.00,,THPTQG,2020,"Chuyên ngành Công nghệ môi trường, Quản lý tài nguyên thiên nhiênMôn nhân hệ số 2: Toán",daniele15,
DTT,7460112,Toán ứng dụng,A00,24.00,,THPTQG,2020,"Môn nhân hệ số 2: Toán ≥ 5,0",daniele15,
DTT,7460112,Toán ứng dụng,A01,24.00,,THPTQG,2020,"Môn nhân hệ số 2: Toán ≥ 5,0",daniele15,
DTT,7460201,Thống kê,A00,24.00,,THPTQG,2020,"Môn nhân hệ số 2: Toán ≥ 5,0",daniele15,
DTT,7460201,Thống kê,A01,24.00,,THPTQG,2020,"Môn nhân hệ số 2: Toán ≥ 5,0",daniele15,
DTT,7480101,Khoa học máy tính,A00,33.75,40,THPTQG,2020,Môn nhân hệ số 2: Toán | thang 40 (suy ra),daniele15,
DTT,7480101,Khoa học máy tính,A01,33.75,40,THPTQG,2020,Môn nhân hệ số 2: Toán | thang 40 (suy ra),daniele15,
DTT,7480101,Khoa học máy tính,D01,33.75,40,THPTQG,2020,Môn nhân hệ số 2: Toán | thang 40 (suy ra),daniele15,
DTT,7480102,Mạng máy tính và Truyền thông dữ liệu,A00,33.00,40,THPTQG,2020,Môn nhân hệ số 2: Toán | thang 40 (suy ra),daniele15,
DTT,7480102,Mạng máy tính và Truyền thông dữ liệu,A01,33.00,40,THPTQG,2020,Môn nhân hệ số 2: Toán | thang 40 (suy ra),daniele15,
DTT,7480102,Mạng máy tính và Truyền thông dữ liệu,D01,33.00,40,THPTQG,2020,Môn nhân hệ số 2: Toán | thang 40 (suy ra),daniele15,
DTT,7480103,Kỹ thuật phần mềm,A00,34.50,40,THPTQG,2020,Môn nhân hệ số 2: Toán | thang 40 (suy ra),daniele15,
DTT,7480103,Kỹ thuật phần mềm,A01,34.50,40,THPTQG,2020,Môn nhân hệ số 2: Toán | thang 40 (suy ra),daniele15,
DTT,7480103,Kỹ thuật phần mềm,D01,34.50,40,THPTQG,2020,Môn nhân hệ số 2: Toán | thang 40 (suy ra),daniele15,
DTT,7510406,Công nghệ kỹ thuật môi trường,A00,24.00,,THPTQG,2020,Chuyên ngành Cấp thoát nước và môi trường nướcMôn nhân hệ số 2: Toán,daniele15,
DTT,7510406,Công nghệ kỹ thuật môi trường,B00,24.00,,THPTQG,2020,Chuyên ngành Cấp thoát nước và môi trường nướcMôn nhân hệ số 2: Toán,daniele15,
DTT,7510406,Công nghệ kỹ thuật môi trường,D07,24.00,,THPTQG,2020,Chuyên ngành Cấp thoát nước và môi trường nướcMôn nhân hệ số 2: Toán,daniele15,
DTT,7520114,Kỹ thuật cơ điện tử,A00,28.75,,THPTQG,2020,Môn nhân hệ số 2: Toán,daniele15,
DTT,7520114,Kỹ thuật cơ điện tử,A01,28.75,,THPTQG,2020,Môn nhân hệ số 2: Toán,daniele15,
DTT,7520114,Kỹ thuật cơ điện tử,C00,28.75,,THPTQG,2020,Môn nhân hệ số 2: Toán,daniele15,
DTT,7520201,Kỹ thuật điện,A00,28.00,,THPTQG,2020,Môn nhân hệ số 2: Toán,daniele15,
DTT,7520201,Kỹ thuật điện,A01,28.00,,THPTQG,2020,Môn nhân hệ số 2: Toán,daniele15,
DTT,7520201,Kỹ thuật điện,C01,28.00,,THPTQG,2020,Môn nhân hệ số 2: Toán,daniele15,
DTT,7520207,Kỹ thuật điện tử - viễn thông,A00,28.00,,THPTQG,2020,Môn nhân hệ số 2: Toán,daniele15,
DTT,7520207,Kỹ thuật điện tử - viễn thông,A01,28.00,,THPTQG,2020,Môn nhân hệ số 2: Toán,daniele15,
DTT,7520207,Kỹ thuật điện tử - viễn thông,C01,28.00,,THPTQG,2020,Môn nhân hệ số 2: Toán,daniele15,
DTT,7520216,Kỹ thuật điều khiển và tự động hoá,A00,31.25,40,THPTQG,2020,Môn nhân hệ số 2: Toán | thang 40 (suy ra),daniele15,
DTT,7520216,Kỹ thuật điều khiển và tự động hoá,A01,31.25,40,THPTQG,2020,Môn nhân hệ số 2: Toán | thang 40 (suy ra),daniele15,
DTT,7520216,Kỹ thuật điều khiển và tự động hoá,C01,31.25,40,THPTQG,2020,Môn nhân hệ số 2: Toán | thang 40 (suy ra),daniele15,
DTT,7520301,Kỹ thuật hoá học,A00,28.00,,THPTQG,2020,Môn nhân hệ số 2: Hóa,daniele15,
DTT,7520301,Kỹ thuật hoá học,B00,28.00,,THPTQG,2020,Môn nhân hệ số 2: Hóa,daniele15,
DTT,7520301,Kỹ thuật hoá học,D07,28.00,,THPTQG,2020,Môn nhân hệ số 2: Hóa,daniele15,
DTT,7580101,Kiến trúc,V00,25.50,,THPTQG,2020,"Vẽ HHMT,Vẽ HHMT ≥ 6,0",daniele15,
DTT,7580101,Kiến trúc,V01,25.50,,THPTQG,2020,"Vẽ HHMT,Vẽ HHMT ≥ 6,0",daniele15,
DTT,7580105,Quy hoạch vùng và đô thị,A00,24.00,,THPTQG,2020,"A00, A01: ToánV00, V01: Vẽ HHMT",daniele15,
DTT,7580105,Quy hoạch vùng và đô thị,A01,24.00,,THPTQG,2020,"A00, A01: ToánV00, V01: Vẽ HHMT",daniele15,
DTT,7580105,Quy hoạch vùng và đô thị,V00,24.00,,THPTQG,2020,"A00, A01: ToánV00, V01: Vẽ HHMT",daniele15,
DTT,7580105,Quy hoạch vùng và đô thị,V01,24.00,,THPTQG,2020,"A00, A01: ToánV00, V01: Vẽ HHMT",daniele15,
DTT,7580108,Thiết kế nội thất,H00,27.00,,THPTQG,2020,"Vẽ HHMT,- H02: Vẽ HHMT ≥ 6,0, Vẽ TTM ≥ 6,0- V00, V01: Vẽ HHMT ≥ 6,0",daniele15,
DTT,7580108,Thiết kế nội thất,H01,27.00,,THPTQG,2020,"Vẽ HHMT,- H02: Vẽ HHMT ≥ 6,0, Vẽ TTM ≥ 6,0- V00, V01: Vẽ HHMT ≥ 6,0",daniele15,
DTT,7580108,Thiết kế nội thất,H02,27.00,,THPTQG,2020,"Vẽ HHMT,- H02: Vẽ HHMT ≥ 6,0, Vẽ TTM ≥ 6,0- V00, V01: Vẽ HHMT ≥ 6,0",daniele15,
DTT,7580201,Kỹ thuật xây dựng,A00,27.75,,THPTQG,2020,Môn nhân hệ số 2: Toán,daniele15,
DTT,7580201,Kỹ thuật xây dựng,A01,27.75,,THPTQG,2020,Môn nhân hệ số 2: Toán,daniele15,
DTT,7580201,Kỹ thuật xây dựng,C01,27.75,,THPTQG,2020,Môn nhân hệ số 2: Toán,daniele15,
DTT,7580205,Kỹ thuật xây dựng,A00,24.00,,THPTQG,2020,Môn nhân hệ số 2: Toán(công trình giao thông),daniele15,
DTT,7580205,Kỹ thuật xây dựng,A01,24.00,,THPTQG,2020,Môn nhân hệ số 2: Toán(công trình giao thông),daniele15,
DTT,7580205,Kỹ thuật xây dựng,D01,24.00,,THPTQG,2020,Môn nhân hệ số 2: Toán(công trình giao thông),daniele15,
DTT,7720201,Dược học,A00,33.00,40,THPTQG,2020,Môn nhân hệ số 2: Hóa | thang 40 (suy ra),daniele15,
DTT,7720201,Dược học,B00,33.00,40,THPTQG,2020,Môn nhân hệ số 2: Hóa | thang 40 (suy ra),daniele15,
DTT,7720201,Dược học,D07,33.00,40,THPTQG,2020,Môn nhân hệ số 2: Hóa | thang 40 (suy ra),daniele15,
DTT,7760101,Công tác xã hội,A01,24.00,,THPTQG,2020,"A01, D01: AnhC00, C01: Văn",daniele15,
DTT,7760101,Công tác xã hội,C00,24.00,,THPTQG,2020,"A01, D01: AnhC00, C01: Văn",daniele15,
DTT,7760101,Công tác xã hội,C01,24.00,,THPTQG,2020,"A01, D01: AnhC00, C01: Văn",daniele15,
DTT,7760101,Công tác xã hội,D01,24.00,,THPTQG,2020,"A01, D01: AnhC00, C01: Văn",daniele15,
DTT,7810301,Quản lý thể dục thể thao,A01,29.75,,THPTQG,2020,"Chuyên ngành kinh doanh thể thao và tổ chức sự kiệnMôn nhân hệ số 2A01, D01: AnhT00, T01: Năng khiếu TDTT, Năng khiếu TDTT ≥ 6,0",daniele15,
DTT,7810301,Quản lý thể dục thể thao,D01,29.75,,THPTQG,2020,"Chuyên ngành kinh doanh thể thao và tổ chức sự kiệnMôn nhân hệ số 2A01, D01: AnhT00, T01: Năng khiếu TDTT, Năng khiếu TDTT ≥ 6,0",daniele15,
DTT,7810301,Quản lý thể dục thể thao,T00,29.75,,THPTQG,2020,"Chuyên ngành kinh doanh thể thao và tổ chức sự kiệnMôn nhân hệ số 2A01, D01: AnhT00, T01: Năng khiếu TDTT, Năng khiếu TDTT ≥ 6,0",daniele15,
DTT,7810301,Quản lý thể dục thể thao,T01,29.75,,THPTQG,2020,"Chuyên ngành kinh doanh thể thao và tổ chức sự kiệnMôn nhân hệ số 2A01, D01: AnhT00, T01: Năng khiếu TDTT, Năng khiếu TDTT ≥ 6,0",daniele15,
DTT,7810302,Golf,A01,23.00,,THPTQG,2020,"A01, D01: AnhT00, T01: Năng khiếu TDTT, Năng khiếu TDTT ≥ 6,0",daniele15,
DTT,7810302,Golf,D01,23.00,,THPTQG,2020,"A01, D01: AnhT00, T01: Năng khiếu TDTT, Năng khiếu TDTT ≥ 6,0",daniele15,
DTT,7810302,Golf,T00,23.00,,THPTQG,2020,"A01, D01: AnhT00, T01: Năng khiếu TDTT, Năng khiếu TDTT ≥ 6,0",daniele15,
DTT,7810302,Golf,T01,23.00,,THPTQG,2020,"A01, D01: AnhT00, T01: Năng khiếu TDTT, Năng khiếu TDTT ≥ 6,0",daniele15,
DTT,7850201,Bảo hộ lao động,A00,24.00,,THPTQG,2020,Môn nhân hệ số 2: Toán,daniele15,
DTT,7850201,Bảo hộ lao động,B00,24.00,,THPTQG,2020,Môn nhân hệ số 2: Toán,daniele15,
DTT,7850201,Bảo hộ lao động,D07,24.00,,THPTQG,2020,Môn nhân hệ số 2: Toán,daniele15,
DTY,7720101LT,Y khoa,B00,26.40,,THPTQG,2020,,daniele15,
DTY,7720110,Y học dự phòng,B00,20.90,,THPTQG,2020,,daniele15,
DTY,7720110,Y học dự phòng,D08,20.90,,THPTQG,2020,,daniele15,
DTY,7720201LT,Dược học,A00,24.85,,THPTQG,2020,,daniele15,
DTY,7720201LT,Dược học,B00,24.85,,THPTQG,2020,,daniele15,
DTY,7720301,Điều dưỡng,B00,21.00,,THPTQG,2020,,daniele15,
DTY,7720501,Răng - Hàm - Mặt,B00,26.25,,THPTQG,2020,,daniele15,
DTY,7720601,Kỹ thuật xét nghiệm y học,B00,24.25,,THPTQG,2020,,daniele15,
DTZ,7220201,Ngôn ngữ Anh,D01,15.00,,THPTQG,2020,,daniele15,
DTZ,7220201,Ngôn ngữ Anh,D14,15.00,,THPTQG,2020,,daniele15,
DTZ,7220201,Ngôn ngữ Anh,D15,15.00,,THPTQG,2020,,daniele15,
DTZ,7220201,Ngôn ngữ Anh,D66,15.00,,THPTQG,2020,,daniele15,
DTZ,7229010,Lịch sử,C00,15.00,,THPTQG,2020,,daniele15,
DTZ,7229010,Lịch sử,C14,15.00,,THPTQG,2020,,daniele15,
DTZ,7229010,Lịch sử,D01,15.00,,THPTQG,2020,,daniele15,
DTZ,7229010,Lịch sử,D84,15.00,,THPTQG,2020,,daniele15,
DTZ,7229030,Văn học,C00,15.00,,THPTQG,2020,,daniele15,
DTZ,7229030,Văn học,C14,15.00,,THPTQG,2020,,daniele15,
DTZ,7229030,Văn học,D01,15.00,,THPTQG,2020,,daniele15,
DTZ,7229030,Văn học,D84,15.00,,THPTQG,2020,,daniele15,
DTZ,7310630,Việt Nam học,C00,15.00,,THPTQG,2020,,daniele15,
DTZ,7310630,Việt Nam học,C14,15.00,,THPTQG,2020,,daniele15,
DTZ,7310630,Việt Nam học,D01,15.00,,THPTQG,2020,,daniele15,
DTZ,7310630,Việt Nam học,D84,15.00,,THPTQG,2020,,daniele15,
DTZ,7320101,Báo chí,C00,15.00,,THPTQG,2020,,daniele15,
DTZ,7320101,Báo chí,C14,15.00,,THPTQG,2020,,daniele15,
DTZ,7320101,Báo chí,D01,15.00,,THPTQG,2020,,daniele15,
DTZ,7320101,Báo chí,D84,15.00,,THPTQG,2020,,daniele15,
DTZ,7320201,Thông tin - thư viện,C00,15.00,,THPTQG,2020,,daniele15,
DTZ,7320201,Thông tin - thư viện,C14,15.00,,THPTQG,2020,,daniele15,
DTZ,7320201,Thông tin - thư viện,D01,15.00,,THPTQG,2020,,daniele15,
DTZ,7320201,Thông tin - thư viện,D84,15.00,,THPTQG,2020,,daniele15,
DTZ,7340401,Khoa học quản lý,C00,15.00,,THPTQG,2020,,daniele15,
DTZ,7340401,Khoa học quản lý,C14,15.00,,THPTQG,2020,,daniele15,
DTZ,7340401,Khoa học quản lý,D01,15.00,,THPTQG,2020,,daniele15,
DTZ,7340401,Khoa học quản lý,D84,15.00,,THPTQG,2020,,daniele15,
DTZ,7380101,Luật,C00,15.00,,THPTQG,2020,,daniele15,
DTZ,7380101,Luật,C14,15.00,,THPTQG,2020,,daniele15,
DTZ,7380101,Luật,D01,15.00,,THPTQG,2020,,daniele15,
DTZ,7380101,Luật,D84,15.00,,THPTQG,2020,,daniele15,
DTZ,7380101_CLC,Dịch vụ pháp luật,C00,16.50,,THPTQG,2020,,daniele15,
DTZ,7380101_CLC,Dịch vụ pháp luật,C14,16.50,,THPTQG,2020,,daniele15,
DTZ,7380101_CLC,Dịch vụ pháp luật,D01,16.50,,THPTQG,2020,,daniele15,
DTZ,7380101_CLC,Dịch vụ pháp luật,D84,16.50,,THPTQG,2020,,daniele15,
DTZ,7420201,Công nghệ sinh học,A00,17.00,,THPTQG,2020,,daniele15,
DTZ,7420201,Công nghệ sinh học,B00,17.00,,THPTQG,2020,,daniele15,
DTZ,7420201,Công nghệ sinh học,B04,17.00,,THPTQG,2020,,daniele15,
DTZ,7420201,Công nghệ sinh học,D08,17.00,,THPTQG,2020,,daniele15,
DTZ,7420201_CLC,Kỹ thuật xét nghiệm y học,B00,18.50,,THPTQG,2020,Kỹ thuật xét nghiệm Y - sinh,daniele15,
DTZ,7420201_CLC,Kỹ thuật xét nghiệm y học,D07,18.50,,THPTQG,2020,Kỹ thuật xét nghiệm Y - sinh,daniele15,
DTZ,7420201_CLC,Kỹ thuật xét nghiệm y học,D08,18.50,,THPTQG,2020,Kỹ thuật xét nghiệm Y - sinh,daniele15,
DTZ,7440217,Địa lý tự nhiên,C00,15.00,,THPTQG,2020,,daniele15,
DTZ,7440217,Địa lý tự nhiên,C04,15.00,,THPTQG,2020,,daniele15,
DTZ,7440217,Địa lý tự nhiên,C20,15.00,,THPTQG,2020,,daniele15,
DTZ,7440217,Địa lý tự nhiên,D01,15.00,,THPTQG,2020,,daniele15,
DTZ,7440301,Khoa học môi trường,A00,15.00,,THPTQG,2020,,daniele15,
DTZ,7440301,Khoa học môi trường,B00,15.00,,THPTQG,2020,,daniele15,
DTZ,7440301,Khoa học môi trường,C14,15.00,,THPTQG,2020,,daniele15,
DTZ,7440301,Khoa học môi trường,D01,15.00,,THPTQG,2020,,daniele15,
DTZ,7460117,Khối ngành Toán - Tin học,A00,15.00,,THPTQG,2020,,daniele15,
DTZ,7460117,Khối ngành Toán - Tin học,C14,15.00,,THPTQG,2020,,daniele15,
DTZ,7460117,Khối ngành Toán - Tin học,D01,15.00,,THPTQG,2020,,daniele15,
DTZ,7460117,Khối ngành Toán - Tin học,D84,15.00,,THPTQG,2020,,daniele15,
DTZ,7510401,Công nghệ kỹ thuật hoá học,A11,15.00,,THPTQG,2020,,daniele15,
DTZ,7510401,Công nghệ kỹ thuật hoá học,B00,15.00,,THPTQG,2020,,daniele15,
DTZ,7510401,Công nghệ kỹ thuật hoá học,C17,15.00,,THPTQG,2020,,daniele15,
DTZ,7510401,Công nghệ kỹ thuật hoá học,D01,15.00,,THPTQG,2020,,daniele15,
DTZ,7720203,Hoá dược,A11,15.00,,THPTQG,2020,,daniele15,
DTZ,7720203,Hoá dược,B00,15.00,,THPTQG,2020,,daniele15,
DTZ,7720203,Hoá dược,C17,15.00,,THPTQG,2020,,daniele15,
DTZ,7720203,Hoá dược,D01,15.00,,THPTQG,2020,,daniele15,
DTZ,7760101,Công tác xã hội,C00,15.00,,THPTQG,2020,,daniele15,
DTZ,7760101,Công tác xã hội,C14,15.00,,THPTQG,2020,,daniele15,
DTZ,7760101,Công tác xã hội,D01,15.00,,THPTQG,2020,,daniele15,
DTZ,7760101,Công tác xã hội,D84,15.00,,THPTQG,2020,,daniele15,
DTZ,7810101,Du lịch,C00,15.00,,THPTQG,2020,,daniele15,
DTZ,7810101,Du lịch,C04,15.00,,THPTQG,2020,,daniele15,
DTZ,7810101,Du lịch,C14,15.00,,THPTQG,2020,,daniele15,
DTZ,7810101,Du lịch,D01,15.00,,THPTQG,2020,,daniele15,
DTZ,7810103,Quản trị dịch vụ du lịch và lữ hành,C00,15.00,,THPTQG,2020,,daniele15,
DTZ,7810103,Quản trị dịch vụ du lịch và lữ hành,C04,15.00,,THPTQG,2020,,daniele15,
DTZ,7810103,Quản trị dịch vụ du lịch và lữ hành,C14,15.00,,THPTQG,2020,,daniele15,
DTZ,7810103,Quản trị dịch vụ du lịch và lữ hành,D01,15.00,,THPTQG,2020,,daniele15,
DTZ,7810103_CLC,Quản trị Khách sạn và Khu nghỉ dưỡng (Resort & Spa),C00,16.50,,THPTQG,2020,Quản trị khách sạn và Resort,daniele15,
DTZ,7810103_CLC,Quản trị Khách sạn và Khu nghỉ dưỡng (Resort & Spa),C20,16.50,,THPTQG,2020,Quản trị khách sạn và Resort,daniele15,
DTZ,7810103_CLC,Quản trị Khách sạn và Khu nghỉ dưỡng (Resort & Spa),D01,16.50,,THPTQG,2020,Quản trị khách sạn và Resort,daniele15,
DTZ,7810103_CLC,Quản trị Khách sạn và Khu nghỉ dưỡng (Resort & Spa),D66,16.50,,THPTQG,2020,Quản trị khách sạn và Resort,daniele15,
DTZ,7850101,Quản lý tài nguyên và môi trường,A00,15.00,,THPTQG,2020,,daniele15,
DTZ,7850101,Quản lý tài nguyên và môi trường,B00,15.00,,THPTQG,2020,,daniele15,
DTZ,7850101,Quản lý tài nguyên và môi trường,C14,15.00,,THPTQG,2020,,daniele15,
DTZ,7850101,Quản lý tài nguyên và môi trường,D01,15.00,,THPTQG,2020,,daniele15,
DVB,7220201,Ngôn ngữ Anh,A01,15.00,,THPTQG,2020,,daniele15,
DVB,7220201,Ngôn ngữ Anh,D01,15.00,,THPTQG,2020,,daniele15,
DVB,7220201,Ngôn ngữ Anh,D10,15.00,,THPTQG,2020,,daniele15,
DVB,7220201,Ngôn ngữ Anh,D14,15.00,,THPTQG,2020,,daniele15,
DVB,7220210,Ngôn ngữ Hàn Quốc,A01,15.00,,THPTQG,2020,,daniele15,
DVB,7220210,Ngôn ngữ Hàn Quốc,C00,15.00,,THPTQG,2020,,daniele15,
DVB,7220210,Ngôn ngữ Hàn Quốc,D01,15.00,,THPTQG,2020,,daniele15,
DVB,7220210,Ngôn ngữ Hàn Quốc,D15,15.00,,THPTQG,2020,,daniele15,
DVB,7340101,Quản trị kinh doanh,A00,15.00,,THPTQG,2020,,daniele15,
DVB,7340101,Quản trị kinh doanh,A01,15.00,,THPTQG,2020,,daniele15,
DVB,7340101,Quản trị kinh doanh,D01,15.00,,THPTQG,2020,,daniele15,
DVB,7340301,Kế toán,A00,15.00,,THPTQG,2020,,daniele15,
DVB,7340301,Kế toán,A01,15.00,,THPTQG,2020,,daniele15,
DVB,7340301,Kế toán,D01,15.00,,THPTQG,2020,,daniele15,
DVB,7380101,Luật,A01,15.00,,THPTQG,2020,Luật học,daniele15,
DVB,7380101,Luật,D01,15.00,,THPTQG,2020,Luật học,daniele15,
DVB,7380101,Luật,D10,15.00,,THPTQG,2020,Luật học,daniele15,
DVB,7380101,Luật,D14,15.00,,THPTQG,2020,Luật học,daniele15,
DVB,7480102,Mạng máy tính và Truyền thông dữ liệu,A00,15.00,,THPTQG,2020,,daniele15,
DVB,7480102,Mạng máy tính và Truyền thông dữ liệu,A01,15.00,,THPTQG,2020,,daniele15,
DVB,7480102,Mạng máy tính và Truyền thông dữ liệu,D01,15.00,,THPTQG,2020,,daniele15,
DVB,7480201,Công nghệ thông tin,A00,15.00,,THPTQG,2020,,daniele15,
DVB,7480201,Công nghệ thông tin,A01,15.00,,THPTQG,2020,,daniele15,
DVB,7480201,Công nghệ thông tin,D01,15.00,,THPTQG,2020,,daniele15,
DVB,7520103,Kỹ thuật cơ khí,A00,15.00,,THPTQG,2020,,daniele15,
DVB,7520103,Kỹ thuật cơ khí,A01,15.00,,THPTQG,2020,,daniele15,
DVB,7520103,Kỹ thuật cơ khí,D01,15.00,,THPTQG,2020,,daniele15,
DVB,7520201,Kỹ thuật điện,A00,15.00,,THPTQG,2020,,daniele15,
DVB,7520201,Kỹ thuật điện,A01,15.00,,THPTQG,2020,,daniele15,
DVB,7520201,Kỹ thuật điện,D01,15.00,,THPTQG,2020,,daniele15,
DVB,7810101,Du lịch,A01,15.00,,THPTQG,2020,,daniele15,
DVB,7810101,Du lịch,D01,15.00,,THPTQG,2020,,daniele15,
DVB,7810101,Du lịch,D10,15.00,,THPTQG,2020,,daniele15,
DVB,7810101,Du lịch,D14,15.00,,THPTQG,2020,,daniele15,
DVD,7140201,Giáo dục Mầm non,,18.50,,THPTQG,2020,,daniele15,
DVD,7140221,Sư phạm Âm nhạc,N00,17.50,,THPTQG,2020,,daniele15,
DVD,7140222,Sư phạm Mỹ thuật,H00,17.50,,THPTQG,2020,,daniele15,
DVD,7210104,Đồ họa,H00,14.00,,THPTQG,2020,,daniele15,
DVD,7210205,Thanh nhạc,N00,17.50,,THPTQG,2020,,daniele15,
DVD,7210404,Thiết kế thời trang,H00,14.00,,THPTQG,2020,,daniele15,
DVD,7220201,Ngôn ngữ Anh,D01,14.00,,THPTQG,2020,,daniele15,
DVD,7220201,Ngôn ngữ Anh,D15,14.00,,THPTQG,2020,,daniele15,
DVD,7220201,Ngôn ngữ Anh,D72,14.00,,THPTQG,2020,,daniele15,
DVD,7220201,Ngôn ngữ Anh,D96,14.00,,THPTQG,2020,,daniele15,
DVD,7229042,Quản lý văn hoá,A16,14.00,,THPTQG,2020,,daniele15,
DVD,7229042,Quản lý văn hoá,C00,14.00,,THPTQG,2020,,daniele15,
DVD,7229042,Quản lý văn hoá,C15,14.00,,THPTQG,2020,,daniele15,
DVD,7229042,Quản lý văn hoá,D01,14.00,,THPTQG,2020,,daniele15,
DVD,7310205,Quản lý nhà nước,A16,14.00,,THPTQG,2020,,daniele15,
DVD,7310205,Quản lý nhà nước,C00,14.00,,THPTQG,2020,,daniele15,
DVD,7310205,Quản lý nhà nước,C15,14.00,,THPTQG,2020,,daniele15,
DVD,7310205,Quản lý nhà nước,D01,14.00,,THPTQG,2020,,daniele15,
DVD,7320106,Công nghệ truyền thông,A16,14.00,,THPTQG,2020,,daniele15,
DVD,7320106,Công nghệ truyền thông,C00,14.00,,THPTQG,2020,,daniele15,
DVD,7320106,Công nghệ truyền thông,C15,14.00,,THPTQG,2020,,daniele15,
DVD,7320106,Công nghệ truyền thông,D01,14.00,,THPTQG,2020,,daniele15,
DVD,7320201,Thông tin - thư viện,A16,14.00,,THPTQG,2020,,daniele15,
DVD,7320201,Thông tin - thư viện,C00,14.00,,THPTQG,2020,,daniele15,
DVD,7320201,Thông tin - thư viện,C15,14.00,,THPTQG,2020,,daniele15,
DVD,7320201,Thông tin - thư viện,D01,14.00,,THPTQG,2020,,daniele15,
DVD,7380101,Luật,A16,14.00,,THPTQG,2020,,daniele15,
DVD,7380101,Luật,C00,14.00,,THPTQG,2020,,daniele15,
DVD,7380101,Luật,C15,14.00,,THPTQG,2020,,daniele15,
DVD,7380101,Luật,D01,14.00,,THPTQG,2020,,daniele15,
DVD,7760101,Công tác xã hội,A16,14.00,,THPTQG,2020,,daniele15,
DVD,7760101,Công tác xã hội,C00,14.00,,THPTQG,2020,,daniele15,
DVD,7760101,Công tác xã hội,C15,14.00,,THPTQG,2020,,daniele15,
DVD,7760101,Công tác xã hội,D01,14.00,,THPTQG,2020,,daniele15,
DVD,7810101,Du lịch,A16,14.00,,THPTQG,2020,,daniele15,
DVD,7810101,Du lịch,C00,14.00,,THPTQG,2020,,daniele15,
DVD,7810101,Du lịch,C15,14.00,,THPTQG,2020,,daniele15,
DVD,7810101,Du lịch,D01,14.00,,THPTQG,2020,,daniele15,
DVD,7810103,Quản trị dịch vụ du lịch và lữ hành,A16,14.00,,THPTQG,2020,,daniele15,
DVD,7810103,Quản trị dịch vụ du lịch và lữ hành,C00,14.00,,THPTQG,2020,,daniele15,
DVD,7810103,Quản trị dịch vụ du lịch và lữ hành,C15,14.00,,THPTQG,2020,,daniele15,
DVD,7810103,Quản trị dịch vụ du lịch và lữ hành,D01,14.00,,THPTQG,2020,,daniele15,
DVD,7810201,Quản trị khách sạn,A16,14.00,,THPTQG,2020,,daniele15,
DVD,7810201,Quản trị khách sạn,C00,14.00,,THPTQG,2020,,daniele15,
DVD,7810201,Quản trị khách sạn,C15,14.00,,THPTQG,2020,,daniele15,
DVD,7810201,Quản trị khách sạn,D01,14.00,,THPTQG,2020,,daniele15,
DVD,7810301,Quản lý thể dục thể thao,T00,14.00,,THPTQG,2020,,daniele15,
DVD,7810301,Quản lý thể dục thể thao,T01,14.00,,THPTQG,2020,,daniele15,
DVH,7220201,Ngôn ngữ Anh,A01,18.00,,HocBa,2020,Xét học bạ,daniele15,
DVH,7220201,Ngôn ngữ Anh,D01,18.00,,HocBa,2020,Xét học bạ,daniele15,
DVH,7220201,Ngôn ngữ Anh,D10,18.00,,HocBa,2020,Xét học bạ,daniele15,
DVH,7220201,Ngôn ngữ Anh,D15,18.00,,HocBa,2020,Xét học bạ,daniele15,
DVH,7220203,Ngôn ngữ Pháp,A01,18.00,,HocBa,2020,Xét học bạ,daniele15,
DVH,7220203,Ngôn ngữ Pháp,D01,18.00,,HocBa,2020,Xét học bạ,daniele15,
DVH,7220203,Ngôn ngữ Pháp,D10,18.00,,HocBa,2020,Xét học bạ,daniele15,
DVH,7220203,Ngôn ngữ Pháp,D15,18.00,,HocBa,2020,Xét học bạ,daniele15,
DVH,7220204,Ngôn ngữ Trung Quốc,A01,18.00,,HocBa,2020,Xét học bạ,daniele15,
DVH,7220204,Ngôn ngữ Trung Quốc,D01,18.00,,HocBa,2020,Xét học bạ,daniele15,
DVH,7220204,Ngôn ngữ Trung Quốc,D10,18.00,,HocBa,2020,Xét học bạ,daniele15,
DVH,7220204,Ngôn ngữ Trung Quốc,D15,18.00,,HocBa,2020,Xét học bạ,daniele15,
DVH,7220209,Ngôn ngữ Nhật,A01,18.00,,HocBa,2020,Xét học bạ,daniele15,
DVH,7220209,Ngôn ngữ Nhật,D01,18.00,,HocBa,2020,Xét học bạ,daniele15,
DVH,7220209,Ngôn ngữ Nhật,D10,18.00,,HocBa,2020,Xét học bạ,daniele15,
DVH,7220209,Ngôn ngữ Nhật,D15,18.00,,HocBa,2020,Xét học bạ,daniele15,
DVH,7220802,Quản trị khách sạn,A00,19.00,,HocBa,2020,Xét học bạ,daniele15,
DVH,7220802,Quản trị khách sạn,B00,19.00,,HocBa,2020,Xét học bạ,daniele15,
DVH,7220802,Quản trị khách sạn,C08,19.00,,HocBa,2020,Xét học bạ,daniele15,
DVH,7220802,Quản trị khách sạn,D07,19.00,,HocBa,2020,Xét học bạ,daniele15,
DVH,7229030,Văn học,C00,18.00,,HocBa,2020,Xét học bạ,daniele15,
DVH,7229030,Văn học,D01,18.00,,HocBa,2020,Xét học bạ,daniele15,
DVH,7229030,Văn học,D10,18.00,,HocBa,2020,Xét học bạ,daniele15,
DVH,7229030,Văn học,D15,18.00,,HocBa,2020,Xét học bạ,daniele15,
DVH,7229040,Văn hoá học,C00,18.00,,HocBa,2020,Xét học bạ,daniele15,
DVH,7229040,Văn hoá học,D01,18.00,,HocBa,2020,Xét học bạ,daniele15,
DVH,7229040,Văn hoá học,D10,18.00,,HocBa,2020,Xét học bạ,daniele15,
DVH,7229040,Văn hoá học,D15,18.00,,HocBa,2020,Xét học bạ,daniele15,
DVH,7310301,Xã hội học,A00,18.00,,HocBa,2020,Xét học bạ,daniele15,
DVH,7310301,Xã hội học,C00,18.00,,HocBa,2020,Xét học bạ,daniele15,
DVH,7310301,Xã hội học,C04,18.00,,HocBa,2020,Xét học bạ,daniele15,
DVH,7310301,Xã hội học,D01,18.00,,HocBa,2020,Xét học bạ,daniele15,
DVH,7310401,Tâm lý học,A00,18.00,,HocBa,2020,Xét học bạ,daniele15,
DVH,7310401,Tâm lý học,B00,18.00,,HocBa,2020,Xét học bạ,daniele15,
DVH,7310401,Tâm lý học,C00,18.00,,HocBa,2020,Xét học bạ,daniele15,
DVH,7310401,Tâm lý học,D01,18.00,,HocBa,2020,Xét học bạ,daniele15,
DVH,7310608,Đông phương học,A01,18.00,,HocBa,2020,Xét học bạ,daniele15,
DVH,7310608,Đông phương học,C00,18.00,,HocBa,2020,Xét học bạ,daniele15,
DVH,7310608,Đông phương học,D01,18.00,,HocBa,2020,Xét học bạ,daniele15,
DVH,7310608,Đông phương học,D15,18.00,,HocBa,2020,Xét học bạ,daniele15,
DVH,7310630,Việt Nam học,C00,18.00,,HocBa,2020,Xét học bạ,daniele15,
DVH,7310630,Việt Nam học,D01,18.00,,HocBa,2020,Xét học bạ,daniele15,
DVH,7310630,Việt Nam học,D14,18.00,,HocBa,2020,Xét học bạ,daniele15,
DVH,7310630,Việt Nam học,D15,18.00,,HocBa,2020,Xét học bạ,daniele15,
DVH,7320104,Truyền thông đa phương tiện,A00,18.00,,HocBa,2020,Xét học bạ,daniele15,
DVH,7320104,Truyền thông đa phương tiện,A01,18.00,,HocBa,2020,Xét học bạ,daniele15,
DVH,7320104,Truyền thông đa phương tiện,C01,18.00,,HocBa,2020,Xét học bạ,daniele15,
DVH,7320104,Truyền thông đa phương tiện,D01,18.00,,HocBa,2020,Xét học bạ,daniele15,
DVH,7320108,Quan hệ công chúng,C00,18.00,,HocBa,2020,Xét học bạ,daniele15,
DVH,7320108,Quan hệ công chúng,D01,18.00,,HocBa,2020,Xét học bạ,daniele15,
DVH,7320108,Quan hệ công chúng,D14,18.00,,HocBa,2020,Xét học bạ,daniele15,
DVH,7320108,Quan hệ công chúng,D15,18.00,,HocBa,2020,Xét học bạ,daniele15,
DVH,7340101,Quản trị kinh doanh,A00,18.00,,HocBa,2020,Xét học bạ,daniele15,
DVH,7340101,Quản trị kinh doanh,A01,18.00,,HocBa,2020,Xét học bạ,daniele15,
DVH,7340101,Quản trị kinh doanh,C04,18.00,,HocBa,2020,Xét học bạ,daniele15,
DVH,7340101,Quản trị kinh doanh,D01,18.00,,HocBa,2020,Xét học bạ,daniele15,
DVH,7340122,Thương mại điện tử,A00,18.00,,HocBa,2020,Xét học bạ,daniele15,
DVH,7340122,Thương mại điện tử,A01,18.00,,HocBa,2020,Xét học bạ,daniele15,
DVH,7340122,Thương mại điện tử,C04,18.00,,HocBa,2020,Xét học bạ,daniele15,
DVH,7340122,Thương mại điện tử,D01,18.00,,HocBa,2020,Xét học bạ,daniele15,
DVH,7340201,Tài chính - Ngân hàng,A00,18.00,,HocBa,2020,Xét học bạ,daniele15,
DVH,7340201,Tài chính - Ngân hàng,A01,18.00,,HocBa,2020,Xét học bạ,daniele15,
DVH,7340201,Tài chính - Ngân hàng,C04,18.00,,HocBa,2020,Xét học bạ,daniele15,
DVH,7340201,Tài chính - Ngân hàng,D01,18.00,,HocBa,2020,Xét học bạ,daniele15,
DVH,7340301,Kế toán,A00,18.00,,HocBa,2020,Xét học bạ,daniele15,
DVH,7340301,Kế toán,A01,18.00,,HocBa,2020,Xét học bạ,daniele15,
DVH,7340301,Kế toán,C04,18.00,,HocBa,2020,Xét học bạ,daniele15,
DVH,7340301,Kế toán,D01,18.00,,HocBa,2020,Xét học bạ,daniele15,
DVH,7380101,Luật,A00,18.00,,HocBa,2020,Xét học bạ,daniele15,
DVH,7380101,Luật,A01,18.00,,HocBa,2020,Xét học bạ,daniele15,
DVH,7380101,Luật,C04,18.00,,HocBa,2020,Xét học bạ,daniele15,
DVH,7380101,Luật,D01,18.00,,HocBa,2020,Xét học bạ,daniele15,
DVH,7420201,Công nghệ sinh học,A00,18.00,,HocBa,2020,Xét học bạ,daniele15,
DVH,7420201,Công nghệ sinh học,B00,18.00,,HocBa,2020,Xét học bạ,daniele15,
DVH,7420201,Công nghệ sinh học,D07,18.00,,HocBa,2020,Xét học bạ,daniele15,
DVH,7420201,Công nghệ sinh học,D08,18.00,,HocBa,2020,Xét học bạ,daniele15,
DVH,7480101,Khoa học máy tính,A00,18.00,,HocBa,2020,Xét học bạ,daniele15,
DVH,7480101,Khoa học máy tính,A01,18.00,,HocBa,2020,Xét học bạ,daniele15,
DVH,7480101,Khoa học máy tính,C01,18.00,,HocBa,2020,Xét học bạ,daniele15,
DVH,7480101,Khoa học máy tính,D01,18.00,,HocBa,2020,Xét học bạ,daniele15,
DVH,7480201,Công nghệ thông tin,A00,18.00,,HocBa,2020,Xét học bạ,daniele15,
DVH,7480201,Công nghệ thông tin,A01,18.00,,HocBa,2020,Xét học bạ,daniele15,
DVH,7480201,Công nghệ thông tin,C01,18.00,,HocBa,2020,Xét học bạ,daniele15,
DVH,7480201,Công nghệ thông tin,D01,18.00,,HocBa,2020,Xét học bạ,daniele15,
DVH,7510605,Logistics và Quản lý chuỗi cung ứng,A01,18.00,,HocBa,2020,Xét học bạ,daniele15,
DVH,7510605,Logistics và Quản lý chuỗi cung ứng,D01,18.00,,HocBa,2020,Xét học bạ,daniele15,
DVH,7510605,Logistics và Quản lý chuỗi cung ứng,D07,18.00,,HocBa,2020,Xét học bạ,daniele15,
DVH,7510605,Logistics và Quản lý chuỗi cung ứng,D10,18.00,,HocBa,2020,Xét học bạ,daniele15,
DVH,7520207,Kỹ thuật điện tử - viễn thông,A00,18.00,,HocBa,2020,Xét học bạ,daniele15,
DVH,7520207,Kỹ thuật điện tử - viễn thông,A01,18.00,,HocBa,2020,Xét học bạ,daniele15,
DVH,7520207,Kỹ thuật điện tử - viễn thông,C01,18.00,,HocBa,2020,Xét học bạ,daniele15,
DVH,7520207,Kỹ thuật điện tử - viễn thông,D01,18.00,,HocBa,2020,Xét học bạ,daniele15,
DVH,7540101,Công nghệ thực phẩm,A00,18.00,,HocBa,2020,Xét học bạ,daniele15,
DVH,7540101,Công nghệ thực phẩm,A02,18.00,,HocBa,2020,Xét học bạ,daniele15,
DVH,7540101,Công nghệ thực phẩm,B00,18.00,,HocBa,2020,Xét học bạ,daniele15,
DVH,7540101,Công nghệ thực phẩm,D07,18.00,,HocBa,2020,Xét học bạ,daniele15,
DVH,7720301,Điều dưỡng,A00,19.00,,HocBa,2020,Xét học bạ,daniele15,
DVH,7720301,Điều dưỡng,B00,19.00,,HocBa,2020,Xét học bạ,daniele15,
DVH,7720301,Điều dưỡng,C08,19.00,,HocBa,2020,Xét học bạ,daniele15,
DVH,7720301,Điều dưỡng,D07,19.00,,HocBa,2020,Xét học bạ,daniele15,
DVH,7810101,Du lịch,A00,18.00,,HocBa,2020,Xét học bạ,daniele15,
DVH,7810101,Du lịch,C00,18.00,,HocBa,2020,Xét học bạ,daniele15,
DVH,7810101,Du lịch,C04,18.00,,HocBa,2020,Xét học bạ,daniele15,
DVH,7810101,Du lịch,D01,18.00,,HocBa,2020,Xét học bạ,daniele15,
DVH,7810103,Quản trị dịch vụ du lịch và lữ hành,A00,18.00,,HocBa,2020,Xét học bạ,daniele15,
DVH,7810103,Quản trị dịch vụ du lịch và lữ hành,C00,18.00,,HocBa,2020,Xét học bạ,daniele15,
DVH,7810103,Quản trị dịch vụ du lịch và lữ hành,C04,18.00,,HocBa,2020,Xét học bạ,daniele15,
DVH,7810103,Quản trị dịch vụ du lịch và lữ hành,D01,18.00,,HocBa,2020,Xét học bạ,daniele15,
DVH,7810201,Quản trị khách sạn,A00,18.00,,HocBa,2020,Xét học bạ,daniele15,
DVH,7810201,Quản trị khách sạn,C00,18.00,,HocBa,2020,Xét học bạ,daniele15,
DVH,7810201,Quản trị khách sạn,C04,18.00,,HocBa,2020,Xét học bạ,daniele15,
DVH,7810201,Quản trị khách sạn,D01,18.00,,HocBa,2020,Xét học bạ,daniele15,
DVH,7810301,Quản lý thể dục thể thao,A01,18.00,,HocBa,2020,Xét học bạ,daniele15,
DVH,7810301,Quản lý thể dục thể thao,D01,18.00,,HocBa,2020,Xét học bạ,daniele15,
DVH,7810301,Quản lý thể dục thể thao,T00,18.00,,HocBa,2020,Xét học bạ,daniele15,
DVH,7810301,Quản lý thể dục thể thao,T01,18.00,,HocBa,2020,Xét học bạ,daniele15,
DVL,16,Quản trị môi trường doanh nghiệp,A00,16.00,,THPTQG,2020,,daniele15,
DVL,16,Quản trị môi trường doanh nghiệp,B00,16.00,,THPTQG,2020,,daniele15,
DVL,16,Quản trị môi trường doanh nghiệp,D07,16.00,,THPTQG,2020,,daniele15,
DVL,16,Quản trị môi trường doanh nghiệp,D08,16.00,,THPTQG,2020,,daniele15,
DVL,7210205,Thanh nhạc,N00,18.00,,THPTQG,2020,,daniele15,
DVL,7210208,Piano,N00,18.00,,THPTQG,2020,,daniele15,
DVL,7210234,"Diễn viên kịch, điện ảnh - truyền hình",,24.00,,HocBa,2020,Xét học bạ,daniele15,
DVL,7210402,Thiết kế công nghiệp,H03,16.00,,THPTQG,2020,650,daniele15,
DVL,7210402,Thiết kế công nghiệp,H04,16.00,,THPTQG,2020,650,daniele15,
DVL,7210402,Thiết kế công nghiệp,H05,16.00,,THPTQG,2020,650,daniele15,
DVL,7210402,Thiết kế công nghiệp,H06,16.00,,THPTQG,2020,650,daniele15,
DVL,7210403,Thiết kế đồ họa,H03,18.00,,THPTQG,2020,650,daniele15,
DVL,7210403,Thiết kế đồ họa,H04,18.00,,THPTQG,2020,650,daniele15,
DVL,7210403,Thiết kế đồ họa,H05,18.00,,THPTQG,2020,650,daniele15,
DVL,7210403,Thiết kế đồ họa,H06,18.00,,THPTQG,2020,650,daniele15,
DVL,7210404,Thiết kế thời trang,H03,16.00,,THPTQG,2020,,daniele15,
DVL,7210404,Thiết kế thời trang,H04,16.00,,THPTQG,2020,,daniele15,
DVL,7210404,Thiết kế thời trang,H05,16.00,,THPTQG,2020,,daniele15,
DVL,7210404,Thiết kế thời trang,H06,16.00,,THPTQG,2020,,daniele15,
DVL,7220201,Ngôn ngữ Anh,D01,19.00,,THPTQG,2020,,daniele15,
DVL,7220201,Ngôn ngữ Anh,D08,19.00,,THPTQG,2020,,daniele15,
DVL,7220201,Ngôn ngữ Anh,D10,19.00,,THPTQG,2020,,daniele15,
DVL,7220204,Ngôn ngữ Trung Quốc,A01,18.00,,HocBa,2020,Xét học bạ,daniele15,
DVL,7220204,Ngôn ngữ Trung Quốc,D01,18.00,,HocBa,2020,Xét học bạ,daniele15,
DVL,7220204,Ngôn ngữ Trung Quốc,D04,18.00,,HocBa,2020,Xét học bạ,daniele15,
DVL,7220204,Ngôn ngữ Trung Quốc,D11,18.00,,HocBa,2020,Xét học bạ,daniele15,
DVL,7229030,Văn học,C00,16.00,,THPTQG,2020,,daniele15,
DVL,7229030,Văn học,D01,16.00,,THPTQG,2020,,daniele15,
DVL,7229030,Văn học,D14,16.00,,THPTQG,2020,,daniele15,
DVL,7229030,Văn học,D66,16.00,,THPTQG,2020,,daniele15,
DVL,7310401,Tâm lý học,B00,18.00,,THPTQG,2020,,daniele15,
DVL,7310401,Tâm lý học,B03,18.00,,THPTQG,2020,,daniele15,
DVL,7310401,Tâm lý học,C00,18.00,,THPTQG,2020,,daniele15,
DVL,7310401,Tâm lý học,D01,18.00,,THPTQG,2020,,daniele15,
DVL,7310608,Đông phương học,A01,18.00,,THPTQG,2020,,daniele15,
DVL,7310608,Đông phương học,C00,18.00,,THPTQG,2020,,daniele15,
DVL,7310608,Đông phương học,D01,18.00,,THPTQG,2020,,daniele15,
DVL,7320108,Quan hệ công chúng,A00,19.00,,THPTQG,2020,,daniele15,
DVL,7320108,Quan hệ công chúng,A01,19.00,,THPTQG,2020,,daniele15,
DVL,7320108,Quan hệ công chúng,C00,19.00,,THPTQG,2020,,daniele15,
DVL,7320108,Quan hệ công chúng,D01,19.00,,THPTQG,2020,,daniele15,
DVL,7340101,Quản trị kinh doanh,C01,18.00,,THPTQG,2020,,daniele15,
DVL,7340101,Quản trị kinh doanh,C02,18.00,,THPTQG,2020,,daniele15,
DVL,7340101,Quản trị kinh doanh,C04,18.00,,THPTQG,2020,,daniele15,
DVL,7340101,Quản trị kinh doanh,D01,18.00,,THPTQG,2020,,daniele15,
DVL,7340115,Marketing,A00,19.00,,THPTQG,2020,,daniele15,
DVL,7340115,Marketing,A01,19.00,,THPTQG,2020,,daniele15,
DVL,7340115,Marketing,C01,19.00,,THPTQG,2020,,daniele15,
DVL,7340115,Marketing,D01,19.00,,THPTQG,2020,,daniele15,
DVL,7340121,Kinh doanh thương mại,C01,18.00,,THPTQG,2020,,daniele15,
DVL,7340121,Kinh doanh thương mại,C02,18.00,,THPTQG,2020,,daniele15,
DVL,7340121,Kinh doanh thương mại,C04,18.00,,THPTQG,2020,,daniele15,
DVL,7340121,Kinh doanh thương mại,D01,18.00,,THPTQG,2020,,daniele15,
DVL,7340201,Tài chính - Ngân hàng,A00,18.00,,THPTQG,2020,,daniele15,
DVL,7340201,Tài chính - Ngân hàng,A01,18.00,,THPTQG,2020,,daniele15,
DVL,7340201,Tài chính - Ngân hàng,C04,18.00,,THPTQG,2020,,daniele15,
DVL,7340201,Tài chính - Ngân hàng,D01,18.00,,THPTQG,2020,,daniele15,
DVL,7340301,Kế toán,A00,17.00,,THPTQG,2020,,daniele15,
DVL,7340301,Kế toán,A01,17.00,,THPTQG,2020,,daniele15,
DVL,7340301,Kế toán,D01,17.00,,THPTQG,2020,,daniele15,
DVL,7340301,Kế toán,D10,17.00,,THPTQG,2020,,daniele15,
DVL,7380101,Luật,A00,18.00,,THPTQG,2020,,daniele15,
DVL,7380101,Luật,A01,18.00,,THPTQG,2020,,daniele15,
DVL,7380101,Luật,C00,18.00,,THPTQG,2020,,daniele15,
DVL,7380101,Luật,D01,18.00,,THPTQG,2020,,daniele15,
DVL,7380107,Luật,A00,17.00,,THPTQG,2020,,daniele15,
DVL,7380107,Luật,A01,17.00,,THPTQG,2020,,daniele15,
DVL,7380107,Luật,C00,17.00,,THPTQG,2020,,daniele15,
DVL,7380107,Luật,D01,17.00,,THPTQG,2020,,daniele15,
DVL,7420201,Công nghệ sinh học,A00,16.00,,THPTQG,2020,,daniele15,
DVL,7420201,Công nghệ sinh học,A02,16.00,,THPTQG,2020,,daniele15,
DVL,7420201,Công nghệ sinh học,B00,16.00,,THPTQG,2020,,daniele15,
DVL,7420201,Công nghệ sinh học,D08,16.00,,THPTQG,2020,,daniele15,
DVL,7420205,Công nghệ sinh học Y dược,A00,16.00,,THPTQG,2020,,daniele15,
DVL,7420205,Công nghệ sinh học Y dược,B00,16.00,,THPTQG,2020,,daniele15,
DVL,7420205,Công nghệ sinh học Y dược,D07,16.00,,THPTQG,2020,,daniele15,
DVL,7420205,Công nghệ sinh học Y dược,D08,16.00,,THPTQG,2020,,daniele15,
DVL,7429001,Quản trị công nghệ sinh học,A00,16.00,,THPTQG,2020,,daniele15,
DVL,7429001,Quản trị công nghệ sinh học,B00,16.00,,THPTQG,2020,,daniele15,
DVL,7429001,Quản trị công nghệ sinh học,D07,16.00,,THPTQG,2020,,daniele15,
DVL,7429001,Quản trị công nghệ sinh học,D08,16.00,,THPTQG,2020,,daniele15,
DVL,7480103,Kỹ thuật phần mềm,A00,17.00,,THPTQG,2020,,daniele15,
DVL,7480103,Kỹ thuật phần mềm,A01,17.00,,THPTQG,2020,,daniele15,
DVL,7480103,Kỹ thuật phần mềm,D01,17.00,,THPTQG,2020,,daniele15,
DVL,7480103,Kỹ thuật phần mềm,D10,17.00,,THPTQG,2020,,daniele15,
DVL,7480201,Công nghệ thông tin,A00,18.00,,THPTQG,2020,,daniele15,
DVL,7480201,Công nghệ thông tin,A01,18.00,,THPTQG,2020,,daniele15,
DVL,7480201,Công nghệ thông tin,D01,18.00,,THPTQG,2020,,daniele15,
DVL,7480201,Công nghệ thông tin,D10,18.00,,THPTQG,2020,,daniele15,
DVL,7510205,Công nghệ kỹ thuật ô tô,A00,17.00,,THPTQG,2020,,daniele15,
DVL,7510205,Công nghệ kỹ thuật ô tô,A01,17.00,,THPTQG,2020,,daniele15,
DVL,7510205,Công nghệ kỹ thuật ô tô,C01,17.00,,THPTQG,2020,,daniele15,
DVL,7510205,Công nghệ kỹ thuật ô tô,D01,17.00,,THPTQG,2020,,daniele15,
DVL,7510301,"Công nghệ kỹ thuật điện, điện tử",A00,16.00,,THPTQG,2020,,daniele15,
DVL,7510301,"Công nghệ kỹ thuật điện, điện tử",A01,16.00,,THPTQG,2020,,daniele15,
DVL,7510301,"Công nghệ kỹ thuật điện, điện tử",C01,16.00,,THPTQG,2020,,daniele15,
DVL,7510301,"Công nghệ kỹ thuật điện, điện tử",D01,16.00,,THPTQG,2020,,daniele15,
DVL,7510406,Công nghệ kỹ thuật môi trường,A00,16.00,,THPTQG,2020,,daniele15,
DVL,7510406,Công nghệ kỹ thuật môi trường,B00,16.00,,THPTQG,2020,,daniele15,
DVL,7510406,Công nghệ kỹ thuật môi trường,D07,16.00,,THPTQG,2020,,daniele15,
DVL,7510406,Công nghệ kỹ thuật môi trường,D08,16.00,,THPTQG,2020,,daniele15,
DVL,7520115,Công nghệ Kỹ thuật Nhiệt (Cơ điện lạnh),A00,16.00,,THPTQG,2020,Kỹ thuật nhiệt,daniele15,
DVL,7520115,Công nghệ Kỹ thuật Nhiệt (Cơ điện lạnh),A01,16.00,,THPTQG,2020,Kỹ thuật nhiệt,daniele15,
DVL,7520115,Công nghệ Kỹ thuật Nhiệt (Cơ điện lạnh),D07,16.00,,THPTQG,2020,Kỹ thuật nhiệt,daniele15,
DVL,7580101,Kiến trúc,H02,17.00,,THPTQG,2020,,daniele15,
DVL,7580101,Kiến trúc,V00,17.00,,THPTQG,2020,,daniele15,
DVL,7580101,Kiến trúc,V01,17.00,,THPTQG,2020,,daniele15,
DVL,7580108,Thiết kế nội thất,H03,17.00,,THPTQG,2020,,daniele15,
DVL,7580108,Thiết kế nội thất,H04,17.00,,THPTQG,2020,,daniele15,
DVL,7580108,Thiết kế nội thất,H05,17.00,,THPTQG,2020,,daniele15,
DVL,7580108,Thiết kế nội thất,H06,17.00,,THPTQG,2020,,daniele15,
DVL,7580201,Kỹ thuật xây dựng,A00,16.00,,THPTQG,2020,,daniele15,
DVL,7580201,Kỹ thuật xây dựng,A01,16.00,,THPTQG,2020,,daniele15,
DVL,7580205,kỹ thuật xây dựng công trình giao thông,A00,16.00,,THPTQG,2020,,daniele15,
DVL,7580205,kỹ thuật xây dựng công trình giao thông,A01,16.00,,THPTQG,2020,,daniele15,
DVL,7580205,kỹ thuật xây dựng công trình giao thông,D07,16.00,,THPTQG,2020,,daniele15,
DVL,7580302,Quản lý xây dựng,A00,16.00,,THPTQG,2020,,daniele15,
DVL,7580302,Quản lý xây dựng,A01,16.00,,THPTQG,2020,,daniele15,
DVL,7580302,Quản lý xây dựng,D01,16.00,,THPTQG,2020,,daniele15,
DVL,7580302,Quản lý xây dựng,D07,16.00,,THPTQG,2020,,daniele15,
DVL,7589001,Thiết kế xanh,A00,16.00,,THPTQG,2020,,daniele15,
DVL,7589001,Thiết kế xanh,A01,16.00,,THPTQG,2020,,daniele15,
DVL,7589001,Thiết kế xanh,B00,16.00,,THPTQG,2020,,daniele15,
DVL,7589001,Thiết kế xanh,D08,16.00,,THPTQG,2020,,daniele15,
DVL,7620118,Nông nghiệp công nghệ cao,A00,16.00,,THPTQG,2020,,daniele15,
DVL,7620118,Nông nghiệp công nghệ cao,B00,16.00,,THPTQG,2020,,daniele15,
DVL,7620118,Nông nghiệp công nghệ cao,D07,16.00,,THPTQG,2020,,daniele15,
DVL,7620118,Nông nghiệp công nghệ cao,D08,16.00,,THPTQG,2020,,daniele15,
DVL,7720201,Dược học,A00,21.00,,THPTQG,2020,,daniele15,
DVL,7720201,Dược học,B00,21.00,,THPTQG,2020,,daniele15,
DVL,7720201,Dược học,D07,21.00,,THPTQG,2020,,daniele15,
DVL,7720301,Điều dưỡng,B00,19.00,,THPTQG,2020,,daniele15,
DVL,7720301,Điều dưỡng,C08,19.00,,THPTQG,2020,,daniele15,
DVL,7720301,Điều dưỡng,D07,19.00,,THPTQG,2020,,daniele15,
DVL,7720301,Điều dưỡng,D08,19.00,,THPTQG,2020,,daniele15,
DVL,7720501,Răng - Hàm - Mặt,A00,22.00,,THPTQG,2020,,daniele15,
DVL,7720501,Răng - Hàm - Mặt,B00,22.00,,THPTQG,2020,,daniele15,
DVL,7720501,Răng - Hàm - Mặt,D07,22.00,,THPTQG,2020,,daniele15,
DVL,7720501,Răng - Hàm - Mặt,D08,22.00,,THPTQG,2020,,daniele15,
DVL,7720601,Kỹ thuật xét nghiệm y học,A00,19.00,,THPTQG,2020,,daniele15,
DVL,7720601,Kỹ thuật xét nghiệm y học,B00,19.00,,THPTQG,2020,,daniele15,
DVL,7720601,Kỹ thuật xét nghiệm y học,D07,19.00,,THPTQG,2020,,daniele15,
DVL,7720601,Kỹ thuật xét nghiệm y học,D08,19.00,,THPTQG,2020,,daniele15,
DVL,7760101,Công tác xã hội,C00,16.00,,THPTQG,2020,,daniele15,
DVL,7760101,Công tác xã hội,C14,16.00,,THPTQG,2020,,daniele15,
DVL,7760101,Công tác xã hội,C20,16.00,,THPTQG,2020,,daniele15,
DVL,7760101,Công tác xã hội,D01,16.00,,THPTQG,2020,,daniele15,
DVL,7810103,Quản trị dịch vụ du lịch và lữ hành,A00,18.00,,THPTQG,2020,,daniele15,
DVL,7810103,Quản trị dịch vụ du lịch và lữ hành,A01,18.00,,THPTQG,2020,,daniele15,
DVL,7810103,Quản trị dịch vụ du lịch và lữ hành,D01,18.00,,THPTQG,2020,,daniele15,
DVL,7810103,Quản trị dịch vụ du lịch và lữ hành,D03,18.00,,THPTQG,2020,,daniele15,
DVL,7810201,Quản trị khách sạn,A00,19.00,,THPTQG,2020,,daniele15,
DVL,7810201,Quản trị khách sạn,A01,19.00,,THPTQG,2020,,daniele15,
DVL,7810201,Quản trị khách sạn,D01,19.00,,THPTQG,2020,,daniele15,
DVL,7810201,Quản trị khách sạn,D03,19.00,,THPTQG,2020,,daniele15,
DVX,7340101,Quản trị kinh doanh,A00,15.00,,THPTQG,2020,,daniele15,
DVX,7340101,Quản trị kinh doanh,A01,15.00,,THPTQG,2020,,daniele15,
DVX,7340101,Quản trị kinh doanh,D01,15.00,,THPTQG,2020,,daniele15,
DVX,7340101,Quản trị kinh doanh,D90,15.00,,THPTQG,2020,,daniele15,
DVX,7340201,Tài chính - Ngân hàng,A00,15.00,,THPTQG,2020,,daniele15,
DVX,7340201,Tài chính - Ngân hàng,A01,15.00,,THPTQG,2020,,daniele15,
DVX,7340201,Tài chính - Ngân hàng,D01,15.00,,THPTQG,2020,,daniele15,
DVX,7340201,Tài chính - Ngân hàng,D90,15.00,,THPTQG,2020,,daniele15,
DVX,7340301,Kế toán,A00,15.00,,THPTQG,2020,,daniele15,
DVX,7340301,Kế toán,A01,15.00,,THPTQG,2020,,daniele15,
DVX,7340301,Kế toán,D01,15.00,,THPTQG,2020,,daniele15,
DVX,7340301,Kế toán,D90,15.00,,THPTQG,2020,,daniele15,
DVX,7420201,Công nghệ sinh học,A00,15.00,,THPTQG,2020,,daniele15,
DVX,7420201,Công nghệ sinh học,A02,15.00,,THPTQG,2020,,daniele15,
DVX,7420201,Công nghệ sinh học,B00,15.00,,THPTQG,2020,,daniele15,
DVX,7420201,Công nghệ sinh học,D90,15.00,,THPTQG,2020,,daniele15,
DVX,7480201,Công nghệ thông tin,A00,15.00,,THPTQG,2020,,daniele15,
DVX,7480201,Công nghệ thông tin,A01,15.00,,THPTQG,2020,,daniele15,
DVX,7480201,Công nghệ thông tin,A16,15.00,,THPTQG,2020,,daniele15,
DVX,7480201,Công nghệ thông tin,D90,15.00,,THPTQG,2020,,daniele15,
DVX,7580201,Kỹ thuật xây dựng,A00,15.00,,THPTQG,2020,,daniele15,
DVX,7580201,Kỹ thuật xây dựng,A01,15.00,,THPTQG,2020,,daniele15,
DVX,7580201,Kỹ thuật xây dựng,C01,15.00,,THPTQG,2020,,daniele15,
DVX,7580201,Kỹ thuật xây dựng,D07,15.00,,THPTQG,2020,,daniele15,
DVX,7810201,Quản trị khách sạn,A00,15.00,,THPTQG,2020,,daniele15,
DVX,7810201,Quản trị khách sạn,D01,15.00,,THPTQG,2020,,daniele15,
DVX,7810201,Quản trị khách sạn,D96,15.00,,THPTQG,2020,,daniele15,
DYD,7220201,Ngôn ngữ Anh,A01,15.00,,THPTQG,2020,Gồm các chuyên ngành:1. Ngôn ngữ Anh2. Tiếng Anh Du lịch3. Tiếng Anh thương mại,daniele15,
DYD,7220201,Ngôn ngữ Anh,D01,15.00,,THPTQG,2020,Gồm các chuyên ngành:1. Ngôn ngữ Anh2. Tiếng Anh Du lịch3. Tiếng Anh thương mại,daniele15,
DYD,7220201,Ngôn ngữ Anh,D14,15.00,,THPTQG,2020,Gồm các chuyên ngành:1. Ngôn ngữ Anh2. Tiếng Anh Du lịch3. Tiếng Anh thương mại,daniele15,
DYD,7220201,Ngôn ngữ Anh,D15,15.00,,THPTQG,2020,Gồm các chuyên ngành:1. Ngôn ngữ Anh2. Tiếng Anh Du lịch3. Tiếng Anh thương mại,daniele15,
DYD,7310608,Đông phương học,A01,15.00,,THPTQG,2020,Gồm các chuyên ngành:1. Hàn Quốc2. Nhật Bản,daniele15,
DYD,7310608,Đông phương học,C00,15.00,,THPTQG,2020,Gồm các chuyên ngành:1. Hàn Quốc2. Nhật Bản,daniele15,
DYD,7310608,Đông phương học,D01,15.00,,THPTQG,2020,Gồm các chuyên ngành:1. Hàn Quốc2. Nhật Bản,daniele15,
DYD,7310608,Đông phương học,D15,15.00,,THPTQG,2020,Gồm các chuyên ngành:1. Hàn Quốc2. Nhật Bản,daniele15,
DYD,7320108,Quan hệ công chúng,A00,15.00,,THPTQG,2020,,daniele15,
DYD,7320108,Quan hệ công chúng,A01,15.00,,THPTQG,2020,,daniele15,
DYD,7320108,Quan hệ công chúng,C00,15.00,,THPTQG,2020,,daniele15,
DYD,7320108,Quan hệ công chúng,D01,15.00,,THPTQG,2020,,daniele15,
DYD,7340101,Quản trị kinh doanh,A00,15.00,,THPTQG,2020,Gồm các chuyên ngành:1. Quản trị kinh doanh2. Kế toán doanh nghiệp3. Tài chính - Ngân hàng,daniele15,
DYD,7340101,Quản trị kinh doanh,A01,15.00,,THPTQG,2020,Gồm các chuyên ngành:1. Quản trị kinh doanh2. Kế toán doanh nghiệp3. Tài chính - Ngân hàng,daniele15,
DYD,7340101,Quản trị kinh doanh,C00,15.00,,THPTQG,2020,Gồm các chuyên ngành:1. Quản trị kinh doanh2. Kế toán doanh nghiệp3. Tài chính - Ngân hàng,daniele15,
DYD,7340101,Quản trị kinh doanh,D01,15.00,,THPTQG,2020,Gồm các chuyên ngành:1. Quản trị kinh doanh2. Kế toán doanh nghiệp3. Tài chính - Ngân hàng,daniele15,
DYD,7380107,Luật,A00,15.00,,THPTQG,2020,Luật kinh tế,daniele15,
DYD,7380107,Luật,C00,15.00,,THPTQG,2020,Luật kinh tế,daniele15,
DYD,7380107,Luật,C20,15.00,,THPTQG,2020,Luật kinh tế,daniele15,
DYD,7380107,Luật,D01,15.00,,THPTQG,2020,Luật kinh tế,daniele15,
DYD,7420201,Công nghệ sinh học,A00,14.00,,THPTQG,2020,Gồm các chuyên ngành:1. Công nghệ sinh học thực vật2. Công nghệ vi sinh vật,daniele15,
DYD,7420201,Công nghệ sinh học,A01,14.00,,THPTQG,2020,Gồm các chuyên ngành:1. Công nghệ sinh học thực vật2. Công nghệ vi sinh vật,daniele15,
DYD,7420201,Công nghệ sinh học,B00,14.00,,THPTQG,2020,Gồm các chuyên ngành:1. Công nghệ sinh học thực vật2. Công nghệ vi sinh vật,daniele15,
DYD,7420201,Công nghệ sinh học,D01,14.00,,THPTQG,2020,Gồm các chuyên ngành:1. Công nghệ sinh học thực vật2. Công nghệ vi sinh vật,daniele15,
DYD,7440301,Khoa học môi trường,A00,14.00,,THPTQG,2020,Gồm các chuyên ngành:1. Công nghệ môi trường2. Quản lý môi trường3. Tư vấn môi trường,daniele15,
DYD,7440301,Khoa học môi trường,A01,14.00,,THPTQG,2020,Gồm các chuyên ngành:1. Công nghệ môi trường2. Quản lý môi trường3. Tư vấn môi trường,daniele15,
DYD,7440301,Khoa học môi trường,B00,14.00,,THPTQG,2020,Gồm các chuyên ngành:1. Công nghệ môi trường2. Quản lý môi trường3. Tư vấn môi trường,daniele15,
DYD,7440301,Khoa học môi trường,D01,14.00,,THPTQG,2020,Gồm các chuyên ngành:1. Công nghệ môi trường2. Quản lý môi trường3. Tư vấn môi trường,daniele15,
DYD,7480201,Công nghệ thông tin,A00,15.00,,THPTQG,2020,,daniele15,
DYD,7480201,Công nghệ thông tin,A01,15.00,,THPTQG,2020,,daniele15,
DYD,7480201,Công nghệ thông tin,D01,15.00,,THPTQG,2020,,daniele15,
DYD,7540101,Công nghệ thực phẩm,A00,15.00,,THPTQG,2020,,daniele15,
DYD,7540101,Công nghệ thực phẩm,B00,15.00,,THPTQG,2020,,daniele15,
DYD,7540101,Công nghệ thực phẩm,C08,15.00,,THPTQG,2020,,daniele15,
DYD,7540101,Công nghệ thực phẩm,D07,15.00,,THPTQG,2020,,daniele15,
DYD,7580101,Kiến trúc,H00,15.00,,THPTQG,2020,,daniele15,
DYD,7580101,Kiến trúc,H01,15.00,,THPTQG,2020,,daniele15,
DYD,7580101,Kiến trúc,V00,15.00,,THPTQG,2020,,daniele15,
DYD,7580101,Kiến trúc,V01,15.00,,THPTQG,2020,,daniele15,
DYD,7580108,Thiết kế nội thất,H00,15.00,,THPTQG,2020,,daniele15,
DYD,7580108,Thiết kế nội thất,H01,15.00,,THPTQG,2020,,daniele15,
DYD,7580108,Thiết kế nội thất,V00,15.00,,THPTQG,2020,,daniele15,
DYD,7580108,Thiết kế nội thất,V01,15.00,,THPTQG,2020,,daniele15,
DYD,7720201,Dược học,A00,21.00,,THPTQG,2020,,daniele15,
DYD,7720201,Dược học,B00,21.00,,THPTQG,2020,,daniele15,
DYD,7720201,Dược học,C08,21.00,,THPTQG,2020,,daniele15,
DYD,7720201,Dược học,D07,21.00,,THPTQG,2020,,daniele15,
DYD,7720301,Điều dưỡng,A01,19.00,,THPTQG,2020,,daniele15,
DYD,7720301,Điều dưỡng,B00,19.00,,THPTQG,2020,,daniele15,
DYD,7720301,Điều dưỡng,D01,19.00,,THPTQG,2020,,daniele15,
DYD,7720301,Điều dưỡng,D08,19.00,,THPTQG,2020,,daniele15,
DYD,7810103,Quản trị dịch vụ du lịch và lữ hành,A00,15.00,,THPTQG,2020,Gồm các chuyên ngành:1. Quản trị Nhà hàng - Khách sạn2. Quản trị lữ hành,daniele15,
DYD,7810103,Quản trị dịch vụ du lịch và lữ hành,C00,15.00,,THPTQG,2020,Gồm các chuyên ngành:1. Quản trị Nhà hàng - Khách sạn2. Quản trị lữ hành,daniele15,
DYD,7810103,Quản trị dịch vụ du lịch và lữ hành,D01,15.00,,THPTQG,2020,Gồm các chuyên ngành:1. Quản trị Nhà hàng - Khách sạn2. Quản trị lữ hành,daniele15,
DYD,7810103,Quản trị dịch vụ du lịch và lữ hành,D15,15.00,,THPTQG,2020,Gồm các chuyên ngành:1. Quản trị Nhà hàng - Khách sạn2. Quản trị lữ hành,daniele15,
EIU,7340101,Quản trị kinh doanh,A00,15.00,,THPTQG,2020,,daniele15,
EIU,7340101,Quản trị kinh doanh,A01,15.00,,THPTQG,2020,,daniele15,
EIU,7340101,Quản trị kinh doanh,B00,15.00,,THPTQG,2020,,daniele15,
EIU,7340101,Quản trị kinh doanh,D01,15.00,,THPTQG,2020,,daniele15,
EIU,7480102,Mạng máy tính và Truyền thông dữ liệu,A00,15.00,,THPTQG,2020,,daniele15,
EIU,7480102,Mạng máy tính và Truyền thông dữ liệu,A01,15.00,,THPTQG,2020,,daniele15,
EIU,7480102,Mạng máy tính và Truyền thông dữ liệu,B00,15.00,,THPTQG,2020,,daniele15,
EIU,7480102,Mạng máy tính và Truyền thông dữ liệu,D01,15.00,,THPTQG,2020,,daniele15,
EIU,7480103,Kỹ thuật phần mềm,A00,15.00,,THPTQG,2020,,daniele15,
EIU,7480103,Kỹ thuật phần mềm,A01,15.00,,THPTQG,2020,,daniele15,
EIU,7480103,Kỹ thuật phần mềm,B00,15.00,,THPTQG,2020,,daniele15,
EIU,7480103,Kỹ thuật phần mềm,D01,15.00,,THPTQG,2020,,daniele15,
EIU,7520114,Kỹ thuật cơ điện tử,A00,15.00,,THPTQG,2020,,daniele15,
EIU,7520114,Kỹ thuật cơ điện tử,A01,15.00,,THPTQG,2020,,daniele15,
EIU,7520114,Kỹ thuật cơ điện tử,B00,15.00,,THPTQG,2020,,daniele15,
EIU,7520114,Kỹ thuật cơ điện tử,D01,15.00,,THPTQG,2020,,daniele15,
EIU,7520201,Kỹ thuật điện,A00,15.00,,THPTQG,2020,,daniele15,
EIU,7520201,Kỹ thuật điện,A01,15.00,,THPTQG,2020,,daniele15,
EIU,7520201,Kỹ thuật điện,B00,15.00,,THPTQG,2020,,daniele15,
EIU,7520201,Kỹ thuật điện,D01,15.00,,THPTQG,2020,,daniele15,
EIU,7520216,Kỹ thuật điều khiển và tự động hoá,A00,15.00,,THPTQG,2020,,daniele15,
EIU,7520216,Kỹ thuật điều khiển và tự động hoá,A01,15.00,,THPTQG,2020,,daniele15,
EIU,7520216,Kỹ thuật điều khiển và tự động hoá,B00,15.00,,THPTQG,2020,,daniele15,
EIU,7520216,Kỹ thuật điều khiển và tự động hoá,D01,15.00,,THPTQG,2020,,daniele15,
EIU,7720301,Điều dưỡng,A00,19.00,,THPTQG,2020,,daniele15,
EIU,7720301,Điều dưỡng,A01,19.00,,THPTQG,2020,,daniele15,
EIU,7720301,Điều dưỡng,B00,19.00,,THPTQG,2020,,daniele15,
EIU,7720301,Điều dưỡng,D01,19.00,,THPTQG,2020,,daniele15,
GDU,7220201,Ngôn ngữ Anh,D01,15.00,,THPTQG,2020,,daniele15,
GDU,7220201,Ngôn ngữ Anh,D14,15.00,,THPTQG,2020,,daniele15,
GDU,7220201,Ngôn ngữ Anh,D15,15.00,,THPTQG,2020,,daniele15,
GDU,7220201,Ngôn ngữ Anh,D96,15.00,,THPTQG,2020,,daniele15,
GDU,7310608,Đông phương học,A00,15.00,,THPTQG,2020,,daniele15,
GDU,7310608,Đông phương học,C01,15.00,,THPTQG,2020,,daniele15,
GDU,7310608,Đông phương học,D01,15.00,,THPTQG,2020,,daniele15,
GDU,7310608,Đông phương học,D15,15.00,,THPTQG,2020,,daniele15,
GDU,7340101,Quản trị kinh doanh,A00,15.00,,THPTQG,2020,,daniele15,
GDU,7340101,Quản trị kinh doanh,A09,15.00,,THPTQG,2020,,daniele15,
GDU,7340101,Quản trị kinh doanh,C04,15.00,,THPTQG,2020,,daniele15,
GDU,7340101,Quản trị kinh doanh,D01,15.00,,THPTQG,2020,,daniele15,
GDU,7340201,Tài chính - Ngân hàng,A00,15.00,,THPTQG,2020,,daniele15,
GDU,7340201,Tài chính - Ngân hàng,A09,15.00,,THPTQG,2020,,daniele15,
GDU,7340201,Tài chính - Ngân hàng,C04,15.00,,THPTQG,2020,,daniele15,
GDU,7340201,Tài chính - Ngân hàng,D01,15.00,,THPTQG,2020,,daniele15,
GDU,7340301,Kế toán,A00,15.00,,THPTQG,2020,,daniele15,
GDU,7340301,Kế toán,A09,15.00,,THPTQG,2020,,daniele15,
GDU,7340301,Kế toán,C04,15.00,,THPTQG,2020,,daniele15,
GDU,7340301,Kế toán,D01,15.00,,THPTQG,2020,,daniele15,
GDU,734115,Quản trị khách sạn,A00,15.00,,THPTQG,2020,,daniele15,
GDU,734115,Quản trị khách sạn,A01,15.00,,THPTQG,2020,,daniele15,
GDU,734115,Quản trị khách sạn,C04,15.00,,THPTQG,2020,,daniele15,
GDU,734115,Quản trị khách sạn,D01,15.00,,THPTQG,2020,,daniele15,
GDU,7480102,Mạng máy tính và Truyền thông dữ liệu,A00,15.00,,THPTQG,2020,,daniele15,
GDU,7480102,Mạng máy tính và Truyền thông dữ liệu,A01,15.00,,THPTQG,2020,,daniele15,
GDU,7480102,Mạng máy tính và Truyền thông dữ liệu,C14,15.00,,THPTQG,2020,,daniele15,
GDU,7480102,Mạng máy tính và Truyền thông dữ liệu,D01,15.00,,THPTQG,2020,,daniele15,
GDU,7480103,Kỹ thuật phần mềm,A00,15.00,,THPTQG,2020,,daniele15,
GDU,7480103,Kỹ thuật phần mềm,A01,15.00,,THPTQG,2020,,daniele15,
GDU,7480103,Kỹ thuật phần mềm,C14,15.00,,THPTQG,2020,,daniele15,
GDU,7480103,Kỹ thuật phần mềm,D01,15.00,,THPTQG,2020,,daniele15,
GDU,7480201,Công nghệ thông tin,A00,15.00,,THPTQG,2020,,daniele15,
GDU,7480201,Công nghệ thông tin,A01,15.00,,THPTQG,2020,,daniele15,
GDU,7480201,Công nghệ thông tin,C01,15.00,,THPTQG,2020,,daniele15,
GDU,7480201,Công nghệ thông tin,D01,15.00,,THPTQG,2020,,daniele15,
GHA,7310101,Kinh tế,A00,22.80,,THPTQG,2020,chuyên ngành Kinh tế Bưu chính - Viễn thông,daniele15,
GHA,7310101,Kinh tế,A01,22.80,,THPTQG,2020,chuyên ngành Kinh tế Bưu chính - Viễn thông,daniele15,
GHA,7310101,Kinh tế,D01,22.80,,THPTQG,2020,chuyên ngành Kinh tế Bưu chính - Viễn thông,daniele15,
GHA,7310101,Kinh tế,D07,22.80,,THPTQG,2020,chuyên ngành Kinh tế Bưu chính - Viễn thông,daniele15,
GHA,7340101,Quản trị kinh doanh,A00,23.30,,THPTQG,2020,"gồm 3 chuyên ngành: Quản trị doanh nghiệp xây dựng, Quản trị doanh nghiệp Bưu chính - Viễn thông, Quản trị kinh doanh giao thông vận tải",daniele15,
GHA,7340101,Quản trị kinh doanh,A01,23.30,,THPTQG,2020,"gồm 3 chuyên ngành: Quản trị doanh nghiệp xây dựng, Quản trị doanh nghiệp Bưu chính - Viễn thông, Quản trị kinh doanh giao thông vận tải",daniele15,
GHA,7340101,Quản trị kinh doanh,D01,23.30,,THPTQG,2020,"gồm 3 chuyên ngành: Quản trị doanh nghiệp xây dựng, Quản trị doanh nghiệp Bưu chính - Viễn thông, Quản trị kinh doanh giao thông vận tải",daniele15,
GHA,7340101,Quản trị kinh doanh,D07,23.30,,THPTQG,2020,"gồm 3 chuyên ngành: Quản trị doanh nghiệp xây dựng, Quản trị doanh nghiệp Bưu chính - Viễn thông, Quản trị kinh doanh giao thông vận tải",daniele15,
GHA,7340301,Kế toán,A00,23.55,,THPTQG,2020,chuyên ngành Kế toán tổng hợp,daniele15,
GHA,7340301,Kế toán,A01,23.55,,THPTQG,2020,chuyên ngành Kế toán tổng hợp,daniele15,
GHA,7340301,Kế toán,D01,23.55,,THPTQG,2020,chuyên ngành Kế toán tổng hợp,daniele15,
GHA,7340301,Kế toán,D07,23.55,,THPTQG,2020,chuyên ngành Kế toán tổng hợp,daniele15,
GHA,7340301QT,Kế toán,A00,19.60,,THPTQG,2020,Chương trình chất lượng cao Kế toán tổng hợp Việt - Anh,daniele15,
GHA,7340301QT,Kế toán,A01,19.60,,THPTQG,2020,Chương trình chất lượng cao Kế toán tổng hợp Việt - Anh,daniele15,
GHA,7340301QT,Kế toán,D01,19.60,,THPTQG,2020,Chương trình chất lượng cao Kế toán tổng hợp Việt - Anh,daniele15,
GHA,7340301QT,Kế toán,D07,19.60,,THPTQG,2020,Chương trình chất lượng cao Kế toán tổng hợp Việt - Anh,daniele15,
GHA,7460112,Toán ứng dụng,A00,16.40,,THPTQG,2020,chuyên ngành Toán - Tin ứng dụng,daniele15,
GHA,7460112,Toán ứng dụng,A01,16.40,,THPTQG,2020,chuyên ngành Toán - Tin ứng dụng,daniele15,
GHA,7460112,Toán ứng dụng,D07,16.40,,THPTQG,2020,chuyên ngành Toán - Tin ứng dụng,daniele15,
GHA,7480201,Công nghệ thông tin,A00,24.75,,THPTQG,2020,,daniele15,
GHA,7480201,Công nghệ thông tin,A01,24.75,,THPTQG,2020,,daniele15,
GHA,7480201,Công nghệ thông tin,D07,24.75,,THPTQG,2020,,daniele15,
GHA,7480201QT,Công nghệ thông tin,A00,23.30,,THPTQG,2020,Chương trình Công nghệ thông tin Việt - Anh,daniele15,
GHA,7480201QT,Công nghệ thông tin,A01,23.30,,THPTQG,2020,Chương trình Công nghệ thông tin Việt - Anh,daniele15,
GHA,7480201QT,Công nghệ thông tin,D01,23.30,,THPTQG,2020,Chương trình Công nghệ thông tin Việt - Anh,daniele15,
GHA,7480201QT,Công nghệ thông tin,D07,23.30,,THPTQG,2020,Chương trình Công nghệ thông tin Việt - Anh,daniele15,
GHA,7510104,Công nghệ kỹ thuật giao thông,A00,18.00,,THPTQG,2020,chuyên ngành Kỹ thuật an toàn giao thông,daniele15,
GHA,7510104,Công nghệ kỹ thuật giao thông,A01,18.00,,THPTQG,2020,chuyên ngành Kỹ thuật an toàn giao thông,daniele15,
GHA,7510104,Công nghệ kỹ thuật giao thông,D01,18.00,,THPTQG,2020,chuyên ngành Kỹ thuật an toàn giao thông,daniele15,
GHA,7510104,Công nghệ kỹ thuật giao thông,D07,18.00,,THPTQG,2020,chuyên ngành Kỹ thuật an toàn giao thông,daniele15,
GHA,7510605,Logistics và Quản lý chuỗi cung ứng,A00,25.00,,THPTQG,2020,,daniele15,
GHA,7510605,Logistics và Quản lý chuỗi cung ứng,A01,25.00,,THPTQG,2020,,daniele15,
GHA,7510605,Logistics và Quản lý chuỗi cung ứng,D01,25.00,,THPTQG,2020,,daniele15,
GHA,7510605,Logistics và Quản lý chuỗi cung ứng,D07,25.00,,THPTQG,2020,,daniele15,
GHA,7520103,Kỹ thuật cơ khí,A00,23.10,,THPTQG,2020,"gồm 2 chuyên ngành: Công nghệ chế tạo cơ khí, Tự động hóa thiết kế cơ khí",daniele15,
GHA,7520103,Kỹ thuật cơ khí,A01,23.10,,THPTQG,2020,"gồm 2 chuyên ngành: Công nghệ chế tạo cơ khí, Tự động hóa thiết kế cơ khí",daniele15,
GHA,7520103,Kỹ thuật cơ khí,D01,23.10,,THPTQG,2020,"gồm 2 chuyên ngành: Công nghệ chế tạo cơ khí, Tự động hóa thiết kế cơ khí",daniele15,
GHA,7520103,Kỹ thuật cơ khí,D07,23.10,,THPTQG,2020,"gồm 2 chuyên ngành: Công nghệ chế tạo cơ khí, Tự động hóa thiết kế cơ khí",daniele15,
GHA,7520103QT,Kỹ thuật cơ khí,A00,20.70,,THPTQG,2020,Chương trình Cơ khí ô tô Việt - Anh,daniele15,
GHA,7520103QT,Kỹ thuật cơ khí,A01,20.70,,THPTQG,2020,Chương trình Cơ khí ô tô Việt - Anh,daniele15,
GHA,7520103QT,Kỹ thuật cơ khí,D01,20.70,,THPTQG,2020,Chương trình Cơ khí ô tô Việt - Anh,daniele15,
GHA,7520103QT,Kỹ thuật cơ khí,D07,20.70,,THPTQG,2020,Chương trình Cơ khí ô tô Việt - Anh,daniele15,
GHA,7520114,Kỹ thuật cơ điện tử,A00,23.85,,THPTQG,2020,chuyên ngành Cơ điện tử,daniele15,
GHA,7520114,Kỹ thuật cơ điện tử,A01,23.85,,THPTQG,2020,chuyên ngành Cơ điện tử,daniele15,
GHA,7520114,Kỹ thuật cơ điện tử,D01,23.85,,THPTQG,2020,chuyên ngành Cơ điện tử,daniele15,
GHA,7520114,Kỹ thuật cơ điện tử,D07,23.85,,THPTQG,2020,chuyên ngành Cơ điện tử,daniele15,
GHA,7520115,Công nghệ Kỹ thuật Nhiệt (Cơ điện lạnh),A00,21.50,,THPTQG,2020,"gồm 2 chuyên ngành: Kỹ thuật nhiệt lạnh, Điều hòa không khí và thông gió công trình xây dựng",daniele15,
GHA,7520115,Công nghệ Kỹ thuật Nhiệt (Cơ điện lạnh),A01,21.50,,THPTQG,2020,"gồm 2 chuyên ngành: Kỹ thuật nhiệt lạnh, Điều hòa không khí và thông gió công trình xây dựng",daniele15,
GHA,7520115,Công nghệ Kỹ thuật Nhiệt (Cơ điện lạnh),D01,21.50,,THPTQG,2020,"gồm 2 chuyên ngành: Kỹ thuật nhiệt lạnh, Điều hòa không khí và thông gió công trình xây dựng",daniele15,
GHA,7520115,Công nghệ Kỹ thuật Nhiệt (Cơ điện lạnh),D07,21.50,,THPTQG,2020,"gồm 2 chuyên ngành: Kỹ thuật nhiệt lạnh, Điều hòa không khí và thông gió công trình xây dựng",daniele15,
GHA,7520116-01,"Nhóm chuyên ngành: Máy xây dựng, Cơ giới hóa xây dựng cầu đường, Cơ khí giao thông công chính.",A00,16.70,,THPTQG,2020,,daniele15,
GHA,7520116-01,"Nhóm chuyên ngành: Máy xây dựng, Cơ giới hóa xây dựng cầu đường, Cơ khí giao thông công chính.",A01,16.70,,THPTQG,2020,,daniele15,
GHA,7520116-01,"Nhóm chuyên ngành: Máy xây dựng, Cơ giới hóa xây dựng cầu đường, Cơ khí giao thông công chính.",D01,16.70,,THPTQG,2020,,daniele15,
GHA,7520116-01,"Nhóm chuyên ngành: Máy xây dựng, Cơ giới hóa xây dựng cầu đường, Cơ khí giao thông công chính.",D07,16.70,,THPTQG,2020,,daniele15,
GHA,7520116-02,"Nhóm chuyên ngành: Kỹ thuật phương tiện đường sắt, Tàu điện-metro, Đầu máy - Toa xe.",A00,16.35,,THPTQG,2020,,daniele15,
GHA,7520116-02,"Nhóm chuyên ngành: Kỹ thuật phương tiện đường sắt, Tàu điện-metro, Đầu máy - Toa xe.",A01,16.35,,THPTQG,2020,,daniele15,
GHA,7520116-02,"Nhóm chuyên ngành: Kỹ thuật phương tiện đường sắt, Tàu điện-metro, Đầu máy - Toa xe.",D01,16.35,,THPTQG,2020,,daniele15,
GHA,7520116-02,"Nhóm chuyên ngành: Kỹ thuật phương tiện đường sắt, Tàu điện-metro, Đầu máy - Toa xe.",D07,16.35,,THPTQG,2020,,daniele15,
GHA,7520116-03,Kỹ thuật máy động lực,A00,19.40,,THPTQG,2020,,daniele15,
GHA,7520116-03,Kỹ thuật máy động lực,A01,19.40,,THPTQG,2020,,daniele15,
GHA,7520116-03,Kỹ thuật máy động lực,D01,19.40,,THPTQG,2020,,daniele15,
GHA,7520116-03,Kỹ thuật máy động lực,D07,19.40,,THPTQG,2020,,daniele15,
GHA,7520130,Kỹ thuật ô tô,A00,24.55,,THPTQG,2020,,daniele15,
GHA,7520130,Kỹ thuật ô tô,A01,24.55,,THPTQG,2020,,daniele15,
GHA,7520130,Kỹ thuật ô tô,D01,24.55,,THPTQG,2020,,daniele15,
GHA,7520130,Kỹ thuật ô tô,D07,24.55,,THPTQG,2020,,daniele15,
GHA,7520201,Kỹ thuật điện,A00,21.45,,THPTQG,2020,"gồm 2 chuyên ngành: Trang bị điện trong công nghiệp và giao thông, Hệ thống điện giao thông và công nghiệp.",daniele15,
GHA,7520201,Kỹ thuật điện,A01,21.45,,THPTQG,2020,"gồm 2 chuyên ngành: Trang bị điện trong công nghiệp và giao thông, Hệ thống điện giao thông và công nghiệp.",daniele15,
GHA,7520201,Kỹ thuật điện,D07,21.45,,THPTQG,2020,"gồm 2 chuyên ngành: Trang bị điện trong công nghiệp và giao thông, Hệ thống điện giao thông và công nghiệp.",daniele15,
GHA,7520207,Kỹ thuật điện tử - viễn thông,A00,22.40,,THPTQG,2020,"gồm 3 chuyên ngành: Kỹ thuật điện tử và tin học công nghiệp, Kỹ thuật thông tin và truyền thông, Kỹ thuật viễn thông",daniele15,
GHA,7520207,Kỹ thuật điện tử - viễn thông,A01,22.40,,THPTQG,2020,"gồm 3 chuyên ngành: Kỹ thuật điện tử và tin học công nghiệp, Kỹ thuật thông tin và truyền thông, Kỹ thuật viễn thông",daniele15,
GHA,7520207,Kỹ thuật điện tử - viễn thông,D07,22.40,,THPTQG,2020,"gồm 3 chuyên ngành: Kỹ thuật điện tử và tin học công nghiệp, Kỹ thuật thông tin và truyền thông, Kỹ thuật viễn thông",daniele15,
GHA,7520216,Kỹ thuật điều khiển và tự động hoá,A00,24.05,,THPTQG,2020,"gồm 2 chuyên ngành: Kỹ thuật điều khiển và tự động hóa giao thông, Tự động hóa",daniele15,
GHA,7520216,Kỹ thuật điều khiển và tự động hoá,A01,24.05,,THPTQG,2020,"gồm 2 chuyên ngành: Kỹ thuật điều khiển và tự động hóa giao thông, Tự động hóa",daniele15,
GHA,7520216,Kỹ thuật điều khiển và tự động hoá,D01,24.05,,THPTQG,2020,"gồm 2 chuyên ngành: Kỹ thuật điều khiển và tự động hóa giao thông, Tự động hóa",daniele15,
GHA,7520216,Kỹ thuật điều khiển và tự động hoá,D07,24.05,,THPTQG,2020,"gồm 2 chuyên ngành: Kỹ thuật điều khiển và tự động hóa giao thông, Tự động hóa",daniele15,
GHA,7520320,Kỹ thuật môi trường,A00,16.05,,THPTQG,2020,chuyên ngành Kỹ thuật môi trường giao thông,daniele15,
GHA,7520320,Kỹ thuật môi trường,B00,16.05,,THPTQG,2020,chuyên ngành Kỹ thuật môi trường giao thông,daniele15,
GHA,7520320,Kỹ thuật môi trường,D01,16.05,,THPTQG,2020,chuyên ngành Kỹ thuật môi trường giao thông,daniele15,
GHA,7520320,Kỹ thuật môi trường,D07,16.05,,THPTQG,2020,chuyên ngành Kỹ thuật môi trường giao thông,daniele15,
GHA,7580201,Kỹ thuật xây dựng,A00,17.00,,THPTQG,2020,"gồm 4 chuyên ngành: Xây dựng dân dụng và công nghiệp, Kết cấu xây dựng, Kỹ thuật hạ tầng đô thị, Vật liệu và công nghệ xây dựng",daniele15,
GHA,7580201,Kỹ thuật xây dựng,A01,17.00,,THPTQG,2020,"gồm 4 chuyên ngành: Xây dựng dân dụng và công nghiệp, Kết cấu xây dựng, Kỹ thuật hạ tầng đô thị, Vật liệu và công nghệ xây dựng",daniele15,
GHA,7580201,Kỹ thuật xây dựng,D01,17.00,,THPTQG,2020,"gồm 4 chuyên ngành: Xây dựng dân dụng và công nghiệp, Kết cấu xây dựng, Kỹ thuật hạ tầng đô thị, Vật liệu và công nghệ xây dựng",daniele15,
GHA,7580201,Kỹ thuật xây dựng,D07,17.00,,THPTQG,2020,"gồm 4 chuyên ngành: Xây dựng dân dụng và công nghiệp, Kết cấu xây dựng, Kỹ thuật hạ tầng đô thị, Vật liệu và công nghệ xây dựng",daniele15,
GHA,7580201QT-01,Kỹ thuật xây dựng,A00,16.25,,THPTQG,2020,Chương trình tiên tiến Kỹ thuật xây dựng công trình giao thông,daniele15,
GHA,7580201QT-01,Kỹ thuật xây dựng,A01,16.25,,THPTQG,2020,Chương trình tiên tiến Kỹ thuật xây dựng công trình giao thông,daniele15,
GHA,7580201QT-01,Kỹ thuật xây dựng,D01,16.25,,THPTQG,2020,Chương trình tiên tiến Kỹ thuật xây dựng công trình giao thông,daniele15,
GHA,7580201QT-01,Kỹ thuật xây dựng,D07,16.25,,THPTQG,2020,Chương trình tiên tiến Kỹ thuật xây dựng công trình giao thông,daniele15,
GHA,7580201QT-02,Kỹ thuật xây dựng,A00,16.25,,THPTQG,2020,Chương trình chất lượng cao Vật liệu và Công nghệ Xây dựng Việt - Pháp,daniele15,
GHA,7580201QT-02,Kỹ thuật xây dựng,A01,16.25,,THPTQG,2020,Chương trình chất lượng cao Vật liệu và Công nghệ Xây dựng Việt - Pháp,daniele15,
GHA,7580201QT-02,Kỹ thuật xây dựng,D01,16.25,,THPTQG,2020,Chương trình chất lượng cao Vật liệu và Công nghệ Xây dựng Việt - Pháp,daniele15,
GHA,7580201QT-02,Kỹ thuật xây dựng,D03,16.25,,THPTQG,2020,Chương trình chất lượng cao Vật liệu và Công nghệ Xây dựng Việt - Pháp,daniele15,
GHA,7580202,Xây dựng công trình thủy,A00,16.55,,THPTQG,2020,Kỹ thuật xây dựng công trình thủy; Chuyên ngành Cảng công trình biển,daniele15,
GHA,7580202,Xây dựng công trình thủy,A01,16.55,,THPTQG,2020,Kỹ thuật xây dựng công trình thủy; Chuyên ngành Cảng công trình biển,daniele15,
GHA,7580202,Xây dựng công trình thủy,D01,16.55,,THPTQG,2020,Kỹ thuật xây dựng công trình thủy; Chuyên ngành Cảng công trình biển,daniele15,
GHA,7580202,Xây dựng công trình thủy,D07,16.55,,THPTQG,2020,Kỹ thuật xây dựng công trình thủy; Chuyên ngành Cảng công trình biển,daniele15,
GHA,7580205-01,Cầu đường bộ,A00,17.10,,THPTQG,2020,,daniele15,
GHA,7580205-01,Cầu đường bộ,A01,17.10,,THPTQG,2020,,daniele15,
GHA,7580205-01,Cầu đường bộ,D01,17.10,,THPTQG,2020,,daniele15,
GHA,7580205-01,Cầu đường bộ,D07,17.10,,THPTQG,2020,,daniele15,
GHA,7580205-02,"Nhóm chuyên ngành: Đường bộ, Kỹ thuật giao thông đường bộ",A00,17.15,,THPTQG,2020,,daniele15,
GHA,7580205-02,"Nhóm chuyên ngành: Đường bộ, Kỹ thuật giao thông đường bộ",A01,17.15,,THPTQG,2020,,daniele15,
GHA,7580205-02,"Nhóm chuyên ngành: Đường bộ, Kỹ thuật giao thông đường bộ",D01,17.15,,THPTQG,2020,,daniele15,
GHA,7580205-02,"Nhóm chuyên ngành: Đường bộ, Kỹ thuật giao thông đường bộ",D07,17.15,,THPTQG,2020,,daniele15,
GHA,7580205-03,"Nhóm chuyên ngành: Cầu hầm, Đường hầm và metro",A00,16.75,,THPTQG,2020,,daniele15,
GHA,7580205-03,"Nhóm chuyên ngành: Cầu hầm, Đường hầm và metro",A01,16.75,,THPTQG,2020,,daniele15,
GHA,7580205-03,"Nhóm chuyên ngành: Cầu hầm, Đường hầm và metro",D01,16.75,,THPTQG,2020,,daniele15,
GHA,7580205-03,"Nhóm chuyên ngành: Cầu hầm, Đường hầm và metro",D07,16.75,,THPTQG,2020,,daniele15,
GHA,7580205-04,"Nhóm chuyên ngành: Đường sắt, Cầu-Đường sắt, Đường sắt đô thị",A00,17.20,,THPTQG,2020,,daniele15,
GHA,7580205-04,"Nhóm chuyên ngành: Đường sắt, Cầu-Đường sắt, Đường sắt đô thị",A01,17.20,,THPTQG,2020,,daniele15,
GHA,7580205-04,"Nhóm chuyên ngành: Đường sắt, Cầu-Đường sắt, Đường sắt đô thị",D01,17.20,,THPTQG,2020,,daniele15,
GHA,7580205-04,"Nhóm chuyên ngành: Đường sắt, Cầu-Đường sắt, Đường sắt đô thị",D07,17.20,,THPTQG,2020,,daniele15,
GHA,7580205-05,"Nhóm chuyên ngành: Đường ô tô và Sân bay, Cầu - Đường ô tô và Sân bay",A00,16.20,,THPTQG,2020,,daniele15,
GHA,7580205-05,"Nhóm chuyên ngành: Đường ô tô và Sân bay, Cầu - Đường ô tô và Sân bay",A01,16.20,,THPTQG,2020,,daniele15,
GHA,7580205-05,"Nhóm chuyên ngành: Đường ô tô và Sân bay, Cầu - Đường ô tô và Sân bay",D01,16.20,,THPTQG,2020,,daniele15,
GHA,7580205-05,"Nhóm chuyên ngành: Đường ô tô và Sân bay, Cầu - Đường ô tô và Sân bay",D07,16.20,,THPTQG,2020,,daniele15,
GHA,7580205-06,"Nhóm chuyên ngành: Công trình giao thông công chính, Công trình giao thông đô thị",A00,16.15,,THPTQG,2020,,daniele15,
GHA,7580205-06,"Nhóm chuyên ngành: Công trình giao thông công chính, Công trình giao thông đô thị",A01,16.15,,THPTQG,2020,,daniele15,
GHA,7580205-06,"Nhóm chuyên ngành: Công trình giao thông công chính, Công trình giao thông đô thị",D01,16.15,,THPTQG,2020,,daniele15,
GHA,7580205-06,"Nhóm chuyên ngành: Công trình giao thông công chính, Công trình giao thông đô thị",D07,16.15,,THPTQG,2020,,daniele15,
GHA,7580205-07,Tự động hóa thiết kế cầu đường,A00,16.45,,THPTQG,2020,,daniele15,
GHA,7580205-07,Tự động hóa thiết kế cầu đường,A01,16.45,,THPTQG,2020,,daniele15,
GHA,7580205-07,Tự động hóa thiết kế cầu đường,D01,16.45,,THPTQG,2020,,daniele15,
GHA,7580205-07,Tự động hóa thiết kế cầu đường,D07,16.45,,THPTQG,2020,,daniele15,
GHA,7580205-08,"Nhóm chuyên ngành: Địa kỹ thuật, Kỹ thuật GIS và trắc địa công trình",A00,16.10,,THPTQG,2020,,daniele15,
GHA,7580205-08,"Nhóm chuyên ngành: Địa kỹ thuật, Kỹ thuật GIS và trắc địa công trình",A01,16.10,,THPTQG,2020,,daniele15,
GHA,7580205-08,"Nhóm chuyên ngành: Địa kỹ thuật, Kỹ thuật GIS và trắc địa công trình",D01,16.10,,THPTQG,2020,,daniele15,
GHA,7580205-08,"Nhóm chuyên ngành: Địa kỹ thuật, Kỹ thuật GIS và trắc địa công trình",D07,16.10,,THPTQG,2020,,daniele15,
GHA,7580205QT,kỹ thuật xây dựng công trình giao thông,A00,16.25,,THPTQG,2020,"gồm 3 chương trình chất lượng cao: Cầu - Đường bộ Việt - Pháp, Cầu - Đường bộ Việt - Anh, Công trình Giao thông đô thị Việt - Nhật",daniele15,
GHA,7580205QT,kỹ thuật xây dựng công trình giao thông,A01,16.25,,THPTQG,2020,"gồm 3 chương trình chất lượng cao: Cầu - Đường bộ Việt - Pháp, Cầu - Đường bộ Việt - Anh, Công trình Giao thông đô thị Việt - Nhật",daniele15,
GHA,7580205QT,kỹ thuật xây dựng công trình giao thông,D01,16.25,,THPTQG,2020,"gồm 3 chương trình chất lượng cao: Cầu - Đường bộ Việt - Pháp, Cầu - Đường bộ Việt - Anh, Công trình Giao thông đô thị Việt - Nhật",daniele15,
GHA,7580205QT,kỹ thuật xây dựng công trình giao thông,D07,16.25,,THPTQG,2020,"gồm 3 chương trình chất lượng cao: Cầu - Đường bộ Việt - Pháp, Cầu - Đường bộ Việt - Anh, Công trình Giao thông đô thị Việt - Nhật",daniele15,
GHA,7580301,Kinh tế xây dựng,A00,20.40,,THPTQG,2020,"ồm 2 chuyên ngành: Kinh tế quản lý khai thác cầu đường, Kinh tế xây dựng công trình giao thông",daniele15,
GHA,7580301,Kinh tế xây dựng,A01,20.40,,THPTQG,2020,"ồm 2 chuyên ngành: Kinh tế quản lý khai thác cầu đường, Kinh tế xây dựng công trình giao thông",daniele15,
GHA,7580301,Kinh tế xây dựng,D01,20.40,,THPTQG,2020,"ồm 2 chuyên ngành: Kinh tế quản lý khai thác cầu đường, Kinh tế xây dựng công trình giao thông",daniele15,
GHA,7580301,Kinh tế xây dựng,D07,20.40,,THPTQG,2020,"ồm 2 chuyên ngành: Kinh tế quản lý khai thác cầu đường, Kinh tế xây dựng công trình giao thông",daniele15,
GHA,7580301QT,Kinh tế xây dựng,A00,16.60,,THPTQG,2020,Chương trình chất lượng cao Kinh tế xây dựng công trình Giao thông Việt - Anh,daniele15,
GHA,7580301QT,Kinh tế xây dựng,A01,16.60,,THPTQG,2020,Chương trình chất lượng cao Kinh tế xây dựng công trình Giao thông Việt - Anh,daniele15,
GHA,7580301QT,Kinh tế xây dựng,D01,16.60,,THPTQG,2020,Chương trình chất lượng cao Kinh tế xây dựng công trình Giao thông Việt - Anh,daniele15,
GHA,7580301QT,Kinh tế xây dựng,D07,16.60,,THPTQG,2020,Chương trình chất lượng cao Kinh tế xây dựng công trình Giao thông Việt - Anh,daniele15,
GHA,7580302,Quản lý xây dựng,A00,17.20,,THPTQG,2020,,daniele15,
GHA,7580302,Quản lý xây dựng,A01,17.20,,THPTQG,2020,,daniele15,
GHA,7580302,Quản lý xây dựng,D01,17.20,,THPTQG,2020,,daniele15,
GHA,7580302,Quản lý xây dựng,D07,17.20,,THPTQG,2020,,daniele15,
GHA,7810103,Quản trị dịch vụ du lịch và lữ hành,A00,22.00,,THPTQG,2020,,daniele15,
GHA,7810103,Quản trị dịch vụ du lịch và lữ hành,A01,22.00,,THPTQG,2020,,daniele15,
GHA,7810103,Quản trị dịch vụ du lịch và lữ hành,D01,22.00,,THPTQG,2020,,daniele15,
GHA,7810103,Quản trị dịch vụ du lịch và lữ hành,D07,22.00,,THPTQG,2020,,daniele15,
GHA,7840101,Khai thác vận tải,A00,21.95,,THPTQG,2020,"gồm 4 chuyên ngành: Khai thác vận tải đường sắt đô thị, Vận tải đường bộ và thành phố,Vận tải - Thương mại quốc tế, Qui hoạch và quản lý GTVT đô thị",daniele15,
GHA,7840101,Khai thác vận tải,A01,21.95,,THPTQG,2020,"gồm 4 chuyên ngành: Khai thác vận tải đường sắt đô thị, Vận tải đường bộ và thành phố,Vận tải - Thương mại quốc tế, Qui hoạch và quản lý GTVT đô thị",daniele15,
GHA,7840101,Khai thác vận tải,D01,21.95,,THPTQG,2020,"gồm 4 chuyên ngành: Khai thác vận tải đường sắt đô thị, Vận tải đường bộ và thành phố,Vận tải - Thương mại quốc tế, Qui hoạch và quản lý GTVT đô thị",daniele15,
GHA,7840101,Khai thác vận tải,D07,21.95,,THPTQG,2020,"gồm 4 chuyên ngành: Khai thác vận tải đường sắt đô thị, Vận tải đường bộ và thành phố,Vận tải - Thương mại quốc tế, Qui hoạch và quản lý GTVT đô thị",daniele15,
GHA,7840104,Kinh tế vận tải,A00,20.70,,THPTQG,2020,"gồm 2 chuyên ngành: Kinh tế vận tải ô tô, Kinh tế vận tải đường sắt",daniele15,
GHA,7840104,Kinh tế vận tải,A01,20.70,,THPTQG,2020,"gồm 2 chuyên ngành: Kinh tế vận tải ô tô, Kinh tế vận tải đường sắt",daniele15,
GHA,7840104,Kinh tế vận tải,D01,20.70,,THPTQG,2020,"gồm 2 chuyên ngành: Kinh tế vận tải ô tô, Kinh tế vận tải đường sắt",daniele15,
GHA,7840104,Kinh tế vận tải,D07,20.70,,THPTQG,2020,"gồm 2 chuyên ngành: Kinh tế vận tải ô tô, Kinh tế vận tải đường sắt",daniele15,
GNT,7140221,Sư phạm Âm nhạc,N00,30.00,,THPTQG,2020,,daniele15,
GNT,7140222,Sư phạm Mỹ thuật,H00,29.00,,THPTQG,2020,,daniele15,
GNT,7210103,Hội hoạ,H00,29.00,,THPTQG,2020,,daniele15,
GNT,7210205,Thanh nhạc,N00,38.00,40,THPTQG,2020,Điểm thi môn chuyên ngành thanh nhạc phải đạt từ 8 trở lên | thang 40 (suy ra),daniele15,
GNT,7210208,Piano,N00,36.00,40,THPTQG,2020,Điểm thi môn chuyên ngành piano phải đạt tử 7 trở lên | thang 40 (suy ra),daniele15,
GNT,7210234,"Diễn viên kịch, điện ảnh - truyền hình",,25.00,,THPTQG,2020,,daniele15,
GNT,7210403,Thiết kế đồ họa,H00,35.00,40,THPTQG,2020,thang 40 (suy ra),daniele15,
GNT,7210404,Thiết kế thời trang,H00,29.00,,THPTQG,2020,,daniele15,
GNT,7229042,Quản lý văn hoá,H00,28.00,,THPTQG,2020,,daniele15,
GNT,7540204,"Công nghệ dệt, may",A00,28.00,,THPTQG,2020,,daniele15,
GNT,7540204,"Công nghệ dệt, may",D01,28.00,,THPTQG,2020,,daniele15,
GNT,7540204,"Công nghệ dệt, may",H00,28.00,,THPTQG,2020,,daniele15,
GSA,7310101,Kinh tế,A00,21.40,,THPTQG,2020,,daniele15,
GSA,7310101,Kinh tế,A01,21.40,,THPTQG,2020,,daniele15,
GSA,7310101,Kinh tế,D01,21.40,,THPTQG,2020,,daniele15,
GSA,7310101,Kinh tế,D07,21.40,,THPTQG,2020,,daniele15,
GSA,7340101,Quản trị kinh doanh,A00,22.15,,THPTQG,2020,,daniele15,
GSA,7340101,Quản trị kinh doanh,A01,22.15,,THPTQG,2020,,daniele15,
GSA,7340101,Quản trị kinh doanh,D01,22.15,,THPTQG,2020,,daniele15,
GSA,7340101,Quản trị kinh doanh,D07,22.15,,THPTQG,2020,,daniele15,
GSA,7340301,Kế toán,A00,22.00,,THPTQG,2020,,daniele15,
GSA,7340301,Kế toán,A01,22.00,,THPTQG,2020,,daniele15,
GSA,7340301,Kế toán,D01,22.00,,THPTQG,2020,,daniele15,
GSA,7340301,Kế toán,D07,22.00,,THPTQG,2020,,daniele15,
GSA,7480201,Công nghệ thông tin,A00,22.30,,THPTQG,2020,,daniele15,
GSA,7480201,Công nghệ thông tin,A01,22.30,,THPTQG,2020,,daniele15,
GSA,7480201,Công nghệ thông tin,D01,22.30,,THPTQG,2020,,daniele15,
GSA,7480201,Công nghệ thông tin,D07,22.30,,THPTQG,2020,,daniele15,
GSA,7510605,Logistics và Quản lý chuỗi cung ứng,A00,24.40,,THPTQG,2020,,daniele15,
GSA,7510605,Logistics và Quản lý chuỗi cung ứng,A01,24.40,,THPTQG,2020,,daniele15,
GSA,7510605,Logistics và Quản lý chuỗi cung ứng,C01,24.40,,THPTQG,2020,,daniele15,
GSA,7510605,Logistics và Quản lý chuỗi cung ứng,D01,24.40,,THPTQG,2020,,daniele15,
GSA,7520114,Kỹ thuật cơ điện tử,A00,20.80,,THPTQG,2020,,daniele15,
GSA,7520114,Kỹ thuật cơ điện tử,A01,20.80,,THPTQG,2020,,daniele15,
GSA,7520114,Kỹ thuật cơ điện tử,D01,20.80,,THPTQG,2020,,daniele15,
GSA,7520114,Kỹ thuật cơ điện tử,D07,20.80,,THPTQG,2020,,daniele15,
GSA,7520116,Kỹ thuật cơ khí động lực,A00,21.20,,THPTQG,2020,,daniele15,
GSA,7520116,Kỹ thuật cơ khí động lực,A01,21.20,,THPTQG,2020,,daniele15,
GSA,7520116,Kỹ thuật cơ khí động lực,D01,21.20,,THPTQG,2020,,daniele15,
GSA,7520116,Kỹ thuật cơ khí động lực,D07,21.20,,THPTQG,2020,,daniele15,
GSA,7520130,Kỹ thuật ô tô,A00,22.95,,THPTQG,2020,,daniele15,
GSA,7520130,Kỹ thuật ô tô,A01,22.95,,THPTQG,2020,,daniele15,
GSA,7520130,Kỹ thuật ô tô,D01,22.95,,THPTQG,2020,,daniele15,
GSA,7520130,Kỹ thuật ô tô,D07,22.95,,THPTQG,2020,,daniele15,
GSA,7520201,Kỹ thuật điện,A00,20.60,,THPTQG,2020,,daniele15,
GSA,7520201,Kỹ thuật điện,A01,20.60,,THPTQG,2020,,daniele15,
GSA,7520201,Kỹ thuật điện,D01,20.60,,THPTQG,2020,,daniele15,
GSA,7520201,Kỹ thuật điện,D07,20.60,,THPTQG,2020,,daniele15,
GSA,7520207,Kỹ thuật điện tử - viễn thông,A00,19.00,,THPTQG,2020,,daniele15,
GSA,7520207,Kỹ thuật điện tử - viễn thông,A01,19.00,,THPTQG,2020,,daniele15,
GSA,7520207,Kỹ thuật điện tử - viễn thông,D01,19.00,,THPTQG,2020,,daniele15,
GSA,7520207,Kỹ thuật điện tử - viễn thông,D07,19.00,,THPTQG,2020,,daniele15,
GSA,7520216,Kỹ thuật điều khiển và tự động hoá,A00,21.55,,THPTQG,2020,,daniele15,
GSA,7520216,Kỹ thuật điều khiển và tự động hoá,A01,21.55,,THPTQG,2020,,daniele15,
GSA,7520216,Kỹ thuật điều khiển và tự động hoá,D01,21.55,,THPTQG,2020,,daniele15,
GSA,7520216,Kỹ thuật điều khiển và tự động hoá,D07,21.55,,THPTQG,2020,,daniele15,
GSA,7580101,Kiến trúc,A00,16.10,,THPTQG,2020,,daniele15,
GSA,7580101,Kiến trúc,A01,16.10,,THPTQG,2020,,daniele15,
GSA,7580101,Kiến trúc,V00,16.10,,THPTQG,2020,,daniele15,
GSA,7580101,Kiến trúc,V01,16.10,,THPTQG,2020,,daniele15,
GSA,7580201,Kỹ thuật xây dựng,A00,19.20,,THPTQG,2020,,daniele15,
GSA,7580201,Kỹ thuật xây dựng,A01,19.20,,THPTQG,2020,,daniele15,
GSA,7580201,Kỹ thuật xây dựng,D01,19.20,,THPTQG,2020,,daniele15,
GSA,7580201,Kỹ thuật xây dựng,D07,19.20,,THPTQG,2020,,daniele15,
GSA,7580205,kỹ thuật xây dựng công trình giao thông,A00,16.05,,THPTQG,2020,,daniele15,
GSA,7580205,kỹ thuật xây dựng công trình giao thông,A01,16.05,,THPTQG,2020,,daniele15,
GSA,7580205,kỹ thuật xây dựng công trình giao thông,D01,16.05,,THPTQG,2020,,daniele15,
GSA,7580205,kỹ thuật xây dựng công trình giao thông,D07,16.05,,THPTQG,2020,,daniele15,
GSA,7580301,Kinh tế xây dựng,A00,19.80,,THPTQG,2020,,daniele15,
GSA,7580301,Kinh tế xây dựng,A01,19.80,,THPTQG,2020,,daniele15,
GSA,7580301,Kinh tế xây dựng,C01,19.80,,THPTQG,2020,,daniele15,
GSA,7580301,Kinh tế xây dựng,D01,19.80,,THPTQG,2020,,daniele15,
GSA,7580302,Quản lý xây dựng,A00,19.25,,THPTQG,2020,,daniele15,
GSA,7580302,Quản lý xây dựng,A01,19.25,,THPTQG,2020,,daniele15,
GSA,7580302,Quản lý xây dựng,D01,19.25,,THPTQG,2020,,daniele15,
GSA,7580302,Quản lý xây dựng,D07,19.25,,THPTQG,2020,,daniele15,
GSA,7840101,Khai thác vận tải,A00,23.65,,THPTQG,2020,,daniele15,
GSA,7840101,Khai thác vận tải,A01,23.65,,THPTQG,2020,,daniele15,
GSA,7840101,Khai thác vận tải,D01,23.65,,THPTQG,2020,,daniele15,
GSA,7840101,Khai thác vận tải,D07,23.65,,THPTQG,2020,,daniele15,
GSA,7840104,Kinh tế vận tải,A00,22.40,,THPTQG,2020,chuyên ngành: Kinh tế Vận tải Du lịch,daniele15,
GSA,7840104,Kinh tế vận tải,A01,22.40,,THPTQG,2020,chuyên ngành: Kinh tế Vận tải Du lịch,daniele15,
GSA,7840104,Kinh tế vận tải,C01,22.40,,THPTQG,2020,chuyên ngành: Kinh tế Vận tải Du lịch,daniele15,
GSA,7840104,Kinh tế vận tải,D01,22.40,,THPTQG,2020,chuyên ngành: Kinh tế Vận tải Du lịch,daniele15,
GTA,7340101,Quản trị Doanh nghiệp,A00,20.50,,THPTQG,2020,,daniele15,
GTA,7340101,Quản trị Doanh nghiệp,A01,20.50,,THPTQG,2020,,daniele15,
GTA,7340101,Quản trị Doanh nghiệp,D01,20.50,,THPTQG,2020,,daniele15,
GTA,7340101,Quản trị Doanh nghiệp,D07,20.50,,THPTQG,2020,,daniele15,
GTA,7340122,Thương mại điện tử,A00,22.50,,THPTQG,2020,,daniele15,
GTA,7340122,Thương mại điện tử,A01,22.50,,THPTQG,2020,,daniele15,
GTA,7340122,Thương mại điện tử,D01,22.50,,THPTQG,2020,,daniele15,
GTA,7340122,Thương mại điện tử,D07,22.50,,THPTQG,2020,,daniele15,
GTA,7340201,Tài chính - Ngân hàng,A00,19.50,,THPTQG,2020,,daniele15,
GTA,7340201,Tài chính - Ngân hàng,A01,19.50,,THPTQG,2020,,daniele15,
GTA,7340201,Tài chính - Ngân hàng,D01,19.50,,THPTQG,2020,,daniele15,
GTA,7340201,Tài chính - Ngân hàng,D07,19.50,,THPTQG,2020,,daniele15,
GTA,7340301,Kế toán,A00,19.00,,THPTQG,2020,,daniele15,
GTA,7340301,Kế toán,A01,19.00,,THPTQG,2020,,daniele15,
GTA,7340301,Kế toán,D01,19.00,,THPTQG,2020,,daniele15,
GTA,7340301,Kế toán,D07,19.00,,THPTQG,2020,,daniele15,
GTA,7480102,Mạng máy tính và Truyền thông dữ liệu,A00,19.00,,THPTQG,2020,,daniele15,
GTA,7480102,Mạng máy tính và Truyền thông dữ liệu,A01,19.00,,THPTQG,2020,,daniele15,
GTA,7480102,Mạng máy tính và Truyền thông dữ liệu,D01,19.00,,THPTQG,2020,,daniele15,
GTA,7480102,Mạng máy tính và Truyền thông dữ liệu,D07,19.00,,THPTQG,2020,,daniele15,
GTA,7480104,Hệ thống thông tin,A00,19.50,,THPTQG,2020,,daniele15,
GTA,7480104,Hệ thống thông tin,A01,19.50,,THPTQG,2020,,daniele15,
GTA,7480104,Hệ thống thông tin,D01,19.50,,THPTQG,2020,,daniele15,
GTA,7480104,Hệ thống thông tin,D07,19.50,,THPTQG,2020,,daniele15,
GTA,7480201,Công nghệ thông tin,A00,23.00,,THPTQG,2020,,daniele15,
GTA,7480201,Công nghệ thông tin,A01,23.00,,THPTQG,2020,,daniele15,
GTA,7480201,Công nghệ thông tin,D01,23.00,,THPTQG,2020,,daniele15,
GTA,7480201,Công nghệ thông tin,D07,23.00,,THPTQG,2020,,daniele15,
GTA,7510102VP,Công nghệ kỹ thuật công trình xây dựng,A00,15.50,,THPTQG,2020,,daniele15,
GTA,7510102VP,Công nghệ kỹ thuật công trình xây dựng,A01,15.50,,THPTQG,2020,,daniele15,
GTA,7510102VP,Công nghệ kỹ thuật công trình xây dựng,D01,15.50,,THPTQG,2020,,daniele15,
GTA,7510102VP,Công nghệ kỹ thuật công trình xây dựng,D07,15.50,,THPTQG,2020,,daniele15,
GTA,7510104VP,Công nghệ kỹ thuật giao thông,A00,15.50,,THPTQG,2020,,daniele15,
GTA,7510104VP,Công nghệ kỹ thuật giao thông,A01,15.50,,THPTQG,2020,,daniele15,
GTA,7510104VP,Công nghệ kỹ thuật giao thông,D01,15.50,,THPTQG,2020,,daniele15,
GTA,7510104VP,Công nghệ kỹ thuật giao thông,D07,15.50,,THPTQG,2020,,daniele15,
GTA,7510201,Công nghệ kỹ thuật cơ khí,A00,17.00,,THPTQG,2020,,daniele15,
GTA,7510201,Công nghệ kỹ thuật cơ khí,A01,17.00,,THPTQG,2020,,daniele15,
GTA,7510201,Công nghệ kỹ thuật cơ khí,D01,17.00,,THPTQG,2020,,daniele15,
GTA,7510201,Công nghệ kỹ thuật cơ khí,D07,17.00,,THPTQG,2020,,daniele15,
GTA,7510203,Công nghệ kỹ thuật cơ điện tử,A00,20.00,,THPTQG,2020,,daniele15,
GTA,7510203,Công nghệ kỹ thuật cơ điện tử,A01,20.00,,THPTQG,2020,,daniele15,
GTA,7510203,Công nghệ kỹ thuật cơ điện tử,D01,20.00,,THPTQG,2020,,daniele15,
GTA,7510203,Công nghệ kỹ thuật cơ điện tử,D07,20.00,,THPTQG,2020,,daniele15,
GTA,7510205TN,Công nghệ kỹ thuật ô tô,A00,22.00,,THPTQG,2020,,daniele15,
GTA,7510205TN,Công nghệ kỹ thuật ô tô,A01,22.00,,THPTQG,2020,,daniele15,
GTA,7510205TN,Công nghệ kỹ thuật ô tô,D01,22.00,,THPTQG,2020,,daniele15,
GTA,7510205TN,Công nghệ kỹ thuật ô tô,D07,22.00,,THPTQG,2020,,daniele15,
GTA,7510302,Công nghệ kỹ thuật điện tử - viễn thông,A00,18.50,,THPTQG,2020,,daniele15,
GTA,7510302,Công nghệ kỹ thuật điện tử - viễn thông,A01,18.50,,THPTQG,2020,,daniele15,
GTA,7510302,Công nghệ kỹ thuật điện tử - viễn thông,D01,18.50,,THPTQG,2020,,daniele15,
GTA,7510302,Công nghệ kỹ thuật điện tử - viễn thông,D07,18.50,,THPTQG,2020,,daniele15,
GTA,7510406,Công nghệ kỹ thuật môi trường,A00,15.50,,THPTQG,2020,,daniele15,
GTA,7510406,Công nghệ kỹ thuật môi trường,A01,15.50,,THPTQG,2020,,daniele15,
GTA,7510406,Công nghệ kỹ thuật môi trường,D01,15.50,,THPTQG,2020,,daniele15,
GTA,7510406,Công nghệ kỹ thuật môi trường,D07,15.50,,THPTQG,2020,,daniele15,
GTA,7510605,Logistics và Quản lý chuỗi cung ứng,A00,24.00,,THPTQG,2020,,daniele15,
GTA,7510605,Logistics và Quản lý chuỗi cung ứng,A01,24.00,,THPTQG,2020,,daniele15,
GTA,7510605,Logistics và Quản lý chuỗi cung ứng,D01,24.00,,THPTQG,2020,,daniele15,
GTA,7510605,Logistics và Quản lý chuỗi cung ứng,D07,24.00,,THPTQG,2020,,daniele15,
GTA,7580301,Kinh tế,A00,15.50,,THPTQG,2020,,daniele15,
GTA,7580301,Kinh tế,A01,15.50,,THPTQG,2020,,daniele15,
GTA,7580301,Kinh tế,D01,15.50,,THPTQG,2020,,daniele15,
GTA,7840101,Khai thác vận tải,A00,17.00,,THPTQG,2020,,daniele15,
GTA,7840101,Khai thác vận tải,A01,17.00,,THPTQG,2020,,daniele15,
GTA,7840101,Khai thác vận tải,D01,17.00,,THPTQG,2020,,daniele15,
GTA,7840101,Khai thác vận tải,D07,17.00,,THPTQG,2020,,daniele15,
GTS,7480102,Mạng máy tính và Truyền thông dữ liệu,A00,19.00,,THPTQG,2020,,daniele15,
GTS,7480102,Mạng máy tính và Truyền thông dữ liệu,A01,19.00,,THPTQG,2020,,daniele15,
GTS,7480201,Công nghệ thông tin,A00,23.90,,THPTQG,2020,,daniele15,
GTS,7480201,Công nghệ thông tin,A01,23.90,,THPTQG,2020,,daniele15,
GTS,7480201H,Công nghệ thông tin,A00,17.40,,THPTQG,2020,,daniele15,
GTS,7480201H,Công nghệ thông tin,A01,17.40,,THPTQG,2020,,daniele15,
GTS,7510605,Logistics và Quản lý chuỗi cung ứng,A00,25.40,,THPTQG,2020,Quản trị logistics và vận tải đa phương tiện,daniele15,
GTS,7510605,Logistics và Quản lý chuỗi cung ứng,A01,25.40,,THPTQG,2020,Quản trị logistics và vận tải đa phương tiện,daniele15,
GTS,7510605,Logistics và Quản lý chuỗi cung ứng,D01,25.40,,THPTQG,2020,Quản trị logistics và vận tải đa phương tiện,daniele15,
GTS,7520103,Kỹ thuật cơ khí,A00,21.60,,THPTQG,2020,,daniele15,
GTS,7520103,Kỹ thuật cơ khí,A01,21.60,,THPTQG,2020,,daniele15,
GTS,7520103H,Kỹ thuật cơ khí,A00,19.30,,THPTQG,2020,Cơ khí ô tô,daniele15,
GTS,7520103H,Kỹ thuật cơ khí,A01,19.30,,THPTQG,2020,Cơ khí ô tô,daniele15,
GTS,7520121,Kỹ thuật tàu thuỷ,A00,15.00,,THPTQG,2020,Thiết kế thân tàu thủy,daniele15,
GTS,7520121,Kỹ thuật tàu thuỷ,A01,15.00,,THPTQG,2020,Thiết kế thân tàu thủy,daniele15,
GTS,7520122,Kỹ thuật tàu thuỷ,A00,15.00,,THPTQG,2020,Công nghệ đóng tàu thủy,daniele15,
GTS,7520122,Kỹ thuật tàu thuỷ,A01,15.00,,THPTQG,2020,Công nghệ đóng tàu thủy,daniele15,
GTS,75201223,Kỹ thuật tàu thuỷ,A00,15.00,,THPTQG,2020,Kỹ thuật công trình ngoài khơi,daniele15,
GTS,75201223,Kỹ thuật tàu thuỷ,A01,15.00,,THPTQG,2020,Kỹ thuật công trình ngoài khơi,daniele15,
GTS,7520130,Kỹ thuật ô tô,A00,23.80,,THPTQG,2020,Cơ khí ôtô,daniele15,
GTS,7520130,Kỹ thuật ô tô,A01,23.80,,THPTQG,2020,Cơ khí ôtô,daniele15,
GTS,75202011,Kỹ thuật điện,A00,21.00,,THPTQG,2020,Điện công nghiệp,daniele15,
GTS,75202011,Kỹ thuật điện,A01,21.00,,THPTQG,2020,Điện công nghiệp,daniele15,
GTS,75202012,Kỹ thuật điện,A00,15.00,,THPTQG,2020,Hệ thống điện giao thông,daniele15,
GTS,75202012,Kỹ thuật điện,A01,15.00,,THPTQG,2020,Hệ thống điện giao thông,daniele15,
GTS,7520207,Kỹ thuật điện tử - viễn thông,A00,17.80,,THPTQG,2020,Điện tử viễn thông,daniele15,
GTS,7520207,Kỹ thuật điện tử - viễn thông,A01,17.80,,THPTQG,2020,Điện tử viễn thông,daniele15,
GTS,7520207H,Kỹ thuật điện tử - viễn thông,A00,15.00,,THPTQG,2020,,daniele15,
GTS,7520207H,Kỹ thuật điện tử - viễn thông,A01,15.00,,THPTQG,2020,,daniele15,
GTS,7520216,Kỹ thuật điều khiển và tự động hoá,A00,23.00,,THPTQG,2020,Tự động hóa công nghiệp,daniele15,
GTS,7520216,Kỹ thuật điều khiển và tự động hoá,A01,23.00,,THPTQG,2020,Tự động hóa công nghiệp,daniele15,
GTS,7520216H,Kỹ thuật điều khiển và tự động hoá,A00,17.00,,THPTQG,2020,,daniele15,
GTS,7520216H,Kỹ thuật điều khiển và tự động hoá,A01,17.00,,THPTQG,2020,,daniele15,
GTS,7520320,Kỹ thuật môi trường,A00,15.00,,THPTQG,2020,,daniele15,
GTS,7520320,Kỹ thuật môi trường,A01,15.00,,THPTQG,2020,,daniele15,
GTS,7520320,Kỹ thuật môi trường,B00,15.00,,THPTQG,2020,,daniele15,
GTS,75802011,Kỹ thuật xây dựng,A00,17.20,,THPTQG,2020,Xây dựng dân dụng và công nghiệp,daniele15,
GTS,75802011,Kỹ thuật xây dựng,A01,17.20,,THPTQG,2020,Xây dựng dân dụng và công nghiệp,daniele15,
GTS,75802012,Kỹ thuật xây dựng,A00,17.50,,THPTQG,2020,(Kỹ thuật kết cấu công trình),daniele15,
GTS,75802012,Kỹ thuật xây dựng,A01,17.50,,THPTQG,2020,(Kỹ thuật kết cấu công trình),daniele15,
GTS,75802013,Kỹ thuật xây dựng,A00,15.00,,THPTQG,2020,Kỹ thuật nền móng và công trình ngầm,daniele15,
GTS,75802013,Kỹ thuật xây dựng,A01,15.00,,THPTQG,2020,Kỹ thuật nền móng và công trình ngầm,daniele15,
GTS,7580201H,Kỹ thuật xây dựng,A00,15.00,,THPTQG,2020,,daniele15,
GTS,7580201H,Kỹ thuật xây dựng,A01,15.00,,THPTQG,2020,,daniele15,
GTS,7580202,Xây dựng công trình thủy,A00,15.00,,THPTQG,2020,Xây dựng cảng và công trình giao thông thủy,daniele15,
GTS,7580202,Xây dựng công trình thủy,A01,15.00,,THPTQG,2020,Xây dựng cảng và công trình giao thông thủy,daniele15,
GTS,75802051,kỹ thuật xây dựng công trình giao thông,A00,15.00,,THPTQG,2020,kỹ thuật xây dựng công trình giao thông(xây dựng cầu đường),daniele15,
GTS,75802051,kỹ thuật xây dựng công trình giao thông,A01,15.00,,THPTQG,2020,kỹ thuật xây dựng công trình giao thông(xây dựng cầu đường),daniele15,
GTS,75802051H,kỹ thuật xây dựng công trình giao thông,A00,15.00,,THPTQG,2020,Xây dựng cầu đường,daniele15,
GTS,75802051H,kỹ thuật xây dựng công trình giao thông,A01,15.00,,THPTQG,2020,Xây dựng cầu đường,daniele15,
GTS,75802052,kỹ thuật xây dựng công trình giao thông,A00,15.00,,THPTQG,2020,Xây dựng đường sắt metro,daniele15,
GTS,75802052,kỹ thuật xây dựng công trình giao thông,A01,15.00,,THPTQG,2020,Xây dựng đường sắt metro,daniele15,
GTS,75802053,kỹ thuật xây dựng công trình giao thông,A00,15.00,,THPTQG,2020,Quy hoạch và thiết kế công trình giao thông,daniele15,
GTS,75802053,kỹ thuật xây dựng công trình giao thông,A01,15.00,,THPTQG,2020,Quy hoạch và thiết kế công trình giao thông,daniele15,
GTS,75803011,Kinh tế,A00,19.20,,THPTQG,2020,Kinh tế xây dựng,daniele15,
GTS,75803011,Kinh tế,A01,19.20,,THPTQG,2020,Kinh tế xây dựng,daniele15,
GTS,75803011,Kinh tế,D01,19.20,,THPTQG,2020,Kinh tế xây dựng,daniele15,
GTS,75803012,Kinh tế,A00,19.50,,THPTQG,2020,Kinh tế xây dựng - Quản lý dự án xây dựng,daniele15,
GTS,75803012,Kinh tế,A01,19.50,,THPTQG,2020,Kinh tế xây dựng - Quản lý dự án xây dựng,daniele15,
GTS,75803012,Kinh tế,D01,19.50,,THPTQG,2020,Kinh tế xây dựng - Quản lý dự án xây dựng,daniele15,
GTS,7580301H,Kinh tế,A00,15.00,,THPTQG,2020,Kinh tế xây dựng,daniele15,
GTS,7580301H,Kinh tế,A01,15.00,,THPTQG,2020,Kinh tế xây dựng,daniele15,
GTS,7580301H,Kinh tế,D01,15.00,,THPTQG,2020,Kinh tế xây dựng,daniele15,
GTS,7840101,Khai thác vận tải,A00,23.80,,THPTQG,2020,Khai thác vận tải,daniele15,
GTS,7840101,Khai thác vận tải,A01,23.80,,THPTQG,2020,Khai thác vận tải,daniele15,
GTS,7840101,Khai thác vận tải,D01,23.80,,THPTQG,2020,Khai thác vận tải,daniele15,
GTS,7840101H,Khai thác vận tải,A00,23.50,,THPTQG,2020,Quản trị logistics và vận tải đa phương thức,daniele15,
GTS,7840101H,Khai thác vận tải,A01,23.50,,THPTQG,2020,Quản trị logistics và vận tải đa phương thức,daniele15,
GTS,7840104,Kinh tế,A00,22.90,,THPTQG,2020,Kinh tế vận tải - Kinh tế vận tải biển,daniele15,
GTS,7840104,Kinh tế,A01,22.90,,THPTQG,2020,Kinh tế vận tải - Kinh tế vận tải biển,daniele15,
GTS,7840104,Kinh tế,D01,22.90,,THPTQG,2020,Kinh tế vận tải - Kinh tế vận tải biển,daniele15,
GTS,7840104H,Kinh tế,A00,17.00,,THPTQG,2020,Kinh tế vận tải biển,daniele15,
GTS,7840104H,Kinh tế,A01,17.00,,THPTQG,2020,Kinh tế vận tải biển,daniele15,
GTS,7840104H,Kinh tế,D01,17.00,,THPTQG,2020,Kinh tế vận tải biển,daniele15,
GTS,78401061,Khoa học hàng hải,A00,15.00,,THPTQG,2020,Điều khiển tàu biển,daniele15,
GTS,78401061,Khoa học hàng hải,A01,15.00,,THPTQG,2020,Điều khiển tàu biển,daniele15,
GTS,78401061H,Khoa học hàng hải,A00,15.00,,THPTQG,2020,Điều khiển tàu biển,daniele15,
GTS,78401061H,Khoa học hàng hải,A01,15.00,,THPTQG,2020,Điều khiển tàu biển,daniele15,
GTS,78401062,Khoa học hàng hải,A00,15.00,,THPTQG,2020,Vận hành khai thác máy tàu thủy,daniele15,
GTS,78401062,Khoa học hàng hải,A01,15.00,,THPTQG,2020,Vận hành khai thác máy tàu thủy,daniele15,
GTS,78401062H,Khoa học hàng hải,A00,15.00,,THPTQG,2020,Vận hành khai thác máy tàu thủy,daniele15,
GTS,78401062H,Khoa học hàng hải,A01,15.00,,THPTQG,2020,Vận hành khai thác máy tàu thủy,daniele15,
GTS,78401063,Khoa học hàng hải,A00,15.00,,THPTQG,2020,Công nghệ máy tàu thủy,daniele15,
GTS,78401063,Khoa học hàng hải,A01,15.00,,THPTQG,2020,Công nghệ máy tàu thủy,daniele15,
GTS,78401064,Khoa học hàng hải,A00,18.30,,THPTQG,2020,Quản lý hàng hải,daniele15,
GTS,78401064,Khoa học hàng hải,A01,18.30,,THPTQG,2020,Quản lý hàng hải,daniele15,
GTS,78401064,Khoa học hàng hải,D01,18.30,,THPTQG,2020,Quản lý hàng hải,daniele15,
GTS,78401064H,Khoa học hàng hải,A00,15.00,,THPTQG,2020,Quản lý hàng hải,daniele15,
GTS,78401064H,Khoa học hàng hải,A01,15.00,,THPTQG,2020,Quản lý hàng hải,daniele15,
GTS,78401065,Khoa học hàng hải,A00,15.00,,THPTQG,2020,Điện tàu thủy,daniele15,
GTS,78401065,Khoa học hàng hải,A01,15.00,,THPTQG,2020,Điện tàu thủy,daniele15,
HBT,527,Kinh tế,C15,8.57,,HocBa,2020,Chuyên ngành quản lý kinh tếXét học bạ,daniele15,
HBT,527,Kinh tế,C15,22.80,,THPTQG,2020,Chuyên ngành Quản lý kinh tế,daniele15,
HBT,527,Kinh tế,C15,24.05,,THPTQG,2020,Chuyên ngành Quản lý kinh tế,daniele15,
HBT,527,Kinh tế,C15,24.30,,THPTQG,2020,Chuyên ngành Quản lý kinh tế,daniele15,
HBT,528,Kinh tế,C15,8.20,,HocBa,2020,CN Quản lý kinh tế CLCXét học bạ,daniele15,
HBT,528,Kinh tế,C15,21.70,,THPTQG,2020,,daniele15,
HBT,528,Kinh tế,C15,22.95,,THPTQG,2020,Chuyên ngành Kinh tế và Quản lý CLC,daniele15,
HBT,528,Kinh tế,C15,23.20,,THPTQG,2020,Chuyên ngành Kinh tế và Quản lý CLC,daniele15,
HBT,529,Kinh tế,C15,8.40,,HocBa,2020,CN Kinh tế và quản lýXét học bạ,daniele15,
HBT,529,Kinh tế,C15,22.65,,THPTQG,2020,,daniele15,
HBT,529,Kinh tế,C15,23.90,,THPTQG,2020,,daniele15,
HBT,529,Kinh tế,C15,24.65,,THPTQG,2020,,daniele15,
HBT,530,Chính trị học,A16,7.00,,HocBa,2020,CN Quản lý hoạt động tư tưởng và văn hóaXét học bạ,daniele15,
HBT,530,Chính trị học,C15,7.00,,HocBa,2020,CN Quản lý hoạt động tư tưởng và văn hóaXét học bạ,daniele15,
HBT,530,Chính trị học,D01,7.00,,HocBa,2020,CN Quản lý hoạt động tư tưởng và văn hóaXét học bạ,daniele15,
HBT,530,Chính trị học,A16,18.70,,THPTQG,2020,,daniele15,
HBT,530,Chính trị học,C15,18.70,,THPTQG,2020,,daniele15,
HBT,530,Chính trị học,D01,18.70,,THPTQG,2020,,daniele15,
HBT,531,Chính trị học,A16,7.00,,HocBa,2020,CN Chính trị học phát triểnXét học bạ,daniele15,
HBT,531,Chính trị học,C15,7.00,,HocBa,2020,CN Chính trị học phát triểnXét học bạ,daniele15,
HBT,531,Chính trị học,D01,7.00,,HocBa,2020,CN Chính trị học phát triểnXét học bạ,daniele15,
HBT,531,Chính trị học,A16,16.50,,THPTQG,2020,Chính trị học phát triển,daniele15,
HBT,531,Chính trị học,C15,16.50,,THPTQG,2020,Chính trị học phát triển,daniele15,
HBT,531,Chính trị học,D01,16.50,,THPTQG,2020,Chính trị học phát triển,daniele15,
HBT,532,Quản lý nhà nước,A16,7.00,,HocBa,2020,CN Quản lý xã hộiXét học bạ,daniele15,
HBT,532,Quản lý nhà nước,C15,7.00,,HocBa,2020,CN Quản lý xã hộiXét học bạ,daniele15,
HBT,532,Quản lý nhà nước,D01,7.00,,HocBa,2020,CN Quản lý xã hộiXét học bạ,daniele15,
HBT,532,Quản lý nhà nước,A16,21.90,,THPTQG,2020,Quản lý xã hội,daniele15,
HBT,532,Quản lý nhà nước,C15,21.90,,THPTQG,2020,Quản lý xã hội,daniele15,
HBT,532,Quản lý nhà nước,D01,21.90,,THPTQG,2020,Quản lý xã hội,daniele15,
HBT,532,Quản lý nhà nước,A16,24.00,,THPTQG,2020,Điểm thi TN THPTQuản lý xã hội,daniele15,
HBT,532,Quản lý nhà nước,C15,24.00,,THPTQG,2020,Điểm thi TN THPTQuản lý xã hội,daniele15,
HBT,532,Quản lý nhà nước,D01,24.00,,THPTQG,2020,Điểm thi TN THPTQuản lý xã hội,daniele15,
HBT,533,Chính trị học,A16,7.00,,HocBa,2020,Tư tưởng HCMXét học bạ,daniele15,
HBT,533,Chính trị học,C15,7.00,,HocBa,2020,Tư tưởng HCMXét học bạ,daniele15,
HBT,533,Chính trị học,D01,7.00,,HocBa,2020,Tư tưởng HCMXét học bạ,daniele15,
HBT,533,Chính trị học,A16,16.00,,THPTQG,2020,Chuyên ngành Tư tưởng Hồ Chí Minh,daniele15,
HBT,533,Chính trị học,C15,16.00,,THPTQG,2020,Chuyên ngành Tư tưởng Hồ Chí Minh,daniele15,
HBT,533,Chính trị học,D01,16.00,,THPTQG,2020,Chuyên ngành Tư tưởng Hồ Chí Minh,daniele15,
HBT,535,Chính trị học,A16,7.00,,HocBa,2020,CN Văn hóa phát triểnXét học bạ,daniele15,
HBT,535,Chính trị học,C15,7.00,,HocBa,2020,CN Văn hóa phát triểnXét học bạ,daniele15,
HBT,535,Chính trị học,D01,7.00,,HocBa,2020,CN Văn hóa phát triểnXét học bạ,daniele15,
HBT,535,Chính trị học,A16,19.35,,THPTQG,2020,Chuyên ngành Văn hóa phát triển,daniele15,
HBT,535,Chính trị học,C15,19.35,,THPTQG,2020,Chuyên ngành Văn hóa phát triển,daniele15,
HBT,535,Chính trị học,D01,19.35,,THPTQG,2020,Chuyên ngành Văn hóa phát triển,daniele15,
HBT,536,Chính trị học,A16,6.50,,HocBa,2020,CN Chính sách côngXét học bạ,daniele15,
HBT,536,Chính trị học,C15,6.50,,HocBa,2020,CN Chính sách côngXét học bạ,daniele15,
HBT,536,Chính trị học,D01,6.50,,HocBa,2020,CN Chính sách côngXét học bạ,daniele15,
HBT,536,Chính trị học,A16,18.15,,THPTQG,2020,,daniele15,
HBT,536,Chính trị học,C15,18.15,,THPTQG,2020,,daniele15,
HBT,536,Chính trị học,D01,18.15,,THPTQG,2020,,daniele15,
HBT,537,Quản lý nhà nước,A16,21.72,,THPTQG,2020,Quản lý hành chính nhà nước,daniele15,
HBT,537,Quản lý nhà nước,C15,21.72,,THPTQG,2020,Quản lý hành chính nhà nước,daniele15,
HBT,537,Quản lý nhà nước,D01,21.72,,THPTQG,2020,Quản lý hành chính nhà nước,daniele15,
HBT,538,Chính trị học,A16,7.00,,HocBa,2020,CN Truyền thông chính sáchXét học bạ,daniele15,
HBT,538,Chính trị học,C15,7.00,,HocBa,2020,CN Truyền thông chính sáchXét học bạ,daniele15,
HBT,538,Chính trị học,D01,7.00,,HocBa,2020,CN Truyền thông chính sáchXét học bạ,daniele15,
HBT,538,Chính trị học,A16,22.15,,THPTQG,2020,,daniele15,
HBT,538,Chính trị học,C15,22.15,,THPTQG,2020,,daniele15,
HBT,538,Chính trị học,D01,22.15,,THPTQG,2020,,daniele15,
HBT,602,Báo chí,,7.70,,HocBa,2020,Báo in,daniele15,
HBT,602,Báo chí,,29.00,,THPTQG,2020,Báo in,daniele15,
HBT,602,Báo chí,,29.50,,THPTQG,2020,Báo in,daniele15,
HBT,602,Báo chí,,30.00,,THPTQG,2020,Báo in,daniele15,
HBT,602,Báo chí,,31.00,40,THPTQG,2020,Báo in | thang 40 (suy ra),daniele15,
HBT,603,Báo chí,,7.04,,HocBa,2020,Ảnh báo chí,daniele15,
HBT,603,Báo chí,,25.50,,THPTQG,2020,Ảnh báo chí,daniele15,
HBT,603,Báo chí,,26.00,,THPTQG,2020,Ảnh báo chí,daniele15,
HBT,603,Báo chí,,26.50,,THPTQG,2020,Ảnh báo chí,daniele15,
HBT,603,Báo chí,,27.25,,THPTQG,2020,,daniele15,
HBT,604,Báo chí,,7.86,,HocBa,2020,Báo phát thanh,daniele15,
HBT,604,Báo chí,,29.80,,THPTQG,2020,Báo phát thanh,daniele15,
HBT,604,Báo chí,,30.30,40,THPTQG,2020,Báo phát thanh | thang 40 (suy ra),daniele15,
HBT,604,Báo chí,,30.80,40,THPTQG,2020,Báo phát thanh | thang 40 (suy ra),daniele15,
HBT,604,Báo chí,,31.80,40,THPTQG,2020,Báo phát thanh | thang 40 (suy ra),daniele15,
HBT,605,Báo chí,,8.17,,HocBa,2020,Báo truyền hình,daniele15,
HBT,605,Báo chí,,31.75,40,THPTQG,2020,Báo truyền hình | thang 40 (suy ra),daniele15,
HBT,605,Báo chí,,32.25,40,THPTQG,2020,Báo truyền hình | thang 40 (suy ra),daniele15,
HBT,605,Báo chí,,33.00,40,THPTQG,2020,Báo truyền hình | thang 40 (suy ra),daniele15,
HBT,605,Báo chí,,34.25,40,THPTQG,2020,Báo truyền hình | thang 40 (suy ra),daniele15,
HBT,606,Báo chí,,22.00,,THPTQG,2020,Quay phim truyền hình,daniele15,
HBT,606,Báo chí,,22.25,,THPTQG,2020,Quay phim truyền hình,daniele15,
HBT,607,Báo chí,,8.02,,HocBa,2020,Báo mạng điện tử,daniele15,
HBT,607,Báo chí,,30.60,40,THPTQG,2020,Báo mạng điện tử | thang 40 (suy ra),daniele15,
HBT,607,Báo chí,,31.10,40,THPTQG,2020,Báo mạng điện tử | thang 40 (suy ra),daniele15,
HBT,607,Báo chí,,31.60,40,THPTQG,2020,Báo mạng điện tử | thang 40 (suy ra),daniele15,
HBT,607,Báo chí,,32.60,40,THPTQG,2020,Báo mạng điện tử | thang 40 (suy ra),daniele15,
HBT,608,Báo chí,,7.61,,HocBa,2020,Báo truyền hình CLC,daniele15,
HBT,608,Báo chí,,27.90,,THPTQG,2020,Báo truyền hình CLC,daniele15,
HBT,608,Báo chí,,28.40,,THPTQG,2020,Báo truyền hình CLC,daniele15,
HBT,608,Báo chí,,28.90,,THPTQG,2020,Báo truyền hình CLC,daniele15,
HBT,608,Báo chí,,29.40,,THPTQG,2020,Báo truyền hình CLC,daniele15,
HBT,609,Báo chí,,7.19,,HocBa,2020,Báo mạng điện tử CLC,daniele15,
HBT,609,Báo chí,,27.00,,THPTQG,2020,Báo mạng điện tử CLC,daniele15,
HBT,609,Báo chí,,28.00,,THPTQG,2020,Báo mạng điện tử CLC,daniele15,
HBT,609,Báo chí,,28.50,,THPTQG,2020,Báo mạng điện tử CLC,daniele15,
HBT,610,Quan hệ quốc tế,,8.90,,HocBa,2020,Thông tin đối ngoại,daniele15,
HBT,610,Quan hệ quốc tế,,32.20,40,THPTQG,2020,Thông tin đối ngoại | thang 40 (suy ra),daniele15,
HBT,610,Quan hệ quốc tế,,32.70,40,THPTQG,2020,Thông tin đối ngoại | thang 40 (suy ra),daniele15,
HBT,610,Quan hệ quốc tế,,33.70,40,THPTQG,2020,Thông tin đối ngoại | thang 40 (suy ra),daniele15,
HBT,611,Quan hệ quốc tế,,32.05,40,THPTQG,2020,thang 40 (suy ra),daniele15,
HBT,611,Quan hệ quốc tế,,32.55,40,THPTQG,2020,thang 40 (suy ra),daniele15,
HBT,611,Quan hệ quốc tế,,33.55,40,THPTQG,2020,thang 40 (suy ra),daniele15,
HBT,614,Quan hệ quốc tế,,32.40,40,THPTQG,2020,thang 40 (suy ra),daniele15,
HBT,614,Quan hệ quốc tế,,32.90,40,THPTQG,2020,thang 40 (suy ra),daniele15,
HBT,614,Quan hệ quốc tế,,33.50,40,THPTQG,2020,thang 40 (suy ra),daniele15,
HBT,614,Quan hệ quốc tế,,33.90,40,THPTQG,2020,thang 40 (suy ra),daniele15,
HBT,614,Quan hệ quốc tế,,34.00,40,THPTQG,2020,thang 40 (suy ra),daniele15,
HBT,614,Quan hệ quốc tế,,35.00,40,THPTQG,2020,thang 40 (suy ra),daniele15,
HBT,615,Quan hệ công chúng,,9.25,,HocBa,2020,,daniele15,
HBT,615,Quan hệ công chúng,,34.34,40,THPTQG,2020,Quan hệ công chúng chuyên nghiệp | thang 40 (suy ra),daniele15,
HBT,615,Quan hệ công chúng,,34.45,40,THPTQG,2020,Quan hệ công chúng chuyên nghiệp | thang 40 (suy ra),daniele15,
HBT,615,Quan hệ công chúng,,34.95,40,THPTQG,2020,Thang 40. Quan hệ công chúng chuyên nghiệp | thang 40 (suy ra),daniele15,
HBT,615,Quan hệ công chúng,,36.20,40,THPTQG,2020,thang 40 (suy ra),daniele15,
HBT,616,Quan hệ công chúng,,32.50,40,THPTQG,2020,thang 40 (suy ra),daniele15,
HBT,616,Quan hệ công chúng,,32.70,40,THPTQG,2020,thang 40 (suy ra),daniele15,
HBT,616,Quan hệ công chúng,,33.20,40,THPTQG,2020,thang 40 (suy ra),daniele15,
HBT,616,Quan hệ công chúng,,34.45,40,THPTQG,2020,thang 40 (suy ra),daniele15,
HBT,616,Quan hệ công chúng,,35.00,40,THPTQG,2020,thang 40 (suy ra),daniele15,
HBT,616,Quan hệ công chúng,,36.75,40,THPTQG,2020,thang 40 (suy ra),daniele15,
HBT,7220201,Ngôn ngữ Anh,,9.00,,HocBa,2020,,daniele15,
HBT,7220201,Ngôn ngữ Anh,,32.70,40,THPTQG,2020,thang 40 (suy ra),daniele15,
HBT,7220201,Ngôn ngữ Anh,,33.20,40,THPTQG,2020,thang 40 (suy ra),daniele15,
HBT,7220201,Ngôn ngữ Anh,,33.70,40,THPTQG,2020,thang 40 (suy ra),daniele15,
HBT,7229001,Triết học,A16,7.00,,HocBa,2020,Xét học bạ,daniele15,
HBT,7229001,Triết học,C15,7.00,,HocBa,2020,Xét học bạ,daniele15,
HBT,7229001,Triết học,D01,7.00,,HocBa,2020,Xét học bạ,daniele15,
HBT,7229001,Triết học,A16,19.65,,THPTQG,2020,,daniele15,
HBT,7229001,Triết học,C15,19.65,,THPTQG,2020,,daniele15,
HBT,7229001,Triết học,D01,19.65,,THPTQG,2020,,daniele15,
HBT,7229008,Chủ nghĩa xã hội khoa học,A16,6.50,,HocBa,2020,,daniele15,
HBT,7229008,Chủ nghĩa xã hội khoa học,C15,6.50,,HocBa,2020,,daniele15,
HBT,7229008,Chủ nghĩa xã hội khoa học,D01,6.50,,HocBa,2020,,daniele15,
HBT,7229008,Chủ nghĩa xã hội khoa học,A16,19.25,,THPTQG,2020,Điểm TN,daniele15,
HBT,7229008,Chủ nghĩa xã hội khoa học,C15,19.25,,THPTQG,2020,Điểm TN,daniele15,
HBT,7229008,Chủ nghĩa xã hội khoa học,D01,19.25,,THPTQG,2020,Điểm TN,daniele15,
HBT,7229010,Lịch sử,C00,8.60,,HocBa,2020,,daniele15,
HBT,7229010,Lịch sử,C00,29.50,,THPTQG,2020,Lịch sử Đảng Cộng sản Việt Nam,daniele15,
HBT,7229010,Lịch sử,C00,31.00,40,THPTQG,2020,Lịch sử Đảng Cộng sản Việt Nam | thang 40 (suy ra),daniele15,
HBT,7229010,Lịch sử,C00,31.50,40,THPTQG,2020,Lịch sử Đảng Cộng sản Việt Nam | thang 40 (suy ra),daniele15,
HBT,7310102,Kinh tế,C15,8.20,,HocBa,2020,Kinh tế chính trịXét học bạ,daniele15,
HBT,7310102,Kinh tế,C15,22.70,,THPTQG,2020,,daniele15,
HBT,7310102,Kinh tế,C15,23.20,,THPTQG,2020,,daniele15,
HBT,7310102,Kinh tế,C15,23.95,,THPTQG,2020,,daniele15,
HBT,7310202,Xây dựng Đảng và chính quyền nhà nước,C15,7.00,,HocBa,2020,Xét học bạ,daniele15,
HBT,7310202,Xây dựng Đảng và chính quyền nhà nước,C15,21.05,,THPTQG,2020,,daniele15,
HBT,7310202,Xây dựng Đảng và chính quyền nhà nước,C15,21.30,,THPTQG,2020,,daniele15,
HBT,7310202,Xây dựng Đảng và chính quyền nhà nước,C15,22.05,,THPTQG,2020,,daniele15,
HBT,7310301,Xã hội học,C15,8.40,,HocBa,2020,Xét học bạ,daniele15,
HBT,7310301,Xã hội học,C15,22.85,,THPTQG,2020,,daniele15,
HBT,7310301,Xã hội học,C15,23.35,,THPTQG,2020,,daniele15,
HBT,7310301,Xã hội học,C15,23.85,,THPTQG,2020,,daniele15,
HBT,7320104,Truyền thông đa phương tiện,C15,9.27,,HocBa,2020,Xét học bạ,daniele15,
HBT,7320104,Truyền thông đa phương tiện,C15,26.07,,THPTQG,2020,,daniele15,
HBT,7320104,Truyền thông đa phương tiện,C15,26.57,,THPTQG,2020,,daniele15,
HBT,7320104,Truyền thông đa phương tiện,C15,27.57,,THPTQG,2020,,daniele15,
HBT,7320105,Truyền thông đại chúng,C15,9.05,,HocBa,2020,Xét học bạ,daniele15,
HBT,7320105,Truyền thông đại chúng,C15,25.03,,THPTQG,2020,,daniele15,
HBT,7320105,Truyền thông đại chúng,C15,25.53,,THPTQG,2020,,daniele15,
HBT,7320105,Truyền thông đại chúng,C15,26.53,,THPTQG,2020,,daniele15,
HBT,7320107,Truyền thông quốc tế,,9.20,,HocBa,2020,,daniele15,
HBT,7320107,Truyền thông quốc tế,,33.75,40,THPTQG,2020,thang 40 (suy ra),daniele15,
HBT,7320107,Truyền thông quốc tế,,34.25,40,THPTQG,2020,thang 40 (suy ra),daniele15,
HBT,7320107,Truyền thông quốc tế,,34.75,40,THPTQG,2020,Thang 40. | thang 40 (suy ra),daniele15,
HBT,7320107,Truyền thông quốc tế,,35.25,40,THPTQG,2020,thang 40 (suy ra),daniele15,
HBT,7320107,Truyền thông quốc tế,,36.25,40,THPTQG,2020,thang 40 (suy ra),daniele15,
HBT,7320110,Quảng cáo,D78,8.85,,HocBa,2020,,daniele15,
HBT,7320110,Quảng cáo,D78,32.30,40,THPTQG,2020,thang 40 (suy ra),daniele15,
HBT,7320110,Quảng cáo,D78,32.80,40,THPTQG,2020,thang 40 (suy ra),daniele15,
HBT,7320110,Quảng cáo,D78,33.55,40,THPTQG,2020,thang 40 (suy ra),daniele15,
HBT,7340403,Quản lý công,C15,8.10,,HocBa,2020,Xét học bạ,daniele15,
HBT,7340403,Quản lý công,C15,22.77,,THPTQG,2020,,daniele15,
HBT,7760101,Công tác xã hội,C15,8.10,,HocBa,2020,Xét học bạ,daniele15,
HBT,7760101,Công tác xã hội,C15,22.56,,THPTQG,2020,,daniele15,
HBT,7760101,Công tác xã hội,C15,23.06,,THPTQG,2020,,daniele15,
HBT,7760101,Công tác xã hội,C15,23.56,,THPTQG,2020,,daniele15,
HBT,801,Xuất bản,C15,8.60,,HocBa,2020,,daniele15,
HBT,801,Xuất bản,C15,24.00,,THPTQG,2020,Biên tập xuất bản,daniele15,
HBT,801,Xuất bản,C15,24.50,,THPTQG,2020,Biên tập xuất bản,daniele15,
HBT,801,Xuất bản,C15,25.00,,THPTQG,2020,Biên tập xuất bản,daniele15,
HBT,802,Xuất bản,C15,8.40,,HocBa,2020,,daniele15,
HBT,802,Xuất bản,C15,23.70,,THPTQG,2020,Xuất bản điện tử,daniele15,
HBT,802,Xuất bản,C15,24.20,,THPTQG,2020,Xuất bản điện tử,daniele15,
HBT,802,Xuất bản,C15,24.70,,THPTQG,2020,Xuất bản điện tử,daniele15,
HBU,7140201,Giáo dục Mầm non,,18.50,,THPTQG,2020,,daniele15,
HBU,7140206,Giáo dục Thể chất,T00,17.50,,THPTQG,2020,,daniele15,
HBU,7140206,Giáo dục Thể chất,T02,17.50,,THPTQG,2020,,daniele15,
HBU,7140206,Giáo dục Thể chất,T03,17.50,,THPTQG,2020,,daniele15,
HBU,7140206,Giáo dục Thể chất,T07,17.50,,THPTQG,2020,,daniele15,
HBU,7210302,"Công nghệ điện ảnh, truyền hình",H00,15.00,,THPTQG,2020,,daniele15,
HBU,7210302,"Công nghệ điện ảnh, truyền hình",H02,15.00,,THPTQG,2020,,daniele15,
HBU,7210302,"Công nghệ điện ảnh, truyền hình",V00,15.00,,THPTQG,2020,,daniele15,
HBU,7210302,"Công nghệ điện ảnh, truyền hình",V01,15.00,,THPTQG,2020,,daniele15,
HBU,7210403,Thiết kế đồ họa,H00,15.00,,THPTQG,2020,,daniele15,
HBU,7210403,Thiết kế đồ họa,H02,15.00,,THPTQG,2020,,daniele15,
HBU,7210403,Thiết kế đồ họa,V00,15.00,,THPTQG,2020,,daniele15,
HBU,7210403,Thiết kế đồ họa,V01,15.00,,THPTQG,2020,,daniele15,
HBU,7210404,Thiết kế thời trang,H00,15.00,,THPTQG,2020,,daniele15,
HBU,7210404,Thiết kế thời trang,H02,15.00,,THPTQG,2020,,daniele15,
HBU,7210404,Thiết kế thời trang,V00,15.00,,THPTQG,2020,,daniele15,
HBU,7210404,Thiết kế thời trang,V01,15.00,,THPTQG,2020,,daniele15,
HBU,7220201,Ngôn ngữ Anh,A01,15.00,,THPTQG,2020,,daniele15,
HBU,7220201,Ngôn ngữ Anh,D01,15.00,,THPTQG,2020,,daniele15,
HBU,7220201,Ngôn ngữ Anh,D14,15.00,,THPTQG,2020,,daniele15,
HBU,7220201,Ngôn ngữ Anh,D96,15.00,,THPTQG,2020,,daniele15,
HBU,7310101,Kinh tế,A00,15.00,,THPTQG,2020,,daniele15,
HBU,7310101,Kinh tế,A01,15.00,,THPTQG,2020,,daniele15,
HBU,7310101,Kinh tế,D01,15.00,,THPTQG,2020,,daniele15,
HBU,7310101,Kinh tế,D90,15.00,,THPTQG,2020,,daniele15,
HBU,7310206,Quan hệ quốc tế,A00,15.00,,THPTQG,2020,,daniele15,
HBU,7310206,Quan hệ quốc tế,A01,15.00,,THPTQG,2020,,daniele15,
HBU,7310206,Quan hệ quốc tế,C00,15.00,,THPTQG,2020,,daniele15,
HBU,7310206,Quan hệ quốc tế,D01,15.00,,THPTQG,2020,,daniele15,
HBU,7310612,Trung Quốc học,A01,15.00,,THPTQG,2020,,daniele15,
HBU,7310612,Trung Quốc học,C00,15.00,,THPTQG,2020,,daniele15,
HBU,7310612,Trung Quốc học,D01,15.00,,THPTQG,2020,,daniele15,
HBU,7310612,Trung Quốc học,D04,15.00,,THPTQG,2020,,daniele15,
HBU,7310613,Nhật Bản học,A01,15.00,,THPTQG,2020,,daniele15,
HBU,7310613,Nhật Bản học,C00,15.00,,THPTQG,2020,,daniele15,
HBU,7310613,Nhật Bản học,D01,15.00,,THPTQG,2020,,daniele15,
HBU,7310613,Nhật Bản học,D06,15.00,,THPTQG,2020,,daniele15,
HBU,7310614,Hàn Quốc học,A01,15.00,,THPTQG,2020,,daniele15,
HBU,7310614,Hàn Quốc học,C00,15.00,,THPTQG,2020,,daniele15,
HBU,7310614,Hàn Quốc học,D01,15.00,,THPTQG,2020,,daniele15,
HBU,7310614,Hàn Quốc học,D78,15.00,,THPTQG,2020,,daniele15,
HBU,7310630,Việt Nam học,A01,15.00,,THPTQG,2020,,daniele15,
HBU,7310630,Việt Nam học,C00,15.00,,THPTQG,2020,,daniele15,
HBU,7310630,Việt Nam học,D01,15.00,,THPTQG,2020,,daniele15,
HBU,7310630,Việt Nam học,D78,15.00,,THPTQG,2020,,daniele15,
HBU,7320104,Truyền thông đa phương tiện,A01,15.00,,THPTQG,2020,,daniele15,
HBU,7320104,Truyền thông đa phương tiện,C00,15.00,,THPTQG,2020,,daniele15,
HBU,7320104,Truyền thông đa phương tiện,D01,15.00,,THPTQG,2020,,daniele15,
HBU,7320104,Truyền thông đa phương tiện,D78,15.00,,THPTQG,2020,,daniele15,
HBU,7340101,Quản trị kinh doanh,A00,15.00,,THPTQG,2020,,daniele15,
HBU,7340101,Quản trị kinh doanh,A01,15.00,,THPTQG,2020,,daniele15,
HBU,7340101,Quản trị kinh doanh,C00,15.00,,THPTQG,2020,,daniele15,
HBU,7340101,Quản trị kinh doanh,D01,15.00,,THPTQG,2020,,daniele15,
HBU,7340114,Digital Marketing,A00,15.00,,THPTQG,2020,Digital Marketing,daniele15,
HBU,7340114,Digital Marketing,A01,15.00,,THPTQG,2020,Digital Marketing,daniele15,
HBU,7340114,Digital Marketing,C00,15.00,,THPTQG,2020,Digital Marketing,daniele15,
HBU,7340114,Digital Marketing,D01,15.00,,THPTQG,2020,Digital Marketing,daniele15,
HBU,7340201,Tài chính - Ngân hàng,A00,15.00,,THPTQG,2020,,daniele15,
HBU,7340201,Tài chính - Ngân hàng,A01,15.00,,THPTQG,2020,,daniele15,
HBU,7340201,Tài chính - Ngân hàng,D01,15.00,,THPTQG,2020,,daniele15,
HBU,7340201,Tài chính - Ngân hàng,D90,15.00,,THPTQG,2020,,daniele15,
HBU,7340301,Kế toán,A00,15.00,,THPTQG,2020,,daniele15,
HBU,7340301,Kế toán,A01,15.00,,THPTQG,2020,,daniele15,
HBU,7340301,Kế toán,D01,15.00,,THPTQG,2020,,daniele15,
HBU,7340301,Kế toán,D90,15.00,,THPTQG,2020,,daniele15,
HBU,7380101,Luật,A00,15.00,,THPTQG,2020,,daniele15,
HBU,7380101,Luật,C00,15.00,,THPTQG,2020,,daniele15,
HBU,7380101,Luật,C14,15.00,,THPTQG,2020,,daniele15,
HBU,7380101,Luật,D01,15.00,,THPTQG,2020,,daniele15,
HBU,7380107,Luật,A00,15.00,,THPTQG,2020,,daniele15,
HBU,7380107,Luật,A08,15.00,,THPTQG,2020,,daniele15,
HBU,7380107,Luật,C00,15.00,,THPTQG,2020,,daniele15,
HBU,7380107,Luật,D01,15.00,,THPTQG,2020,,daniele15,
HBU,7420201,Công nghệ sinh học,A00,15.00,,THPTQG,2020,,daniele15,
HBU,7420201,Công nghệ sinh học,A01,15.00,,THPTQG,2020,,daniele15,
HBU,7420201,Công nghệ sinh học,A02,15.00,,THPTQG,2020,,daniele15,
HBU,7420201,Công nghệ sinh học,B00,15.00,,THPTQG,2020,,daniele15,
HBU,7480201,Công nghệ thông tin,A00,15.00,,THPTQG,2020,,daniele15,
HBU,7480201,Công nghệ thông tin,A01,15.00,,THPTQG,2020,,daniele15,
HBU,7480201,Công nghệ thông tin,D01,15.00,,THPTQG,2020,,daniele15,
HBU,7480201,Công nghệ thông tin,D90,15.00,,THPTQG,2020,,daniele15,
HBU,7480202,An toàn thông tin,A00,15.00,,THPTQG,2020,,daniele15,
HBU,7480202,An toàn thông tin,A01,15.00,,THPTQG,2020,,daniele15,
HBU,7480202,An toàn thông tin,D01,15.00,,THPTQG,2020,,daniele15,
HBU,7480202,An toàn thông tin,D90,15.00,,THPTQG,2020,,daniele15,
HBU,7480207,Trí tuệ nhân tạo,A00,15.00,,THPTQG,2020,,daniele15,
HBU,7480207,Trí tuệ nhân tạo,A01,15.00,,THPTQG,2020,,daniele15,
HBU,7480207,Trí tuệ nhân tạo,D01,15.00,,THPTQG,2020,,daniele15,
HBU,7480207,Trí tuệ nhân tạo,D90,15.00,,THPTQG,2020,,daniele15,
HBU,7510601,Quản lý công nghiệp,A00,15.00,,THPTQG,2020,,daniele15,
HBU,7510601,Quản lý công nghiệp,A01,15.00,,THPTQG,2020,,daniele15,
HBU,7510601,Quản lý công nghiệp,D01,15.00,,THPTQG,2020,,daniele15,
HBU,7510601,Quản lý công nghiệp,D90,15.00,,THPTQG,2020,,daniele15,
HBU,7510605,Logistics và Quản lý chuỗi cung ứng,A00,15.00,,THPTQG,2020,,daniele15,
HBU,7510605,Logistics và Quản lý chuỗi cung ứng,A01,15.00,,THPTQG,2020,,daniele15,
HBU,7510605,Logistics và Quản lý chuỗi cung ứng,D01,15.00,,THPTQG,2020,,daniele15,
HBU,7510605,Logistics và Quản lý chuỗi cung ứng,D90,15.00,,THPTQG,2020,,daniele15,
HBU,7520114,Kỹ thuật cơ điện tử,A00,15.00,,THPTQG,2020,,daniele15,
HBU,7520114,Kỹ thuật cơ điện tử,A01,15.00,,THPTQG,2020,,daniele15,
HBU,7520114,Kỹ thuật cơ điện tử,D01,15.00,,THPTQG,2020,,daniele15,
HBU,7520114,Kỹ thuật cơ điện tử,D90,15.00,,THPTQG,2020,,daniele15,
HBU,7580101,Kiến trúc,A00,15.00,,THPTQG,2020,,daniele15,
HBU,7580101,Kiến trúc,D01,15.00,,THPTQG,2020,,daniele15,
HBU,7580101,Kiến trúc,V00,15.00,,THPTQG,2020,,daniele15,
HBU,7580101,Kiến trúc,V01,15.00,,THPTQG,2020,,daniele15,
HBU,7580102,Kiến trúc,A00,15.00,,THPTQG,2020,Kiến trúc cảnh quan,daniele15,
HBU,7580102,Kiến trúc,D01,15.00,,THPTQG,2020,Kiến trúc cảnh quan,daniele15,
HBU,7580102,Kiến trúc,V00,15.00,,THPTQG,2020,Kiến trúc cảnh quan,daniele15,
HBU,7580102,Kiến trúc,V01,15.00,,THPTQG,2020,Kiến trúc cảnh quan,daniele15,
HBU,7580201,Kỹ thuật xây dựng,A00,15.00,,THPTQG,2020,,daniele15,
HBU,7580201,Kỹ thuật xây dựng,A01,15.00,,THPTQG,2020,,daniele15,
HBU,7580201,Kỹ thuật xây dựng,D01,15.00,,THPTQG,2020,,daniele15,
HBU,7580201,Kỹ thuật xây dựng,D90,15.00,,THPTQG,2020,,daniele15,
HBU,7580210,Kỹ thuật cơ sở hạ tầng,A00,15.00,,THPTQG,2020,,daniele15,
HBU,7580210,Kỹ thuật cơ sở hạ tầng,A01,15.00,,THPTQG,2020,,daniele15,
HBU,7580210,Kỹ thuật cơ sở hạ tầng,D01,15.00,,THPTQG,2020,,daniele15,
HBU,7580210,Kỹ thuật cơ sở hạ tầng,D90,15.00,,THPTQG,2020,,daniele15,
HBU,7720101,Y khoa,A00,22.00,,THPTQG,2020,,daniele15,
HBU,7720101,Y khoa,B00,22.00,,THPTQG,2020,,daniele15,
HBU,7720101,Y khoa,C02,22.00,,THPTQG,2020,,daniele15,
HBU,7720101,Y khoa,D90,22.00,,THPTQG,2020,,daniele15,
HBU,7720201,Dược học,A00,21.00,,THPTQG,2020,,daniele15,
HBU,7720201,Dược học,B00,21.00,,THPTQG,2020,,daniele15,
HBU,7720201,Dược học,C02,21.00,,THPTQG,2020,,daniele15,
HBU,7720201,Dược học,D90,21.00,,THPTQG,2020,,daniele15,
HBU,7720301,Điều dưỡng,A00,19.00,,THPTQG,2020,,daniele15,
HBU,7720301,Điều dưỡng,B00,19.00,,THPTQG,2020,,daniele15,
HBU,7720301,Điều dưỡng,C02,19.00,,THPTQG,2020,,daniele15,
HBU,7720301,Điều dưỡng,D90,19.00,,THPTQG,2020,,daniele15,
HBU,7720501,Răng - Hàm - Mặt,A00,22.00,,THPTQG,2020,,daniele15,
HBU,7720501,Răng - Hàm - Mặt,B00,22.00,,THPTQG,2020,,daniele15,
HBU,7720501,Răng - Hàm - Mặt,C02,22.00,,THPTQG,2020,,daniele15,
HBU,7720501,Răng - Hàm - Mặt,D90,22.00,,THPTQG,2020,,daniele15,
HBU,7720601,Kỹ thuật xét nghiệm y học,A00,19.00,,THPTQG,2020,,daniele15,
HBU,7720601,Kỹ thuật xét nghiệm y học,B00,19.00,,THPTQG,2020,,daniele15,
HBU,7720601,Kỹ thuật xét nghiệm y học,C02,19.00,,THPTQG,2020,,daniele15,
HBU,7720601,Kỹ thuật xét nghiệm y học,D90,19.00,,THPTQG,2020,,daniele15,
HBU,7720603,Kỹ thuật phục hồi chức năng,A00,19.00,,THPTQG,2020,,daniele15,
HBU,7720603,Kỹ thuật phục hồi chức năng,B00,19.00,,THPTQG,2020,,daniele15,
HBU,7720603,Kỹ thuật phục hồi chức năng,C02,19.00,,THPTQG,2020,,daniele15,
HBU,7720603,Kỹ thuật phục hồi chức năng,D90,19.00,,THPTQG,2020,,daniele15,
HBU,7810103,Quản trị dịch vụ du lịch và lữ hành,A00,15.00,,THPTQG,2020,,daniele15,
HBU,7810103,Quản trị dịch vụ du lịch và lữ hành,A01,15.00,,THPTQG,2020,,daniele15,
HBU,7810103,Quản trị dịch vụ du lịch và lữ hành,C00,15.00,,THPTQG,2020,,daniele15,
HBU,7810103,Quản trị dịch vụ du lịch và lữ hành,D01,15.00,,THPTQG,2020,,daniele15,
HBU,7810201,Quản trị khách sạn,A00,15.00,,THPTQG,2020,,daniele15,
HBU,7810201,Quản trị khách sạn,A01,15.00,,THPTQG,2020,,daniele15,
HBU,7810201,Quản trị khách sạn,C00,15.00,,THPTQG,2020,,daniele15,
HBU,7810201,Quản trị khách sạn,D01,15.00,,THPTQG,2020,,daniele15,
HCA,7310200,Nhóm ngành xây dựng lực lượng CAND,C03,20.81,,THPTQG,2020,Nam phía Bắc,daniele15,
HCA,7310200,Nhóm ngành xây dựng lực lượng CAND,C03,21.40,,THPTQG,2020,Nam phía Bắc,daniele15,
HCA,7310200,Nhóm ngành xây dựng lực lượng CAND,C03,22.59,,THPTQG,2020,Nam phía Bắc,daniele15,
HCA,7310200,Nhóm ngành xây dựng lực lượng CAND,C03,23.06,,THPTQG,2020,Nam phía Bắc,daniele15,
HCA,7310200,Nhóm ngành xây dựng lực lượng CAND,C03,25.71,,THPTQG,2020,Nữ phía Bắc,daniele15,
HCA,7310200,Nhóm ngành xây dựng lực lượng CAND,C03,25.93,,THPTQG,2020,Nữ phía Bắc,daniele15,
HCA,7310200,Nhóm ngành xây dựng lực lượng CAND,C03,26.06,,THPTQG,2020,Nữ phía Nam,daniele15,
HCA,7310200,Nhóm ngành xây dựng lực lượng CAND,C03,26.35,,THPTQG,2020,Nữ phía Nam,daniele15,
HCA,7310200,Nhóm ngành xây dựng lực lượng CAND,C03,26.68,,THPTQG,2020,Nữ phía Bắc,daniele15,
HCA,7310200,Nhóm ngành xây dựng lực lượng CAND,C03,27.30,,THPTQG,2020,Nam phía Nam,daniele15,
HCA,7310200,Nhóm ngành xây dựng lực lượng CAND,C03,27.34,,THPTQG,2020,Nữ phía Bắc,daniele15,
HCB,7480200,"Nhóm ngành Kỹ thuật, Hậu cần CAND",A00,22.35,,THPTQG,2020,Nam phía Bắc,daniele15,
HCB,7480200,"Nhóm ngành Kỹ thuật, Hậu cần CAND",A00,23.25,,THPTQG,2020,Nam phía Bắc,daniele15,
HCB,7480200,"Nhóm ngành Kỹ thuật, Hậu cần CAND",A00,25.48,,THPTQG,2020,Nam phía Bắc,daniele15,
HCB,7480200,"Nhóm ngành Kỹ thuật, Hậu cần CAND",A00,25.50,,THPTQG,2020,Nữ phía Bắc,daniele15,
HCB,7480200,"Nhóm ngành Kỹ thuật, Hậu cần CAND",A00,25.65,,THPTQG,2020,Nữ phía Bắc,daniele15,
HCB,7480200,"Nhóm ngành Kỹ thuật, Hậu cần CAND",A00,26.10,,THPTQG,2020,Nam phía Bắc,daniele15,
HCP,7310101,Kinh tế,A00,22.50,,HocBa,2020,Xét học bạ,daniele15,
HCP,7310101,Kinh tế,A01,22.50,,HocBa,2020,Xét học bạ,daniele15,
HCP,7310101,Kinh tế,C01,22.50,,HocBa,2020,Xét học bạ,daniele15,
HCP,7310101,Kinh tế,D01,22.50,,HocBa,2020,Xét học bạ,daniele15,
HCP,7310105,Kinh tế phát triển,A16,21.65,,HocBa,2020,Xét học bạ,daniele15,
HCP,7310105,Kinh tế phát triển,D01,21.65,,HocBa,2020,Xét học bạ,daniele15,
HCP,7310105,Kinh tế phát triển,D90,21.65,,HocBa,2020,Xét học bạ,daniele15,
HCP,7310105,Kinh tế phát triển,D96,21.65,,HocBa,2020,Xét học bạ,daniele15,
HCP,7310106,Kinh tế,A00,25.50,,HocBa,2020,Kinh tế quốc tếXét học bạ,daniele15,
HCP,7310106,Kinh tế,A01,25.50,,HocBa,2020,Kinh tế quốc tếXét học bạ,daniele15,
HCP,7310106,Kinh tế,D01,25.50,,HocBa,2020,Kinh tế quốc tếXét học bạ,daniele15,
HCP,7310106,Kinh tế,D07,25.50,,HocBa,2020,Kinh tế quốc tếXét học bạ,daniele15,
HCP,7310205,Quản lý nhà nước,A00,20.85,,HocBa,2020,Xét học bạ,daniele15,
HCP,7310205,Quản lý nhà nước,A01,20.85,,HocBa,2020,Xét học bạ,daniele15,
HCP,7310205,Quản lý nhà nước,C02,20.85,,HocBa,2020,Xét học bạ,daniele15,
HCP,7310205,Quản lý nhà nước,D01,20.85,,HocBa,2020,Xét học bạ,daniele15,
HCP,7340101,Quản trị kinh doanh,A00,25.50,,HocBa,2020,Xét học bạ,daniele15,
HCP,7340101,Quản trị kinh doanh,A01,25.50,,HocBa,2020,Xét học bạ,daniele15,
HCP,7340101,Quản trị kinh doanh,C01,25.50,,HocBa,2020,Xét học bạ,daniele15,
HCP,7340101,Quản trị kinh doanh,D01,25.50,,HocBa,2020,Xét học bạ,daniele15,
HCP,7340201,Tài chính - Ngân hàng,A00,23.50,,HocBa,2020,Xét học bạ,daniele15,
HCP,7340201,Tài chính - Ngân hàng,A01,23.50,,HocBa,2020,Xét học bạ,daniele15,
HCP,7340201,Tài chính - Ngân hàng,D01,23.50,,HocBa,2020,Xét học bạ,daniele15,
HCP,7340201,Tài chính - Ngân hàng,D07,23.50,,HocBa,2020,Xét học bạ,daniele15,
HCP,7380107,Luật,A00,21.25,,HocBa,2020,Xét học bạ,daniele15,
HCP,7380107,Luật,A01,21.25,,HocBa,2020,Xét học bạ,daniele15,
HCP,7380107,Luật,D01,21.25,,HocBa,2020,Xét học bạ,daniele15,
HCP,7380107,Luật,D09,21.25,,HocBa,2020,Xét học bạ,daniele15,
HCV,7310201,Chính trị học,C00,23.25,,THPTQG,2020,,daniele15,
HCV,7310201,Chính trị học,C03,23.25,,THPTQG,2020,,daniele15,
HCV,7310201,Chính trị học,C04,23.25,,THPTQG,2020,,daniele15,
HCV,7310201,Chính trị học,C14,23.25,,THPTQG,2020,,daniele15,
HCV,7310202,Xây dựng Đảng và chính quyền nhà nước,C00,23.55,,THPTQG,2020,,daniele15,
HCV,7310202,Xây dựng Đảng và chính quyền nhà nước,C03,23.55,,THPTQG,2020,,daniele15,
HCV,7310202,Xây dựng Đảng và chính quyền nhà nước,C04,23.55,,THPTQG,2020,,daniele15,
HCV,7310202,Xây dựng Đảng và chính quyền nhà nước,C14,23.55,,THPTQG,2020,,daniele15,
HCV,7310205,Quản lý nhà nước,A00,24.00,,THPTQG,2020,,daniele15,
HCV,7310205,Quản lý nhà nước,A01,24.00,,THPTQG,2020,,daniele15,
HCV,7310205,Quản lý nhà nước,C00,24.00,,THPTQG,2020,,daniele15,
HCV,7310205,Quản lý nhà nước,D01,24.00,,THPTQG,2020,,daniele15,
HCV,7380101,Luật,A00,24.25,,THPTQG,2020,,daniele15,
HCV,7380101,Luật,A01,24.25,,THPTQG,2020,,daniele15,
HCV,7380101,Luật,C00,24.25,,THPTQG,2020,,daniele15,
HCV,7380101,Luật,D01,24.25,,THPTQG,2020,,daniele15,
HCV,7760101,Công tác xã hội,C00,21.75,,THPTQG,2020,,daniele15,
HCV,7760101,Công tác xã hội,C14,21.75,,THPTQG,2020,,daniele15,
HCV,7760101,Công tác xã hội,D01,21.75,,THPTQG,2020,,daniele15,
HCV,7760101,Công tác xã hội,D14,21.75,,THPTQG,2020,,daniele15,
HDT,51140201,Giáo dục Mầm non,,16.50,,THPTQG,2020,,daniele15,
HDT,7140112,Sư phạm Hóa học,A00,18.50,,THPTQG,2020,,daniele15,
HDT,7140112,Sư phạm Hóa học,B00,18.50,,THPTQG,2020,,daniele15,
HDT,7140112,Sư phạm Hóa học,D07,18.50,,THPTQG,2020,,daniele15,
HDT,7140201,Giáo dục Mầm non,,18.50,,THPTQG,2020,,daniele15,
HDT,7140202,Giáo dục Tiểu học,A00,19.50,,THPTQG,2020,,daniele15,
HDT,7140202,Giáo dục Tiểu học,C00,19.50,,THPTQG,2020,,daniele15,
HDT,7140202,Giáo dục Tiểu học,D01,19.50,,THPTQG,2020,,daniele15,
HDT,7140203,Giáo dục Thể chất,T00,17.50,,THPTQG,2020,,daniele15,
HDT,7140203,Giáo dục Thể chất,T02,17.50,,THPTQG,2020,,daniele15,
HDT,7140203,Giáo dục Thể chất,T05,17.50,,THPTQG,2020,,daniele15,
HDT,7140203,Giáo dục Thể chất,T07,17.50,,THPTQG,2020,,daniele15,
HDT,7140209,Sư phạm Toán học,A00,18.50,,THPTQG,2020,,daniele15,
HDT,7140209,Sư phạm Toán học,A01,18.50,,THPTQG,2020,,daniele15,
HDT,7140209,Sư phạm Toán học,A02,18.50,,THPTQG,2020,,daniele15,
HDT,7140209,Sư phạm Toán học,D07,18.50,,THPTQG,2020,,daniele15,
HDT,7140211,Sư phạm Vật lý,A00,18.50,,THPTQG,2020,,daniele15,
HDT,7140211,Sư phạm Vật lý,A01,18.50,,THPTQG,2020,,daniele15,
HDT,7140211,Sư phạm Vật lý,A02,18.50,,THPTQG,2020,,daniele15,
HDT,7140211,Sư phạm Vật lý,C01,18.50,,THPTQG,2020,,daniele15,
HDT,7140213,Sư phạm Sinh học,B00,18.50,,THPTQG,2020,,daniele15,
HDT,7140213,Sư phạm Sinh học,B03,18.50,,THPTQG,2020,,daniele15,
HDT,7140213,Sư phạm Sinh học,D08,18.50,,THPTQG,2020,,daniele15,
HDT,7140217,Sư phạm Ngữ văn,C00,18.50,,THPTQG,2020,,daniele15,
HDT,7140217,Sư phạm Ngữ văn,C19,18.50,,THPTQG,2020,,daniele15,
HDT,7140217,Sư phạm Ngữ văn,C20,18.50,,THPTQG,2020,,daniele15,
HDT,7140217,Sư phạm Ngữ văn,D01,18.50,,THPTQG,2020,,daniele15,
HDT,7140218,Sư phạm Lịch sử,C00,18.50,,THPTQG,2020,,daniele15,
HDT,7140218,Sư phạm Lịch sử,C03,18.50,,THPTQG,2020,,daniele15,
HDT,7140218,Sư phạm Lịch sử,C19,18.50,,THPTQG,2020,,daniele15,
HDT,7140218,Sư phạm Lịch sử,D14,18.50,,THPTQG,2020,,daniele15,
HDT,7140219,Sư phạm Địa lý,A00,18.50,,THPTQG,2020,,daniele15,
HDT,7140219,Sư phạm Địa lý,C00,18.50,,THPTQG,2020,,daniele15,
HDT,7140219,Sư phạm Địa lý,C04,18.50,,THPTQG,2020,,daniele15,
HDT,7140219,Sư phạm Địa lý,C20,18.50,,THPTQG,2020,,daniele15,
HDT,7140231,Sư phạm Tiếng Anh,A01,18.50,,THPTQG,2020,,daniele15,
HDT,7140231,Sư phạm Tiếng Anh,D01,18.50,,THPTQG,2020,,daniele15,
HDT,7140231,Sư phạm Tiếng Anh,D14,18.50,,THPTQG,2020,,daniele15,
HDT,7140231,Sư phạm Tiếng Anh,D66,18.50,,THPTQG,2020,,daniele15,
HDT,7220201,Ngôn ngữ Anh,A01,15.00,,THPTQG,2020,,daniele15,
HDT,7220201,Ngôn ngữ Anh,D01,15.00,,THPTQG,2020,,daniele15,
HDT,7220201,Ngôn ngữ Anh,D14,15.00,,THPTQG,2020,,daniele15,
HDT,7220201,Ngôn ngữ Anh,D66,15.00,,THPTQG,2020,,daniele15,
HDT,7310301,Xã hội học,C00,15.00,,THPTQG,2020,,daniele15,
HDT,7310301,Xã hội học,C19,15.00,,THPTQG,2020,,daniele15,
HDT,7310301,Xã hội học,C20,15.00,,THPTQG,2020,,daniele15,
HDT,7310301,Xã hội học,D66,15.00,,THPTQG,2020,,daniele15,
HDT,7310630,Việt Nam học,C00,15.00,,THPTQG,2020,,daniele15,
HDT,7310630,Việt Nam học,C19,15.00,,THPTQG,2020,,daniele15,
HDT,7310630,Việt Nam học,C20,15.00,,THPTQG,2020,,daniele15,
HDT,7310630,Việt Nam học,D66,15.00,,THPTQG,2020,,daniele15,
HDT,7340101,Quản trị kinh doanh,A00,15.00,,THPTQG,2020,,daniele15,
HDT,7340101,Quản trị kinh doanh,C04,15.00,,THPTQG,2020,,daniele15,
HDT,7340101,Quản trị kinh doanh,C14,15.00,,THPTQG,2020,,daniele15,
HDT,7340101,Quản trị kinh doanh,D01,15.00,,THPTQG,2020,,daniele15,
HDT,7340201,Tài chính - Ngân hàng,A00,15.00,,THPTQG,2020,,daniele15,
HDT,7340201,Tài chính - Ngân hàng,C04,15.00,,THPTQG,2020,,daniele15,
HDT,7340201,Tài chính - Ngân hàng,C14,15.00,,THPTQG,2020,,daniele15,
HDT,7340201,Tài chính - Ngân hàng,D01,15.00,,THPTQG,2020,,daniele15,
HDT,7340301,Kế toán,A00,15.00,,THPTQG,2020,,daniele15,
HDT,7340301,Kế toán,C04,15.00,,THPTQG,2020,,daniele15,
HDT,7340301,Kế toán,C14,15.00,,THPTQG,2020,,daniele15,
HDT,7340301,Kế toán,D01,15.00,,THPTQG,2020,,daniele15,
HDT,7340302,Kiểm toán,A00,15.00,,THPTQG,2020,,daniele15,
HDT,7340302,Kiểm toán,C04,15.00,,THPTQG,2020,,daniele15,
HDT,7340302,Kiểm toán,C14,15.00,,THPTQG,2020,,daniele15,
HDT,7340302,Kiểm toán,D01,15.00,,THPTQG,2020,,daniele15,
HDT,7380101,Luật,A00,15.00,,THPTQG,2020,,daniele15,
HDT,7380101,Luật,C00,15.00,,THPTQG,2020,,daniele15,
HDT,7380101,Luật,C20,15.00,,THPTQG,2020,,daniele15,
HDT,7380101,Luật,D66,15.00,,THPTQG,2020,,daniele15,
HDT,7480201,Công nghệ thông tin,A00,15.00,,THPTQG,2020,,daniele15,
HDT,7480201,Công nghệ thông tin,A01,15.00,,THPTQG,2020,,daniele15,
HDT,7480201,Công nghệ thông tin,B00,15.00,,THPTQG,2020,,daniele15,
HDT,7480201,Công nghệ thông tin,D07,15.00,,THPTQG,2020,,daniele15,
HDT,7520201,Kỹ thuật điện,A00,15.00,,THPTQG,2020,(định hướng Tự động hóa),daniele15,
HDT,7520201,Kỹ thuật điện,A01,15.00,,THPTQG,2020,(định hướng Tự động hóa),daniele15,
HDT,7520201,Kỹ thuật điện,A02,15.00,,THPTQG,2020,(định hướng Tự động hóa),daniele15,
HDT,7520201,Kỹ thuật điện,B00,15.00,,THPTQG,2020,(định hướng Tự động hóa),daniele15,
HDT,7580103,Quản lý đất đai,A00,15.00,,THPTQG,2020,,daniele15,
HDT,7580103,Quản lý đất đai,B00,15.00,,THPTQG,2020,,daniele15,
HDT,7580103,Quản lý đất đai,B03,15.00,,THPTQG,2020,,daniele15,
HDT,7580103,Quản lý đất đai,D01,15.00,,THPTQG,2020,,daniele15,
HDT,7580201,Kỹ thuật xây dựng,A00,15.00,,THPTQG,2020,,daniele15,
HDT,7580201,Kỹ thuật xây dựng,A01,15.00,,THPTQG,2020,,daniele15,
HDT,7580201,Kỹ thuật xây dựng,A02,15.00,,THPTQG,2020,,daniele15,
HDT,7580201,Kỹ thuật xây dựng,B00,15.00,,THPTQG,2020,,daniele15,
HDT,7620105,Chăn nuôi,A00,15.00,,THPTQG,2020,(Chăn nuôi - Thú y),daniele15,
HDT,7620105,Chăn nuôi,B00,15.00,,THPTQG,2020,(Chăn nuôi - Thú y),daniele15,
HDT,7620105,Chăn nuôi,B03,15.00,,THPTQG,2020,(Chăn nuôi - Thú y),daniele15,
HDT,7620105,Chăn nuôi,D01,15.00,,THPTQG,2020,(Chăn nuôi - Thú y),daniele15,
HDT,7620109,Nông học,A00,15.00,,THPTQG,2020,(định hướng công nghệ cao),daniele15,
HDT,7620109,Nông học,B00,15.00,,THPTQG,2020,(định hướng công nghệ cao),daniele15,
HDT,7620109,Nông học,B03,15.00,,THPTQG,2020,(định hướng công nghệ cao),daniele15,
HDT,7620109,Nông học,D01,15.00,,THPTQG,2020,(định hướng công nghệ cao),daniele15,
HDT,7620112,Bảo vệ thực vật,A00,15.00,,THPTQG,2020,,daniele15,
HDT,7620112,Bảo vệ thực vật,B00,15.00,,THPTQG,2020,,daniele15,
HDT,7620112,Bảo vệ thực vật,B03,15.00,,THPTQG,2020,,daniele15,
HDT,7620112,Bảo vệ thực vật,D01,15.00,,THPTQG,2020,,daniele15,
HDT,7620201,Lâm học,A00,15.00,,THPTQG,2020,,daniele15,
HDT,7620201,Lâm học,B00,15.00,,THPTQG,2020,,daniele15,
HDT,7620201,Lâm học,B03,15.00,,THPTQG,2020,,daniele15,
HDT,7620201,Lâm học,D01,15.00,,THPTQG,2020,,daniele15,
HDT,7810101,Du lịch,C00,15.00,,THPTQG,2020,,daniele15,
HDT,7810101,Du lịch,C19,15.00,,THPTQG,2020,,daniele15,
HDT,7810101,Du lịch,C20,15.00,,THPTQG,2020,,daniele15,
HDT,7810101,Du lịch,D66,15.00,,THPTQG,2020,,daniele15,
HDT,7850101,Quản lý tài nguyên và môi trường,A00,15.00,,THPTQG,2020,,daniele15,
HDT,7850101,Quản lý tài nguyên và môi trường,C00,15.00,,THPTQG,2020,,daniele15,
HDT,7850101,Quản lý tài nguyên và môi trường,C20,15.00,,THPTQG,2020,,daniele15,
HDT,7850101,Quản lý tài nguyên và môi trường,D66,15.00,,THPTQG,2020,,daniele15,
HEH,7860218,Hậu cần quân sự,A00,25.10,,THPTQG,2020,Áp dụng cho thí sinh Nam xét điểm TN THPT khu vực Miền NamTCP1 Toán >=8.6TCP2 Lý >= 8.0,daniele15,
HEH,7860218,Hậu cần quân sự,A01,25.10,,THPTQG,2020,Áp dụng cho thí sinh Nam xét điểm TN THPT khu vực Miền NamTCP1 Toán >=8.6TCP2 Lý >= 8.0,daniele15,
HEH,7860218,Hậu cần quân sự,A00,26.45,,THPTQG,2020,Áp dụng cho thí sinh NamXét điểm thi TNTHPTMiền BắcTCP1 Toán >=9.2TCP2 Lý >= 8.5TCP3 Hóa (TA) >=8.25,daniele15,
HEH,7860218,Hậu cần quân sự,A01,26.45,,THPTQG,2020,Áp dụng cho thí sinh NamXét điểm thi TNTHPTMiền BắcTCP1 Toán >=9.2TCP2 Lý >= 8.5TCP3 Hóa (TA) >=8.25,daniele15,
HEH,7860218,Hậu cần quân sự,A00,27.10,,THPTQG,2020,Áp dụng cho thí sinh Nữ xét tuyển điển thi TN THPT khu vực Miền Nam,daniele15,
HEH,7860218,Hậu cần quân sự,A01,27.10,,THPTQG,2020,Áp dụng cho thí sinh Nữ xét tuyển điển thi TN THPT khu vực Miền Nam,daniele15,
HEH,7860218,Hậu cần quân sự,A00,28.15,,THPTQG,2020,Áp dụng cho thí sinh NữXét điểm thi TN THPTKhu vực Miền Bắc,daniele15,
HEH,7860218,Hậu cần quân sự,A01,28.15,,THPTQG,2020,Áp dụng cho thí sinh NữXét điểm thi TN THPTKhu vực Miền Bắc,daniele15,
HGM,7860229,Chỉ huy kỹ thuật Hoá học,A00,22.70,,THPTQG,2020,Thí sinh Nam miền Nam,daniele15,
HGM,7860229,Chỉ huy kỹ thuật Hoá học,A01,22.70,,THPTQG,2020,Thí sinh Nam miền Nam,daniele15,
HGM,7860229,Chỉ huy kỹ thuật Hoá học,A00,23.65,,THPTQG,2020,Thí sinh Nam miền Bắc,daniele15,
HGM,7860229,Chỉ huy kỹ thuật Hoá học,A01,23.65,,THPTQG,2020,Thí sinh Nam miền Bắc,daniele15,
HHA,7220201D124,Tiếng Anh thương mại,A01,30.00,,THPTQG,2020,,daniele15,
HHA,7220201D124,Tiếng Anh thương mại,D01,30.00,,THPTQG,2020,,daniele15,
HHA,7220201D124,Tiếng Anh thương mại,D10,30.00,,THPTQG,2020,,daniele15,
HHA,7220201D124,Tiếng Anh thương mại,D14,30.00,,THPTQG,2020,,daniele15,
HHA,7220201D125,Ngôn ngữ Anh,A01,29.50,,THPTQG,2020,,daniele15,
HHA,7220201D125,Ngôn ngữ Anh,D01,29.50,,THPTQG,2020,,daniele15,
HHA,7220201D125,Ngôn ngữ Anh,D10,29.50,,THPTQG,2020,,daniele15,
HHA,7220201D125,Ngôn ngữ Anh,D14,29.50,,THPTQG,2020,,daniele15,
HHA,7340101A403,Quản lý kinh doanh và marketing,A01,20.00,,THPTQG,2020,,daniele15,
HHA,7340101A403,Quản lý kinh doanh và marketing,D01,20.00,,THPTQG,2020,,daniele15,
HHA,7340101A403,Quản lý kinh doanh và marketing,D07,20.00,,THPTQG,2020,,daniele15,
HHA,7340101A403,Quản lý kinh doanh và marketing,D15,20.00,,THPTQG,2020,,daniele15,
HHA,7340101D403,Quản trị kinh doanh,A00,23.25,,THPTQG,2020,,daniele15,
HHA,7340101D403,Quản trị kinh doanh,A01,23.25,,THPTQG,2020,,daniele15,
HHA,7340101D403,Quản trị kinh doanh,C01,23.25,,THPTQG,2020,,daniele15,
HHA,7340101D403,Quản trị kinh doanh,D01,23.25,,THPTQG,2020,,daniele15,
HHA,7340101D404,Quản trị tài chính kế toán,A00,22.75,,THPTQG,2020,,daniele15,
HHA,7340101D404,Quản trị tài chính kế toán,A01,22.75,,THPTQG,2020,,daniele15,
HHA,7340101D404,Quản trị tài chính kế toán,C01,22.75,,THPTQG,2020,,daniele15,
HHA,7340101D404,Quản trị tài chính kế toán,D01,22.75,,THPTQG,2020,,daniele15,
HHA,7340101D411,Quản trị tài chính ngân hàng,A00,22.00,,THPTQG,2020,,daniele15,
HHA,7340101D411,Quản trị tài chính ngân hàng,A01,22.00,,THPTQG,2020,,daniele15,
HHA,7340101D411,Quản trị tài chính ngân hàng,C01,22.00,,THPTQG,2020,,daniele15,
HHA,7340101D411,Quản trị tài chính ngân hàng,D01,22.00,,THPTQG,2020,,daniele15,
HHA,7340120A409,Kinh doanh quốc tế và logistics,A01,21.00,,THPTQG,2020,,daniele15,
HHA,7340120A409,Kinh doanh quốc tế và logistics,D01,21.00,,THPTQG,2020,,daniele15,
HHA,7340120A409,Kinh doanh quốc tế và logistics,D07,21.00,,THPTQG,2020,,daniele15,
HHA,7340120A409,Kinh doanh quốc tế và logistics,D15,21.00,,THPTQG,2020,,daniele15,
HHA,7340120D402,Kinh tế,A00,24.50,,THPTQG,2020,,daniele15,
HHA,7340120D402,Kinh tế,A01,24.50,,THPTQG,2020,,daniele15,
HHA,7340120D402,Kinh tế,C01,24.50,,THPTQG,2020,,daniele15,
HHA,7340120D402,Kinh tế,D01,24.50,,THPTQG,2020,,daniele15,
HHA,7340120H402,Kinh tế,A00,21.00,,THPTQG,2020,,daniele15,
HHA,7340120H402,Kinh tế,A01,21.00,,THPTQG,2020,,daniele15,
HHA,7340120H402,Kinh tế,C01,21.00,,THPTQG,2020,,daniele15,
HHA,7340120H402,Kinh tế,D01,21.00,,THPTQG,2020,,daniele15,
HHA,7380101D120,Luật,A00,20.50,,THPTQG,2020,,daniele15,
HHA,7380101D120,Luật,A01,20.50,,THPTQG,2020,,daniele15,
HHA,7380101D120,Luật,C01,20.50,,THPTQG,2020,,daniele15,
HHA,7380101D120,Luật,D01,20.50,,THPTQG,2020,,daniele15,
HHA,7480201D114,Công nghệ thông tin,A00,23.00,,THPTQG,2020,,daniele15,
HHA,7480201D114,Công nghệ thông tin,A01,23.00,,THPTQG,2020,,daniele15,
HHA,7480201D114,Công nghệ thông tin,C01,23.00,,THPTQG,2020,,daniele15,
HHA,7480201D114,Công nghệ thông tin,D01,23.00,,THPTQG,2020,,daniele15,
HHA,7480201D118,Công nghệ phần mềm,A00,21.75,,THPTQG,2020,,daniele15,
HHA,7480201D118,Công nghệ phần mềm,A01,21.75,,THPTQG,2020,,daniele15,
HHA,7480201D118,Công nghệ phần mềm,C01,21.75,,THPTQG,2020,,daniele15,
HHA,7480201D118,Công nghệ phần mềm,D01,21.75,,THPTQG,2020,,daniele15,
HHA,7480201D119,Mạng máy tính và Truyền thông dữ liệu,A00,20.25,,THPTQG,2020,Kỹ thuật truyền thông và mạng máy tính,daniele15,
HHA,7480201D119,Mạng máy tính và Truyền thông dữ liệu,A01,20.25,,THPTQG,2020,Kỹ thuật truyền thông và mạng máy tính,daniele15,
HHA,7480201D119,Mạng máy tính và Truyền thông dữ liệu,C01,20.25,,THPTQG,2020,Kỹ thuật truyền thông và mạng máy tính,daniele15,
HHA,7480201D119,Mạng máy tính và Truyền thông dữ liệu,D01,20.25,,THPTQG,2020,Kỹ thuật truyền thông và mạng máy tính,daniele15,
HHA,7480201H114,Công nghệ thông tin,A00,19.00,,THPTQG,2020,,daniele15,
HHA,7480201H114,Công nghệ thông tin,A01,19.00,,THPTQG,2020,,daniele15,
HHA,7480201H114,Công nghệ thông tin,C01,19.00,,THPTQG,2020,,daniele15,
HHA,7480201H114,Công nghệ thông tin,D01,19.00,,THPTQG,2020,,daniele15,
HHA,7520103D109,Máy và tự động hóa xếp dỡ,A00,14.00,,THPTQG,2020,,daniele15,
HHA,7520103D109,Máy và tự động hóa xếp dỡ,A01,14.00,,THPTQG,2020,,daniele15,
HHA,7520103D109,Máy và tự động hóa xếp dỡ,C01,14.00,,THPTQG,2020,,daniele15,
HHA,7520103D109,Máy và tự động hóa xếp dỡ,D01,14.00,,THPTQG,2020,,daniele15,
HHA,7520103D116,Kỹ thuật cơ khí,A00,19.00,,THPTQG,2020,,daniele15,
HHA,7520103D116,Kỹ thuật cơ khí,A01,19.00,,THPTQG,2020,,daniele15,
HHA,7520103D116,Kỹ thuật cơ khí,C01,19.00,,THPTQG,2020,,daniele15,
HHA,7520103D116,Kỹ thuật cơ khí,D01,19.00,,THPTQG,2020,,daniele15,
HHA,7520103D117,Kỹ thuật cơ điện tử,A00,21.50,,THPTQG,2020,,daniele15,
HHA,7520103D117,Kỹ thuật cơ điện tử,A01,21.50,,THPTQG,2020,,daniele15,
HHA,7520103D117,Kỹ thuật cơ điện tử,C01,21.50,,THPTQG,2020,,daniele15,
HHA,7520103D117,Kỹ thuật cơ điện tử,D01,21.50,,THPTQG,2020,,daniele15,
HHA,7520103D122,Kỹ thuật ô tô,A00,23.75,,THPTQG,2020,,daniele15,
HHA,7520103D122,Kỹ thuật ô tô,A01,23.75,,THPTQG,2020,,daniele15,
HHA,7520103D122,Kỹ thuật ô tô,C01,23.75,,THPTQG,2020,,daniele15,
HHA,7520103D122,Kỹ thuật ô tô,D01,23.75,,THPTQG,2020,,daniele15,
HHA,7520103D123,Công nghệ Kỹ thuật Nhiệt (Cơ điện lạnh),A00,18.00,,THPTQG,2020,Kỹ thuật nhiệt,daniele15,
HHA,7520103D123,Công nghệ Kỹ thuật Nhiệt (Cơ điện lạnh),A01,18.00,,THPTQG,2020,Kỹ thuật nhiệt,daniele15,
HHA,7520103D123,Công nghệ Kỹ thuật Nhiệt (Cơ điện lạnh),C01,18.00,,THPTQG,2020,Kỹ thuật nhiệt,daniele15,
HHA,7520103D123,Công nghệ Kỹ thuật Nhiệt (Cơ điện lạnh),D01,18.00,,THPTQG,2020,Kỹ thuật nhiệt,daniele15,
HHA,7520103D128,Máy và tự động công nghiệp,A00,15.00,,THPTQG,2020,,daniele15,
HHA,7520103D128,Máy và tự động công nghiệp,A01,15.00,,THPTQG,2020,,daniele15,
HHA,7520103D128,Máy và tự động công nghiệp,C01,15.00,,THPTQG,2020,,daniele15,
HHA,7520103D128,Máy và tự động công nghiệp,D01,15.00,,THPTQG,2020,,daniele15,
HHA,7520122D106,Máy tàu thủy,A00,14.00,,THPTQG,2020,,daniele15,
HHA,7520122D106,Máy tàu thủy,A01,14.00,,THPTQG,2020,,daniele15,
HHA,7520122D106,Máy tàu thủy,C01,14.00,,THPTQG,2020,,daniele15,
HHA,7520122D106,Máy tàu thủy,D01,14.00,,THPTQG,2020,,daniele15,
HHA,7520122D107,Thiết kế tàu và công trình ngoài khơi,A00,14.00,,THPTQG,2020,,daniele15,
HHA,7520122D107,Thiết kế tàu và công trình ngoài khơi,A01,14.00,,THPTQG,2020,,daniele15,
HHA,7520122D107,Thiết kế tàu và công trình ngoài khơi,C01,14.00,,THPTQG,2020,,daniele15,
HHA,7520122D107,Thiết kế tàu và công trình ngoài khơi,D01,14.00,,THPTQG,2020,,daniele15,
HHA,7520122D108,Đóng tàu và công trình ngoài khơi,A00,14.00,,THPTQG,2020,,daniele15,
HHA,7520122D108,Đóng tàu và công trình ngoài khơi,A01,14.00,,THPTQG,2020,,daniele15,
HHA,7520122D108,Đóng tàu và công trình ngoài khơi,C01,14.00,,THPTQG,2020,,daniele15,
HHA,7520122D108,Đóng tàu và công trình ngoài khơi,D01,14.00,,THPTQG,2020,,daniele15,
HHA,7520207D104,Điện tử viễn thông,A00,18.75,,THPTQG,2020,,daniele15,
HHA,7520207D104,Điện tử viễn thông,A01,18.75,,THPTQG,2020,,daniele15,
HHA,7520207D104,Điện tử viễn thông,C01,18.75,,THPTQG,2020,,daniele15,
HHA,7520207D104,Điện tử viễn thông,D01,18.75,,THPTQG,2020,,daniele15,
HHA,7520216D103,Điện tự động tàu thủy,A00,14.00,,THPTQG,2020,,daniele15,
HHA,7520216D103,Điện tự động tàu thủy,A01,14.00,,THPTQG,2020,,daniele15,
HHA,7520216D103,Điện tự động tàu thủy,C01,14.00,,THPTQG,2020,,daniele15,
HHA,7520216D103,Điện tự động tàu thủy,D01,14.00,,THPTQG,2020,,daniele15,
HHA,7520216D105,Điện tự động công nghiệp,A00,21.75,,THPTQG,2020,,daniele15,
HHA,7520216D105,Điện tự động công nghiệp,A01,21.75,,THPTQG,2020,,daniele15,
HHA,7520216D105,Điện tự động công nghiệp,C01,21.75,,THPTQG,2020,,daniele15,
HHA,7520216D105,Điện tự động công nghiệp,D01,21.75,,THPTQG,2020,,daniele15,
HHA,7520216D121,Tự động hóa hệ thống điện,A00,18.00,,THPTQG,2020,,daniele15,
HHA,7520216D121,Tự động hóa hệ thống điện,A01,18.00,,THPTQG,2020,,daniele15,
HHA,7520216D121,Tự động hóa hệ thống điện,C01,18.00,,THPTQG,2020,,daniele15,
HHA,7520216D121,Tự động hóa hệ thống điện,D01,18.00,,THPTQG,2020,,daniele15,
HHA,7520216H105,Điện tự động công nghiệp,A00,14.00,,THPTQG,2020,,daniele15,
HHA,7520216H105,Điện tự động công nghiệp,A01,14.00,,THPTQG,2020,,daniele15,
HHA,7520216H105,Điện tự động công nghiệp,C01,14.00,,THPTQG,2020,,daniele15,
HHA,7520216H105,Điện tự động công nghiệp,D01,14.00,,THPTQG,2020,,daniele15,
HHA,7520320D115,Kỹ thuật môi trường,A00,15.00,,THPTQG,2020,,daniele15,
HHA,7520320D115,Kỹ thuật môi trường,A01,15.00,,THPTQG,2020,,daniele15,
HHA,7520320D115,Kỹ thuật môi trường,C01,15.00,,THPTQG,2020,,daniele15,
HHA,7520320D115,Kỹ thuật môi trường,D01,15.00,,THPTQG,2020,,daniele15,
HHA,7520320D126,Kỹ thuật công nghệ hóa học,A00,14.00,,THPTQG,2020,,daniele15,
HHA,7520320D126,Kỹ thuật công nghệ hóa học,A01,14.00,,THPTQG,2020,,daniele15,
HHA,7520320D126,Kỹ thuật công nghệ hóa học,C01,14.00,,THPTQG,2020,,daniele15,
HHA,7520320D126,Kỹ thuật công nghệ hóa học,D01,14.00,,THPTQG,2020,,daniele15,
HHA,7580201D112,Xây dựng dân dụng và công nghiệp,A00,14.00,,THPTQG,2020,,daniele15,
HHA,7580201D112,Xây dựng dân dụng và công nghiệp,A01,14.00,,THPTQG,2020,,daniele15,
HHA,7580201D112,Xây dựng dân dụng và công nghiệp,C01,14.00,,THPTQG,2020,,daniele15,
HHA,7580201D112,Xây dựng dân dụng và công nghiệp,D01,14.00,,THPTQG,2020,,daniele15,
HHA,7580201D127,Kiến trúc và nội thất,H01,19.00,,THPTQG,2020,,daniele15,
HHA,7580201D127,Kiến trúc và nội thất,H02,19.00,,THPTQG,2020,,daniele15,
HHA,7580201D127,Kiến trúc và nội thất,H03,19.00,,THPTQG,2020,,daniele15,
HHA,7580201D127,Kiến trúc và nội thất,H04,19.00,,THPTQG,2020,,daniele15,
HHA,7580201D130,Quản lý công trình xây dựng,A00,14.00,,THPTQG,2020,,daniele15,
HHA,7580201D130,Quản lý công trình xây dựng,A01,14.00,,THPTQG,2020,,daniele15,
HHA,7580201D130,Quản lý công trình xây dựng,C01,14.00,,THPTQG,2020,,daniele15,
HHA,7580201D130,Quản lý công trình xây dựng,D01,14.00,,THPTQG,2020,,daniele15,
HHA,7580203D110,Xây dựng công trình thủy,A00,14.00,,THPTQG,2020,,daniele15,
HHA,7580203D110,Xây dựng công trình thủy,A01,14.00,,THPTQG,2020,,daniele15,
HHA,7580203D110,Xây dựng công trình thủy,C01,14.00,,THPTQG,2020,,daniele15,
HHA,7580203D110,Xây dựng công trình thủy,D01,14.00,,THPTQG,2020,,daniele15,
HHA,7580203D111,Kỹ thuật an toàn hàng hải,A00,14.00,,THPTQG,2020,,daniele15,
HHA,7580203D111,Kỹ thuật an toàn hàng hải,A01,14.00,,THPTQG,2020,,daniele15,
HHA,7580203D111,Kỹ thuật an toàn hàng hải,C01,14.00,,THPTQG,2020,,daniele15,
HHA,7580203D111,Kỹ thuật an toàn hàng hải,D01,14.00,,THPTQG,2020,,daniele15,
HHA,7580205D113,Kỹ thuật cầu đường,A00,14.00,,THPTQG,2020,,daniele15,
HHA,7580205D113,Kỹ thuật cầu đường,A01,14.00,,THPTQG,2020,,daniele15,
HHA,7580205D113,Kỹ thuật cầu đường,C01,14.00,,THPTQG,2020,,daniele15,
HHA,7580205D113,Kỹ thuật cầu đường,D01,14.00,,THPTQG,2020,,daniele15,
HHA,7720101,Y khoa,B00,25.40,,THPTQG,2020,,daniele15,
HHA,7720101LT,Y khoa,B00,22.00,,HocBa,2020,Học bạ: 24 điểm,daniele15,
HHA,7720110,Y học dự phòng,B00,19.00,,HocBa,2020,Học bạ: 19.5 điểm,daniele15,
HHA,7720201,Dược học,A00,23.50,,THPTQG,2020,,daniele15,
HHA,7720201,Dược học,B00,23.50,,THPTQG,2020,,daniele15,
HHA,7720301,Điều dưỡng,B00,19.00,,HocBa,2020,Học bạ: 19.5 điểm,daniele15,
HHA,7720601,Kỹ thuật xét nghiệm y học,B00,21.00,,HocBa,2020,"Học bạ: 19,5 điểm",daniele15,
HHA,7720701,Y tế công cộng,B00,19.00,,HocBa,2020,"Học bạ: 19,5 điểm",daniele15,
HHA,7840104A408,Kinh tế,A01,18.00,,THPTQG,2020,,daniele15,
HHA,7840104A408,Kinh tế,D01,18.00,,THPTQG,2020,,daniele15,
HHA,7840104A408,Kinh tế,D07,18.00,,THPTQG,2020,,daniele15,
HHA,7840104A408,Kinh tế,D15,18.00,,THPTQG,2020,,daniele15,
HHA,7840104D401,Kinh tế,A00,23.75,,THPTQG,2020,,daniele15,
HHA,7840104D401,Kinh tế,A01,23.75,,THPTQG,2020,,daniele15,
HHA,7840104D401,Kinh tế,C01,23.75,,THPTQG,2020,,daniele15,
HHA,7840104D401,Kinh tế,D01,23.75,,THPTQG,2020,,daniele15,
HHA,7840104D407,Logistics và Quản lý chuỗi cung ứng,A00,25.25,,THPTQG,2020,Logistics và chuỗi cung ứng,daniele15,
HHA,7840104D407,Logistics và Quản lý chuỗi cung ứng,A01,25.25,,THPTQG,2020,Logistics và chuỗi cung ứng,daniele15,
HHA,7840104D407,Logistics và Quản lý chuỗi cung ứng,C01,25.25,,THPTQG,2020,Logistics và chuỗi cung ứng,daniele15,
HHA,7840104D407,Logistics và Quản lý chuỗi cung ứng,D01,25.25,,THPTQG,2020,Logistics và chuỗi cung ứng,daniele15,
HHA,7840104D410,Kinh tế,A00,21.50,,THPTQG,2020,,daniele15,
HHA,7840104D410,Kinh tế,A01,21.50,,THPTQG,2020,,daniele15,
HHA,7840104D410,Kinh tế,C01,21.50,,THPTQG,2020,,daniele15,
HHA,7840104D410,Kinh tế,D01,21.50,,THPTQG,2020,,daniele15,
HHA,7840104H401,Kinh tế,A00,18.00,,THPTQG,2020,,daniele15,
HHA,7840104H401,Kinh tế,A01,18.00,,THPTQG,2020,,daniele15,
HHA,7840104H401,Kinh tế,C01,18.00,,THPTQG,2020,,daniele15,
HHA,7840104H401,Kinh tế,D01,18.00,,THPTQG,2020,,daniele15,
HHA,7840106D101,Điều khiển tàu biển,A00,18.00,,THPTQG,2020,,daniele15,
HHA,7840106D101,Điều khiển tàu biển,A01,18.00,,THPTQG,2020,,daniele15,
HHA,7840106D101,Điều khiển tàu biển,C01,18.00,,THPTQG,2020,,daniele15,
HHA,7840106D101,Điều khiển tàu biển,D01,18.00,,THPTQG,2020,,daniele15,
HHA,7840106D102,Khai thác máy tàu biển,A00,14.00,,THPTQG,2020,,daniele15,
HHA,7840106D102,Khai thác máy tàu biển,A01,14.00,,THPTQG,2020,,daniele15,
HHA,7840106D102,Khai thác máy tàu biển,C01,14.00,,THPTQG,2020,,daniele15,
HHA,7840106D102,Khai thác máy tàu biển,D01,14.00,,THPTQG,2020,,daniele15,
HHA,7840106D129,Quản lý hàng hải,A00,21.00,,THPTQG,2020,,daniele15,
HHA,7840106D129,Quản lý hàng hải,A01,21.00,,THPTQG,2020,,daniele15,
HHA,7840106D129,Quản lý hàng hải,C01,21.00,,THPTQG,2020,,daniele15,
HHA,7840106D129,Quản lý hàng hải,D01,21.00,,THPTQG,2020,,daniele15,
HHA,7840106S101,Điều khiển tàu biển,A00,14.00,,THPTQG,2020,,daniele15,
HHA,7840106S101,Điều khiển tàu biển,A01,14.00,,THPTQG,2020,,daniele15,
HHA,7840106S101,Điều khiển tàu biển,C01,14.00,,THPTQG,2020,,daniele15,
HHA,7840106S101,Điều khiển tàu biển,D01,14.00,,THPTQG,2020,,daniele15,
HHA,7840106S102,Khai thác máy tàu biển,A00,14.00,,THPTQG,2020,,daniele15,
HHA,7840106S102,Khai thác máy tàu biển,A01,14.00,,THPTQG,2020,,daniele15,
HHA,7840106S102,Khai thác máy tàu biển,C01,14.00,,THPTQG,2020,,daniele15,
HHA,7840106S102,Khai thác máy tàu biển,D01,14.00,,THPTQG,2020,,daniele15,
HHK,7340101,Quản trị kinh doanh,A00,23.10,,THPTQG,2020,,daniele15,
HHK,7340101,Quản trị kinh doanh,A01,23.10,,THPTQG,2020,,daniele15,
HHK,7340101,Quản trị kinh doanh,D01,23.10,,THPTQG,2020,,daniele15,
HHK,7340101,Quản trị kinh doanh,D96,23.10,,THPTQG,2020,,daniele15,
HHK,7510302,Công nghệ kỹ thuật điện tử - viễn thông,A00,18.80,,THPTQG,2020,,daniele15,
HHK,7510302,Công nghệ kỹ thuật điện tử - viễn thông,A01,18.80,,THPTQG,2020,,daniele15,
HHK,7510302,Công nghệ kỹ thuật điện tử - viễn thông,D90,18.80,,THPTQG,2020,,daniele15,
HHK,7520120,Kỹ thuật Hàng không,A00,24.20,,THPTQG,2020,,daniele15,
HHK,7520120,Kỹ thuật Hàng không,A01,24.20,,THPTQG,2020,,daniele15,
HHK,7520120,Kỹ thuật Hàng không,D90,24.20,,THPTQG,2020,,daniele15,
HHK,7840102,Quản lý hoạt động bay,A00,26.20,,THPTQG,2020,,daniele15,
HHK,7840102,Quản lý hoạt động bay,A01,26.20,,THPTQG,2020,,daniele15,
HHK,7840102,Quản lý hoạt động bay,D01,26.20,,THPTQG,2020,,daniele15,
HHK,7840102,Quản lý hoạt động bay,D90,26.20,,THPTQG,2020,,daniele15,
HNM,51140201,Giáo dục Mầm non,,19.00,,THPTQG,2020,Thang điểm 40.,daniele15,
HNM,7140114,Quản lý giáo dục,C00,20.33,,THPTQG,2020,Thang điểm 40.NV<=4,daniele15,
HNM,7140201,Giáo dục Mầm non,,20.00,,THPTQG,2020,Thang điểm 40,daniele15,
HNM,7140202,Giáo dục Tiểu học,D01,28.78,,THPTQG,2020,Thang điểm 40NV<=3,daniele15,
HNM,7140202,Giáo dục Tiểu học,D72,28.78,,THPTQG,2020,Thang điểm 40NV<=3,daniele15,
HNM,7140202,Giáo dục Tiểu học,D96,28.78,,THPTQG,2020,Thang điểm 40NV<=3,daniele15,
HNM,7140203,Giáo dục Đặc biệt,C00,20.00,,THPTQG,2020,Thang điểm 40,daniele15,
HNM,7140203,Giáo dục Đặc biệt,D14,20.00,,THPTQG,2020,Thang điểm 40,daniele15,
HNM,7140203,Giáo dục Đặc biệt,D15,20.00,,THPTQG,2020,Thang điểm 40,daniele15,
HNM,7140203,Giáo dục Đặc biệt,D78,20.00,,THPTQG,2020,Thang điểm 40,daniele15,
HNM,7140204,Giáo dục Công dân,C00,20.00,,THPTQG,2020,Thang điểm 40,daniele15,
HNM,7140204,Giáo dục Công dân,C19,20.00,,THPTQG,2020,Thang điểm 40,daniele15,
HNM,7140204,Giáo dục Công dân,D66,20.00,,THPTQG,2020,Thang điểm 40,daniele15,
HNM,7140204,Giáo dục Công dân,D78,20.00,,THPTQG,2020,Thang điểm 40,daniele15,
HNM,7140209,Sư phạm Toán học,A00,29.03,,THPTQG,2020,Thang điểm 40NV<=1,daniele15,
HNM,7140209,Sư phạm Toán học,A01,29.03,,THPTQG,2020,Thang điểm 40NV<=1,daniele15,
HNM,7140209,Sư phạm Toán học,D07,29.03,,THPTQG,2020,Thang điểm 40NV<=1,daniele15,
HNM,7140209,Sư phạm Toán học,D90,29.03,,THPTQG,2020,Thang điểm 40NV<=1,daniele15,
HNM,7140211,Sư phạm Vật lý,A00,28.65,,THPTQG,2020,thang điểm 40,daniele15,
HNM,7140211,Sư phạm Vật lý,D90,28.65,,THPTQG,2020,thang điểm 40,daniele15,
HNM,7140217,Sư phạm Ngữ văn,C00,28.30,,THPTQG,2020,thang điểm 40NV<=2,daniele15,
HNM,7140217,Sư phạm Ngữ văn,D14,28.30,,THPTQG,2020,thang điểm 40NV<=2,daniele15,
HNM,7140217,Sư phạm Ngữ văn,D15,28.30,,THPTQG,2020,thang điểm 40NV<=2,daniele15,
HNM,7140217,Sư phạm Ngữ văn,D78,28.30,,THPTQG,2020,thang điểm 40NV<=2,daniele15,
HNM,7140218,Sư phạm Lịch sử,C00,20.00,,THPTQG,2020,Thang điểm 40.,daniele15,
HNM,7140218,Sư phạm Lịch sử,C19,20.00,,THPTQG,2020,Thang điểm 40.,daniele15,
HNM,7140218,Sư phạm Lịch sử,D14,20.00,,THPTQG,2020,Thang điểm 40.,daniele15,
HNM,7140218,Sư phạm Lịch sử,D78,20.00,,THPTQG,2020,Thang điểm 40.,daniele15,
HNM,7220201,Ngôn ngữ Anh,D01,29.88,,THPTQG,2020,Thang điểm 40NV<=1,daniele15,
HNM,7220201,Ngôn ngữ Anh,D14,29.88,,THPTQG,2020,Thang điểm 40NV<=1,daniele15,
HNM,7220201,Ngôn ngữ Anh,D15,29.88,,THPTQG,2020,Thang điểm 40NV<=1,daniele15,
HNM,7220201,Ngôn ngữ Anh,D78,29.88,,THPTQG,2020,Thang điểm 40NV<=1,daniele15,
HNM,7220204,Ngôn ngữ Trung Quốc,D01,30.02,40,THPTQG,2020,Thang điểm 40NV<=2 | thang 40 (suy ra),daniele15,
HNM,7220204,Ngôn ngữ Trung Quốc,D14,30.02,40,THPTQG,2020,Thang điểm 40NV<=2 | thang 40 (suy ra),daniele15,
HNM,7220204,Ngôn ngữ Trung Quốc,D15,30.02,40,THPTQG,2020,Thang điểm 40NV<=2 | thang 40 (suy ra),daniele15,
HNM,7220204,Ngôn ngữ Trung Quốc,D78,30.02,40,THPTQG,2020,Thang điểm 40NV<=2 | thang 40 (suy ra),daniele15,
HNM,7310201,Chính trị học,C00,18.00,,THPTQG,2020,Thang điểm 40,daniele15,
HNM,7310201,Chính trị học,C19,18.00,,THPTQG,2020,Thang điểm 40,daniele15,
HNM,7310201,Chính trị học,D66,18.00,,THPTQG,2020,Thang điểm 40,daniele15,
HNM,7310201,Chính trị học,D78,18.00,,THPTQG,2020,Thang điểm 40,daniele15,
HNM,7310630,Việt Nam học,C00,22.08,,THPTQG,2020,Thang điểm 40NV<=1,daniele15,
HNM,7310630,Việt Nam học,D14,22.08,,THPTQG,2020,Thang điểm 40NV<=1,daniele15,
HNM,7310630,Việt Nam học,D15,22.08,,THPTQG,2020,Thang điểm 40NV<=1,daniele15,
HNM,7310630,Việt Nam học,D78,22.08,,THPTQG,2020,Thang điểm 40NV<=1,daniele15,
HNM,7340101,Quản trị kinh doanh,A00,29.83,,THPTQG,2020,Thang điểm 40NV<=2,daniele15,
HNM,7340101,Quản trị kinh doanh,D01,29.83,,THPTQG,2020,Thang điểm 40NV<=2,daniele15,
HNM,7340101,Quản trị kinh doanh,D78,29.83,,THPTQG,2020,Thang điểm 40NV<=2,daniele15,
HNM,7340101,Quản trị kinh doanh,D90,29.83,,THPTQG,2020,Thang điểm 40NV<=2,daniele15,
HNM,7340403,Quản lý công,C00,18.00,,THPTQG,2020,Thang điểm 40,daniele15,
HNM,7340403,Quản lý công,D01,18.00,,THPTQG,2020,Thang điểm 40,daniele15,
HNM,7340403,Quản lý công,D14,18.00,,THPTQG,2020,Thang điểm 40,daniele15,
HNM,7340403,Quản lý công,D15,18.00,,THPTQG,2020,Thang điểm 40,daniele15,
HNM,7380101,Luật,C00,29.25,,THPTQG,2020,Thang điểm 40NV<=4,daniele15,
HNM,7380101,Luật,D66,29.25,,THPTQG,2020,Thang điểm 40NV<=4,daniele15,
HNM,7380101,Luật,D78,29.25,,THPTQG,2020,Thang điểm 40NV<=4,daniele15,
HNM,7380101,Luật,D90,29.25,,THPTQG,2020,Thang điểm 40NV<=4,daniele15,
HNM,7460112,Toán ứng dụng,A00,18.00,,THPTQG,2020,Thang điểm 40,daniele15,
HNM,7460112,Toán ứng dụng,D01,18.00,,THPTQG,2020,Thang điểm 40,daniele15,
HNM,7460112,Toán ứng dụng,D07,18.00,,THPTQG,2020,Thang điểm 40,daniele15,
HNM,7460112,Toán ứng dụng,D90,18.00,,THPTQG,2020,Thang điểm 40,daniele15,
HNM,7480201,Công nghệ thông tin,A00,29.20,,THPTQG,2020,Thang điểm 40NV<=1,daniele15,
HNM,7480201,Công nghệ thông tin,A01,29.20,,THPTQG,2020,Thang điểm 40NV<=1,daniele15,
HNM,7480201,Công nghệ thông tin,D01,29.20,,THPTQG,2020,Thang điểm 40NV<=1,daniele15,
HNM,7480201,Công nghệ thông tin,D90,29.20,,THPTQG,2020,Thang điểm 40NV<=1,daniele15,
HNM,7510406,Công nghệ kỹ thuật môi trường,A00,18.00,,THPTQG,2020,Thang điểm 40,daniele15,
HNM,7510406,Công nghệ kỹ thuật môi trường,B00,18.00,,THPTQG,2020,Thang điểm 40,daniele15,
HNM,7510406,Công nghệ kỹ thuật môi trường,D07,18.00,,THPTQG,2020,Thang điểm 40,daniele15,
HNM,7510406,Công nghệ kỹ thuật môi trường,D08,18.00,,THPTQG,2020,Thang điểm 40,daniele15,
HNM,7510605,Logistics và Quản lý chuỗi cung ứng,A00,29.82,,THPTQG,2020,Thang điểm 40NV<=3,daniele15,
HNM,7510605,Logistics và Quản lý chuỗi cung ứng,D01,29.82,,THPTQG,2020,Thang điểm 40NV<=3,daniele15,
HNM,7510605,Logistics và Quản lý chuỗi cung ứng,D78,29.82,,THPTQG,2020,Thang điểm 40NV<=3,daniele15,
HNM,7510605,Logistics và Quản lý chuỗi cung ứng,D90,29.82,,THPTQG,2020,Thang điểm 40NV<=3,daniele15,
HNM,7720101,Y khoa,B00,27.65,,THPTQG,2020,,daniele15,
HNM,7720101,Y khoa,B00,28.90,,THPTQG,2020,,daniele15,
HNM,7720101_YHT,Y Đa Khoa,B00,27.65,,THPTQG,2020,,daniele15,
HNM,7720110,Y học dự phòng,B00,24.25,,THPTQG,2020,,daniele15,
HNM,7720115,Y học cổ truyền,B00,26.50,,THPTQG,2020,,daniele15,
HNM,7720301,Điều dưỡng,B00,25.80,,THPTQG,2020,,daniele15,
HNM,7720301_YHT,Điều dưỡng,B00,22.40,,THPTQG,2020,,daniele15,
HNM,7720501,Răng - Hàm - Mặt,B00,28.65,,THPTQG,2020,,daniele15,
HNM,7720601,Kỹ thuật xét nghiệm y học,B00,26.50,,THPTQG,2020,,daniele15,
HNM,7720701,Y tế công cộng,B00,22.40,,THPTQG,2020,,daniele15,
HNM,7760101,Công tác xã hội,C00,18.00,,THPTQG,2020,thang điểm 40,daniele15,
HNM,7760101,Công tác xã hội,D01,18.00,,THPTQG,2020,thang điểm 40,daniele15,
HNM,7760101,Công tác xã hội,D66,18.00,,THPTQG,2020,thang điểm 40,daniele15,
HNM,7760101,Công tác xã hội,D78,18.00,,THPTQG,2020,thang điểm 40,daniele15,
HNM,7810103,Quản trị dịch vụ du lịch và lữ hành,D01,29.93,,THPTQG,2020,Thang điểm 40NV<=2,daniele15,
HNM,7810103,Quản trị dịch vụ du lịch và lữ hành,D14,29.93,,THPTQG,2020,Thang điểm 40NV<=2,daniele15,
HNM,7810103,Quản trị dịch vụ du lịch và lữ hành,D15,29.93,,THPTQG,2020,Thang điểm 40NV<=2,daniele15,
HNM,7810103,Quản trị dịch vụ du lịch và lữ hành,D78,29.93,,THPTQG,2020,Thang điểm 40NV<=2,daniele15,
HNM,7810201,Quản trị khách sạn,D01,30.20,40,THPTQG,2020,thang điểm 40nv<=8 | thang 40 (suy ra),daniele15,
HNM,7810201,Quản trị khách sạn,D14,30.20,40,THPTQG,2020,thang điểm 40nv<=8 | thang 40 (suy ra),daniele15,
HNM,7810201,Quản trị khách sạn,D15,30.20,40,THPTQG,2020,thang điểm 40nv<=8 | thang 40 (suy ra),daniele15,
HNM,7810201,Quản trị khách sạn,D78,30.20,40,THPTQG,2020,thang điểm 40nv<=8 | thang 40 (suy ra),daniele15,
HPN,7310101,Kinh tế,C00,15.00,,THPTQG,2020,,daniele15,
HPN,7310101,Kinh tế,C00,16.00,,THPTQG,2020,,daniele15,
HPN,7310101,Kinh tế,C00,18.00,,HocBa,2020,Xét học bạ,daniele15,
HPN,7310101,Kinh tế,C00,19.00,,HocBa,2020,Xét học bạ,daniele15,
HPN,7310399,Giới và phát triển,A00,14.00,,THPTQG,2020,,daniele15,
HPN,7310399,Giới và phát triển,A01,14.00,,THPTQG,2020,,daniele15,
HPN,7310399,Giới và phát triển,C00,14.00,,THPTQG,2020,,daniele15,
HPN,7310399,Giới và phát triển,D01,14.00,,THPTQG,2020,,daniele15,
HPN,7310399,Giới và phát triển,A00,18.00,,HocBa,2020,Xét học bạ,daniele15,
HPN,7310399,Giới và phát triển,A01,18.00,,HocBa,2020,Xét học bạ,daniele15,
HPN,7310399,Giới và phát triển,C00,18.00,,HocBa,2020,Xét học bạ,daniele15,
HPN,7310399,Giới và phát triển,D01,18.00,,HocBa,2020,Xét học bạ,daniele15,
HPN,7310401,Tâm lý học,A00,15.00,,THPTQG,2020,,daniele15,
HPN,7310401,Tâm lý học,A01,15.00,,THPTQG,2020,,daniele15,
HPN,7310401,Tâm lý học,C00,15.00,,THPTQG,2020,,daniele15,
HPN,7310401,Tâm lý học,D01,15.00,,THPTQG,2020,,daniele15,
HPN,7310401,Tâm lý học,A00,18.00,,HocBa,2020,Xét học bạ,daniele15,
HPN,7310401,Tâm lý học,A01,18.00,,HocBa,2020,Xét học bạ,daniele15,
HPN,7310401,Tâm lý học,C00,18.00,,HocBa,2020,Xét học bạ,daniele15,
HPN,7310401,Tâm lý học,D01,18.00,,HocBa,2020,Xét học bạ,daniele15,
HPN,7320104,Truyền thông đa phương tiện,C00,16.00,,THPTQG,2020,Xét điểm thi TN THPT,daniele15,
HPN,7320104,Truyền thông đa phương tiện,C00,17.00,,THPTQG,2020,Xét điểm thi TN THPT,daniele15,
HPN,7320104,Truyền thông đa phương tiện,C00,18.00,,HocBa,2020,Xét học bạ,daniele15,
HPN,7320104,Truyền thông đa phương tiện,C00,19.00,,HocBa,2020,Xét học bạ,daniele15,
HPN,7340101,Quản trị kinh doanh,C00,15.00,,THPTQG,2020,,daniele15,
HPN,7340101,Quản trị kinh doanh,C00,16.00,,THPTQG,2020,,daniele15,
HPN,7340101,Quản trị kinh doanh,C00,18.00,,HocBa,2020,Xét học bạ,daniele15,
HPN,7340101,Quản trị kinh doanh,C00,19.00,,HocBa,2020,Xét học bạ,daniele15,
HPN,7380101,Luật,A00,15.00,,THPTQG,2020,,daniele15,
HPN,7380101,Luật,A01,15.00,,THPTQG,2020,,daniele15,
HPN,7380101,Luật,C00,15.00,,THPTQG,2020,,daniele15,
HPN,7380101,Luật,D01,15.00,,THPTQG,2020,,daniele15,
HPN,7380101,Luật,A00,18.00,,HocBa,2020,Xét học bạ,daniele15,
HPN,7380101,Luật,A01,18.00,,HocBa,2020,Xét học bạ,daniele15,
HPN,7380101,Luật,C00,18.00,,HocBa,2020,Xét học bạ,daniele15,
HPN,7380101,Luật,D01,18.00,,HocBa,2020,Xét học bạ,daniele15,
HPN,7380107,Luật,A00,15.00,,THPTQG,2020,Luật kinh tế,daniele15,
HPN,7380107,Luật,A01,15.00,,THPTQG,2020,Luật kinh tế,daniele15,
HPN,7380107,Luật,C00,15.00,,THPTQG,2020,Luật kinh tế,daniele15,
HPN,7380107,Luật,D01,15.00,,THPTQG,2020,Luật kinh tế,daniele15,
HPN,7380107,Luật,A00,18.00,,HocBa,2020,Luật kinh tếXét học bạ,daniele15,
HPN,7380107,Luật,A01,18.00,,HocBa,2020,Luật kinh tếXét học bạ,daniele15,
HPN,7380107,Luật,C00,18.00,,HocBa,2020,Luật kinh tếXét học bạ,daniele15,
HPN,7380107,Luật,D01,18.00,,HocBa,2020,Luật kinh tếXét học bạ,daniele15,
HPN,7760101,Công tác xã hội,A00,14.00,,THPTQG,2020,,daniele15,
HPN,7760101,Công tác xã hội,A01,14.00,,THPTQG,2020,,daniele15,
HPN,7760101,Công tác xã hội,C00,14.00,,THPTQG,2020,,daniele15,
HPN,7760101,Công tác xã hội,D01,14.00,,THPTQG,2020,,daniele15,
HPN,7760101,Công tác xã hội,A00,18.00,,HocBa,2020,Xét học bạ,daniele15,
HPN,7760101,Công tác xã hội,A01,18.00,,HocBa,2020,Xét học bạ,daniele15,
HPN,7760101,Công tác xã hội,C00,18.00,,HocBa,2020,Xét học bạ,daniele15,
HPN,7760101,Công tác xã hội,D01,18.00,,HocBa,2020,Xét học bạ,daniele15,
HPN,7810103,Quản trị dịch vụ du lịch và lữ hành,C00,16.00,,THPTQG,2020,Xét điểm thi TN THPT,daniele15,
HPN,7810103,Quản trị dịch vụ du lịch và lữ hành,C00,17.00,,THPTQG,2020,Xét điểm thi TN THPT,daniele15,
HPN,7810103,Quản trị dịch vụ du lịch và lữ hành,C00,18.00,,HocBa,2020,Xét học bạ,daniele15,
HPN,7810103,Quản trị dịch vụ du lịch và lữ hành,C00,19.00,,HocBa,2020,Xét học bạ,daniele15,
HQH,7860202,Chỉ huy tham mưu Hải quân,A00,24.85,,THPTQG,2020,"Thí sinh Nam miền Nam, thí sinh có mức điểm 24.85 điểm:- Tcp1: Toán>=8.6- Tcp2: Lý >=7.5- Tcp3: Hóa (TA)>=8.5",daniele15,
HQH,7860202,Chỉ huy tham mưu Hải quân,A01,24.85,,THPTQG,2020,"Thí sinh Nam miền Nam, thí sinh có mức điểm 24.85 điểm:- Tcp1: Toán>=8.6- Tcp2: Lý >=7.5- Tcp3: Hóa (TA)>=8.5",daniele15,
HQH,7860202,Chỉ huy tham mưu Hải quân,A00,25.20,,THPTQG,2020,"Thí sinh Nam miền Bắc, thí sinh có mức 25.2 điểm: Toán >=9.2",daniele15,
HQH,7860202,Chỉ huy tham mưu Hải quân,A01,25.20,,THPTQG,2020,"Thí sinh Nam miền Bắc, thí sinh có mức 25.2 điểm: Toán >=9.2",daniele15,
HQT,7220201,Ngôn ngữ Anh,D01,34.75,40,THPTQG,2020,thang 40 (suy ra),daniele15,
HQT,7310106,Kinh tế,A00,26.70,,THPTQG,2020,,daniele15,
HQT,7310106,Kinh tế,A01,26.70,,THPTQG,2020,,daniele15,
HQT,7310106,Kinh tế,D01,26.70,,THPTQG,2020,,daniele15,
HQT,7310206,Quan hệ quốc tế,A01,25.60,,THPTQG,2020,,daniele15,
HQT,7310206,Quan hệ quốc tế,D01,25.60,,THPTQG,2020,,daniele15,
HQT,7310206,Quan hệ quốc tế,A01,26.60,,THPTQG,2020,,daniele15,
HQT,7310206,Quan hệ quốc tế,D01,26.60,,THPTQG,2020,,daniele15,
HQT,7320107,Truyền thông quốc tế,A01,26.00,,THPTQG,2020,,daniele15,
HQT,7320107,Truyền thông quốc tế,D01,26.00,,THPTQG,2020,,daniele15,
HQT,7320107,Truyền thông quốc tế,A01,27.00,,THPTQG,2020,,daniele15,
HQT,7320107,Truyền thông quốc tế,D01,27.00,,THPTQG,2020,,daniele15,
HQT,7380108,Luật,A01,26.00,,THPTQG,2020,,daniele15,
HQT,7380108,Luật,D01,26.00,,THPTQG,2020,,daniele15,
HTA,7380101,Luật,A00,24.13,,HocBa,2020,Xét học bạThí sinh nam miền Bắc,daniele15,
HTA,7380101,Luật,A00,24.33,,HocBa,2020,Xét học bạThí sinh nam miền Bắc,daniele15,
HTA,7380101,Luật,A00,24.81,,HocBa,2020,Xét học bạThí sinh nam miền Bắc,daniele15,
HTA,7380101,Luật,A00,24.90,,HocBa,2020,xét học bạThí sinh nữ miền Bắc,daniele15,
HTA,7380101,Luật,A00,24.93,,HocBa,2020,Xét học bạThí sinh nữ miền Bắc,daniele15,
HTA,7380101,Luật,A00,24.97,,HocBa,2020,Xét học bạThí sinh nam miền Nam,daniele15,
HTA,7380101,Luật,A00,25.07,,HocBa,2020,xét học bạThí sinh nam miền Nam,daniele15,
HTA,7380101,Luật,A00,25.13,,HocBa,2020,Xét học bạThí sinh nữ miền Nam,daniele15,
HTA,7380101,Luật,A00,25.81,,HocBa,2020,Xét học bạThí sinh nữ miền Nam,daniele15,
HTA,7380101,Luật,A00,25.92,,HocBa,2020,Xét học bạThí sinh nữ miền Nam,daniele15,
HTA,7380101,Luật,A00,26.21,,HocBa,2020,Xét học bạNữ miền Bắc,daniele15,
HTA,7380101,Luật,A00,26.25,,HocBa,2020,Xét học bạThí sinh nam miền Nam,daniele15,
HTA,7380101,Luật,A00,26.41,,HocBa,2020,Xét học bạThí sinh nam miền Nam,daniele15,
HTA,7380101,Luật,A00,26.85,,HocBa,2020,Xét học bạThí sinh nữ miền Bắc,daniele15,
HTA,7380101,Luật,A00,27.06,,HocBa,2020,Xét học bạThí sinh nữ miền Nam,daniele15,
HTC,7220201,Ngôn ngữ Anh,D01,32.70,40,THPTQG,2020,"Điểm môn Toán≥ 8,80Thứ tự nguyện vọngNV1-8 | thang 40 (suy ra)",daniele15,
HTC,7340201,Tài chính - Ngân hàng,D01,25.00,,THPTQG,2020,,daniele15,
HTC,7340201C06,Hải quan & Logistics,A01,31.17,40,THPTQG,2020,Điểm môn Toán không nhỏ hơn 8.8;Thứ tự nguyện vọng1-5 | thang 40 (suy ra),daniele15,
HTC,7340201C06,Hải quan & Logistics,D01,31.17,40,THPTQG,2020,Điểm môn Toán không nhỏ hơn 8.8;Thứ tự nguyện vọng1-5 | thang 40 (suy ra),daniele15,
HTC,7340201C06,Hải quan & Logistics,D07,31.17,40,THPTQG,2020,Điểm môn Toán không nhỏ hơn 8.8;Thứ tự nguyện vọng1-5 | thang 40 (suy ra),daniele15,
HTC,7340201C09,Phân tích tài chính,A01,31.80,40,THPTQG,2020,Điểm môn Toán không nhỏ hơn 8.2Thứ tự nguyện vọng 1-3 | thang 40 (suy ra),daniele15,
HTC,7340201C09,Phân tích tài chính,D01,31.80,40,THPTQG,2020,Điểm môn Toán không nhỏ hơn 8.2Thứ tự nguyện vọng 1-3 | thang 40 (suy ra),daniele15,
HTC,7340201C09,Phân tích tài chính,D07,31.80,40,THPTQG,2020,Điểm môn Toán không nhỏ hơn 8.2Thứ tự nguyện vọng 1-3 | thang 40 (suy ra),daniele15,
HTC,7340201C11,Tài chính doanh nghiệp,A01,30.17,40,THPTQG,2020,"Điểm môn Toán ≥ 9,4Thứ tự nguyện vọng: NV1-4 | thang 40 (suy ra)",daniele15,
HTC,7340201C11,Tài chính doanh nghiệp,D01,30.17,40,THPTQG,2020,"Điểm môn Toán ≥ 9,4Thứ tự nguyện vọng: NV1-4 | thang 40 (suy ra)",daniele15,
HTC,7340201C11,Tài chính doanh nghiệp,D07,30.17,40,THPTQG,2020,"Điểm môn Toán ≥ 9,4Thứ tự nguyện vọng: NV1-4 | thang 40 (suy ra)",daniele15,
HTC,7340201D,Tài chính - Ngân hàng,A00,25.50,,THPTQG,2020,,daniele15,
HTC,7340201D,Tài chính - Ngân hàng,A01,25.50,,THPTQG,2020,,daniele15,
HTC,7340201D,Tài chính - Ngân hàng,D07,25.50,,THPTQG,2020,,daniele15,
HTC,7340301,Kế toán,A00,26.20,,THPTQG,2020,,daniele15,
HTC,7340301,Kế toán,A01,26.20,,THPTQG,2020,,daniele15,
HTC,7340301,Kế toán,D07,26.20,,THPTQG,2020,,daniele15,
HTC,7340301C21,Kế toán doanh nghiệp,A01,30.57,40,THPTQG,2020,"Điểm môn Toán≥ 9,00Thứ tự nguyện vọngNV1-2 | thang 40 (suy ra)",daniele15,
HTC,7340301C21,Kế toán doanh nghiệp,D01,30.57,40,THPTQG,2020,"Điểm môn Toán≥ 9,00Thứ tự nguyện vọngNV1-2 | thang 40 (suy ra)",daniele15,
HTC,7340301C21,Kế toán doanh nghiệp,D07,30.57,40,THPTQG,2020,"Điểm môn Toán≥ 9,00Thứ tự nguyện vọngNV1-2 | thang 40 (suy ra)",daniele15,
HTC,7340301C22,Kiểm toán,A01,31.00,40,THPTQG,2020,"Điểm môn Toán≥ 9,00Thứ tự nguyện vọngNV1-8 | thang 40 (suy ra)",daniele15,
HTC,7340301C22,Kiểm toán,D01,31.00,40,THPTQG,2020,"Điểm môn Toán≥ 9,00Thứ tự nguyện vọngNV1-8 | thang 40 (suy ra)",daniele15,
HTC,7340301C22,Kiểm toán,D07,31.00,40,THPTQG,2020,"Điểm môn Toán≥ 9,00Thứ tự nguyện vọngNV1-8 | thang 40 (suy ra)",daniele15,
HTC,7340301D,Kế toán,D01,26.20,,THPTQG,2020,,daniele15,
HTC,7340405,Hệ thống thông tin quản lý,A00,24.85,,THPTQG,2020,"Điểm môn Toán≥ 8,60Thứ tự nguyện vọngNV1-4",daniele15,
HTC,7340405,Hệ thống thông tin quản lý,A01,24.85,,THPTQG,2020,"Điểm môn Toán≥ 8,60Thứ tự nguyện vọngNV1-4",daniele15,
HTC,7340405,Hệ thống thông tin quản lý,D01,24.85,,THPTQG,2020,"Điểm môn Toán≥ 8,60Thứ tự nguyện vọngNV1-4",daniele15,
HTC,7340405,Hệ thống thông tin quản lý,D07,24.85,,THPTQG,2020,"Điểm môn Toán≥ 8,60Thứ tự nguyện vọngNV1-4",daniele15,
HTN,7310202,Xây dựng Đảng và chính quyền nhà nước,C00,15.00,,THPTQG,2020,,daniele15,
HTN,7310202,Xây dựng Đảng và chính quyền nhà nước,C19,15.00,,THPTQG,2020,,daniele15,
HTN,7310202,Xây dựng Đảng và chính quyền nhà nước,D01,15.00,,THPTQG,2020,,daniele15,
HTN,7310202,Xây dựng Đảng và chính quyền nhà nước,D66,15.00,,THPTQG,2020,,daniele15,
HTN,7310205,Quản lý nhà nước,A00,15.00,,THPTQG,2020,,daniele15,
HTN,7310205,Quản lý nhà nước,A01,15.00,,THPTQG,2020,,daniele15,
HTN,7310205,Quản lý nhà nước,C00,15.00,,THPTQG,2020,,daniele15,
HTN,7310205,Quản lý nhà nước,D01,15.00,,THPTQG,2020,,daniele15,
HTN,7310401,Tâm lý học,C00,15.00,,THPTQG,2020,,daniele15,
HTN,7310401,Tâm lý học,D01,15.00,,THPTQG,2020,,daniele15,
HTN,7310401,Tâm lý học,D15,15.00,,THPTQG,2020,,daniele15,
HTN,7310401,Tâm lý học,D66,15.00,,THPTQG,2020,,daniele15,
HTN,7320108,Quan hệ công chúng,C00,17.00,,THPTQG,2020,,daniele15,
HTN,7320108,Quan hệ công chúng,D01,17.00,,THPTQG,2020,,daniele15,
HTN,7320108,Quan hệ công chúng,D10,17.00,,THPTQG,2020,,daniele15,
HTN,7320108,Quan hệ công chúng,D84,17.00,,THPTQG,2020,,daniele15,
HTN,7380101,Luật,A00,17.00,,THPTQG,2020,,daniele15,
HTN,7380101,Luật,C00,17.00,,THPTQG,2020,,daniele15,
HTN,7380101,Luật,D01,17.00,,THPTQG,2020,,daniele15,
HTN,7380101,Luật,D66,17.00,,THPTQG,2020,,daniele15,
HTN,7760101,Công tác xã hội,C00,15.00,,THPTQG,2020,,daniele15,
HTN,7760101,Công tác xã hội,C14,15.00,,THPTQG,2020,,daniele15,
HTN,7760101,Công tác xã hội,D01,15.00,,THPTQG,2020,,daniele15,
HTN,7760101,Công tác xã hội,D15,15.00,,THPTQG,2020,,daniele15,
HTN,7760102,Công tác thanh thiếu niên,C00,15.00,,THPTQG,2020,,daniele15,
HTN,7760102,Công tác thanh thiếu niên,C19,15.00,,THPTQG,2020,,daniele15,
HTN,7760102,Công tác thanh thiếu niên,C20,15.00,,THPTQG,2020,,daniele15,
HTN,7760102,Công tác thanh thiếu niên,D01,15.00,,THPTQG,2020,,daniele15,
HVN,7640101,Thú y,A00,15.00,,THPTQG,2020,Chăn nuôi thú y,daniele15,
HVN,7640101,Thú y,A01,15.00,,THPTQG,2020,Chăn nuôi thú y,daniele15,
HVN,7640101,Thú y,B00,15.00,,THPTQG,2020,Chăn nuôi thú y,daniele15,
HVN,7640101,Thú y,D01,15.00,,THPTQG,2020,Chăn nuôi thú y,daniele15,
HVN,HVN01,Kinh tế,A00,15.00,,THPTQG,2020,Quản trị kinh doanh nông nghiệpChương trình quốc tế,daniele15,
HVN,HVN01,Kinh tế,A11,15.00,,THPTQG,2020,Quản trị kinh doanh nông nghiệpChương trình quốc tế,daniele15,
HVN,HVN01,Kinh tế,B00,15.00,,THPTQG,2020,Quản trị kinh doanh nông nghiệpChương trình quốc tế,daniele15,
HVN,HVN01,Kinh tế,D01,15.00,,THPTQG,2020,Quản trị kinh doanh nông nghiệpChương trình quốc tế,daniele15,
HVN,HVN02,Nông nghiệp,A00,15.00,,THPTQG,2020,,daniele15,
HVN,HVN02,Nông nghiệp,A11,15.00,,THPTQG,2020,,daniele15,
HVN,HVN02,Nông nghiệp,B00,15.00,,THPTQG,2020,,daniele15,
HVN,HVN02,Nông nghiệp,D01,15.00,,THPTQG,2020,,daniele15,
HVN,HVN03,Chăn nuôi,A00,15.00,,THPTQG,2020,,daniele15,
HVN,HVN03,Chăn nuôi,A01,15.00,,THPTQG,2020,,daniele15,
HVN,HVN03,Chăn nuôi,B00,15.00,,THPTQG,2020,,daniele15,
HVN,HVN03,Chăn nuôi,D01,15.00,,THPTQG,2020,,daniele15,
HVN,HVN04,Công nghệ kỹ thuật cơ điện tử,A00,15.00,,THPTQG,2020,,daniele15,
HVN,HVN04,Công nghệ kỹ thuật cơ điện tử,A01,15.00,,THPTQG,2020,,daniele15,
HVN,HVN04,Công nghệ kỹ thuật cơ điện tử,C01,15.00,,THPTQG,2020,,daniele15,
HVN,HVN04,Công nghệ kỹ thuật cơ điện tử,D01,15.00,,THPTQG,2020,,daniele15,
HVN,HVN04,Công nghệ kỹ thuật cơ điện tử,A00,16.00,,THPTQG,2020,,daniele15,
HVN,HVN04,Công nghệ kỹ thuật cơ điện tử,A01,16.00,,THPTQG,2020,,daniele15,
HVN,HVN04,Công nghệ kỹ thuật cơ điện tử,C01,16.00,,THPTQG,2020,,daniele15,
HVN,HVN04,Công nghệ kỹ thuật cơ điện tử,D01,16.00,,THPTQG,2020,,daniele15,
HVN,HVN05,Công nghệ kỹ thuật ô tô,A00,16.00,,THPTQG,2020,,daniele15,
HVN,HVN05,Công nghệ kỹ thuật ô tô,A01,16.00,,THPTQG,2020,,daniele15,
HVN,HVN05,Công nghệ kỹ thuật ô tô,C01,16.00,,THPTQG,2020,,daniele15,
HVN,HVN05,Công nghệ kỹ thuật ô tô,D01,16.00,,THPTQG,2020,,daniele15,
HVN,HVN06,Công nghệ rau hoa quả và cảnh quan,A00,15.00,,THPTQG,2020,,daniele15,
HVN,HVN06,Công nghệ rau hoa quả và cảnh quan,A09,15.00,,THPTQG,2020,,daniele15,
HVN,HVN06,Công nghệ rau hoa quả và cảnh quan,B00,15.00,,THPTQG,2020,,daniele15,
HVN,HVN06,Công nghệ rau hoa quả và cảnh quan,C20,15.00,,THPTQG,2020,,daniele15,
HVN,HVN07,Công nghệ sinh học,A00,16.00,,THPTQG,2020,,daniele15,
HVN,HVN07,Công nghệ sinh học,A11,16.00,,THPTQG,2020,,daniele15,
HVN,HVN07,Công nghệ sinh học,B00,16.00,,THPTQG,2020,,daniele15,
HVN,HVN07,Công nghệ sinh học,D01,16.00,,THPTQG,2020,,daniele15,
HVN,HVN08,Công nghệ thông tin,A00,16.00,,THPTQG,2020,,daniele15,
HVN,HVN08,Công nghệ thông tin,A01,16.00,,THPTQG,2020,,daniele15,
HVN,HVN08,Công nghệ thông tin,D01,16.00,,THPTQG,2020,,daniele15,
HVN,HVN09,Công nghệ và kinh doanh thực phẩm,A00,16.00,,THPTQG,2020,,daniele15,
HVN,HVN09,Công nghệ và kinh doanh thực phẩm,A01,16.00,,THPTQG,2020,,daniele15,
HVN,HVN09,Công nghệ và kinh doanh thực phẩm,B00,16.00,,THPTQG,2020,,daniele15,
HVN,HVN09,Công nghệ và kinh doanh thực phẩm,D01,16.00,,THPTQG,2020,,daniele15,
HVN,HVN10,Kế toán,A00,16.00,,THPTQG,2020,,daniele15,
HVN,HVN10,Kế toán,A09,16.00,,THPTQG,2020,,daniele15,
HVN,HVN10,Kế toán,C20,16.00,,THPTQG,2020,,daniele15,
HVN,HVN10,Kế toán,D01,16.00,,THPTQG,2020,,daniele15,
HVN,HVN11,Khoa học đất,A00,15.00,,THPTQG,2020,,daniele15,
HVN,HVN11,Khoa học đất,B00,15.00,,THPTQG,2020,,daniele15,
HVN,HVN11,Khoa học đất,D07,15.00,,THPTQG,2020,,daniele15,
HVN,HVN11,Khoa học đất,D08,15.00,,THPTQG,2020,,daniele15,
HVN,HVN12,Kinh tế,A00,15.00,,THPTQG,2020,,daniele15,
HVN,HVN12,Kinh tế,B00,15.00,,THPTQG,2020,,daniele15,
HVN,HVN12,Kinh tế,D01,15.00,,THPTQG,2020,,daniele15,
HVN,HVN12,Kinh tế,D10,15.00,,THPTQG,2020,,daniele15,
HVN,HVN13,Phát triển nông thôn,A00,15.00,,THPTQG,2020,,daniele15,
HVN,HVN13,Phát triển nông thôn,C20,15.00,,THPTQG,2020,,daniele15,
HVN,HVN13,Phát triển nông thôn,D01,15.00,,THPTQG,2020,,daniele15,
HVN,HVN13,Phát triển nông thôn,D10,15.00,,THPTQG,2020,,daniele15,
HVN,HVN14,Luật,A00,16.00,,THPTQG,2020,,daniele15,
HVN,HVN14,Luật,C00,16.00,,THPTQG,2020,,daniele15,
HVN,HVN14,Luật,C20,16.00,,THPTQG,2020,,daniele15,
HVN,HVN14,Luật,D01,16.00,,THPTQG,2020,,daniele15,
HVN,HVN15,Khoa học môi trường,A00,15.00,,THPTQG,2020,,daniele15,
HVN,HVN15,Khoa học môi trường,A06,15.00,,THPTQG,2020,,daniele15,
HVN,HVN15,Khoa học môi trường,B00,15.00,,THPTQG,2020,,daniele15,
HVN,HVN15,Khoa học môi trường,D01,15.00,,THPTQG,2020,,daniele15,
HVN,HVN16,Công nghệ kỹ thuật môi trường,A00,15.00,,THPTQG,2020,,daniele15,
HVN,HVN16,Công nghệ kỹ thuật môi trường,A06,15.00,,THPTQG,2020,,daniele15,
HVN,HVN16,Công nghệ kỹ thuật môi trường,B00,15.00,,THPTQG,2020,,daniele15,
HVN,HVN16,Công nghệ kỹ thuật môi trường,D01,15.00,,THPTQG,2020,,daniele15,
HVN,HVN17,Ngôn ngữ Anh,D01,15.00,,THPTQG,2020,,daniele15,
HVN,HVN17,Ngôn ngữ Anh,D07,15.00,,THPTQG,2020,,daniele15,
HVN,HVN17,Ngôn ngữ Anh,D14,15.00,,THPTQG,2020,,daniele15,
HVN,HVN17,Ngôn ngữ Anh,D15,15.00,,THPTQG,2020,,daniele15,
HVN,HVN18,Nông nghiệp công nghệ cao,A00,18.00,,THPTQG,2020,,daniele15,
HVN,HVN18,Nông nghiệp công nghệ cao,A11,18.00,,THPTQG,2020,,daniele15,
HVN,HVN18,Nông nghiệp công nghệ cao,B00,18.00,,THPTQG,2020,,daniele15,
HVN,HVN18,Nông nghiệp công nghệ cao,B04,18.00,,THPTQG,2020,,daniele15,
HVN,HVN19,Quản lý tài nguyên và môi trường,A00,15.00,,THPTQG,2020,,daniele15,
HVN,HVN19,Quản lý tài nguyên và môi trường,A01,15.00,,THPTQG,2020,,daniele15,
HVN,HVN19,Quản lý tài nguyên và môi trường,B00,15.00,,THPTQG,2020,,daniele15,
HVN,HVN19,Quản lý tài nguyên và môi trường,D01,15.00,,THPTQG,2020,,daniele15,
HVN,HVN20,Quản trị kinh doanh,A00,15.00,,THPTQG,2020,,daniele15,
HVN,HVN20,Quản trị kinh doanh,A09,15.00,,THPTQG,2020,,daniele15,
HVN,HVN20,Quản trị kinh doanh,C20,15.00,,THPTQG,2020,,daniele15,
HVN,HVN20,Quản trị kinh doanh,D01,15.00,,THPTQG,2020,,daniele15,
HVN,HVN20,Quản trị kinh doanh,A00,16.00,,THPTQG,2020,,daniele15,
HVN,HVN20,Quản trị kinh doanh,A09,16.00,,THPTQG,2020,,daniele15,
HVN,HVN20,Quản trị kinh doanh,C20,16.00,,THPTQG,2020,,daniele15,
HVN,HVN20,Quản trị kinh doanh,D01,16.00,,THPTQG,2020,,daniele15,
HVN,HVN21,Logistics và Quản lý chuỗi cung ứng,A00,18.00,,THPTQG,2020,,daniele15,
HVN,HVN21,Logistics và Quản lý chuỗi cung ứng,A01,18.00,,THPTQG,2020,,daniele15,
HVN,HVN21,Logistics và Quản lý chuỗi cung ứng,B00,18.00,,THPTQG,2020,,daniele15,
HVN,HVN21,Logistics và Quản lý chuỗi cung ứng,D01,18.00,,THPTQG,2020,,daniele15,
HVN,HVN21,Logistics và Quản lý chuỗi cung ứng,A00,18.50,,THPTQG,2020,,daniele15,
HVN,HVN21,Logistics và Quản lý chuỗi cung ứng,A01,18.50,,THPTQG,2020,,daniele15,
HVN,HVN21,Logistics và Quản lý chuỗi cung ứng,B00,18.50,,THPTQG,2020,,daniele15,
HVN,HVN21,Logistics và Quản lý chuỗi cung ứng,D01,18.50,,THPTQG,2020,,daniele15,
HVN,HVN22,Sư phạm Kỹ thuật nông nghiệp,A00,18.50,,THPTQG,2020,,daniele15,
HVN,HVN22,Sư phạm Kỹ thuật nông nghiệp,A01,18.50,,THPTQG,2020,,daniele15,
HVN,HVN22,Sư phạm Kỹ thuật nông nghiệp,B00,18.50,,THPTQG,2020,,daniele15,
HVN,HVN22,Sư phạm Kỹ thuật nông nghiệp,D01,18.50,,THPTQG,2020,,daniele15,
HVN,HVN23,Thú y,A00,15.00,,THPTQG,2020,,daniele15,
HVN,HVN23,Thú y,A01,15.00,,THPTQG,2020,,daniele15,
HVN,HVN23,Thú y,B00,15.00,,THPTQG,2020,,daniele15,
HVN,HVN23,Thú y,D01,15.00,,THPTQG,2020,,daniele15,
HVN,HVN24,Nuôi trồng thuỷ sản,A00,15.00,,THPTQG,2020,,daniele15,
HVN,HVN24,Nuôi trồng thuỷ sản,A11,15.00,,THPTQG,2020,,daniele15,
HVN,HVN24,Nuôi trồng thuỷ sản,B00,15.00,,THPTQG,2020,,daniele15,
HVN,HVN24,Nuôi trồng thuỷ sản,D01,15.00,,THPTQG,2020,,daniele15,
HVN,HVN25,Xã hội học,A00,15.00,,THPTQG,2020,,daniele15,
HVN,HVN25,Xã hội học,C00,15.00,,THPTQG,2020,,daniele15,
HVN,HVN25,Xã hội học,C20,15.00,,THPTQG,2020,,daniele15,
HVN,HVN25,Xã hội học,D01,15.00,,THPTQG,2020,,daniele15,
IUH,7210404,Thiết kế thời trang,A00,19.00,,THPTQG,2020,,daniele15,
IUH,7210404,Thiết kế thời trang,C01,19.00,,THPTQG,2020,,daniele15,
IUH,7210404,Thiết kế thời trang,D01,19.00,,THPTQG,2020,,daniele15,
IUH,7210404,Thiết kế thời trang,D90,19.00,,THPTQG,2020,,daniele15,
IUH,7220201,Ngôn ngữ Anh,D01,20.50,,THPTQG,2020,,daniele15,
IUH,7220201,Ngôn ngữ Anh,D14,20.50,,THPTQG,2020,,daniele15,
IUH,7220201,Ngôn ngữ Anh,D15,20.50,,THPTQG,2020,,daniele15,
IUH,7220201,Ngôn ngữ Anh,D96,20.50,,THPTQG,2020,,daniele15,
IUH,7340101,Quản trị kinh doanh,A01,22.75,,THPTQG,2020,,daniele15,
IUH,7340101,Quản trị kinh doanh,C01,22.75,,THPTQG,2020,,daniele15,
IUH,7340101,Quản trị kinh doanh,D01,22.75,,THPTQG,2020,,daniele15,
IUH,7340101,Quản trị kinh doanh,D96,22.75,,THPTQG,2020,,daniele15,
IUH,7340101C,Quản trị kinh doanh,A01,19.00,,THPTQG,2020,,daniele15,
IUH,7340101C,Quản trị kinh doanh,C01,19.00,,THPTQG,2020,,daniele15,
IUH,7340101C,Quản trị kinh doanh,D01,19.00,,THPTQG,2020,,daniele15,
IUH,7340101C,Quản trị kinh doanh,D96,19.00,,THPTQG,2020,,daniele15,
IUH,7340115,Marketing,A01,24.50,,THPTQG,2020,,daniele15,
IUH,7340115,Marketing,C01,24.50,,THPTQG,2020,,daniele15,
IUH,7340115,Marketing,D01,24.50,,THPTQG,2020,,daniele15,
IUH,7340115,Marketing,D96,24.50,,THPTQG,2020,,daniele15,
IUH,7340115C,Marketing,A01,19.00,,THPTQG,2020,,daniele15,
IUH,7340115C,Marketing,C01,19.00,,THPTQG,2020,,daniele15,
IUH,7340115C,Marketing,D01,19.00,,THPTQG,2020,,daniele15,
IUH,7340115C,Marketing,D96,19.00,,THPTQG,2020,,daniele15,
IUH,7340120,Kinh doanh quốc tế,A01,23.50,,THPTQG,2020,,daniele15,
IUH,7340120,Kinh doanh quốc tế,C01,23.50,,THPTQG,2020,,daniele15,
IUH,7340120,Kinh doanh quốc tế,D01,23.50,,THPTQG,2020,,daniele15,
IUH,7340120,Kinh doanh quốc tế,D96,23.50,,THPTQG,2020,,daniele15,
IUH,7340120C,Kinh doanh quốc tế,A01,19.00,,THPTQG,2020,,daniele15,
IUH,7340120C,Kinh doanh quốc tế,C01,19.00,,THPTQG,2020,,daniele15,
IUH,7340120C,Kinh doanh quốc tế,D01,19.00,,THPTQG,2020,,daniele15,
IUH,7340120C,Kinh doanh quốc tế,D96,19.00,,THPTQG,2020,,daniele15,
IUH,7340122,Thương mại điện tử,A01,22.50,,THPTQG,2020,,daniele15,
IUH,7340122,Thương mại điện tử,C01,22.50,,THPTQG,2020,,daniele15,
IUH,7340122,Thương mại điện tử,D01,22.50,,THPTQG,2020,,daniele15,
IUH,7340122,Thương mại điện tử,D90,22.50,,THPTQG,2020,,daniele15,
IUH,7340201,Tài chính - Ngân hàng,A00,22.50,,THPTQG,2020,Gồm 2 chuyên ngành: Tài chính ngân hàng; tài chính doanh nghiệp,daniele15,
IUH,7340201,Tài chính - Ngân hàng,C01,22.50,,THPTQG,2020,Gồm 2 chuyên ngành: Tài chính ngân hàng; tài chính doanh nghiệp,daniele15,
IUH,7340201,Tài chính - Ngân hàng,D01,22.50,,THPTQG,2020,Gồm 2 chuyên ngành: Tài chính ngân hàng; tài chính doanh nghiệp,daniele15,
IUH,7340201,Tài chính - Ngân hàng,D90,22.50,,THPTQG,2020,Gồm 2 chuyên ngành: Tài chính ngân hàng; tài chính doanh nghiệp,daniele15,
IUH,7340201C,Tài chính - Ngân hàng,A00,19.00,,THPTQG,2020,,daniele15,
IUH,7340201C,Tài chính - Ngân hàng,C01,19.00,,THPTQG,2020,,daniele15,
IUH,7340201C,Tài chính - Ngân hàng,D01,19.00,,THPTQG,2020,,daniele15,
IUH,7340201C,Tài chính - Ngân hàng,D90,19.00,,THPTQG,2020,,daniele15,
IUH,7340301,Kế toán,A00,21.50,,THPTQG,2020,Gồm 2 chuyên ngành Kế toán; Kiểm toán,daniele15,
IUH,7340301,Kế toán,A01,21.50,,THPTQG,2020,Gồm 2 chuyên ngành Kế toán; Kiểm toán,daniele15,
IUH,7340301,Kế toán,D01,21.50,,THPTQG,2020,Gồm 2 chuyên ngành Kế toán; Kiểm toán,daniele15,
IUH,7340301,Kế toán,D90,21.50,,THPTQG,2020,Gồm 2 chuyên ngành Kế toán; Kiểm toán,daniele15,
IUH,7340301C,Kế toán,A00,19.00,,THPTQG,2020,Nhóm ngành Kế toán; kiểm toán,daniele15,
IUH,7340301C,Kế toán,A01,19.00,,THPTQG,2020,Nhóm ngành Kế toán; kiểm toán,daniele15,
IUH,7340301C,Kế toán,D01,19.00,,THPTQG,2020,Nhóm ngành Kế toán; kiểm toán,daniele15,
IUH,7340301C,Kế toán,D90,19.00,,THPTQG,2020,Nhóm ngành Kế toán; kiểm toán,daniele15,
IUH,7380107,Luật,A00,23.25,,THPTQG,2020,Luật kinh tế,daniele15,
IUH,7380107,Luật,C00,23.25,,THPTQG,2020,Luật kinh tế,daniele15,
IUH,7380107,Luật,D01,23.25,,THPTQG,2020,Luật kinh tế,daniele15,
IUH,7380107,Luật,D96,23.25,,THPTQG,2020,Luật kinh tế,daniele15,
IUH,7380108,Luật,A00,20.50,,THPTQG,2020,Luật quốc tế,daniele15,
IUH,7380108,Luật,C00,20.50,,THPTQG,2020,Luật quốc tế,daniele15,
IUH,7380108,Luật,D01,20.50,,THPTQG,2020,Luật quốc tế,daniele15,
IUH,7380108,Luật,D96,20.50,,THPTQG,2020,Luật quốc tế,daniele15,
IUH,7420201,Công nghệ sinh học,A00,18.00,,THPTQG,2020,,daniele15,
IUH,7420201,Công nghệ sinh học,B00,18.00,,THPTQG,2020,,daniele15,
IUH,7420201,Công nghệ sinh học,D07,18.00,,THPTQG,2020,,daniele15,
IUH,7420201,Công nghệ sinh học,D90,18.00,,THPTQG,2020,,daniele15,
IUH,7420201C,Công nghệ sinh học,A00,17.00,,THPTQG,2020,,daniele15,
IUH,7420201C,Công nghệ sinh học,B00,17.00,,THPTQG,2020,,daniele15,
IUH,7420201C,Công nghệ sinh học,D07,17.00,,THPTQG,2020,,daniele15,
IUH,7420201C,Công nghệ sinh học,D90,17.00,,THPTQG,2020,,daniele15,
IUH,7480103C,Kỹ thuật phần mềm,A00,19.00,,THPTQG,2020,,daniele15,
IUH,7480103C,Kỹ thuật phần mềm,C01,19.00,,THPTQG,2020,,daniele15,
IUH,7480103C,Kỹ thuật phần mềm,D01,19.00,,THPTQG,2020,,daniele15,
IUH,7480103C,Kỹ thuật phần mềm,D90,19.00,,THPTQG,2020,,daniele15,
IUH,7480108,Công nghệ kỹ thuật máy tính,A00,21.00,,THPTQG,2020,,daniele15,
IUH,7480108,Công nghệ kỹ thuật máy tính,A01,21.00,,THPTQG,2020,,daniele15,
IUH,7480108,Công nghệ kỹ thuật máy tính,C01,21.00,,THPTQG,2020,,daniele15,
IUH,7480108,Công nghệ kỹ thuật máy tính,D90,21.00,,THPTQG,2020,,daniele15,
IUH,7480201,Công nghệ thông tin,A00,23.00,,THPTQG,2020,Gồm 2 ngành: Công nghệ thông tin; Kỹ thuật phần mềm; Khoa học máy tính; Hệ thống thông tin,daniele15,
IUH,7480201,Công nghệ thông tin,C01,23.00,,THPTQG,2020,Gồm 2 ngành: Công nghệ thông tin; Kỹ thuật phần mềm; Khoa học máy tính; Hệ thống thông tin,daniele15,
IUH,7480201,Công nghệ thông tin,D01,23.00,,THPTQG,2020,Gồm 2 ngành: Công nghệ thông tin; Kỹ thuật phần mềm; Khoa học máy tính; Hệ thống thông tin,daniele15,
IUH,7480201,Công nghệ thông tin,D90,23.00,,THPTQG,2020,Gồm 2 ngành: Công nghệ thông tin; Kỹ thuật phần mềm; Khoa học máy tính; Hệ thống thông tin,daniele15,
IUH,7510201,Công nghệ kỹ thuật cơ khí,A00,22.50,,THPTQG,2020,,daniele15,
IUH,7510201,Công nghệ kỹ thuật cơ khí,A01,22.50,,THPTQG,2020,,daniele15,
IUH,7510201,Công nghệ kỹ thuật cơ khí,C01,22.50,,THPTQG,2020,,daniele15,
IUH,7510201,Công nghệ kỹ thuật cơ khí,D90,22.50,,THPTQG,2020,,daniele15,
IUH,7510201C,Công nghệ kỹ thuật cơ khí,A00,18.00,,THPTQG,2020,,daniele15,
IUH,7510201C,Công nghệ kỹ thuật cơ khí,A01,18.00,,THPTQG,2020,,daniele15,
IUH,7510201C,Công nghệ kỹ thuật cơ khí,C01,18.00,,THPTQG,2020,,daniele15,
IUH,7510201C,Công nghệ kỹ thuật cơ khí,D90,18.00,,THPTQG,2020,,daniele15,
IUH,7510202,Công nghệ chế tạo máy,A00,20.50,,THPTQG,2020,,daniele15,
IUH,7510202,Công nghệ chế tạo máy,A01,20.50,,THPTQG,2020,,daniele15,
IUH,7510202,Công nghệ chế tạo máy,C01,20.50,,THPTQG,2020,,daniele15,
IUH,7510202,Công nghệ chế tạo máy,D90,20.50,,THPTQG,2020,,daniele15,
IUH,7510202C,Công nghệ chế tạo máy,A00,18.00,,THPTQG,2020,,daniele15,
IUH,7510202C,Công nghệ chế tạo máy,A01,18.00,,THPTQG,2020,,daniele15,
IUH,7510202C,Công nghệ chế tạo máy,C01,18.00,,THPTQG,2020,,daniele15,
IUH,7510202C,Công nghệ chế tạo máy,D90,18.00,,THPTQG,2020,,daniele15,
IUH,7510203,Công nghệ kỹ thuật cơ điện tử,A00,22.50,,THPTQG,2020,,daniele15,
IUH,7510203,Công nghệ kỹ thuật cơ điện tử,A01,22.50,,THPTQG,2020,,daniele15,
IUH,7510203,Công nghệ kỹ thuật cơ điện tử,C01,22.50,,THPTQG,2020,,daniele15,
IUH,7510203,Công nghệ kỹ thuật cơ điện tử,D90,22.50,,THPTQG,2020,,daniele15,
IUH,7510203C,Công nghệ kỹ thuật cơ điện tử,A00,18.00,,THPTQG,2020,,daniele15,
IUH,7510203C,Công nghệ kỹ thuật cơ điện tử,A01,18.00,,THPTQG,2020,,daniele15,
IUH,7510203C,Công nghệ kỹ thuật cơ điện tử,C01,18.00,,THPTQG,2020,,daniele15,
IUH,7510203C,Công nghệ kỹ thuật cơ điện tử,D90,18.00,,THPTQG,2020,,daniele15,
IUH,7510205,Công nghệ kỹ thuật ô tô,A00,23.00,,THPTQG,2020,,daniele15,
IUH,7510205,Công nghệ kỹ thuật ô tô,A01,23.00,,THPTQG,2020,,daniele15,
IUH,7510205,Công nghệ kỹ thuật ô tô,C01,23.00,,THPTQG,2020,,daniele15,
IUH,7510205,Công nghệ kỹ thuật ô tô,D90,23.00,,THPTQG,2020,,daniele15,
IUH,7510206,Công nghệ Kỹ thuật Nhiệt (Cơ điện lạnh),A00,17.00,,THPTQG,2020,,daniele15,
IUH,7510206,Công nghệ Kỹ thuật Nhiệt (Cơ điện lạnh),A01,17.00,,THPTQG,2020,,daniele15,
IUH,7510206,Công nghệ Kỹ thuật Nhiệt (Cơ điện lạnh),C01,17.00,,THPTQG,2020,,daniele15,
IUH,7510206,Công nghệ Kỹ thuật Nhiệt (Cơ điện lạnh),D90,17.00,,THPTQG,2020,,daniele15,
IUH,7510301,"Công nghệ kỹ thuật điện, điện tử",A00,20.50,,THPTQG,2020,Gồm 2 chuyên ngành: Công nghệ kỹ thuật điện và Năng lượng tái tạo,daniele15,
IUH,7510301,"Công nghệ kỹ thuật điện, điện tử",A01,20.50,,THPTQG,2020,Gồm 2 chuyên ngành: Công nghệ kỹ thuật điện và Năng lượng tái tạo,daniele15,
IUH,7510301,"Công nghệ kỹ thuật điện, điện tử",C01,20.50,,THPTQG,2020,Gồm 2 chuyên ngành: Công nghệ kỹ thuật điện và Năng lượng tái tạo,daniele15,
IUH,7510301,"Công nghệ kỹ thuật điện, điện tử",D90,20.50,,THPTQG,2020,Gồm 2 chuyên ngành: Công nghệ kỹ thuật điện và Năng lượng tái tạo,daniele15,
IUH,7510301C,"Công nghệ kỹ thuật điện, điện tử",A00,18.00,,THPTQG,2020,"Gồm 2 chuyên ngành: Công nghệ kỹ thuật điện, điện tử; năng lượng tái tạo",daniele15,
IUH,7510301C,"Công nghệ kỹ thuật điện, điện tử",A01,18.00,,THPTQG,2020,"Gồm 2 chuyên ngành: Công nghệ kỹ thuật điện, điện tử; năng lượng tái tạo",daniele15,
IUH,7510301C,"Công nghệ kỹ thuật điện, điện tử",C01,18.00,,THPTQG,2020,"Gồm 2 chuyên ngành: Công nghệ kỹ thuật điện, điện tử; năng lượng tái tạo",daniele15,
IUH,7510301C,"Công nghệ kỹ thuật điện, điện tử",D90,18.00,,THPTQG,2020,"Gồm 2 chuyên ngành: Công nghệ kỹ thuật điện, điện tử; năng lượng tái tạo",daniele15,
IUH,7510302,Công nghệ kỹ thuật điện tử - viễn thông,A00,17.00,,THPTQG,2020,,daniele15,
IUH,7510302,Công nghệ kỹ thuật điện tử - viễn thông,A01,17.00,,THPTQG,2020,,daniele15,
IUH,7510302,Công nghệ kỹ thuật điện tử - viễn thông,C01,17.00,,THPTQG,2020,,daniele15,
IUH,7510302,Công nghệ kỹ thuật điện tử - viễn thông,D90,17.00,,THPTQG,2020,,daniele15,
IUH,7510302C,Công nghệ kỹ thuật điện tử - viễn thông,A00,17.00,,THPTQG,2020,,daniele15,
IUH,7510302C,Công nghệ kỹ thuật điện tử - viễn thông,A01,17.00,,THPTQG,2020,,daniele15,
IUH,7510302C,Công nghệ kỹ thuật điện tử - viễn thông,C01,17.00,,THPTQG,2020,,daniele15,
IUH,7510302C,Công nghệ kỹ thuật điện tử - viễn thông,D90,17.00,,THPTQG,2020,,daniele15,
IUH,7510303,Công nghệ kỹ thuật điều khiển và tự động hóa,A00,21.50,,THPTQG,2020,,daniele15,
IUH,7510303,Công nghệ kỹ thuật điều khiển và tự động hóa,A01,21.50,,THPTQG,2020,,daniele15,
IUH,7510303,Công nghệ kỹ thuật điều khiển và tự động hóa,C01,21.50,,THPTQG,2020,,daniele15,
IUH,7510303,Công nghệ kỹ thuật điều khiển và tự động hóa,D90,21.50,,THPTQG,2020,,daniele15,
IUH,7510303C,Công nghệ kỹ thuật điều khiển và tự động hóa,A00,18.00,,THPTQG,2020,,daniele15,
IUH,7510303C,Công nghệ kỹ thuật điều khiển và tự động hóa,A01,18.00,,THPTQG,2020,,daniele15,
IUH,7510303C,Công nghệ kỹ thuật điều khiển và tự động hóa,C01,18.00,,THPTQG,2020,,daniele15,
IUH,7510303C,Công nghệ kỹ thuật điều khiển và tự động hóa,D90,18.00,,THPTQG,2020,,daniele15,
IUH,7510304,IOT và trí tuệ nhân tạo,A00,23.00,,THPTQG,2020,,daniele15,
IUH,7510304,IOT và trí tuệ nhân tạo,A01,23.00,,THPTQG,2020,,daniele15,
IUH,7510304,IOT và trí tuệ nhân tạo,C01,23.00,,THPTQG,2020,,daniele15,
IUH,7510304,IOT và trí tuệ nhân tạo,D90,23.00,,THPTQG,2020,,daniele15,
IUH,7510401,Công nghệ kỹ thuật hoá học,A00,17.00,,THPTQG,2020,Gồm 4 chuyên ngành: Kỹ thuật hóa phân tích; Công nghệ lọc - Hóa dầu; Công nghệ hữu cơ - Hóa dược; Công nghệ vô cơ - vật liệu,daniele15,
IUH,7510401,Công nghệ kỹ thuật hoá học,B00,17.00,,THPTQG,2020,Gồm 4 chuyên ngành: Kỹ thuật hóa phân tích; Công nghệ lọc - Hóa dầu; Công nghệ hữu cơ - Hóa dược; Công nghệ vô cơ - vật liệu,daniele15,
IUH,7510401,Công nghệ kỹ thuật hoá học,D07,17.00,,THPTQG,2020,Gồm 4 chuyên ngành: Kỹ thuật hóa phân tích; Công nghệ lọc - Hóa dầu; Công nghệ hữu cơ - Hóa dược; Công nghệ vô cơ - vật liệu,daniele15,
IUH,7510401,Công nghệ kỹ thuật hoá học,D90,17.00,,THPTQG,2020,Gồm 4 chuyên ngành: Kỹ thuật hóa phân tích; Công nghệ lọc - Hóa dầu; Công nghệ hữu cơ - Hóa dược; Công nghệ vô cơ - vật liệu,daniele15,
IUH,7510401C,Công nghệ kỹ thuật hoá học,A00,17.00,,THPTQG,2020,,daniele15,
IUH,7510401C,Công nghệ kỹ thuật hoá học,B00,17.00,,THPTQG,2020,,daniele15,
IUH,7510401C,Công nghệ kỹ thuật hoá học,D07,17.00,,THPTQG,2020,,daniele15,
IUH,7510401C,Công nghệ kỹ thuật hoá học,D90,17.00,,THPTQG,2020,,daniele15,
IUH,7510406,Công nghệ kỹ thuật môi trường,A00,17.00,,THPTQG,2020,Gồm 2 ngành: Công nghệ kỹ thuật môi trường; Bảo hộ lao động,daniele15,
IUH,7510406,Công nghệ kỹ thuật môi trường,B00,17.00,,THPTQG,2020,Gồm 2 ngành: Công nghệ kỹ thuật môi trường; Bảo hộ lao động,daniele15,
IUH,7510406,Công nghệ kỹ thuật môi trường,C02,17.00,,THPTQG,2020,Gồm 2 ngành: Công nghệ kỹ thuật môi trường; Bảo hộ lao động,daniele15,
IUH,7510406,Công nghệ kỹ thuật môi trường,D07,17.00,,THPTQG,2020,Gồm 2 ngành: Công nghệ kỹ thuật môi trường; Bảo hộ lao động,daniele15,
IUH,7510406C,Công nghệ kỹ thuật môi trường,A00,19.00,,THPTQG,2020,,daniele15,
IUH,7510406C,Công nghệ kỹ thuật môi trường,B00,19.00,,THPTQG,2020,,daniele15,
IUH,7510406C,Công nghệ kỹ thuật môi trường,C02,19.00,,THPTQG,2020,,daniele15,
IUH,7510406C,Công nghệ kỹ thuật môi trường,D07,19.00,,THPTQG,2020,,daniele15,
IUH,7540101,Công nghệ thực phẩm,A00,21.00,,THPTQG,2020,,daniele15,
IUH,7540101,Công nghệ thực phẩm,B00,21.00,,THPTQG,2020,,daniele15,
IUH,7540101,Công nghệ thực phẩm,D07,21.00,,THPTQG,2020,,daniele15,
IUH,7540101,Công nghệ thực phẩm,D90,21.00,,THPTQG,2020,,daniele15,
IUH,7540101C,Công nghệ thực phẩm,A00,17.00,,THPTQG,2020,,daniele15,
IUH,7540101C,Công nghệ thực phẩm,B00,17.00,,THPTQG,2020,,daniele15,
IUH,7540101C,Công nghệ thực phẩm,D07,17.00,,THPTQG,2020,,daniele15,
IUH,7540101C,Công nghệ thực phẩm,D90,17.00,,THPTQG,2020,,daniele15,
IUH,7540204,"Công nghệ dệt, may",A00,18.00,,THPTQG,2020,,daniele15,
IUH,7540204,"Công nghệ dệt, may",C01,18.00,,THPTQG,2020,,daniele15,
IUH,7540204,"Công nghệ dệt, may",D01,18.00,,THPTQG,2020,,daniele15,
IUH,7540204,"Công nghệ dệt, may",D90,18.00,,THPTQG,2020,,daniele15,
IUH,7580205,kỹ thuật xây dựng công trình giao thông,A00,17.00,,THPTQG,2020,Kỹ thuật xây dựng công trình giao thông,daniele15,
IUH,7580205,kỹ thuật xây dựng công trình giao thông,A01,17.00,,THPTQG,2020,Kỹ thuật xây dựng công trình giao thông,daniele15,
IUH,7580205,kỹ thuật xây dựng công trình giao thông,C01,17.00,,THPTQG,2020,Kỹ thuật xây dựng công trình giao thông,daniele15,
IUH,7580205,kỹ thuật xây dựng công trình giao thông,D90,17.00,,THPTQG,2020,Kỹ thuật xây dựng công trình giao thông,daniele15,
IUH,7580205,kỹ thuật xây dựng công trình giao thông,A00,18.00,,THPTQG,2020,,daniele15,
IUH,7580205,kỹ thuật xây dựng công trình giao thông,A01,18.00,,THPTQG,2020,,daniele15,
IUH,7580205,kỹ thuật xây dựng công trình giao thông,C01,18.00,,THPTQG,2020,,daniele15,
IUH,7580205,kỹ thuật xây dựng công trình giao thông,D90,18.00,,THPTQG,2020,,daniele15,
IUH,7720497,Dinh dưỡng và khoa học thực phẩm,A00,17.00,,THPTQG,2020,,daniele15,
IUH,7720497,Dinh dưỡng và khoa học thực phẩm,B00,17.00,,THPTQG,2020,,daniele15,
IUH,7720497,Dinh dưỡng và khoa học thực phẩm,D07,17.00,,THPTQG,2020,,daniele15,
IUH,7720497,Dinh dưỡng và khoa học thực phẩm,D90,17.00,,THPTQG,2020,,daniele15,
IUH,7810103,Quản trị dịch vụ du lịch và lữ hành,A01,22.00,,THPTQG,2020,gồm 3 chuyên ngành: Quản trị dịch vụ du lịch và lữ hành; Quản trị khách sạn; Quản trị nhà hàng và dịch vụ ăn uống.,daniele15,
IUH,7810103,Quản trị dịch vụ du lịch và lữ hành,C01,22.00,,THPTQG,2020,gồm 3 chuyên ngành: Quản trị dịch vụ du lịch và lữ hành; Quản trị khách sạn; Quản trị nhà hàng và dịch vụ ăn uống.,daniele15,
IUH,7810103,Quản trị dịch vụ du lịch và lữ hành,D01,22.00,,THPTQG,2020,gồm 3 chuyên ngành: Quản trị dịch vụ du lịch và lữ hành; Quản trị khách sạn; Quản trị nhà hàng và dịch vụ ăn uống.,daniele15,
IUH,7810103,Quản trị dịch vụ du lịch và lữ hành,D96,22.00,,THPTQG,2020,gồm 3 chuyên ngành: Quản trị dịch vụ du lịch và lữ hành; Quản trị khách sạn; Quản trị nhà hàng và dịch vụ ăn uống.,daniele15,
IUH,7850101,Quản lý tài nguyên và môi trường,B00,17.00,,THPTQG,2020,,daniele15,
IUH,7850101,Quản lý tài nguyên và môi trường,C02,17.00,,THPTQG,2020,,daniele15,
IUH,7850101,Quản lý tài nguyên và môi trường,D90,17.00,,THPTQG,2020,,daniele15,
IUH,7850101,Quản lý tài nguyên và môi trường,D96,17.00,,THPTQG,2020,,daniele15,
IUH,7850103,Quản lý đất đai,A01,17.00,,THPTQG,2020,,daniele15,
IUH,7850103,Quản lý đất đai,C01,17.00,,THPTQG,2020,,daniele15,
IUH,7850103,Quản lý đất đai,D01,17.00,,THPTQG,2020,,daniele15,
IUH,7850103,Quản lý đất đai,D96,17.00,,THPTQG,2020,,daniele15,
KCC,7420201,Công nghệ sinh học,A02,16.50,,THPTQG,2020,,daniele15,
KCC,7420201,Công nghệ sinh học,B00,16.50,,THPTQG,2020,,daniele15,
KCC,7420201,Công nghệ sinh học,D07,16.50,,THPTQG,2020,,daniele15,
KCC,7420201,Công nghệ sinh học,D08,16.50,,THPTQG,2020,,daniele15,
KCC,7480101,Kỹ thuật xây dựng,A00,18.00,,THPTQG,2020,,daniele15,
KCC,7480101,Kỹ thuật xây dựng,A01,18.00,,THPTQG,2020,,daniele15,
KCC,7480101,Kỹ thuật xây dựng,D01,18.00,,THPTQG,2020,,daniele15,
KCC,7480101,Kỹ thuật xây dựng,D07,18.00,,THPTQG,2020,,daniele15,
KCC,7480103,Kỹ thuật phần mềm,A00,19.50,,THPTQG,2020,,daniele15,
KCC,7480103,Kỹ thuật phần mềm,A01,19.50,,THPTQG,2020,,daniele15,
KCC,7480103,Kỹ thuật phần mềm,D01,19.50,,THPTQG,2020,,daniele15,
KCC,7480103,Kỹ thuật phần mềm,D07,19.50,,THPTQG,2020,,daniele15,
KCC,7480104,Hệ thống thông tin,A00,17.50,,THPTQG,2020,,daniele15,
KCC,7480104,Hệ thống thông tin,A01,17.50,,THPTQG,2020,,daniele15,
KCC,7480104,Hệ thống thông tin,D01,17.50,,THPTQG,2020,,daniele15,
KCC,7480104,Hệ thống thông tin,D07,17.50,,THPTQG,2020,,daniele15,
KCC,7480109,Khoa học dữ liệu,A00,15.50,,THPTQG,2020,,daniele15,
KCC,7480109,Khoa học dữ liệu,A01,15.50,,THPTQG,2020,,daniele15,
KCC,7480109,Khoa học dữ liệu,D01,15.50,,THPTQG,2020,,daniele15,
KCC,7480109,Khoa học dữ liệu,D07,15.50,,THPTQG,2020,,daniele15,
KCC,7480201,Công nghệ thông tin,A00,23.00,,THPTQG,2020,,daniele15,
KCC,7480201,Công nghệ thông tin,A01,23.00,,THPTQG,2020,,daniele15,
KCC,7480201,Công nghệ thông tin,C01,23.00,,THPTQG,2020,,daniele15,
KCC,7480201,Công nghệ thông tin,D01,23.00,,THPTQG,2020,,daniele15,
KCC,7510102,Công nghệ kỹ thuật công trình xây dựng,A00,17.00,,THPTQG,2020,,daniele15,
KCC,7510102,Công nghệ kỹ thuật công trình xây dựng,A01,17.00,,THPTQG,2020,,daniele15,
KCC,7510102,Công nghệ kỹ thuật công trình xây dựng,A02,17.00,,THPTQG,2020,,daniele15,
KCC,7510102,Công nghệ kỹ thuật công trình xây dựng,C01,17.00,,THPTQG,2020,,daniele15,
KCC,7510203,Công nghệ kỹ thuật cơ điện tử,A00,18.50,,THPTQG,2020,,daniele15,
KCC,7510203,Công nghệ kỹ thuật cơ điện tử,A01,18.50,,THPTQG,2020,,daniele15,
KCC,7510203,Công nghệ kỹ thuật cơ điện tử,A02,18.50,,THPTQG,2020,,daniele15,
KCC,7510203,Công nghệ kỹ thuật cơ điện tử,C01,18.50,,THPTQG,2020,,daniele15,
KCC,7510301,"Công nghệ kỹ thuật điện, điện tử",A00,16.50,,THPTQG,2020,,daniele15,
KCC,7510301,"Công nghệ kỹ thuật điện, điện tử",A01,16.50,,THPTQG,2020,,daniele15,
KCC,7510301,"Công nghệ kỹ thuật điện, điện tử",A02,16.50,,THPTQG,2020,,daniele15,
KCC,7510301,"Công nghệ kỹ thuật điện, điện tử",C01,16.50,,THPTQG,2020,,daniele15,
KCC,7510303,Công nghệ kỹ thuật điều khiển và tự động hóa,A00,19.00,,THPTQG,2020,,daniele15,
KCC,7510303,Công nghệ kỹ thuật điều khiển và tự động hóa,A01,19.00,,THPTQG,2020,,daniele15,
KCC,7510303,Công nghệ kỹ thuật điều khiển và tự động hóa,A02,19.00,,THPTQG,2020,,daniele15,
KCC,7510303,Công nghệ kỹ thuật điều khiển và tự động hóa,C01,19.00,,THPTQG,2020,,daniele15,
KCC,7510601,Quản lý công nghiệp,A00,21.50,,THPTQG,2020,,daniele15,
KCC,7510601,Quản lý công nghiệp,A01,21.50,,THPTQG,2020,,daniele15,
KCC,7510601,Quản lý công nghiệp,C01,21.50,,THPTQG,2020,,daniele15,
KCC,7510601,Quản lý công nghiệp,D01,21.50,,THPTQG,2020,,daniele15,
KCC,7510605,Logistics và Quản lý chuỗi cung ứng,A00,24.00,,THPTQG,2020,,daniele15,
KCC,7510605,Logistics và Quản lý chuỗi cung ứng,A01,24.00,,THPTQG,2020,,daniele15,
KCC,7510605,Logistics và Quản lý chuỗi cung ứng,C01,24.00,,THPTQG,2020,,daniele15,
KCC,7510605,Logistics và Quản lý chuỗi cung ứng,D01,24.00,,THPTQG,2020,,daniele15,
KCC,7520118,Kỹ thuật hệ thống công nghiệp,A00,17.00,,THPTQG,2020,,daniele15,
KCC,7520118,Kỹ thuật hệ thống công nghiệp,A01,17.00,,THPTQG,2020,,daniele15,
KCC,7520118,Kỹ thuật hệ thống công nghiệp,C01,17.00,,THPTQG,2020,,daniele15,
KCC,7520118,Kỹ thuật hệ thống công nghiệp,D01,17.00,,THPTQG,2020,,daniele15,
KCC,7540101,Công nghệ thực phẩm,A00,22.00,,THPTQG,2020,,daniele15,
KCC,7540101,Công nghệ thực phẩm,B00,22.00,,THPTQG,2020,,daniele15,
KCC,7540101,Công nghệ thực phẩm,D07,22.00,,THPTQG,2020,,daniele15,
KCC,7540101,Công nghệ thực phẩm,D08,22.00,,THPTQG,2020,,daniele15,
KCC,7580302,Quản lý xây dựng,A00,18.00,,THPTQG,2020,,daniele15,
KCC,7580302,Quản lý xây dựng,A01,18.00,,THPTQG,2020,,daniele15,
KCC,7580302,Quản lý xây dựng,C01,18.00,,THPTQG,2020,,daniele15,
KCC,7580302,Quản lý xây dựng,D01,18.00,,THPTQG,2020,,daniele15,
KCN,7420201,Công nghệ sinh học,A00,21.15,,THPTQG,2020,,daniele15,
KCN,7420201,Công nghệ sinh học,A02,21.15,,THPTQG,2020,,daniele15,
KCN,7420201,Công nghệ sinh học,B00,21.15,,THPTQG,2020,,daniele15,
KCN,7420201,Công nghệ sinh học,D08,21.15,,THPTQG,2020,,daniele15,
KCN,7440101,Vũ trụ và Ứng dụng,A00,23.45,,THPTQG,2020,,daniele15,
KCN,7440101,Vũ trụ và Ứng dụng,A01,23.45,,THPTQG,2020,,daniele15,
KCN,7440101,Vũ trụ và Ứng dụng,A02,23.45,,THPTQG,2020,,daniele15,
KCN,7440101,Vũ trụ và Ứng dụng,A04,23.45,,THPTQG,2020,,daniele15,
KCN,7440112,Hoá học,A00,22.25,,THPTQG,2020,,daniele15,
KCN,7440112,Hoá học,A06,22.25,,THPTQG,2020,,daniele15,
KCN,7440112,Hoá học,B00,22.25,,THPTQG,2020,,daniele15,
KCN,7440112,Hoá học,D07,22.25,,THPTQG,2020,,daniele15,
KCN,7440122,Khoa học vật liệu,A00,21.15,,THPTQG,2020,Khoa học Vật liệu tiên tiến và Công nghệ Nano,daniele15,
KCN,7440122,Khoa học vật liệu,A01,21.15,,THPTQG,2020,Khoa học Vật liệu tiên tiến và Công nghệ Nano,daniele15,
KCN,7440122,Khoa học vật liệu,B00,21.15,,THPTQG,2020,Khoa học Vật liệu tiên tiến và Công nghệ Nano,daniele15,
KCN,7440122,Khoa học vật liệu,D07,21.15,,THPTQG,2020,Khoa học Vật liệu tiên tiến và Công nghệ Nano,daniele15,
KCN,7440301,Nước – Môi trường – Hải dương học,A00,22.95,,THPTQG,2020,,daniele15,
KCN,7440301,Nước – Môi trường – Hải dương học,B00,22.95,,THPTQG,2020,,daniele15,
KCN,7440301,Nước – Môi trường – Hải dương học,D07,22.95,,THPTQG,2020,,daniele15,
KCN,7440301,Nước – Môi trường – Hải dương học,D08,22.95,,THPTQG,2020,,daniele15,
KCN,7460112,Toán ứng dụng,A00,25.60,,THPTQG,2020,,daniele15,
KCN,7460112,Toán ứng dụng,A01,25.60,,THPTQG,2020,,daniele15,
KCN,7460112,Toán ứng dụng,A02,25.60,,THPTQG,2020,,daniele15,
KCN,7460112,Toán ứng dụng,B00,25.60,,THPTQG,2020,,daniele15,
KCN,7480201,Công nghệ Thông tin và truyền thông,A00,24.75,,THPTQG,2020,,daniele15,
KCN,7480201,Công nghệ Thông tin và truyền thông,A01,24.75,,THPTQG,2020,,daniele15,
KCN,7480201,Công nghệ Thông tin và truyền thông,A02,24.75,,THPTQG,2020,,daniele15,
KCN,7480201,Công nghệ Thông tin và truyền thông,D07,24.75,,THPTQG,2020,,daniele15,
KCN,7480202,An toàn thông tin,A00,24.10,,THPTQG,2020,,daniele15,
KCN,7480202,An toàn thông tin,A01,24.10,,THPTQG,2020,,daniele15,
KCN,7480202,An toàn thông tin,A02,24.10,,THPTQG,2020,,daniele15,
KCN,7480202,An toàn thông tin,B00,24.10,,THPTQG,2020,,daniele15,
KCN,7520401,Vật lý kỹ thuật và điện tử,A00,21.15,,THPTQG,2020,,daniele15,
KCN,7520401,Vật lý kỹ thuật và điện tử,A01,21.15,,THPTQG,2020,,daniele15,
KCN,7520401,Vật lý kỹ thuật và điện tử,A02,21.15,,THPTQG,2020,,daniele15,
KCN,7520401,Vật lý kỹ thuật và điện tử,D07,21.15,,THPTQG,2020,,daniele15,
KCN,7540101,Khoa học và Công nghệ Thực phẩm,A00,21.15,,THPTQG,2020,,daniele15,
KCN,7540101,Khoa học và Công nghệ Thực phẩm,B00,21.15,,THPTQG,2020,,daniele15,
KCN,7540101,Khoa học và Công nghệ Thực phẩm,D07,21.15,,THPTQG,2020,,daniele15,
KCN,7540101,Khoa học và Công nghệ Thực phẩm,D08,21.15,,THPTQG,2020,,daniele15,
KCN,7720601,Khoa học và Công nghệ Y khoa,A00,21.25,,THPTQG,2020,,daniele15,
KCN,7720601,Khoa học và Công nghệ Y khoa,A01,21.25,,THPTQG,2020,,daniele15,
KCN,7720601,Khoa học và Công nghệ Y khoa,A02,21.25,,THPTQG,2020,,daniele15,
KCN,7720601,Khoa học và Công nghệ Y khoa,B00,21.25,,THPTQG,2020,,daniele15,
KGH,7860203,Chỉ huy tham mưu Không quân,A00,17.00,,THPTQG,2020,Thí sinh Nam (toàn quốc),daniele15,
KGH,7860203,Chỉ huy tham mưu Không quân,A01,17.00,,THPTQG,2020,Thí sinh Nam (toàn quốc),daniele15,
KHA,7220201,Ngôn ngữ Anh,A01,35.60,40,THPTQG,2020,Tiếng Anh hệ số 2 | thang 40 (suy ra),daniele15,
KHA,7220201,Ngôn ngữ Anh,D01,35.60,40,THPTQG,2020,Tiếng Anh hệ số 2 | thang 40 (suy ra),daniele15,
KHA,7220201,Ngôn ngữ Anh,D09,35.60,40,THPTQG,2020,Tiếng Anh hệ số 2 | thang 40 (suy ra),daniele15,
KHA,7220201,Ngôn ngữ Anh,D10,35.60,40,THPTQG,2020,Tiếng Anh hệ số 2 | thang 40 (suy ra),daniele15,
KHA,7310101,Kinh tế,A00,26.90,,THPTQG,2020,,daniele15,
KHA,7310101,Kinh tế,A01,26.90,,THPTQG,2020,,daniele15,
KHA,7310101,Kinh tế,D01,26.90,,THPTQG,2020,,daniele15,
KHA,7310101,Kinh tế,D07,26.90,,THPTQG,2020,,daniele15,
KHA,7310104,Kinh tế đầu tư,A00,27.05,,THPTQG,2020,,daniele15,
KHA,7310104,Kinh tế đầu tư,A01,27.05,,THPTQG,2020,,daniele15,
KHA,7310104,Kinh tế đầu tư,B00,27.05,,THPTQG,2020,,daniele15,
KHA,7310104,Kinh tế đầu tư,D01,27.05,,THPTQG,2020,,daniele15,
KHA,7310105,Kinh tế,A00,26.75,,THPTQG,2020,,daniele15,
KHA,7310105,Kinh tế,A01,26.75,,THPTQG,2020,,daniele15,
KHA,7310105,Kinh tế,D01,26.75,,THPTQG,2020,,daniele15,
KHA,7310105,Kinh tế,D07,26.75,,THPTQG,2020,,daniele15,
KHA,7310106,Kinh tế,A00,27.75,,THPTQG,2020,,daniele15,
KHA,7310106,Kinh tế,A01,27.75,,THPTQG,2020,,daniele15,
KHA,7310106,Kinh tế,D01,27.75,,THPTQG,2020,,daniele15,
KHA,7310106,Kinh tế,D07,27.75,,THPTQG,2020,,daniele15,
KHA,7310107,Thống kê kinh tế,A00,26.45,,THPTQG,2020,,daniele15,
KHA,7310107,Thống kê kinh tế,A01,26.45,,THPTQG,2020,,daniele15,
KHA,7310107,Thống kê kinh tế,D01,26.45,,THPTQG,2020,,daniele15,
KHA,7310107,Thống kê kinh tế,D07,26.45,,THPTQG,2020,,daniele15,
KHA,7310108,Toán kinh tế,A00,26.45,,THPTQG,2020,,daniele15,
KHA,7310108,Toán kinh tế,A01,26.45,,THPTQG,2020,,daniele15,
KHA,7310108,Toán kinh tế,D01,26.45,,THPTQG,2020,,daniele15,
KHA,7310108,Toán kinh tế,D07,26.45,,THPTQG,2020,,daniele15,
KHA,7320108,Quan hệ công chúng,A01,27.60,,THPTQG,2020,,daniele15,
KHA,7320108,Quan hệ công chúng,C03,27.60,,THPTQG,2020,,daniele15,
KHA,7320108,Quan hệ công chúng,C04,27.60,,THPTQG,2020,,daniele15,
KHA,7320108,Quan hệ công chúng,D01,27.60,,THPTQG,2020,,daniele15,
KHA,7340101,Quản trị kinh doanh,A00,27.20,,THPTQG,2020,,daniele15,
KHA,7340101,Quản trị kinh doanh,A01,27.20,,THPTQG,2020,,daniele15,
KHA,7340101,Quản trị kinh doanh,D01,27.20,,THPTQG,2020,,daniele15,
KHA,7340101,Quản trị kinh doanh,D07,27.20,,THPTQG,2020,,daniele15,
KHA,7340115,Marketing,A00,27.55,,THPTQG,2020,,daniele15,
KHA,7340115,Marketing,A01,27.55,,THPTQG,2020,,daniele15,
KHA,7340115,Marketing,D01,27.55,,THPTQG,2020,,daniele15,
KHA,7340115,Marketing,D07,27.55,,THPTQG,2020,,daniele15,
KHA,7340116,Bất động sản,A00,26.55,,THPTQG,2020,,daniele15,
KHA,7340116,Bất động sản,A01,26.55,,THPTQG,2020,,daniele15,
KHA,7340116,Bất động sản,D01,26.55,,THPTQG,2020,,daniele15,
KHA,7340116,Bất động sản,D07,26.55,,THPTQG,2020,,daniele15,
KHA,7340120,Kinh doanh quốc tế,A00,27.80,,THPTQG,2020,,daniele15,
KHA,7340120,Kinh doanh quốc tế,A01,27.80,,THPTQG,2020,,daniele15,
KHA,7340120,Kinh doanh quốc tế,D01,27.80,,THPTQG,2020,,daniele15,
KHA,7340120,Kinh doanh quốc tế,D07,27.80,,THPTQG,2020,,daniele15,
KHA,7340121,Kinh doanh thương mại,A00,27.25,,THPTQG,2020,,daniele15,
KHA,7340121,Kinh doanh thương mại,A01,27.25,,THPTQG,2020,,daniele15,
KHA,7340121,Kinh doanh thương mại,D01,27.25,,THPTQG,2020,,daniele15,
KHA,7340121,Kinh doanh thương mại,D07,27.25,,THPTQG,2020,,daniele15,
KHA,7340122,Thương mại điện tử,A00,27.65,,THPTQG,2020,,daniele15,
KHA,7340122,Thương mại điện tử,A01,27.65,,THPTQG,2020,,daniele15,
KHA,7340122,Thương mại điện tử,D01,27.65,,THPTQG,2020,,daniele15,
KHA,7340122,Thương mại điện tử,D07,27.65,,THPTQG,2020,,daniele15,
KHA,7340204,Bảo hiểm,A00,26.00,,THPTQG,2020,,daniele15,
KHA,7340204,Bảo hiểm,A01,26.00,,THPTQG,2020,,daniele15,
KHA,7340204,Bảo hiểm,D01,26.00,,THPTQG,2020,,daniele15,
KHA,7340204,Bảo hiểm,D07,26.00,,THPTQG,2020,,daniele15,
KHA,7340301,Kế toán,A00,27.15,,THPTQG,2020,,daniele15,
KHA,7340301,Kế toán,A01,27.15,,THPTQG,2020,,daniele15,
KHA,7340301,Kế toán,D01,27.15,,THPTQG,2020,,daniele15,
KHA,7340301,Kế toán,D07,27.15,,THPTQG,2020,,daniele15,
KHA,7340401,Khoa học quản lý,A00,26.25,,THPTQG,2020,,daniele15,
KHA,7340401,Khoa học quản lý,A01,26.25,,THPTQG,2020,,daniele15,
KHA,7340401,Khoa học quản lý,D01,26.25,,THPTQG,2020,,daniele15,
KHA,7340401,Khoa học quản lý,D07,26.25,,THPTQG,2020,,daniele15,
KHA,7340403,Quản lý công,A00,26.15,,THPTQG,2020,,daniele15,
KHA,7340403,Quản lý công,A01,26.15,,THPTQG,2020,,daniele15,
KHA,7340403,Quản lý công,D01,26.15,,THPTQG,2020,,daniele15,
KHA,7340403,Quản lý công,D07,26.15,,THPTQG,2020,,daniele15,
KHA,7340404,Quản trị nhân lực,A00,27.10,,THPTQG,2020,,daniele15,
KHA,7340404,Quản trị nhân lực,A01,27.10,,THPTQG,2020,,daniele15,
KHA,7340404,Quản trị nhân lực,D01,27.10,,THPTQG,2020,,daniele15,
KHA,7340404,Quản trị nhân lực,D07,27.10,,THPTQG,2020,,daniele15,
KHA,7340405,Hệ thống thông tin quản lý,A00,26.75,,THPTQG,2020,,daniele15,
KHA,7340405,Hệ thống thông tin quản lý,A01,26.75,,THPTQG,2020,,daniele15,
KHA,7340405,Hệ thống thông tin quản lý,D01,26.75,,THPTQG,2020,,daniele15,
KHA,7340405,Hệ thống thông tin quản lý,D07,26.75,,THPTQG,2020,,daniele15,
KHA,7340409,Quản lý dự án,A00,26.75,,THPTQG,2020,,daniele15,
KHA,7340409,Quản lý dự án,A01,26.75,,THPTQG,2020,,daniele15,
KHA,7340409,Quản lý dự án,B00,26.75,,THPTQG,2020,,daniele15,
KHA,7340409,Quản lý dự án,D01,26.75,,THPTQG,2020,,daniele15,
KHA,7380101,Luật,A00,26.20,,THPTQG,2020,,daniele15,
KHA,7380101,Luật,A01,26.20,,THPTQG,2020,,daniele15,
KHA,7380101,Luật,D01,26.20,,THPTQG,2020,,daniele15,
KHA,7380101,Luật,D07,26.20,,THPTQG,2020,,daniele15,
KHA,7380107,Luật,A00,26.65,,THPTQG,2020,,daniele15,
KHA,7380107,Luật,A01,26.65,,THPTQG,2020,,daniele15,
KHA,7380107,Luật,D01,26.65,,THPTQG,2020,,daniele15,
KHA,7380107,Luật,D07,26.65,,THPTQG,2020,,daniele15,
KHA,7480101,Khoa học máy tính,A00,26.40,,THPTQG,2020,,daniele15,
KHA,7480101,Khoa học máy tính,A01,26.40,,THPTQG,2020,,daniele15,
KHA,7480101,Khoa học máy tính,D01,26.40,,THPTQG,2020,,daniele15,
KHA,7480101,Khoa học máy tính,D07,26.40,,THPTQG,2020,,daniele15,
KHA,7480201,Công nghệ thông tin,A00,26.60,,THPTQG,2020,,daniele15,
KHA,7480201,Công nghệ thông tin,A01,26.60,,THPTQG,2020,,daniele15,
KHA,7480201,Công nghệ thông tin,D01,26.60,,THPTQG,2020,,daniele15,
KHA,7480201,Công nghệ thông tin,D07,26.60,,THPTQG,2020,,daniele15,
KHA,7510605,Logistics và Quản lý chuỗi cung ứng,A00,28.00,,THPTQG,2020,,daniele15,
KHA,7510605,Logistics và Quản lý chuỗi cung ứng,A01,28.00,,THPTQG,2020,,daniele15,
KHA,7510605,Logistics và Quản lý chuỗi cung ứng,D01,28.00,,THPTQG,2020,,daniele15,
KHA,7510605,Logistics và Quản lý chuỗi cung ứng,D07,28.00,,THPTQG,2020,,daniele15,
KHA,7620115,Kinh tế,A00,25.65,,THPTQG,2020,,daniele15,
KHA,7620115,Kinh tế,A01,25.65,,THPTQG,2020,,daniele15,
KHA,7620115,Kinh tế,B00,25.65,,THPTQG,2020,,daniele15,
KHA,7620115,Kinh tế,D01,25.65,,THPTQG,2020,,daniele15,
KHA,7810103,Quản trị dịch vụ du lịch và lữ hành,A00,26.70,,THPTQG,2020,,daniele15,
KHA,7810103,Quản trị dịch vụ du lịch và lữ hành,A01,26.70,,THPTQG,2020,,daniele15,
KHA,7810103,Quản trị dịch vụ du lịch và lữ hành,D01,26.70,,THPTQG,2020,,daniele15,
KHA,7810103,Quản trị dịch vụ du lịch và lữ hành,D07,26.70,,THPTQG,2020,,daniele15,
KHA,7810201,Quản trị khách sạn,A00,27.25,,THPTQG,2020,,daniele15,
KHA,7810201,Quản trị khách sạn,A01,27.25,,THPTQG,2020,,daniele15,
KHA,7810201,Quản trị khách sạn,D01,27.25,,THPTQG,2020,,daniele15,
KHA,7810201,Quản trị khách sạn,D07,27.25,,THPTQG,2020,,daniele15,
KHA,7850101,Quản lý tài nguyên và môi trường,A00,25.60,,THPTQG,2020,,daniele15,
KHA,7850101,Quản lý tài nguyên và môi trường,A01,25.60,,THPTQG,2020,,daniele15,
KHA,7850101,Quản lý tài nguyên và môi trường,D01,25.60,,THPTQG,2020,,daniele15,
KHA,7850101,Quản lý tài nguyên và môi trường,D07,25.60,,THPTQG,2020,,daniele15,
KHA,7850102,Kinh tế Tài nguyên thiên nhiên,A00,25.60,,THPTQG,2020,,daniele15,
KHA,7850102,Kinh tế Tài nguyên thiên nhiên,A01,25.60,,THPTQG,2020,,daniele15,
KHA,7850102,Kinh tế Tài nguyên thiên nhiên,B00,25.60,,THPTQG,2020,,daniele15,
KHA,7850102,Kinh tế Tài nguyên thiên nhiên,D01,25.60,,THPTQG,2020,,daniele15,
KHA,7850103,Quản lý đất đai,A00,25.85,,THPTQG,2020,,daniele15,
KHA,7850103,Quản lý đất đai,A01,25.85,,THPTQG,2020,,daniele15,
KHA,7850103,Quản lý đất đai,D01,25.85,,THPTQG,2020,,daniele15,
KHA,7850103,Quản lý đất đai,D07,25.85,,THPTQG,2020,,daniele15,
KHA,EBBA,Quản trị kinh doanh,A00,26.25,,THPTQG,2020,,daniele15,
KHA,EBBA,Quản trị kinh doanh,A01,26.25,,THPTQG,2020,,daniele15,
KHA,EBBA,Quản trị kinh doanh,D01,26.25,,THPTQG,2020,,daniele15,
KHA,EBBA,Quản trị kinh doanh,D07,26.25,,THPTQG,2020,,daniele15,
KHA,EP01,Khởi nghiệp và phát triển kinh doanh,A01,33.05,40,THPTQG,2020,thang 40 (suy ra),daniele15,
KHA,EP01,Khởi nghiệp và phát triển kinh doanh,D01,33.05,40,THPTQG,2020,thang 40 (suy ra),daniele15,
KHA,EP01,Khởi nghiệp và phát triển kinh doanh,D07,33.05,40,THPTQG,2020,thang 40 (suy ra),daniele15,
KHA,EP01,Khởi nghiệp và phát triển kinh doanh,D09,33.05,40,THPTQG,2020,thang 40 (suy ra),daniele15,
KHA,EP02,Định phí Bảo hiểm & Quản trị rủi ro,A00,25.85,,THPTQG,2020,,daniele15,
KHA,EP02,Định phí Bảo hiểm & Quản trị rủi ro,A01,25.85,,THPTQG,2020,,daniele15,
KHA,EP02,Định phí Bảo hiểm & Quản trị rủi ro,D01,25.85,,THPTQG,2020,,daniele15,
KHA,EP02,Định phí Bảo hiểm & Quản trị rủi ro,D07,25.85,,THPTQG,2020,,daniele15,
KHA,EP03,Khoa học dữ liệu,A00,25.80,,THPTQG,2020,,daniele15,
KHA,EP03,Khoa học dữ liệu,A01,25.80,,THPTQG,2020,,daniele15,
KHA,EP03,Khoa học dữ liệu,D01,25.80,,THPTQG,2020,,daniele15,
KHA,EP03,Khoa học dữ liệu,D07,25.80,,THPTQG,2020,,daniele15,
KHA,EP04,Kế toán,A00,26.50,,THPTQG,2020,,daniele15,
KHA,EP04,Kế toán,A01,26.50,,THPTQG,2020,,daniele15,
KHA,EP04,Kế toán,D01,26.50,,THPTQG,2020,,daniele15,
KHA,EP04,Kế toán,D07,26.50,,THPTQG,2020,,daniele15,
KHA,EP05,Kinh doanh số,A00,26.10,,THPTQG,2020,,daniele15,
KHA,EP05,Kinh doanh số,A01,26.10,,THPTQG,2020,,daniele15,
KHA,EP05,Kinh doanh số,D01,26.10,,THPTQG,2020,,daniele15,
KHA,EP05,Kinh doanh số,D07,26.10,,THPTQG,2020,,daniele15,
KHA,EP06,Phân tích kinh doanh,A00,26.30,,THPTQG,2020,,daniele15,
KHA,EP06,Phân tích kinh doanh,A01,26.30,,THPTQG,2020,,daniele15,
KHA,EP06,Phân tích kinh doanh,D01,26.30,,THPTQG,2020,,daniele15,
KHA,EP06,Phân tích kinh doanh,D07,26.30,,THPTQG,2020,,daniele15,
KHA,EP07,Quản trị điều hành thông minh,A01,26.00,,THPTQG,2020,,daniele15,
KHA,EP07,Quản trị điều hành thông minh,D01,26.00,,THPTQG,2020,,daniele15,
KHA,EP07,Quản trị điều hành thông minh,D07,26.00,,THPTQG,2020,,daniele15,
KHA,EP07,Quản trị điều hành thông minh,D10,26.00,,THPTQG,2020,,daniele15,
KHA,EP08,Quản trị chất lượng và Đổi mới,A01,25.75,,THPTQG,2020,,daniele15,
KHA,EP08,Quản trị chất lượng và Đổi mới,D01,25.75,,THPTQG,2020,,daniele15,
KHA,EP08,Quản trị chất lượng và Đổi mới,D07,25.75,,THPTQG,2020,,daniele15,
KHA,EP08,Quản trị chất lượng và Đổi mới,D10,25.75,,THPTQG,2020,,daniele15,
KHA,EP09,Công nghệ tài chính,A00,25.75,,THPTQG,2020,,daniele15,
KHA,EP09,Công nghệ tài chính,A01,25.75,,THPTQG,2020,,daniele15,
KHA,EP09,Công nghệ tài chính,B00,25.75,,THPTQG,2020,,daniele15,
KHA,EP09,Công nghệ tài chính,D07,25.75,,THPTQG,2020,,daniele15,
KHA,EP10,Đầu tư tài chính,A01,34.55,40,THPTQG,2020,thang 40 (suy ra),daniele15,
KHA,EP10,Đầu tư tài chính,D01,34.55,40,THPTQG,2020,thang 40 (suy ra),daniele15,
KHA,EP10,Đầu tư tài chính,D07,34.55,40,THPTQG,2020,thang 40 (suy ra),daniele15,
KHA,EP10,Đầu tư tài chính,D10,34.55,40,THPTQG,2020,thang 40 (suy ra),daniele15,
KHA,EP11,Quản trị khách sạn,A01,34.50,40,THPTQG,2020,thang 40 (suy ra),daniele15,
KHA,EP11,Quản trị khách sạn,D01,34.50,40,THPTQG,2020,thang 40 (suy ra),daniele15,
KHA,EP11,Quản trị khách sạn,D09,34.50,40,THPTQG,2020,thang 40 (suy ra),daniele15,
KHA,EP11,Quản trị khách sạn,D10,34.50,40,THPTQG,2020,thang 40 (suy ra),daniele15,
KHA,EPMP,Quản lý công và Chính sách,A00,25.35,,THPTQG,2020,,daniele15,
KHA,EPMP,Quản lý công và Chính sách,A01,25.35,,THPTQG,2020,,daniele15,
KHA,EPMP,Quản lý công và Chính sách,D01,25.35,,THPTQG,2020,,daniele15,
KHA,EPMP,Quản lý công và Chính sách,D07,25.35,,THPTQG,2020,,daniele15,
KHA,POHE,Các chương trình định hướng ứng dụng,A01,34.25,40,THPTQG,2020,thang 40 (suy ra),daniele15,
KHA,POHE,Các chương trình định hướng ứng dụng,D01,34.25,40,THPTQG,2020,thang 40 (suy ra),daniele15,
KHA,POHE,Các chương trình định hướng ứng dụng,D07,34.25,40,THPTQG,2020,thang 40 (suy ra),daniele15,
KHA,POHE,Các chương trình định hướng ứng dụng,D09,34.25,40,THPTQG,2020,thang 40 (suy ra),daniele15,
KMA,7480201,Công nghệ thông tin,A00,25.80,,THPTQG,2020,,daniele15,
KMA,7480201,Công nghệ thông tin,A01,25.80,,THPTQG,2020,,daniele15,
KMA,7480201,Công nghệ thông tin,D90,25.80,,THPTQG,2020,,daniele15,
KMA,7480202,An toàn thông tin,A00,24.90,,THPTQG,2020,,daniele15,
KMA,7480202,An toàn thông tin,A01,24.90,,THPTQG,2020,,daniele15,
KMA,7480202,An toàn thông tin,D90,24.90,,THPTQG,2020,,daniele15,
KMA,7520207,Kỹ thuật điện tử - viễn thông,A00,24.25,,THPTQG,2020,,daniele15,
KMA,7520207,Kỹ thuật điện tử - viễn thông,A01,24.25,,THPTQG,2020,,daniele15,
KMA,7520207,Kỹ thuật điện tử - viễn thông,D90,24.25,,THPTQG,2020,,daniele15,
KQH,7860220,Chỉ huy tham mưu thông tin,A00,25.00,,THPTQG,2020,Áp dụng cho thí sinh Nam xét điểm thi TN THPT khu vực miền Nam,daniele15,
KQH,7860220,Chỉ huy tham mưu thông tin,A01,25.00,,THPTQG,2020,Áp dụng cho thí sinh Nam xét điểm thi TN THPT khu vực miền Nam,daniele15,
KQH,7860220,Chỉ huy tham mưu thông tin,A00,26.50,,THPTQG,2020,Áp dụng cho thí sinh Nam xét điểm thi TN THPT khu vực miền BắcTCp1 Toán >=9.0TCp2 Lý >=8.5,daniele15,
KQH,7860220,Chỉ huy tham mưu thông tin,A01,26.50,,THPTQG,2020,Áp dụng cho thí sinh Nam xét điểm thi TN THPT khu vực miền BắcTCp1 Toán >=9.0TCp2 Lý >=8.5,daniele15,
KQH,7860220,Chỉ huy tham mưu thông tin,A00,27.55,,THPTQG,2020,Áp dụng cho thí sinh Nữ xét điểm thi TN THPT khu vực miền Nam,daniele15,
KQH,7860220,Chỉ huy tham mưu thông tin,A01,27.55,,THPTQG,2020,Áp dụng cho thí sinh Nữ xét điểm thi TN THPT khu vực miền Nam,daniele15,
KQH,7860220,Chỉ huy tham mưu thông tin,A00,28.15,,THPTQG,2020,Áp dụng cho thí sinh Nữ xét điểm thi TN THPT khu vực miền Bắc,daniele15,
KQH,7860220,Chỉ huy tham mưu thông tin,A01,28.15,,THPTQG,2020,Áp dụng cho thí sinh Nữ xét điểm thi TN THPT khu vực miền Bắc,daniele15,
KSA,7220201,Ngôn ngữ Anh,,25.80,,THPTQG,2020,,daniele15,
KSA,7220201,Ngôn ngữ Anh,,750.00,,DGNL,2020,,daniele15,
KSA,7310101,Kinh tế,A00,16.00,,THPTQG,2020,Kinh tế và Kinh doanh nông nghiệp;Phân hiệu Vĩnh Long,daniele15,
KSA,7310101,Kinh tế,A01,16.00,,THPTQG,2020,Kinh tế và Kinh doanh nông nghiệp;Phân hiệu Vĩnh Long,daniele15,
KSA,7310101,Kinh tế,D01,16.00,,THPTQG,2020,Kinh tế và Kinh doanh nông nghiệp;Phân hiệu Vĩnh Long,daniele15,
KSA,7310101,Kinh tế,D07,16.00,,THPTQG,2020,Kinh tế và Kinh doanh nông nghiệp;Phân hiệu Vĩnh Long,daniele15,
KSA,7310101,Kinh tế,,26.20,,THPTQG,2020,,daniele15,
KSA,7310101,Kinh tế,,750.00,,DGNL,2020,,daniele15,
KSA,7310107,Thống kê kinh tế,,25.20,,THPTQG,2020,,daniele15,
KSA,7310107,Thống kê kinh tế,,750.00,,DGNL,2020,,daniele15,
KSA,7310108,Toán kinh tế,,25.20,,THPTQG,2020,,daniele15,
KSA,7310108,Toán kinh tế,,750.00,,DGNL,2020,,daniele15,
KSA,7340101,Quản trị kinh doanh,A00,16.00,,THPTQG,2020,Phân hiệu Vĩnh Long,daniele15,
KSA,7340101,Quản trị kinh doanh,A01,16.00,,THPTQG,2020,Phân hiệu Vĩnh Long,daniele15,
KSA,7340101,Quản trị kinh doanh,D01,16.00,,THPTQG,2020,Phân hiệu Vĩnh Long,daniele15,
KSA,7340101,Quản trị kinh doanh,D07,16.00,,THPTQG,2020,Phân hiệu Vĩnh Long,daniele15,
KSA,7340101,Quản trị kinh doanh,,24.20,,THPTQG,2020,,daniele15,
KSA,7340101,Quản trị kinh doanh,A00,26.00,,THPTQG,2020,,daniele15,
KSA,7340101,Quản trị kinh doanh,A01,26.00,,THPTQG,2020,,daniele15,
KSA,7340101,Quản trị kinh doanh,D01,26.00,,THPTQG,2020,,daniele15,
KSA,7340101,Quản trị kinh doanh,D07,26.00,,THPTQG,2020,,daniele15,
KSA,7340101,Quản trị kinh doanh,,26.40,,THPTQG,2020,,daniele15,
KSA,7340101,Quản trị kinh doanh,,750.00,,DGNL,2020,,daniele15,
KSA,7340115,Marketing,,27.50,,THPTQG,2020,,daniele15,
KSA,7340115,Marketing,,800.00,,DGNL,2020,,daniele15,
KSA,7340120,Kinh doanh quốc tế,A00,16.00,,THPTQG,2020,Phân hiệu Vĩnh Long,daniele15,
KSA,7340120,Kinh doanh quốc tế,A01,16.00,,THPTQG,2020,Phân hiệu Vĩnh Long,daniele15,
KSA,7340120,Kinh doanh quốc tế,D01,16.00,,THPTQG,2020,Phân hiệu Vĩnh Long,daniele15,
KSA,7340120,Kinh doanh quốc tế,D07,16.00,,THPTQG,2020,Phân hiệu Vĩnh Long,daniele15,
KSA,7340120,Kinh doanh quốc tế,,27.50,,THPTQG,2020,,daniele15,
KSA,7340120,Kinh doanh quốc tế,,800.00,,DGNL,2020,,daniele15,
KSA,7340121,Kinh doanh thương mại,,27.10,,THPTQG,2020,,daniele15,
KSA,7340121,Kinh doanh thương mại,,750.00,,DGNL,2020,,daniele15,
KSA,7340201,Tài chính - Ngân hàng,A00,16.00,,THPTQG,2020,Phân hiệu Vĩnh Long,daniele15,
KSA,7340201,Tài chính - Ngân hàng,A01,16.00,,THPTQG,2020,Phân hiệu Vĩnh Long,daniele15,
KSA,7340201,Tài chính - Ngân hàng,D01,16.00,,THPTQG,2020,Phân hiệu Vĩnh Long,daniele15,
KSA,7340201,Tài chính - Ngân hàng,D07,16.00,,THPTQG,2020,Phân hiệu Vĩnh Long,daniele15,
KSA,7340201,Tài chính - Ngân hàng,,25.80,,THPTQG,2020,,daniele15,
KSA,7340201,Tài chính - Ngân hàng,,750.00,,DGNL,2020,,daniele15,
KSA,7340204,Bảo hiểm,,22.00,,THPTQG,2020,,daniele15,
KSA,7340204,Bảo hiểm,,750.00,,DGNL,2020,,daniele15,
KSA,7340206,Tài chính quốc tế,,26.70,,THPTQG,2020,,daniele15,
KSA,7340206,Tài chính quốc tế,,750.00,,DGNL,2020,,daniele15,
KSA,7340301,Kế toán,A00,16.00,,THPTQG,2020,Kế toán doanh nghiệp;Phân hiệu Vĩnh Long,daniele15,
KSA,7340301,Kế toán,A01,16.00,,THPTQG,2020,Kế toán doanh nghiệp;Phân hiệu Vĩnh Long,daniele15,
KSA,7340301,Kế toán,D01,16.00,,THPTQG,2020,Kế toán doanh nghiệp;Phân hiệu Vĩnh Long,daniele15,
KSA,7340301,Kế toán,D07,16.00,,THPTQG,2020,Kế toán doanh nghiệp;Phân hiệu Vĩnh Long,daniele15,
KSA,7340301,Kế toán,,25.80,,THPTQG,2020,,daniele15,
KSA,7340301,Kế toán,,750.00,,DGNL,2020,,daniele15,
KSA,7340403,Quản lý công,,24.30,,THPTQG,2020,,daniele15,
KSA,7340403,Quản lý công,,765.00,,DGNL,2020,,daniele15,
KSA,7340405,Hệ thống thông tin quản lý,A00,16.00,,THPTQG,2020,Thương mại điện tử (*);Phân hiệu Vĩnh Long,daniele15,
KSA,7340405,Hệ thống thông tin quản lý,A01,16.00,,THPTQG,2020,Thương mại điện tử (*);Phân hiệu Vĩnh Long,daniele15,
KSA,7340405,Hệ thống thông tin quản lý,D01,16.00,,THPTQG,2020,Thương mại điện tử (*);Phân hiệu Vĩnh Long,daniele15,
KSA,7340405,Hệ thống thông tin quản lý,D07,16.00,,THPTQG,2020,Thương mại điện tử (*);Phân hiệu Vĩnh Long,daniele15,
KSA,7340405,Hệ thống thông tin quản lý,,26.30,,THPTQG,2020,,daniele15,
KSA,7340405,Hệ thống thông tin quản lý,,760.00,,DGNL,2020,,daniele15,
KSA,7380101,Luật,,24.90,,THPTQG,2020,,daniele15,
KSA,7380101,Luật,,750.00,,DGNL,2020,,daniele15,
KSA,7480103,Kỹ thuật phần mềm,,25.80,,THPTQG,2020,,daniele15,
KSA,7480103,Kỹ thuật phần mềm,,765.00,,DGNL,2020,,daniele15,
KSA,7480109,Khoa học dữ liệu,,24.80,,THPTQG,2020,,daniele15,
KSA,7480109,Khoa học dữ liệu,,800.00,,DGNL,2020,,daniele15,
KSA,7510605,Logistics và Quản lý chuỗi cung ứng,A00,27.60,,THPTQG,2020,,daniele15,
KSA,7510605,Logistics và Quản lý chuỗi cung ứng,A01,27.60,,THPTQG,2020,,daniele15,
KSA,7510605,Logistics và Quản lý chuỗi cung ứng,D01,27.60,,THPTQG,2020,,daniele15,
KSA,7510605,Logistics và Quản lý chuỗi cung ứng,D07,27.60,,THPTQG,2020,,daniele15,
KSA,751065,Logistics và Quản lý chuỗi cung ứng,,850.00,,DGNL,2020,,daniele15,
KSA,7810103,Quản trị dịch vụ du lịch và lữ hành,,25.40,,THPTQG,2020,,daniele15,
KSA,7810103,Quản trị dịch vụ du lịch và lữ hành,,750.00,,DGNL,2020,,daniele15,
KSA,7810201,Quản trị khách sạn,,25.80,,THPTQG,2020,,daniele15,
KSA,7810201,Quản trị khách sạn,,750.00,,DGNL,2020,,daniele15,
KTA,7210105,Điêu khắc,H00,16.50,,THPTQG,2020,,daniele15,
KTA,7210403,Thiết kế đồ họa,H00,16.50,,THPTQG,2020,,daniele15,
KTA,7210404,Thiết kế thời trang,H00,16.50,,THPTQG,2020,,daniele15,
KTA,7480201,Công nghệ thông tin,A00,16.00,,THPTQG,2020,,daniele15,
KTA,7480201,Công nghệ thông tin,A01,16.00,,THPTQG,2020,,daniele15,
KTA,7510105,Công nghệ kỹ thuật vật liệu xây dựng,A00,15.50,,THPTQG,2020,,daniele15,
KTA,7510105,Công nghệ kỹ thuật vật liệu xây dựng,A01,15.50,,THPTQG,2020,,daniele15,
KTA,7510105,Công nghệ kỹ thuật vật liệu xây dựng,B00,15.50,,THPTQG,2020,,daniele15,
KTA,7580101,Kiến trúc,V00,22.00,,THPTQG,2020,Điểm vẽ Mỹ thuật nhân 2,daniele15,
KTA,7580105,Quy hoạch vùng và đô thị,V00,22.00,,THPTQG,2020,Vẽ Mỹ thuật nhân 2,daniele15,
KTA,7580108,Thiết kế nội thất,H00,16.50,,THPTQG,2020,,daniele15,
KTA,7580201,Kỹ thuật xây dựng,A00,15.50,,THPTQG,2020,,daniele15,
KTA,7580201,Kỹ thuật xây dựng,A01,15.50,,THPTQG,2020,,daniele15,
KTA,7580210,Kỹ thuật cơ sở hạ tầng,A00,15.50,,THPTQG,2020,,daniele15,
KTA,7580210,Kỹ thuật cơ sở hạ tầng,A01,15.50,,THPTQG,2020,,daniele15,
KTA,7580210,Kỹ thuật cơ sở hạ tầng,B00,15.50,,THPTQG,2020,,daniele15,
KTA,7580210,Kỹ thuật cơ sở hạ tầng,A00,16.00,,THPTQG,2020,,daniele15,
KTA,7580210,Kỹ thuật cơ sở hạ tầng,A01,16.00,,THPTQG,2020,,daniele15,
KTA,7580210,Kỹ thuật cơ sở hạ tầng,B00,16.00,,THPTQG,2020,,daniele15,
KTA,7580210,Kỹ thuật cơ sở hạ tầng,D07,16.00,,THPTQG,2020,,daniele15,
KTA,7580213,Kỹ thuật cấp thoát nước,A00,15.50,,THPTQG,2020,,daniele15,
KTA,7580213,Kỹ thuật cấp thoát nước,A01,15.50,,THPTQG,2020,,daniele15,
KTA,7580213,Kỹ thuật cấp thoát nước,B00,15.50,,THPTQG,2020,,daniele15,
KTA,7580301,Kinh tế xây dựng,A00,16.00,,THPTQG,2020,,daniele15,
KTA,7580301,Kinh tế xây dựng,A01,16.00,,THPTQG,2020,,daniele15,
KTA,7580301,Kinh tế xây dựng,D01,16.00,,THPTQG,2020,,daniele15,
KTA,7580301,Kinh tế xây dựng,D07,16.00,,THPTQG,2020,,daniele15,
KTA,7580302,Quản lý xây dựng,A00,16.00,,THPTQG,2020,,daniele15,
KTA,7580302,Quản lý xây dựng,A01,16.00,,THPTQG,2020,,daniele15,
KTA,7580302,Quản lý xây dựng,D01,16.00,,THPTQG,2020,,daniele15,
KTA,KTA01,Nhóm ngành 1:,V00,22.00,,THPTQG,2020,,daniele15,
KTA,KTA02,Nhóm ngành 2:,V00,22.00,,THPTQG,2020,Điểm Mỹ thuật nhân hệ số 2,daniele15,
KTA,KTA03,Nhóm ngành 3:,H00,16.50,,THPTQG,2020,,daniele15,
KTA,KTA04,Nhóm ngành 4:,H00,16.50,,THPTQG,2020,Bao gồm Thiết kế nội thất và Điêu khắc,daniele15,
KTC,7220201,Ngôn ngữ Anh,A01,19.00,,THPTQG,2020,,daniele15,
KTC,7220201,Ngôn ngữ Anh,D01,19.00,,THPTQG,2020,,daniele15,
KTC,7220201,Ngôn ngữ Anh,D14,19.00,,THPTQG,2020,,daniele15,
KTC,7220201,Ngôn ngữ Anh,D15,19.00,,THPTQG,2020,,daniele15,
KTC,7220209,Ngôn ngữ Nhật,A01,19.00,,THPTQG,2020,,daniele15,
KTC,7220209,Ngôn ngữ Nhật,D01,19.00,,THPTQG,2020,,daniele15,
KTC,7220209,Ngôn ngữ Nhật,D14,19.00,,THPTQG,2020,,daniele15,
KTC,7220209,Ngôn ngữ Nhật,D15,19.00,,THPTQG,2020,,daniele15,
KTC,7220210,Ngôn ngữ Hàn Quốc,D01,19.00,,THPTQG,2020,,daniele15,
KTC,7220210,Ngôn ngữ Hàn Quốc,D14,19.00,,THPTQG,2020,,daniele15,
KTC,7220210,Ngôn ngữ Hàn Quốc,D15,19.00,,THPTQG,2020,,daniele15,
KTC,7310206,Quan hệ quốc tế,D01,21.00,,THPTQG,2020,,daniele15,
KTC,7320106,Công nghệ truyền thông,A00,20.00,,THPTQG,2020,,daniele15,
KTC,7320106,Công nghệ truyền thông,A01,20.00,,THPTQG,2020,,daniele15,
KTC,7320106,Công nghệ truyền thông,C00,20.00,,THPTQG,2020,,daniele15,
KTC,7320106,Công nghệ truyền thông,D01,20.00,,THPTQG,2020,,daniele15,
KTC,7320108,Quan hệ công chúng,A00,21.00,,THPTQG,2020,,daniele15,
KTC,7320108,Quan hệ công chúng,A01,21.00,,THPTQG,2020,,daniele15,
KTC,7320108,Quan hệ công chúng,C00,21.00,,THPTQG,2020,,daniele15,
KTC,7320108,Quan hệ công chúng,D01,21.00,,THPTQG,2020,,daniele15,
KTC,7340101,Quản trị kinh doanh,A00,22.00,,THPTQG,2020,,daniele15,
KTC,7340101,Quản trị kinh doanh,A01,22.00,,THPTQG,2020,,daniele15,
KTC,7340101,Quản trị kinh doanh,C00,22.00,,THPTQG,2020,,daniele15,
KTC,7340101,Quản trị kinh doanh,D01,22.00,,THPTQG,2020,,daniele15,
KTC,7340115,Marketing,A00,23.00,,THPTQG,2020,,daniele15,
KTC,7340115,Marketing,A01,23.00,,THPTQG,2020,,daniele15,
KTC,7340115,Marketing,C00,23.00,,THPTQG,2020,,daniele15,
KTC,7340115,Marketing,D01,23.00,,THPTQG,2020,,daniele15,
KTC,7340120,Kinh doanh quốc tế,A00,23.00,,THPTQG,2020,,daniele15,
KTC,7340120,Kinh doanh quốc tế,A01,23.00,,THPTQG,2020,,daniele15,
KTC,7340120,Kinh doanh quốc tế,C00,23.00,,THPTQG,2020,,daniele15,
KTC,7340122,Thương mại điện tử,A00,21.00,,THPTQG,2020,,daniele15,
KTC,7340122,Thương mại điện tử,A01,21.00,,THPTQG,2020,,daniele15,
KTC,7340122,Thương mại điện tử,C01,21.00,,THPTQG,2020,,daniele15,
KTC,7340122,Thương mại điện tử,D01,21.00,,THPTQG,2020,,daniele15,
KTC,7340201,Tài chính - Ngân hàng,A00,20.00,,THPTQG,2020,,daniele15,
KTC,7340201,Tài chính - Ngân hàng,C01,20.00,,THPTQG,2020,,daniele15,
KTC,7340201,Tài chính - Ngân hàng,D01,20.00,,THPTQG,2020,,daniele15,
KTC,7340301,Kế toán,A00,19.00,,THPTQG,2020,,daniele15,
KTC,7340301,Kế toán,A01,19.00,,THPTQG,2020,,daniele15,
KTC,7340301,Kế toán,C01,19.00,,THPTQG,2020,,daniele15,
KTC,7340301,Kế toán,D01,19.00,,THPTQG,2020,,daniele15,
KTC,7340404,Quản trị nhân lực,A00,22.00,,THPTQG,2020,,daniele15,
KTC,7340404,Quản trị nhân lực,A01,22.00,,THPTQG,2020,,daniele15,
KTC,7340404,Quản trị nhân lực,C00,22.00,,THPTQG,2020,,daniele15,
KTC,7340404,Quản trị nhân lực,D01,22.00,,THPTQG,2020,,daniele15,
KTC,7380101,Luật,A00,19.00,,THPTQG,2020,,daniele15,
KTC,7380101,Luật,A01,19.00,,THPTQG,2020,,daniele15,
KTC,7380101,Luật,C00,19.00,,THPTQG,2020,,daniele15,
KTC,7380101,Luật,D01,19.00,,THPTQG,2020,,daniele15,
KTC,7380107,Luật,A00,19.00,,THPTQG,2020,,daniele15,
KTC,7380107,Luật,A01,19.00,,THPTQG,2020,,daniele15,
KTC,7380107,Luật,C00,19.00,,THPTQG,2020,,daniele15,
KTC,7380107,Luật,D01,19.00,,THPTQG,2020,,daniele15,
KTC,7380108,Luật,A00,20.00,,THPTQG,2020,,daniele15,
KTC,7380108,Luật,A01,20.00,,THPTQG,2020,,daniele15,
KTC,7380108,Luật,C00,20.00,,THPTQG,2020,,daniele15,
KTC,7380108,Luật,D01,20.00,,THPTQG,2020,,daniele15,
KTC,7480201,Công nghệ thông tin,A00,20.00,,THPTQG,2020,,daniele15,
KTC,7480201,Công nghệ thông tin,A01,20.00,,THPTQG,2020,,daniele15,
KTC,7480201,Công nghệ thông tin,C01,20.00,,THPTQG,2020,,daniele15,
KTC,7480201,Công nghệ thông tin,D01,20.00,,THPTQG,2020,,daniele15,
KTC,7510605,Logistics và Quản lý chuỗi cung ứng,A00,24.00,,THPTQG,2020,,daniele15,
KTC,7510605,Logistics và Quản lý chuỗi cung ứng,A01,24.00,,THPTQG,2020,,daniele15,
KTC,7510605,Logistics và Quản lý chuỗi cung ứng,C00,24.00,,THPTQG,2020,,daniele15,
KTC,7510605,Logistics và Quản lý chuỗi cung ứng,D01,24.00,,THPTQG,2020,,daniele15,
KTC,7810103,Quản trị dịch vụ du lịch và lữ hành,A00,20.00,,THPTQG,2020,,daniele15,
KTC,7810103,Quản trị dịch vụ du lịch và lữ hành,A01,20.00,,THPTQG,2020,,daniele15,
KTC,7810103,Quản trị dịch vụ du lịch và lữ hành,C00,20.00,,THPTQG,2020,,daniele15,
KTC,7810201,Quản trị khách sạn,A00,21.00,,THPTQG,2020,,daniele15,
KTC,7810201,Quản trị khách sạn,A01,21.00,,THPTQG,2020,,daniele15,
KTC,7810201,Quản trị khách sạn,C00,21.00,,THPTQG,2020,,daniele15,
KTS,7210110,Mỹ thuật đô thị,V00,22.05,,THPTQG,2020,,daniele15,
KTS,7210110,Mỹ thuật đô thị,V01,22.05,,THPTQG,2020,,daniele15,
KTS,7210402,Thiết kế công nghiệp,H01,24.60,,THPTQG,2020,,daniele15,
KTS,7210402,Thiết kế công nghiệp,H02,24.60,,THPTQG,2020,,daniele15,
KTS,7210403,Thiết kế đồ họa,H01,25.40,,THPTQG,2020,,daniele15,
KTS,7210403,Thiết kế đồ họa,H06,25.40,,THPTQG,2020,,daniele15,
KTS,7210404,Thiết kế thời trang,H01,24.48,,THPTQG,2020,,daniele15,
KTS,7210404,Thiết kế thời trang,H06,24.48,,THPTQG,2020,,daniele15,
KTS,7580101,Kiến trúc,V00,24.28,,THPTQG,2020,,daniele15,
KTS,7580101,Kiến trúc,V01,24.28,,THPTQG,2020,,daniele15,
KTS,7580101CLC,Kiến trúc,V00,23.60,,THPTQG,2020,,daniele15,
KTS,7580101CLC,Kiến trúc,V01,23.60,,THPTQG,2020,,daniele15,
KTS,7580101CT,Kiến trúc,V00,20.80,,THPTQG,2020,Cơ sở Cần Thơ,daniele15,
KTS,7580101CT,Kiến trúc,V01,20.80,,THPTQG,2020,Cơ sở Cần Thơ,daniele15,
KTS,7580101DL,Kiến trúc,V00,20.25,,THPTQG,2020,Cơ sở Đà Lạt,daniele15,
KTS,7580101DL,Kiến trúc,V01,20.25,,THPTQG,2020,Cơ sở Đà Lạt,daniele15,
KTS,7580102,Kiến trúc,V00,22.89,,THPTQG,2020,,daniele15,
KTS,7580102,Kiến trúc,V01,22.89,,THPTQG,2020,,daniele15,
KTS,7580105,Quy hoạch vùng và đô thị,V00,21.76,,THPTQG,2020,,daniele15,
KTS,7580105,Quy hoạch vùng và đô thị,V01,21.76,,THPTQG,2020,,daniele15,
KTS,7580105CLC,Quy hoạch vùng và đô thị,V00,16.50,,THPTQG,2020,,daniele15,
KTS,7580105CLC,Quy hoạch vùng và đô thị,V01,16.50,,THPTQG,2020,,daniele15,
KTS,7580108,Thiết kế nội thất,V00,24.15,,THPTQG,2020,,daniele15,
KTS,7580108,Thiết kế nội thất,V01,24.15,,THPTQG,2020,,daniele15,
KTS,7580108CT,Thiết kế nội thất,V00,17.00,,THPTQG,2020,Cơ sở Cần Thơ,daniele15,
KTS,7580108CT,Thiết kế nội thất,V01,17.00,,THPTQG,2020,Cơ sở Cần Thơ,daniele15,
KTS,7580199,Thiết kế đô thị,V00,15.00,,THPTQG,2020,,daniele15,
KTS,7580199,Thiết kế đô thị,V01,15.00,,THPTQG,2020,,daniele15,
KTS,7580201,Kỹ thuật xây dựng,A00,21.90,,THPTQG,2020,,daniele15,
KTS,7580201,Kỹ thuật xây dựng,A01,21.90,,THPTQG,2020,,daniele15,
KTS,7580201CLC,Kỹ thuật xây dựng,A00,15.50,,THPTQG,2020,,daniele15,
KTS,7580201CLC,Kỹ thuật xây dựng,A01,15.50,,THPTQG,2020,,daniele15,
KTS,7580201CT,Kỹ thuật xây dựng,A00,15.50,,THPTQG,2020,Cơ sở Cần Thơ,daniele15,
KTS,7580201CT,Kỹ thuật xây dựng,A01,15.50,,THPTQG,2020,Cơ sở Cần Thơ,daniele15,
KTS,7580201DL,Kỹ thuật xây dựng,A00,15.50,,THPTQG,2020,Cơ sở Đà Lạt,daniele15,
KTS,7580201DL,Kỹ thuật xây dựng,A01,15.50,,THPTQG,2020,Cơ sở Đà Lạt,daniele15,
KTS,7580210,Kỹ thuật cơ sở hạ tầng,A00,15.50,,THPTQG,2020,,daniele15,
KTS,7580210,Kỹ thuật cơ sở hạ tầng,A01,15.50,,THPTQG,2020,,daniele15,
KTS,7580302,Quản lý xây dựng,A00,21.70,,THPTQG,2020,,daniele15,
KTS,7580302,Quản lý xây dựng,A01,21.70,,THPTQG,2020,,daniele15,
LAH,7860201,Chỉ huy tham mưu lục quân,A00,25.30,,THPTQG,2020,Thí sinh mức điểm 25.30TCP1: Toán >=8.8TCP2: Lý >=7.75TCp3: Hóa (TA) >=8.5,daniele15,
LAH,7860201,Chỉ huy tham mưu lục quân,A01,25.30,,THPTQG,2020,Thí sinh mức điểm 25.30TCP1: Toán >=8.8TCP2: Lý >=7.75TCp3: Hóa (TA) >=8.5,daniele15,
LBH,7860201,Chỉ huy tham mưu lục quân,A00,24.05,,THPTQG,2020,Thí sinh Nam Quân khu 5,daniele15,
LBH,7860201,Chỉ huy tham mưu lục quân,A01,24.05,,THPTQG,2020,Thí sinh Nam Quân khu 5,daniele15,
LBH,7860201,Chỉ huy tham mưu lục quân,A00,24.35,,THPTQG,2020,Thí sinh Nam Quân khu 7Thí sinh mức 24.35 điểm: điểm môn Toán >= 8.6,daniele15,
LBH,7860201,Chỉ huy tham mưu lục quân,A01,24.35,,THPTQG,2020,Thí sinh Nam Quân khu 7Thí sinh mức 24.35 điểm: điểm môn Toán >= 8.6,daniele15,
LBH,7860201,Chỉ huy tham mưu lục quân,A00,24.80,,THPTQG,2020,Thí sinh Nam Quân khu 9Thí sinh mức 24.80 điểm:- Tcp1: Toán >=8.8- Tcp2: Lý >=7.75- Tcp3: Hóa>=8.0,daniele15,
LBH,7860201,Chỉ huy tham mưu lục quân,A01,24.80,,THPTQG,2020,Thí sinh Nam Quân khu 9Thí sinh mức 24.80 điểm:- Tcp1: Toán >=8.8- Tcp2: Lý >=7.75- Tcp3: Hóa>=8.0,daniele15,
LBH,7860201,Chỉ huy tham mưu lục quân,A00,25.55,,THPTQG,2020,Thí sinh Nam Quân khu 4 (Quảng Trị và TT - Huế),daniele15,
LBH,7860201,Chỉ huy tham mưu lục quân,A01,25.55,,THPTQG,2020,Thí sinh Nam Quân khu 4 (Quảng Trị và TT - Huế),daniele15,
LCH,7310202,Xây dựng Đảng và chính quyền nhà nước,C00,23.25,,THPTQG,2020,Thí sinh Nam miền Nam,daniele15,
LCH,7310202,Xây dựng Đảng và chính quyền nhà nước,C00,24.30,,THPTQG,2020,Thí sinh Nam miền Bắc,daniele15,
LCH,7310202,Xây dựng Đảng và chính quyền nhà nước,C00,24.65,,THPTQG,2020,Thí sinh Nam miền Nam,daniele15,
LCH,7310202,Xây dựng Đảng và chính quyền nhà nước,C00,25.90,,THPTQG,2020,Thí sinh Nam miền Bắc,daniele15,
LCH,7310202,Xây dựng Đảng và chính quyền nhà nước,C00,27.00,,THPTQG,2020,"Áp dụng cho thí sinh Nam miền Nam, xét điểm thi TN THPTThí sinh mức 27.0 điểm: điểm môn Văn >=9.0",daniele15,
LCH,7310202,Xây dựng Đảng và chính quyền nhà nước,C00,28.50,,THPTQG,2020,Áp dụng cho thí sinh Nam miền BắcXét điểm thi TN THPT,daniele15,
LDA,7310301,Xã hội học,A01,14.50,,THPTQG,2020,,daniele15,
LDA,7310301,Xã hội học,C00,14.50,,THPTQG,2020,,daniele15,
LDA,7310301,Xã hội học,D01,14.50,,THPTQG,2020,,daniele15,
LDA,7340101,Quản trị kinh doanh,A00,22.00,,THPTQG,2020,,daniele15,
LDA,7340101,Quản trị kinh doanh,A01,22.00,,THPTQG,2020,,daniele15,
LDA,7340101,Quản trị kinh doanh,D01,22.00,,THPTQG,2020,,daniele15,
LDA,7340201,Tài chính - Ngân hàng,A00,22.50,,THPTQG,2020,,daniele15,
LDA,7340201,Tài chính - Ngân hàng,A01,22.50,,THPTQG,2020,,daniele15,
LDA,7340201,Tài chính - Ngân hàng,D01,22.50,,THPTQG,2020,,daniele15,
LDA,7340301,Kế toán,A00,22.85,,THPTQG,2020,,daniele15,
LDA,7340301,Kế toán,A01,22.85,,THPTQG,2020,,daniele15,
LDA,7340301,Kế toán,D01,22.85,,THPTQG,2020,,daniele15,
LDA,7340404,Quản trị nhân lực,A00,22.00,,THPTQG,2020,,daniele15,
LDA,7340404,Quản trị nhân lực,A01,22.00,,THPTQG,2020,,daniele15,
LDA,7340404,Quản trị nhân lực,D01,22.00,,THPTQG,2020,,daniele15,
LDA,7340408,Quan hệ lao động,A00,14.50,,THPTQG,2020,,daniele15,
LDA,7340408,Quan hệ lao động,A01,14.50,,THPTQG,2020,,daniele15,
LDA,7340408,Quan hệ lao động,D01,14.50,,THPTQG,2020,,daniele15,
LDA,7380101,Luật,A01,23.25,,THPTQG,2020,,daniele15,
LDA,7380101,Luật,C00,23.25,,THPTQG,2020,,daniele15,
LDA,7380101,Luật,D01,23.25,,THPTQG,2020,,daniele15,
LDA,7760101,Công tác xã hội,A01,15.00,,THPTQG,2020,,daniele15,
LDA,7760101,Công tác xã hội,C00,15.00,,THPTQG,2020,,daniele15,
LDA,7760101,Công tác xã hội,D01,15.00,,THPTQG,2020,,daniele15,
LDA,7850201,Bảo hộ lao động,A00,14.50,,THPTQG,2020,,daniele15,
LDA,7850201,Bảo hộ lao động,A01,14.50,,THPTQG,2020,,daniele15,
LDA,7850201,Bảo hộ lao động,D01,14.50,,THPTQG,2020,,daniele15,
LNH,7310101,Kinh tế,A00,18.00,,THPTQG,2020,,daniele15,
LNH,7310101,Kinh tế,A16,18.00,,THPTQG,2020,,daniele15,
LNH,7310101,Kinh tế,C15,18.00,,THPTQG,2020,,daniele15,
LNH,7310101,Kinh tế,D01,18.00,,THPTQG,2020,,daniele15,
LNH,7340101,Quản trị kinh doanh,A00,15.00,,THPTQG,2020,,daniele15,
LNH,7340101,Quản trị kinh doanh,A16,15.00,,THPTQG,2020,,daniele15,
LNH,7340101,Quản trị kinh doanh,C15,15.00,,THPTQG,2020,,daniele15,
LNH,7340101,Quản trị kinh doanh,D01,15.00,,THPTQG,2020,,daniele15,
LNH,7340116,Bất động sản,A00,15.00,,THPTQG,2020,,daniele15,
LNH,7340116,Bất động sản,A16,15.00,,THPTQG,2020,,daniele15,
LNH,7340116,Bất động sản,B00,15.00,,THPTQG,2020,,daniele15,
LNH,7340116,Bất động sản,D01,15.00,,THPTQG,2020,,daniele15,
LNH,7340301,Kế toán,A00,15.00,,THPTQG,2020,,daniele15,
LNH,7340301,Kế toán,A16,15.00,,THPTQG,2020,,daniele15,
LNH,7340301,Kế toán,C15,15.00,,THPTQG,2020,,daniele15,
LNH,7340301,Kế toán,D01,15.00,,THPTQG,2020,,daniele15,
LNH,7420201,Công nghệ sinh học,A00,16.00,,THPTQG,2020,,daniele15,
LNH,7420201,Công nghệ sinh học,A16,16.00,,THPTQG,2020,,daniele15,
LNH,7420201,Công nghệ sinh học,B00,16.00,,THPTQG,2020,,daniele15,
LNH,7420201,Công nghệ sinh học,D08,16.00,,THPTQG,2020,,daniele15,
LNH,7440301,Khoa học môi trường,A00,17.00,,THPTQG,2020,,daniele15,
LNH,7440301,Khoa học môi trường,B00,17.00,,THPTQG,2020,,daniele15,
LNH,7440301,Khoa học môi trường,C04,17.00,,THPTQG,2020,,daniele15,
LNH,7440301,Khoa học môi trường,D01,17.00,,THPTQG,2020,,daniele15,
LNH,7480104,Hệ thống thông tin,A00,15.00,,THPTQG,2020,,daniele15,
LNH,7480104,Hệ thống thông tin,A16,15.00,,THPTQG,2020,,daniele15,
LNH,7480104,Hệ thống thông tin,B00,15.00,,THPTQG,2020,,daniele15,
LNH,7480104,Hệ thống thông tin,D01,15.00,,THPTQG,2020,,daniele15,
LNH,7510203,Công nghệ kỹ thuật cơ điện tử,A00,15.00,,THPTQG,2020,,daniele15,
LNH,7510203,Công nghệ kỹ thuật cơ điện tử,A01,15.00,,THPTQG,2020,,daniele15,
LNH,7510203,Công nghệ kỹ thuật cơ điện tử,A16,15.00,,THPTQG,2020,,daniele15,
LNH,7510203,Công nghệ kỹ thuật cơ điện tử,D01,15.00,,THPTQG,2020,,daniele15,
LNH,7510205,Công nghệ kỹ thuật ô tô,A00,15.00,,THPTQG,2020,,daniele15,
LNH,7510205,Công nghệ kỹ thuật ô tô,A16,15.00,,THPTQG,2020,,daniele15,
LNH,7510205,Công nghệ kỹ thuật ô tô,D01,15.00,,THPTQG,2020,,daniele15,
LNH,7510205,Công nghệ kỹ thuật ô tô,D96,15.00,,THPTQG,2020,,daniele15,
LNH,7520103,Kỹ thuật cơ khí,A00,15.00,,THPTQG,2020,Kỹ thuật cơ khí (công nghệ chế tạo máy),daniele15,
LNH,7520103,Kỹ thuật cơ khí,A16,15.00,,THPTQG,2020,Kỹ thuật cơ khí (công nghệ chế tạo máy),daniele15,
LNH,7520103,Kỹ thuật cơ khí,D01,15.00,,THPTQG,2020,Kỹ thuật cơ khí (công nghệ chế tạo máy),daniele15,
LNH,7520103,Kỹ thuật cơ khí,D96,15.00,,THPTQG,2020,Kỹ thuật cơ khí (công nghệ chế tạo máy),daniele15,
LNH,7549001,Công nghệ chế biến lâm sản,A00,15.00,,THPTQG,2020,,daniele15,
LNH,7549001,Công nghệ chế biến lâm sản,C01,15.00,,THPTQG,2020,,daniele15,
LNH,7549001,Công nghệ chế biến lâm sản,D01,15.00,,THPTQG,2020,,daniele15,
LNH,7549001,Công nghệ chế biến lâm sản,D07,15.00,,THPTQG,2020,,daniele15,
LNH,7580102,Kiến trúc,A00,15.00,,THPTQG,2020,,daniele15,
LNH,7580102,Kiến trúc,D01,15.00,,THPTQG,2020,,daniele15,
LNH,7580102,Kiến trúc,V00,15.00,,THPTQG,2020,,daniele15,
LNH,7580102,Kiến trúc,V01,15.00,,THPTQG,2020,,daniele15,
LNH,7580108,Thiết kế nội thất,A00,15.00,,THPTQG,2020,,daniele15,
LNH,7580108,Thiết kế nội thất,C15,15.00,,THPTQG,2020,,daniele15,
LNH,7580108,Thiết kế nội thất,D01,15.00,,THPTQG,2020,,daniele15,
LNH,7580108,Thiết kế nội thất,H01,15.00,,THPTQG,2020,,daniele15,
LNH,7580201,Kỹ thuật xây dựng,A00,15.00,,THPTQG,2020,,daniele15,
LNH,7580201,Kỹ thuật xây dựng,A16,15.00,,THPTQG,2020,,daniele15,
LNH,7580201,Kỹ thuật xây dựng,D01,15.00,,THPTQG,2020,,daniele15,
LNH,7580201,Kỹ thuật xây dựng,D96,15.00,,THPTQG,2020,,daniele15,
LNH,7620110,Khoa học cây trồng,A00,15.00,,THPTQG,2020,,daniele15,
LNH,7620110,Khoa học cây trồng,A16,15.00,,THPTQG,2020,,daniele15,
LNH,7620110,Khoa học cây trồng,B00,15.00,,THPTQG,2020,,daniele15,
LNH,7620110,Khoa học cây trồng,D01,15.00,,THPTQG,2020,,daniele15,
LNH,7620112,Bảo vệ thực vật,A00,17.00,,THPTQG,2020,,daniele15,
LNH,7620112,Bảo vệ thực vật,B00,17.00,,THPTQG,2020,,daniele15,
LNH,7620112,Bảo vệ thực vật,C04,17.00,,THPTQG,2020,,daniele15,
LNH,7620112,Bảo vệ thực vật,D01,17.00,,THPTQG,2020,,daniele15,
LNH,7620115,Kinh tế,A00,18.00,,THPTQG,2020,,daniele15,
LNH,7620115,Kinh tế,A16,18.00,,THPTQG,2020,,daniele15,
LNH,7620115,Kinh tế,C15,18.00,,THPTQG,2020,,daniele15,
LNH,7620115,Kinh tế,D01,18.00,,THPTQG,2020,,daniele15,
LNH,7620202,Lâm nghiệp đô thị,A00,18.00,,THPTQG,2020,,daniele15,
LNH,7620202,Lâm nghiệp đô thị,A16,18.00,,THPTQG,2020,,daniele15,
LNH,7620202,Lâm nghiệp đô thị,B00,18.00,,THPTQG,2020,,daniele15,
LNH,7620202,Lâm nghiệp đô thị,D01,18.00,,THPTQG,2020,,daniele15,
LNH,7620205,Lâm sinh,A00,15.00,,THPTQG,2020,,daniele15,
LNH,7620205,Lâm sinh,A16,15.00,,THPTQG,2020,,daniele15,
LNH,7620205,Lâm sinh,B00,15.00,,THPTQG,2020,,daniele15,
LNH,7620205,Lâm sinh,D01,15.00,,THPTQG,2020,,daniele15,
LNH,7620211,Quản lý tài nguyên rừng,A00,15.00,,THPTQG,2020,,daniele15,
LNH,7620211,Quản lý tài nguyên rừng,B00,15.00,,THPTQG,2020,,daniele15,
LNH,7620211,Quản lý tài nguyên rừng,C00,15.00,,THPTQG,2020,,daniele15,
LNH,7620211,Quản lý tài nguyên rừng,D01,15.00,,THPTQG,2020,,daniele15,
LNH,7640101,Thú y,A00,17.00,,THPTQG,2020,,daniele15,
LNH,7640101,Thú y,A16,17.00,,THPTQG,2020,,daniele15,
LNH,7640101,Thú y,B00,17.00,,THPTQG,2020,,daniele15,
LNH,7640101,Thú y,D08,17.00,,THPTQG,2020,,daniele15,
LNH,7760101,Công tác xã hội,A00,15.00,,THPTQG,2020,,daniele15,
LNH,7760101,Công tác xã hội,C00,15.00,,THPTQG,2020,,daniele15,
LNH,7760101,Công tác xã hội,C15,15.00,,THPTQG,2020,,daniele15,
LNH,7760101,Công tác xã hội,D01,15.00,,THPTQG,2020,,daniele15,
LNH,7810103,Quản trị dịch vụ du lịch và lữ hành,A00,15.00,,THPTQG,2020,,daniele15,
LNH,7810103,Quản trị dịch vụ du lịch và lữ hành,C00,15.00,,THPTQG,2020,,daniele15,
LNH,7810103,Quản trị dịch vụ du lịch và lữ hành,C15,15.00,,THPTQG,2020,,daniele15,
LNH,7810103,Quản trị dịch vụ du lịch và lữ hành,D01,15.00,,THPTQG,2020,,daniele15,
LNH,7850101,Quản lý tài nguyên và môi trường,A00,15.00,,THPTQG,2020,,daniele15,
LNH,7850101,Quản lý tài nguyên và môi trường,B00,15.00,,THPTQG,2020,,daniele15,
LNH,7850101,Quản lý tài nguyên và môi trường,C00,15.00,,THPTQG,2020,,daniele15,
LNH,7850101,Quản lý tài nguyên và môi trường,D01,15.00,,THPTQG,2020,,daniele15,
LNH,7850103,Quản lý đất đai,A00,15.00,,THPTQG,2020,,daniele15,
LNH,7850103,Quản lý đất đai,A16,15.00,,THPTQG,2020,,daniele15,
LNH,7850103,Quản lý đất đai,B00,15.00,,THPTQG,2020,,daniele15,
LNH,7850103,Quản lý đất đai,D01,15.00,,THPTQG,2020,,daniele15,
LNH,7850104,Du lịch sinh thái,B00,15.00,,THPTQG,2020,,daniele15,
LNH,7850104,Du lịch sinh thái,C00,15.00,,THPTQG,2020,,daniele15,
LNH,7850104,Du lịch sinh thái,C15,15.00,,THPTQG,2020,,daniele15,
LNH,7850104,Du lịch sinh thái,D01,15.00,,THPTQG,2020,,daniele15,
LNH,7908532A,Quản lý tài nguyên thiên nhiên,D01,18.00,,THPTQG,2020,,daniele15,
LNH,7908532A,Quản lý tài nguyên thiên nhiên,D07,18.00,,THPTQG,2020,,daniele15,
LNH,7908532A,Quản lý tài nguyên thiên nhiên,D08,18.00,,THPTQG,2020,,daniele15,
LNH,7908532A,Quản lý tài nguyên thiên nhiên,D10,18.00,,THPTQG,2020,,daniele15,
LPH,7220201,Ngôn ngữ Anh,D01,20.00,,THPTQG,2020,điểm ngoại ngữ nhân 2,daniele15,
LPH,7220201,Ngôn ngữ Anh,D01,21.55,,THPTQG,2020,,daniele15,
LPH,7220201,Ngôn ngữ Anh,D01,24.60,,THPTQG,2020,,daniele15,
LPH,7220204,Ngôn ngữ Trung Quốc,A01,17.00,,THPTQG,2020,,daniele15,
LPH,7220204,Ngôn ngữ Trung Quốc,D01,17.00,,THPTQG,2020,,daniele15,
LPH,7220204,Ngôn ngữ Trung Quốc,D04,17.00,,THPTQG,2020,,daniele15,
LPH,7220204,Ngôn ngữ Trung Quốc,D10,17.00,,THPTQG,2020,,daniele15,
LPH,7220209,Ngôn ngữ Nhật,D01,20.00,,THPTQG,2020,điểm ngoại ngữ nhân 2,daniele15,
LPH,7220209,Ngôn ngữ Nhật,D06,20.00,,THPTQG,2020,điểm ngoại ngữ nhân 2,daniele15,
LPH,7220209,Ngôn ngữ Nhật,D10,20.00,,THPTQG,2020,điểm ngoại ngữ nhân 2,daniele15,
LPH,7220209,Ngôn ngữ Nhật,D78,20.00,,THPTQG,2020,điểm ngoại ngữ nhân 2,daniele15,
LPH,7220210,Ngôn ngữ Hàn Quốc,D01,15.00,,THPTQG,2020,,daniele15,
LPH,7220210,Ngôn ngữ Hàn Quốc,D10,15.00,,THPTQG,2020,,daniele15,
LPH,7220210,Ngôn ngữ Hàn Quốc,D15,15.00,,THPTQG,2020,,daniele15,
LPH,7220210,Ngôn ngữ Hàn Quốc,D78,15.00,,THPTQG,2020,,daniele15,
LPH,7229042,Quản lý văn hoá,C00,16.00,,THPTQG,2020,,daniele15,
LPH,7229042,Quản lý văn hoá,D01,16.00,,THPTQG,2020,,daniele15,
LPH,7229042,Quản lý văn hoá,D15,16.00,,THPTQG,2020,,daniele15,
LPH,7229042,Quản lý văn hoá,D78,16.00,,THPTQG,2020,,daniele15,
LPH,7380101,Luật,C00,23.10,,THPTQG,2020,,daniele15,
LPH,7380101,Luật,C00,24.70,,THPTQG,2020,,daniele15,
LPH,7380101,Luật,C00,25.00,,THPTQG,2020,,daniele15,
LPH,7380101,Luật,C00,27.75,,THPTQG,2020,,daniele15,
LPH,7380101LK,Luật,C00,18.10,,THPTQG,2020,"Liên kết đào tạo với ĐH Arizona, Hoa Kỳ",daniele15,
LPH,7380101LK,Luật,C00,21.10,,THPTQG,2020,"Liên kết đào tạo với ĐH Arizona, Hoa Kỳ",daniele15,
LPH,7380101LK,Luật,C00,24.00,,THPTQG,2020,"Liên kết đào tạo với ĐH Arizona, Hoa Kỳ",daniele15,
LPH,7380101PH,Luật,C00,15.50,,THPTQG,2020,Phân hiệu Đắk Lắk,daniele15,
LPH,7380101PH,Luật,C00,16.50,,THPTQG,2020,Phân hiệu Đắk Lắk,daniele15,
LPH,7380101PH,Luật,C00,16.75,,THPTQG,2020,Phân hiệu Đắk Lắk,daniele15,
LPH,7380107,Luật,C00,25.65,,THPTQG,2020,Luật kinh tế,daniele15,
LPH,7380107,Luật,C00,26.15,,THPTQG,2020,Luật kinh tế,daniele15,
LPH,7380107,Luật,C00,26.25,,THPTQG,2020,Luật kinh tế,daniele15,
LPH,7380107,Luật,C00,29.00,,THPTQG,2020,Luật kinh tế,daniele15,
LPH,7380109,Luật,D01,24.60,,THPTQG,2020,Luật Thương mại Quốc tế,daniele15,
LPH,7380109,Luật,D01,25.60,,THPTQG,2020,Luật Thương mại Quốc tế,daniele15,
LPH,7480101,Khoa học máy tính,A00,15.00,,THPTQG,2020,,daniele15,
LPH,7480101,Khoa học máy tính,A01,15.00,,THPTQG,2020,,daniele15,
LPH,7480101,Khoa học máy tính,B00,15.00,,THPTQG,2020,,daniele15,
LPH,7620301,Nuôi trồng thuỷ sản,A00,15.00,,THPTQG,2020,,daniele15,
LPH,7620301,Nuôi trồng thuỷ sản,A01,15.00,,THPTQG,2020,,daniele15,
LPH,7620301,Nuôi trồng thuỷ sản,B00,15.00,,THPTQG,2020,,daniele15,
LPH,7620301,Nuôi trồng thuỷ sản,D10,15.00,,THPTQG,2020,,daniele15,
LPH,7810103,Quản trị dịch vụ du lịch và lữ hành,A00,16.00,,THPTQG,2020,,daniele15,
LPH,7810103,Quản trị dịch vụ du lịch và lữ hành,A01,16.00,,THPTQG,2020,,daniele15,
LPH,7810103,Quản trị dịch vụ du lịch và lữ hành,D01,16.00,,THPTQG,2020,,daniele15,
LPH,7810103,Quản trị dịch vụ du lịch và lữ hành,D90,16.00,,THPTQG,2020,,daniele15,
LPH,7810201,Quản trị khách sạn,A00,16.00,,THPTQG,2020,,daniele15,
LPH,7810201,Quản trị khách sạn,A01,16.00,,THPTQG,2020,,daniele15,
LPH,7810201,Quản trị khách sạn,D01,16.00,,THPTQG,2020,,daniele15,
LPH,7810201,Quản trị khách sạn,D90,16.00,,THPTQG,2020,,daniele15,
LPH,7810202,Quản trị nhà hàng và dịch vụ ăn uống,A00,15.00,,THPTQG,2020,,daniele15,
LPH,7810202,Quản trị nhà hàng và dịch vụ ăn uống,A01,15.00,,THPTQG,2020,,daniele15,
LPH,7810202,Quản trị nhà hàng và dịch vụ ăn uống,D01,15.00,,THPTQG,2020,,daniele15,
LPH,7810202,Quản trị nhà hàng và dịch vụ ăn uống,D90,15.00,,THPTQG,2020,,daniele15,
LPH,7850101,Quản lý tài nguyên và môi trường,A00,15.00,,THPTQG,2020,,daniele15,
LPH,7850101,Quản lý tài nguyên và môi trường,A01,15.00,,THPTQG,2020,,daniele15,
LPH,7850101,Quản lý tài nguyên và môi trường,B00,15.00,,THPTQG,2020,,daniele15,
LPH,7850101,Quản lý tài nguyên và môi trường,D10,15.00,,THPTQG,2020,,daniele15,
LPS,7220201,Ngôn ngữ Anh,D66,23.15,,THPTQG,2020,,daniele15,
LPS,7220201,Ngôn ngữ Anh,D66,23.25,,THPTQG,2020,,daniele15,
LPS,7220201,Ngôn ngữ Anh,D66,24.00,,THPTQG,2020,,daniele15,
LPS,7220201,Ngôn ngữ Anh,D66,25.00,,THPTQG,2020,,daniele15,
LPS,7340101,Quản trị kinh doanh,A00,23.25,,THPTQG,2020,,daniele15,
LPS,7340101,Quản trị kinh doanh,A00,23.50,,THPTQG,2020,,daniele15,
LPS,7340101,Quản trị kinh doanh,A00,24.00,,THPTQG,2020,,daniele15,
LPS,7340101,Quản trị kinh doanh,A00,24.50,,THPTQG,2020,,daniele15,
LPS,7340102,Quản trị - Luật,A00,24.50,,THPTQG,2020,,daniele15,
LPS,7340102,Quản trị - Luật,A00,25.00,,THPTQG,2020,,daniele15,
LPS,7380101,Luật,C00,27.00,,THPTQG,2020,,daniele15,
LPS,7380109,Luật,D84,22.50,,THPTQG,2020,,daniele15,
LPS,7380109,Luật,D87,22.50,,THPTQG,2020,,daniele15,
LPS,7380109,Luật,D88,22.50,,THPTQG,2020,,daniele15,
LPS,7380109,Luật,D84,22.75,,THPTQG,2020,,daniele15,
LPS,7380109,Luật,D87,22.75,,THPTQG,2020,,daniele15,
LPS,7380109,Luật,D88,22.75,,THPTQG,2020,,daniele15,
LPS,7380109,Luật,D84,24.00,,THPTQG,2020,,daniele15,
LPS,7380109,Luật,D87,24.00,,THPTQG,2020,,daniele15,
LPS,7380109,Luật,D88,24.00,,THPTQG,2020,,daniele15,
LPS,7380109,Luật,D84,26.25,,THPTQG,2020,Luật thương mại quốc tế,daniele15,
LPS,7380109,Luật,D87,26.25,,THPTQG,2020,Luật thương mại quốc tế,daniele15,
LPS,7380109,Luật,D88,26.25,,THPTQG,2020,Luật thương mại quốc tế,daniele15,
LPS,7380109,Luật,D84,26.50,,THPTQG,2020,Luật thương mại quốc tế,daniele15,
LPS,7380109,Luật,D87,26.50,,THPTQG,2020,Luật thương mại quốc tế,daniele15,
LPS,7380109,Luật,D88,26.50,,THPTQG,2020,Luật thương mại quốc tế,daniele15,
MBS,7220201,Ngôn ngữ Anh,A01,26.00,,HocBa,2020,Xét học bạ,daniele15,
MBS,7220201,Ngôn ngữ Anh,D01,26.00,,HocBa,2020,Xét học bạ,daniele15,
MBS,7220201,Ngôn ngữ Anh,D14,26.00,,HocBa,2020,Xét học bạ,daniele15,
MBS,7220201,Ngôn ngữ Anh,D78,26.00,,HocBa,2020,Xét học bạ,daniele15,
MBS,7220201C,Ngôn ngữ Anh,A01,21.00,,HocBa,2020,CLCXét học bạ,daniele15,
MBS,7220201C,Ngôn ngữ Anh,D01,21.00,,HocBa,2020,CLCXét học bạ,daniele15,
MBS,7220201C,Ngôn ngữ Anh,D14,21.00,,HocBa,2020,CLCXét học bạ,daniele15,
MBS,7220201C,Ngôn ngữ Anh,D78,21.00,,HocBa,2020,CLCXét học bạ,daniele15,
MBS,7220204,Ngôn ngữ Trung Quốc,D01,25.00,,HocBa,2020,Xét học bạ,daniele15,
MBS,7220204,Ngôn ngữ Trung Quốc,D02,25.00,,HocBa,2020,Xét học bạ,daniele15,
MBS,7220204,Ngôn ngữ Trung Quốc,D03,25.00,,HocBa,2020,Xét học bạ,daniele15,
MBS,7220204,Ngôn ngữ Trung Quốc,D04,25.00,,HocBa,2020,Xét học bạ,daniele15,
MBS,7220204,Ngôn ngữ Trung Quốc,D05,25.00,,HocBa,2020,Xét học bạ,daniele15,
MBS,7220204,Ngôn ngữ Trung Quốc,D06,25.00,,HocBa,2020,Xét học bạ,daniele15,
MBS,7220204,Ngôn ngữ Trung Quốc,D78,25.00,,HocBa,2020,Xét học bạ,daniele15,
MBS,7220204,Ngôn ngữ Trung Quốc,D79,25.00,,HocBa,2020,Xét học bạ,daniele15,
MBS,7220204,Ngôn ngữ Trung Quốc,D80,25.00,,HocBa,2020,Xét học bạ,daniele15,
MBS,7220204,Ngôn ngữ Trung Quốc,D81,25.00,,HocBa,2020,Xét học bạ,daniele15,
MBS,7220204,Ngôn ngữ Trung Quốc,D82,25.00,,HocBa,2020,Xét học bạ,daniele15,
MBS,7220209,Ngôn ngữ Nhật,D01,23.00,,HocBa,2020,Xét học bạ,daniele15,
MBS,7220209,Ngôn ngữ Nhật,D02,23.00,,HocBa,2020,Xét học bạ,daniele15,
MBS,7220209,Ngôn ngữ Nhật,D03,23.00,,HocBa,2020,Xét học bạ,daniele15,
MBS,7220209,Ngôn ngữ Nhật,D04,23.00,,HocBa,2020,Xét học bạ,daniele15,
MBS,7220209,Ngôn ngữ Nhật,D05,23.00,,HocBa,2020,Xét học bạ,daniele15,
MBS,7220209,Ngôn ngữ Nhật,D06,23.00,,HocBa,2020,Xét học bạ,daniele15,
MBS,7220209,Ngôn ngữ Nhật,D78,23.00,,HocBa,2020,Xét học bạ,daniele15,
MBS,7220209,Ngôn ngữ Nhật,D79,23.00,,HocBa,2020,Xét học bạ,daniele15,
MBS,7220209,Ngôn ngữ Nhật,D80,23.00,,HocBa,2020,Xét học bạ,daniele15,
MBS,7220209,Ngôn ngữ Nhật,D81,23.00,,HocBa,2020,Xét học bạ,daniele15,
MBS,7220209,Ngôn ngữ Nhật,D82,23.00,,HocBa,2020,Xét học bạ,daniele15,
MBS,7220209,Ngôn ngữ Nhật,D83,23.00,,HocBa,2020,Xét học bạ,daniele15,
MBS,7310101,Kinh tế,A00,23.00,,HocBa,2020,Xét học bạ,daniele15,
MBS,7310101,Kinh tế,A01,23.00,,HocBa,2020,Xét học bạ,daniele15,
MBS,7310101,Kinh tế,D01,23.00,,HocBa,2020,Xét học bạ,daniele15,
MBS,7310101,Kinh tế,D07,23.00,,HocBa,2020,Xét học bạ,daniele15,
MBS,7310301,Xã hội học,A01,22.00,,HocBa,2020,Xét học bạ,daniele15,
MBS,7310301,Xã hội học,C00,22.00,,HocBa,2020,Xét học bạ,daniele15,
MBS,7310301,Xã hội học,D01,22.00,,HocBa,2020,Xét học bạ,daniele15,
MBS,7310301,Xã hội học,D02,22.00,,HocBa,2020,Xét học bạ,daniele15,
MBS,7310301,Xã hội học,D03,22.00,,HocBa,2020,Xét học bạ,daniele15,
MBS,7310301,Xã hội học,D04,22.00,,HocBa,2020,Xét học bạ,daniele15,
MBS,7310301,Xã hội học,D05,22.00,,HocBa,2020,Xét học bạ,daniele15,
MBS,7310301,Xã hội học,D06,22.00,,HocBa,2020,Xét học bạ,daniele15,
MBS,7310301,Xã hội học,D78,22.00,,HocBa,2020,Xét học bạ,daniele15,
MBS,7310301,Xã hội học,D79,22.00,,HocBa,2020,Xét học bạ,daniele15,
MBS,7310301,Xã hội học,D80,22.00,,HocBa,2020,Xét học bạ,daniele15,
MBS,7310301,Xã hội học,D81,22.00,,HocBa,2020,Xét học bạ,daniele15,
MBS,7310301,Xã hội học,D82,22.00,,HocBa,2020,Xét học bạ,daniele15,
MBS,7310301,Xã hội học,D83,22.00,,HocBa,2020,Xét học bạ,daniele15,
MBS,7310620,Đông Nam Á học,A01,21.50,,HocBa,2020,Xét học bạ,daniele15,
MBS,7310620,Đông Nam Á học,C00,21.50,,HocBa,2020,Xét học bạ,daniele15,
MBS,7310620,Đông Nam Á học,D01,21.50,,HocBa,2020,Xét học bạ,daniele15,
MBS,7310620,Đông Nam Á học,D02,21.50,,HocBa,2020,Xét học bạ,daniele15,
MBS,7310620,Đông Nam Á học,D03,21.50,,HocBa,2020,Xét học bạ,daniele15,
MBS,7310620,Đông Nam Á học,D04,21.50,,HocBa,2020,Xét học bạ,daniele15,
MBS,7310620,Đông Nam Á học,D05,21.50,,HocBa,2020,Xét học bạ,daniele15,
MBS,7310620,Đông Nam Á học,D06,21.50,,HocBa,2020,Xét học bạ,daniele15,
MBS,7310620,Đông Nam Á học,D78,21.50,,HocBa,2020,Xét học bạ,daniele15,
MBS,7310620,Đông Nam Á học,D79,21.50,,HocBa,2020,Xét học bạ,daniele15,
MBS,7310620,Đông Nam Á học,D80,21.50,,HocBa,2020,Xét học bạ,daniele15,
MBS,7310620,Đông Nam Á học,D81,21.50,,HocBa,2020,Xét học bạ,daniele15,
MBS,7310620,Đông Nam Á học,D82,21.50,,HocBa,2020,Xét học bạ,daniele15,
MBS,7310620,Đông Nam Á học,D83,21.50,,HocBa,2020,Xét học bạ,daniele15,
MBS,7340101,Quản trị kinh doanh,A00,26.00,,HocBa,2020,Xét học bạ,daniele15,
MBS,7340101,Quản trị kinh doanh,A01,26.00,,HocBa,2020,Xét học bạ,daniele15,
MBS,7340101,Quản trị kinh doanh,D01,26.00,,HocBa,2020,Xét học bạ,daniele15,
MBS,7340101,Quản trị kinh doanh,D07,26.00,,HocBa,2020,Xét học bạ,daniele15,
MBS,7340101C,Quản trị kinh doanh,A01,20.00,,HocBa,2020,Xét học bạ,daniele15,
MBS,7340101C,Quản trị kinh doanh,D01,20.00,,HocBa,2020,Xét học bạ,daniele15,
MBS,7340101C,Quản trị kinh doanh,D07,20.00,,HocBa,2020,Xét học bạ,daniele15,
MBS,7340101C,Quản trị kinh doanh,D96,20.00,,HocBa,2020,Xét học bạ,daniele15,
MBS,7340201,Tài chính - Ngân hàng,A00,25.00,,HocBa,2020,Xét học bạ,daniele15,
MBS,7340201,Tài chính - Ngân hàng,A01,25.00,,HocBa,2020,Xét học bạ,daniele15,
MBS,7340201,Tài chính - Ngân hàng,D01,25.00,,HocBa,2020,Xét học bạ,daniele15,
MBS,7340201,Tài chính - Ngân hàng,D07,25.00,,HocBa,2020,Xét học bạ,daniele15,
MBS,7340201C,Tài chính - Ngân hàng,A01,20.00,,HocBa,2020,CLCXét học bạ,daniele15,
MBS,7340201C,Tài chính - Ngân hàng,D01,20.00,,HocBa,2020,CLCXét học bạ,daniele15,
MBS,7340201C,Tài chính - Ngân hàng,D07,20.00,,HocBa,2020,CLCXét học bạ,daniele15,
MBS,7340201C,Tài chính - Ngân hàng,D96,20.00,,HocBa,2020,CLCXét học bạ,daniele15,
MBS,7340301,Kế toán,A00,25.00,,HocBa,2020,Xét học bạ,daniele15,
MBS,7340301,Kế toán,A01,25.00,,HocBa,2020,Xét học bạ,daniele15,
MBS,7340301,Kế toán,D01,25.00,,HocBa,2020,Xét học bạ,daniele15,
MBS,7340301,Kế toán,D07,25.00,,HocBa,2020,Xét học bạ,daniele15,
MBS,7340301C,Kế toán,A01,20.00,,HocBa,2020,CLCXét học bạ,daniele15,
MBS,7340301C,Kế toán,D01,20.00,,HocBa,2020,CLCXét học bạ,daniele15,
MBS,7340301C,Kế toán,D07,20.00,,HocBa,2020,CLCXét học bạ,daniele15,
MBS,7340301C,Kế toán,D96,20.00,,HocBa,2020,CLCXét học bạ,daniele15,
MBS,7340302,Khoa học máy tính,A00,24.00,,HocBa,2020,Xét học bạ,daniele15,
MBS,7340302,Khoa học máy tính,A01,24.00,,HocBa,2020,Xét học bạ,daniele15,
MBS,7340302,Khoa học máy tính,D01,24.00,,HocBa,2020,Xét học bạ,daniele15,
MBS,7340302,Khoa học máy tính,D07,24.00,,HocBa,2020,Xét học bạ,daniele15,
MBS,7340405,Hệ thống thông tin quản lý,A00,20.00,,HocBa,2020,Xét học bạ,daniele15,
MBS,7340405,Hệ thống thông tin quản lý,A01,20.00,,HocBa,2020,Xét học bạ,daniele15,
MBS,7340405,Hệ thống thông tin quản lý,D01,20.00,,HocBa,2020,Xét học bạ,daniele15,
MBS,7340405,Hệ thống thông tin quản lý,D07,20.00,,HocBa,2020,Xét học bạ,daniele15,
MBS,7380101,Luật,A00,23.50,,HocBa,2020,Xét học bạ,daniele15,
MBS,7380101,Luật,A01,23.50,,HocBa,2020,Xét học bạ,daniele15,
MBS,7380101,Luật,C00,23.50,,HocBa,2020,Xét học bạ,daniele15,
MBS,7380101,Luật,D01,23.50,,HocBa,2020,Xét học bạ,daniele15,
MBS,7380101,Luật,D03,23.50,,HocBa,2020,Xét học bạ,daniele15,
MBS,7380101,Luật,D05,23.50,,HocBa,2020,Xét học bạ,daniele15,
MBS,7380101,Luật,D06,23.50,,HocBa,2020,Xét học bạ,daniele15,
MBS,7380107,Luật,A00,23.50,,HocBa,2020,Luật kinh tếXét học bạ,daniele15,
MBS,7380107,Luật,A01,23.50,,HocBa,2020,Luật kinh tếXét học bạ,daniele15,
MBS,7380107,Luật,C00,23.50,,HocBa,2020,Luật kinh tếXét học bạ,daniele15,
MBS,7380107,Luật,D01,23.50,,HocBa,2020,Luật kinh tếXét học bạ,daniele15,
MBS,7380107,Luật,D03,23.50,,HocBa,2020,Luật kinh tếXét học bạ,daniele15,
MBS,7380107,Luật,D05,23.50,,HocBa,2020,Luật kinh tếXét học bạ,daniele15,
MBS,7380107,Luật,D06,23.50,,HocBa,2020,Luật kinh tếXét học bạ,daniele15,
MBS,7380107C,Luật,A01,20.00,,HocBa,2020,Luật kinh tế CLCXét học bạ,daniele15,
MBS,7380107C,Luật,D01,20.00,,HocBa,2020,Luật kinh tế CLCXét học bạ,daniele15,
MBS,7380107C,Luật,D07,20.00,,HocBa,2020,Luật kinh tế CLCXét học bạ,daniele15,
MBS,7380107C,Luật,D14,20.00,,HocBa,2020,Luật kinh tế CLCXét học bạ,daniele15,
MBS,7420201,Công nghệ sinh học,A00,20.00,,HocBa,2020,Xét học bạ,daniele15,
MBS,7420201,Công nghệ sinh học,B00,20.00,,HocBa,2020,Xét học bạ,daniele15,
MBS,7420201,Công nghệ sinh học,D01,20.00,,HocBa,2020,Xét học bạ,daniele15,
MBS,7420201,Công nghệ sinh học,D07,20.00,,HocBa,2020,Xét học bạ,daniele15,
MBS,7420201C,Công nghệ sinh học,A01,18.00,,HocBa,2020,CLCXét học bạ,daniele15,
MBS,7420201C,Công nghệ sinh học,D01,18.00,,HocBa,2020,CLCXét học bạ,daniele15,
MBS,7420201C,Công nghệ sinh học,D07,18.00,,HocBa,2020,CLCXét học bạ,daniele15,
MBS,7420201C,Công nghệ sinh học,D08,18.00,,HocBa,2020,CLCXét học bạ,daniele15,
MBS,7480101,Khoa học máy tính,A00,20.00,,HocBa,2020,Xét học bạ,daniele15,
MBS,7480101,Khoa học máy tính,A01,20.00,,HocBa,2020,Xét học bạ,daniele15,
MBS,7480101,Khoa học máy tính,D01,20.00,,HocBa,2020,Xét học bạ,daniele15,
MBS,7480101,Khoa học máy tính,D07,20.00,,HocBa,2020,Xét học bạ,daniele15,
MBS,7480201,Công nghệ thông tin,A00,23.80,,HocBa,2020,Xét học bạ,daniele15,
MBS,7480201,Công nghệ thông tin,A01,23.80,,HocBa,2020,Xét học bạ,daniele15,
MBS,7480201,Công nghệ thông tin,D01,23.80,,HocBa,2020,Xét học bạ,daniele15,
MBS,7480201,Công nghệ thông tin,D07,23.80,,HocBa,2020,Xét học bạ,daniele15,
MBS,7510102,Công nghệ kỹ thuật công trình xây dựng,A00,20.00,,HocBa,2020,Xét học bạ,daniele15,
MBS,7510102,Công nghệ kỹ thuật công trình xây dựng,A01,20.00,,HocBa,2020,Xét học bạ,daniele15,
MBS,7510102,Công nghệ kỹ thuật công trình xây dựng,D01,20.00,,HocBa,2020,Xét học bạ,daniele15,
MBS,7510102,Công nghệ kỹ thuật công trình xây dựng,D07,20.00,,HocBa,2020,Xét học bạ,daniele15,
MBS,7510102C,Công nghệ kỹ thuật công trình xây dựng,A01,20.00,,HocBa,2020,CLCXét học bạ,daniele15,
MBS,7510102C,Công nghệ kỹ thuật công trình xây dựng,D01,20.00,,HocBa,2020,CLCXét học bạ,daniele15,
MBS,7510102C,Công nghệ kỹ thuật công trình xây dựng,D07,20.00,,HocBa,2020,CLCXét học bạ,daniele15,
MBS,7540101,Công nghệ thực phẩm,,23.00,,HocBa,2020,,daniele15,
MBS,7580302,Quản lý xây dựng,A00,20.00,,HocBa,2020,Xét học bạ,daniele15,
MBS,7580302,Quản lý xây dựng,A01,20.00,,HocBa,2020,Xét học bạ,daniele15,
MBS,7580302,Quản lý xây dựng,D01,20.00,,HocBa,2020,Xét học bạ,daniele15,
MBS,7580302,Quản lý xây dựng,D07,20.00,,HocBa,2020,Xét học bạ,daniele15,
MBS,7760101,Công tác xã hội,A01,18.00,,HocBa,2020,Xét học bạ,daniele15,
MBS,7760101,Công tác xã hội,C00,18.00,,HocBa,2020,Xét học bạ,daniele15,
MBS,7760101,Công tác xã hội,D01,18.00,,HocBa,2020,Xét học bạ,daniele15,
MBS,7760101,Công tác xã hội,D02,18.00,,HocBa,2020,Xét học bạ,daniele15,
MBS,7760101,Công tác xã hội,D03,18.00,,HocBa,2020,Xét học bạ,daniele15,
MBS,7760101,Công tác xã hội,D04,18.00,,HocBa,2020,Xét học bạ,daniele15,
MBS,7760101,Công tác xã hội,D05,18.00,,HocBa,2020,Xét học bạ,daniele15,
MBS,7760101,Công tác xã hội,D06,18.00,,HocBa,2020,Xét học bạ,daniele15,
MBS,7760101,Công tác xã hội,D78,18.00,,HocBa,2020,Xét học bạ,daniele15,
MBS,7760101,Công tác xã hội,D79,18.00,,HocBa,2020,Xét học bạ,daniele15,
MBS,7760101,Công tác xã hội,D80,18.00,,HocBa,2020,Xét học bạ,daniele15,
MBS,7760101,Công tác xã hội,D81,18.00,,HocBa,2020,Xét học bạ,daniele15,
MBS,7760101,Công tác xã hội,D82,18.00,,HocBa,2020,Xét học bạ,daniele15,
MBS,7760101,Công tác xã hội,D83,18.00,,HocBa,2020,Xét học bạ,daniele15,
MBS,7810101,Du lịch,A00,25.30,,HocBa,2020,Xét học bạ,daniele15,
MBS,7810101,Du lịch,A01,25.30,,HocBa,2020,Xét học bạ,daniele15,
MBS,7810101,Du lịch,C03,25.30,,HocBa,2020,Xét học bạ,daniele15,
MBS,7810101,Du lịch,D01,25.30,,HocBa,2020,Xét học bạ,daniele15,
MDA,7340101_V,Quản trị kinh doanh,A00,16.50,,THPTQG,2020,,daniele15,
MDA,7340101_V,Quản trị kinh doanh,A01,16.50,,THPTQG,2020,,daniele15,
MDA,7340101_V,Quản trị kinh doanh,D01,16.50,,THPTQG,2020,,daniele15,
MDA,7340101_V,Quản trị kinh doanh,D07,16.50,,THPTQG,2020,,daniele15,
MDA,7340201,Tài chính - Ngân hàng,A00,16.00,,THPTQG,2020,,daniele15,
MDA,7340201,Tài chính - Ngân hàng,A01,16.00,,THPTQG,2020,,daniele15,
MDA,7340201,Tài chính - Ngân hàng,D01,16.00,,THPTQG,2020,,daniele15,
MDA,7340201,Tài chính - Ngân hàng,D07,16.00,,THPTQG,2020,,daniele15,
MDA,7340301,Kế toán,A00,16.00,,THPTQG,2020,,daniele15,
MDA,7340301,Kế toán,A01,16.00,,THPTQG,2020,,daniele15,
MDA,7340301,Kế toán,D01,16.00,,THPTQG,2020,,daniele15,
MDA,7340301,Kế toán,D07,16.00,,THPTQG,2020,,daniele15,
MDA,7440201,Địa chất học,A00,15.00,,THPTQG,2020,,daniele15,
MDA,7440201,Địa chất học,A01,15.00,,THPTQG,2020,,daniele15,
MDA,7440201,Địa chất học,A04,15.00,,THPTQG,2020,,daniele15,
MDA,7440201,Địa chất học,A06,15.00,,THPTQG,2020,,daniele15,
MDA,7480201,Công nghệ thông tin,A00,17.00,,THPTQG,2020,,daniele15,
MDA,7480201,Công nghệ thông tin,A01,17.00,,THPTQG,2020,,daniele15,
MDA,7480201,Công nghệ thông tin,C01,17.00,,THPTQG,2020,,daniele15,
MDA,7480201,Công nghệ thông tin,D01,17.00,,THPTQG,2020,,daniele15,
MDA,7480206,Địa tin học,A00,15.00,,THPTQG,2020,,daniele15,
MDA,7480206,Địa tin học,A01,15.00,,THPTQG,2020,,daniele15,
MDA,7480206,Địa tin học,C01,15.00,,THPTQG,2020,,daniele15,
MDA,7480206,Địa tin học,D01,15.00,,THPTQG,2020,,daniele15,
MDA,7510401,Công nghệ kỹ thuật hoá học,A00,17.00,,THPTQG,2020,,daniele15,
MDA,7510401,Công nghệ kỹ thuật hoá học,A01,17.00,,THPTQG,2020,,daniele15,
MDA,7510401,Công nghệ kỹ thuật hoá học,D07,17.00,,THPTQG,2020,,daniele15,
MDA,7510401_TT,Công nghệ kỹ thuật hoá học,A00,17.00,,THPTQG,2020,,daniele15,
MDA,7510401_TT,Công nghệ kỹ thuật hoá học,A01,17.00,,THPTQG,2020,,daniele15,
MDA,7510401_TT,Công nghệ kỹ thuật hoá học,D01,17.00,,THPTQG,2020,,daniele15,
MDA,7510401_TT,Công nghệ kỹ thuật hoá học,D07,17.00,,THPTQG,2020,,daniele15,
MDA,7520103,Kỹ thuật cơ khí,A00,15.00,,THPTQG,2020,,daniele15,
MDA,7520103,Kỹ thuật cơ khí,A01,15.00,,THPTQG,2020,,daniele15,
MDA,7520201,Kỹ thuật điện,A00,16.00,,THPTQG,2020,,daniele15,
MDA,7520201,Kỹ thuật điện,A01,16.00,,THPTQG,2020,,daniele15,
MDA,7520216,Kỹ thuật điều khiển và tự động hoá,A00,19.00,,THPTQG,2020,,daniele15,
MDA,7520216,Kỹ thuật điều khiển và tự động hoá,A01,19.00,,THPTQG,2020,,daniele15,
MDA,7520216,Kỹ thuật điều khiển và tự động hoá,D07,19.00,,THPTQG,2020,,daniele15,
MDA,7520301,Kỹ thuật hoá học,A00,25.00,,THPTQG,2020,Chương trình tiên tiến,daniele15,
MDA,7520301,Kỹ thuật hoá học,A01,25.00,,THPTQG,2020,Chương trình tiên tiến,daniele15,
MDA,7520301,Kỹ thuật hoá học,D01,25.00,,THPTQG,2020,Chương trình tiên tiến,daniele15,
MDA,7520301,Kỹ thuật hoá học,D07,25.00,,THPTQG,2020,Chương trình tiên tiến,daniele15,
MDA,7520320,Kỹ thuật môi trường,A00,15.00,,THPTQG,2020,,daniele15,
MDA,7520320,Kỹ thuật môi trường,A01,15.00,,THPTQG,2020,,daniele15,
MDA,7520320,Kỹ thuật môi trường,B00,15.00,,THPTQG,2020,,daniele15,
MDA,7520501,Kỹ thuật địa chất,A00,15.00,,THPTQG,2020,,daniele15,
MDA,7520501,Kỹ thuật địa chất,A01,15.00,,THPTQG,2020,,daniele15,
MDA,7520501,Kỹ thuật địa chất,A04,15.00,,THPTQG,2020,,daniele15,
MDA,7520502,Kỹ thuật địa vật lý,A00,18.00,,THPTQG,2020,,daniele15,
MDA,7520502,Kỹ thuật địa vật lý,A01,18.00,,THPTQG,2020,,daniele15,
MDA,7520503,Kỹ thuật trắc địa - bản đồ,A00,15.00,,THPTQG,2020,,daniele15,
MDA,7520503,Kỹ thuật trắc địa - bản đồ,A01,15.00,,THPTQG,2020,,daniele15,
MDA,7520503,Kỹ thuật trắc địa - bản đồ,C01,15.00,,THPTQG,2020,,daniele15,
MDA,7520503,Kỹ thuật trắc địa - bản đồ,D01,15.00,,THPTQG,2020,,daniele15,
MDA,7520601,Kỹ thuật mỏ,A00,15.00,,THPTQG,2020,,daniele15,
MDA,7520601,Kỹ thuật mỏ,A01,15.00,,THPTQG,2020,,daniele15,
MDA,7520601,Kỹ thuật mỏ,C01,15.00,,THPTQG,2020,,daniele15,
MDA,7520601,Kỹ thuật mỏ,D01,15.00,,THPTQG,2020,,daniele15,
MDA,7520604,Kỹ thuật dầu khí,A00,16.00,,THPTQG,2020,,daniele15,
MDA,7520604,Kỹ thuật dầu khí,A01,16.00,,THPTQG,2020,,daniele15,
MDA,7520607,Kỹ thuật tuyển khoáng,A00,15.00,,THPTQG,2020,,daniele15,
MDA,7520607,Kỹ thuật tuyển khoáng,A01,15.00,,THPTQG,2020,,daniele15,
MDA,7520607,Kỹ thuật tuyển khoáng,D01,15.00,,THPTQG,2020,,daniele15,
MDA,7520607,Kỹ thuật tuyển khoáng,D07,15.00,,THPTQG,2020,,daniele15,
MDA,7580201,Kỹ thuật xây dựng,A00,15.00,,THPTQG,2020,,daniele15,
MDA,7580201,Kỹ thuật xây dựng,A01,15.00,,THPTQG,2020,,daniele15,
MDA,7580201,Kỹ thuật xây dựng,C01,15.00,,THPTQG,2020,,daniele15,
MDA,7580201,Kỹ thuật xây dựng,D07,15.00,,THPTQG,2020,,daniele15,
MDA,7580211,Địa kỹ thuật xây dựng,A00,17.00,,THPTQG,2020,,daniele15,
MDA,7580211,Địa kỹ thuật xây dựng,A01,17.00,,THPTQG,2020,,daniele15,
MDA,7580211,Địa kỹ thuật xây dựng,A04,17.00,,THPTQG,2020,,daniele15,
MDA,7850103,Quản lý đất đai,A00,15.00,,THPTQG,2020,,daniele15,
MDA,7850103,Quản lý đất đai,A01,15.00,,THPTQG,2020,,daniele15,
MDA,7850103,Quản lý đất đai,B00,15.00,,THPTQG,2020,,daniele15,
MDA,7850103,Quản lý đất đai,D01,15.00,,THPTQG,2020,,daniele15,
MHN,7210402,Thiết kế công nghiệp,H00,19.30,,THPTQG,2020,,daniele15,
MHN,7210402,Thiết kế công nghiệp,H01,19.30,,THPTQG,2020,,daniele15,
MHN,7210402,Thiết kế công nghiệp,H06,19.30,,THPTQG,2020,,daniele15,
MHN,7220201,Ngôn ngữ Anh,D01,30.33,40,THPTQG,2020,thang 40 (suy ra),daniele15,
MHN,7220204,Ngôn ngữ Trung Quốc,D01,31.12,40,THPTQG,2020,thang 40 (suy ra),daniele15,
MHN,7220204,Ngôn ngữ Trung Quốc,D04,31.12,40,THPTQG,2020,thang 40 (suy ra),daniele15,
MHN,7340101,Quản trị kinh doanh,A00,23.25,,THPTQG,2020,,daniele15,
MHN,7340101,Quản trị kinh doanh,A01,23.25,,THPTQG,2020,,daniele15,
MHN,7340101,Quản trị kinh doanh,D01,23.25,,THPTQG,2020,,daniele15,
MHN,7340122,Thương mại điện tử,A00,24.20,,THPTQG,2020,,daniele15,
MHN,7340122,Thương mại điện tử,A01,24.20,,THPTQG,2020,,daniele15,
MHN,7340122,Thương mại điện tử,D01,24.20,,THPTQG,2020,,daniele15,
MHN,7340201,Tài chính - Ngân hàng,A00,22.60,,THPTQG,2020,,daniele15,
MHN,7340201,Tài chính - Ngân hàng,A01,22.60,,THPTQG,2020,,daniele15,
MHN,7340201,Tài chính - Ngân hàng,D01,22.60,,THPTQG,2020,,daniele15,
MHN,7340301,Kế toán,A00,23.20,,THPTQG,2020,,daniele15,
MHN,7340301,Kế toán,A01,23.20,,THPTQG,2020,,daniele15,
MHN,7340301,Kế toán,D01,23.20,,THPTQG,2020,,daniele15,
MHN,7380101,Luật,A00,21.80,,THPTQG,2020,,daniele15,
MHN,7380101,Luật,A01,21.80,,THPTQG,2020,,daniele15,
MHN,7380101,Luật,C00,21.80,,THPTQG,2020,,daniele15,
MHN,7380101,Luật,D01,21.80,,THPTQG,2020,,daniele15,
MHN,7380107,Luật,A00,23.00,,THPTQG,2020,Luật kinh tế,daniele15,
MHN,7380107,Luật,A01,23.00,,THPTQG,2020,Luật kinh tế,daniele15,
MHN,7380107,Luật,C00,23.00,,THPTQG,2020,Luật kinh tế,daniele15,
MHN,7380107,Luật,D01,23.00,,THPTQG,2020,Luật kinh tế,daniele15,
MHN,7380108,Luật,A00,20.50,,THPTQG,2020,Luật quốc tế,daniele15,
MHN,7380108,Luật,A01,20.50,,THPTQG,2020,Luật quốc tế,daniele15,
MHN,7380108,Luật,C00,20.50,,THPTQG,2020,Luật quốc tế,daniele15,
MHN,7380108,Luật,D01,20.50,,THPTQG,2020,Luật quốc tế,daniele15,
MHN,7420201,Công nghệ sinh học,A00,15.00,,THPTQG,2020,,daniele15,
MHN,7420201,Công nghệ sinh học,B00,15.00,,THPTQG,2020,,daniele15,
MHN,7420201,Công nghệ sinh học,D07,15.00,,THPTQG,2020,,daniele15,
MHN,7480201,Công nghệ thông tin,A00,23.00,,THPTQG,2020,,daniele15,
MHN,7480201,Công nghệ thông tin,A01,23.00,,THPTQG,2020,,daniele15,
MHN,7480201,Công nghệ thông tin,D01,23.00,,THPTQG,2020,,daniele15,
MHN,7510302,Công nghệ kỹ thuật điện tử - viễn thông,A00,17.15,,THPTQG,2020,,daniele15,
MHN,7510302,Công nghệ kỹ thuật điện tử - viễn thông,A01,17.15,,THPTQG,2020,,daniele15,
MHN,7510302,Công nghệ kỹ thuật điện tử - viễn thông,C01,17.15,,THPTQG,2020,,daniele15,
MHN,7510302,Công nghệ kỹ thuật điện tử - viễn thông,D01,17.15,,THPTQG,2020,,daniele15,
MHN,7510303,Công nghệ kỹ thuật điều khiển và tự động hóa,A00,17.05,,THPTQG,2020,,daniele15,
MHN,7510303,Công nghệ kỹ thuật điều khiển và tự động hóa,A01,17.05,,THPTQG,2020,,daniele15,
MHN,7510303,Công nghệ kỹ thuật điều khiển và tự động hóa,C01,17.05,,THPTQG,2020,,daniele15,
MHN,7510303,Công nghệ kỹ thuật điều khiển và tự động hóa,D01,17.05,,THPTQG,2020,,daniele15,
MHN,7540101,Công nghệ thực phẩm,A00,15.00,,THPTQG,2020,,daniele15,
MHN,7540101,Công nghệ thực phẩm,B00,15.00,,THPTQG,2020,,daniele15,
MHN,7540101,Công nghệ thực phẩm,D07,15.00,,THPTQG,2020,,daniele15,
MHN,7580101,Kiến trúc,V00,20.00,,THPTQG,2020,,daniele15,
MHN,7580101,Kiến trúc,V01,20.00,,THPTQG,2020,,daniele15,
MHN,7580101,Kiến trúc,V02,20.00,,THPTQG,2020,,daniele15,
MHN,7810103,Quản trị dịch vụ du lịch và lữ hành,D01,30.07,40,THPTQG,2020,thang 40 (suy ra),daniele15,
MHN,7810201,Quản trị khách sạn,D01,33.18,40,THPTQG,2020,Điểm thi TN THPT | thang 40 (suy ra),daniele15,
MIT,7220201,Ngôn ngữ Anh,D01,15.00,,THPTQG,2020,,daniele15,
MIT,7220201,Ngôn ngữ Anh,D10,15.00,,THPTQG,2020,,daniele15,
MIT,7220201,Ngôn ngữ Anh,D14,15.00,,THPTQG,2020,,daniele15,
MIT,7220201,Ngôn ngữ Anh,D15,15.00,,THPTQG,2020,,daniele15,
MIT,7320108,Quan hệ công chúng,D01,15.00,,THPTQG,2020,,daniele15,
MIT,7320108,Quan hệ công chúng,D10,15.00,,THPTQG,2020,,daniele15,
MIT,7320108,Quan hệ công chúng,D14,15.00,,THPTQG,2020,,daniele15,
MIT,7320108,Quan hệ công chúng,D15,15.00,,THPTQG,2020,,daniele15,
MIT,7340120,Kinh doanh quốc tế,A00,15.00,,THPTQG,2020,,daniele15,
MIT,7340120,Kinh doanh quốc tế,A01,15.00,,THPTQG,2020,,daniele15,
MIT,7340120,Kinh doanh quốc tế,C04,15.00,,THPTQG,2020,,daniele15,
MIT,7340120,Kinh doanh quốc tế,D01,15.00,,THPTQG,2020,,daniele15,
MIT,7380107,Luật,A00,15.00,,THPTQG,2020,Luật kinh tế,daniele15,
MIT,7380107,Luật,A01,15.00,,THPTQG,2020,Luật kinh tế,daniele15,
MIT,7380107,Luật,D01,15.00,,THPTQG,2020,Luật kinh tế,daniele15,
MIT,7380107,Luật,D15,15.00,,THPTQG,2020,Luật kinh tế,daniele15,
MIT,7510601,Quản lý công nghiệp,A00,15.00,,THPTQG,2020,,daniele15,
MIT,7510601,Quản lý công nghiệp,A01,15.00,,THPTQG,2020,,daniele15,
MIT,7510601,Quản lý công nghiệp,B00,15.00,,THPTQG,2020,,daniele15,
MIT,7510601,Quản lý công nghiệp,D01,15.00,,THPTQG,2020,,daniele15,
MIT,7580201,Kỹ thuật xây dựng,A00,15.00,,THPTQG,2020,,daniele15,
MIT,7580201,Kỹ thuật xây dựng,A01,15.00,,THPTQG,2020,,daniele15,
MIT,7580201,Kỹ thuật xây dựng,A02,15.00,,THPTQG,2020,,daniele15,
MIT,7580201,Kỹ thuật xây dựng,D01,15.00,,THPTQG,2020,,daniele15,
MIT,7720201,Dược học,A00,15.50,,THPTQG,2020,,daniele15,
MIT,7720201,Dược học,B00,15.50,,THPTQG,2020,,daniele15,
MIT,7720201,Dược học,C02,15.50,,THPTQG,2020,,daniele15,
MIT,7720201,Dược học,D07,15.50,,THPTQG,2020,,daniele15,
MIT,7850101,Quản lý tài nguyên và môi trường,A00,15.00,,THPTQG,2020,,daniele15,
MIT,7850101,Quản lý tài nguyên và môi trường,A01,15.00,,THPTQG,2020,,daniele15,
MIT,7850101,Quản lý tài nguyên và môi trường,B00,15.00,,THPTQG,2020,,daniele15,
MIT,7850101,Quản lý tài nguyên và môi trường,D01,15.00,,THPTQG,2020,,daniele15,
MIT,7850103,Quản lý đất đai,A00,15.00,,THPTQG,2020,,daniele15,
MIT,7850103,Quản lý đất đai,A01,15.00,,THPTQG,2020,,daniele15,
MIT,7850103,Quản lý đất đai,B00,15.00,,THPTQG,2020,,daniele15,
MIT,7850103,Quản lý đất đai,D01,15.00,,THPTQG,2020,,daniele15,
MTC,7210103,Hội hoạ,H00,18.00,,THPTQG,2020,Chuyên ngành Sơn mài;NV2: 18.36;NV3: 19.59,daniele15,
MTC,7210103,Hội hoạ,H07,18.00,,THPTQG,2020,Chuyên ngành Sơn mài;NV2: 18.36;NV3: 19.59,daniele15,
MTC,7210103,Hội hoạ,H00,19.16,,THPTQG,2020,Chuyên ngành Hoành tráng;NV2: 19.93;NV3: 20.55,daniele15,
MTC,7210103,Hội hoạ,H07,19.16,,THPTQG,2020,Chuyên ngành Hoành tráng;NV2: 19.93;NV3: 20.55,daniele15,
MTC,7210105,Điêu khắc,H00,17.75,,THPTQG,2020,NV2: 18.93;NV3: 19.59,daniele15,
MTC,7210105,Điêu khắc,H07,17.75,,THPTQG,2020,NV2: 18.93;NV3: 19.59,daniele15,
MTC,7210107,Gốm,H00,18.00,,THPTQG,2020,NV1: 18.29;NV2: 18.77,daniele15,
MTC,7210107,Gốm,H07,18.00,,THPTQG,2020,NV1: 18.29;NV2: 18.77,daniele15,
MTC,7210402,Thiết kế công nghiệp,H01,18.45,,THPTQG,2020,Chuyên ngành: Tạo dáng Công nghiệpNV2: 19.7;NV3: 20.17,daniele15,
MTC,7210402,Thiết kế công nghiệp,H07,18.45,,THPTQG,2020,Chuyên ngành: Tạo dáng Công nghiệpNV2: 19.7;NV3: 20.17,daniele15,
MTC,7210402,Thiết kế công nghiệp,H01,18.59,,THPTQG,2020,Chuyên ngành TK Đồ chơi & Phương tiện hỗ trợ học tập;NV2: 19.27;NV3: 20.44,daniele15,
MTC,7210402,Thiết kế công nghiệp,H07,18.59,,THPTQG,2020,Chuyên ngành TK Đồ chơi & Phương tiện hỗ trợ học tập;NV2: 19.27;NV3: 20.44,daniele15,
MTC,7210402,Thiết kế công nghiệp,H01,19.22,,THPTQG,2020,Chuyên ngành Thiết kế trang sức;NV2: 19.88;NV2: 20.3,daniele15,
MTC,7210402,Thiết kế công nghiệp,H07,19.22,,THPTQG,2020,Chuyên ngành Thiết kế trang sức;NV2: 19.88;NV2: 20.3,daniele15,
MTC,7210403,Thiết kế đồ họa,H00,21.46,,THPTQG,2020,,daniele15,
MTC,7210403,Thiết kế đồ họa,H07,21.46,,THPTQG,2020,,daniele15,
MTC,7210404,Thiết kế thời trang,H00,19.00,,THPTQG,2020,Chuyên ngành Thiết kế phụ kiện;NV2: 19.14;NV3: 19.48,daniele15,
MTC,7210404,Thiết kế thời trang,H07,19.00,,THPTQG,2020,Chuyên ngành Thiết kế phụ kiện;NV2: 19.14;NV3: 19.48,daniele15,
MTC,7210404,Thiết kế thời trang,H00,19.15,,THPTQG,2020,Chuyên ngành Thiết kế thời trang;NV2: 20.87,daniele15,
MTC,7210404,Thiết kế thời trang,H07,19.15,,THPTQG,2020,Chuyên ngành Thiết kế thời trang;NV2: 20.87,daniele15,
MTC,7580108,Thiết kế nội thất,H00,19.56,,THPTQG,2020,NV2: 20.91,daniele15,
MTC,7580108,Thiết kế nội thất,H07,19.56,,THPTQG,2020,NV2: 20.91,daniele15,
MTU,7340301,Kế toán,A00,14.50,,THPTQG,2020,,daniele15,
MTU,7340301,Kế toán,A01,14.50,,THPTQG,2020,,daniele15,
MTU,7340301,Kế toán,D14,14.50,,THPTQG,2020,,daniele15,
MTU,7340301,Kế toán,D15,14.50,,THPTQG,2020,,daniele15,
MTU,7520320,Kỹ thuật môi trường,A00,18.00,,THPTQG,2020,,daniele15,
MTU,7520320,Kỹ thuật môi trường,A01,18.00,,THPTQG,2020,,daniele15,
MTU,7520320,Kỹ thuật môi trường,B00,18.00,,THPTQG,2020,,daniele15,
MTU,7520320,Kỹ thuật môi trường,D01,18.00,,THPTQG,2020,,daniele15,
MTU,7580101,Kiến trúc,V00,16.00,,THPTQG,2020,,daniele15,
MTU,7580101,Kiến trúc,V01,16.00,,THPTQG,2020,,daniele15,
MTU,7580101,Kiến trúc,V02,16.00,,THPTQG,2020,,daniele15,
MTU,7580101,Kiến trúc,V03,16.00,,THPTQG,2020,,daniele15,
MTU,7580101.01,Kiến trúc,V00,16.00,,THPTQG,2020,Kiến trúc công trình,daniele15,
MTU,7580101.01,Kiến trúc,V01,16.00,,THPTQG,2020,Kiến trúc công trình,daniele15,
MTU,7580101.01,Kiến trúc,V02,16.00,,THPTQG,2020,Kiến trúc công trình,daniele15,
MTU,7580101.01,Kiến trúc,V03,16.00,,THPTQG,2020,Kiến trúc công trình,daniele15,
MTU,7580101.02,Kiến trúc,V00,16.00,,THPTQG,2020,Kiến trúc nội thất,daniele15,
MTU,7580101.02,Kiến trúc,V01,16.00,,THPTQG,2020,Kiến trúc nội thất,daniele15,
MTU,7580101.02,Kiến trúc,V02,16.00,,THPTQG,2020,Kiến trúc nội thất,daniele15,
MTU,7580101.02,Kiến trúc,V03,16.00,,THPTQG,2020,Kiến trúc nội thất,daniele15,
MTU,7580101.03,Kiến trúc,V00,16.00,,THPTQG,2020,Kiến trúc đồ họa,daniele15,
MTU,7580101.03,Kiến trúc,V01,16.00,,THPTQG,2020,Kiến trúc đồ họa,daniele15,
MTU,7580101.03,Kiến trúc,V02,16.00,,THPTQG,2020,Kiến trúc đồ họa,daniele15,
MTU,7580101.03,Kiến trúc,V03,16.00,,THPTQG,2020,Kiến trúc đồ họa,daniele15,
MTU,7580106,Quản lý Đô thị và Công trình,A00,14.00,,THPTQG,2020,,daniele15,
MTU,7580106,Quản lý Đô thị và Công trình,A01,14.00,,THPTQG,2020,,daniele15,
MTU,7580106,Quản lý Đô thị và Công trình,V00,14.00,,THPTQG,2020,,daniele15,
MTU,7580106,Quản lý Đô thị và Công trình,V01,14.00,,THPTQG,2020,,daniele15,
MTU,7580201,Kỹ thuật xây dựng,A00,14.00,,THPTQG,2020,Chuyên ngành xây dựng DD&CN,daniele15,
MTU,7580201,Kỹ thuật xây dựng,A01,14.00,,THPTQG,2020,Chuyên ngành xây dựng DD&CN,daniele15,
MTU,7580201,Kỹ thuật xây dựng,B00,14.00,,THPTQG,2020,Chuyên ngành xây dựng DD&CN,daniele15,
MTU,7580201,Kỹ thuật xây dựng,D01,14.00,,THPTQG,2020,Chuyên ngành xây dựng DD&CN,daniele15,
MTU,7580205,Kỹ thuật xây dựng,A00,14.00,,THPTQG,2020,Chuyên ngành xây dựng Cầu - Đường,daniele15,
MTU,7580205,Kỹ thuật xây dựng,A01,14.00,,THPTQG,2020,Chuyên ngành xây dựng Cầu - Đường,daniele15,
MTU,7580205,Kỹ thuật xây dựng,B00,14.00,,THPTQG,2020,Chuyên ngành xây dựng Cầu - Đường,daniele15,
MTU,7580205,Kỹ thuật xây dựng,D01,14.00,,THPTQG,2020,Chuyên ngành xây dựng Cầu - Đường,daniele15,
MTU,7580213,Kỹ thuật cấp thoát nước,A00,16.00,,THPTQG,2020,,daniele15,
MTU,7580213,Kỹ thuật cấp thoát nước,A01,16.00,,THPTQG,2020,,daniele15,
MTU,7580213,Kỹ thuật cấp thoát nước,B00,16.00,,THPTQG,2020,,daniele15,
MTU,7580213,Kỹ thuật cấp thoát nước,D01,16.00,,THPTQG,2020,,daniele15,
NHF,7220201,Ngôn ngữ Anh,D01,34.82,40,THPTQG,2020,thang 40 (suy ra),daniele15,
NHF,7220202,Ngôn ngữ Nga,D01,28.93,,THPTQG,2020,,daniele15,
NHF,7220202,Ngôn ngữ Nga,D02,28.93,,THPTQG,2020,,daniele15,
NHF,7220203,Ngôn ngữ Pháp,D01,32.83,40,THPTQG,2020,thang 40 (suy ra),daniele15,
NHF,7220203,Ngôn ngữ Pháp,D03,32.83,40,THPTQG,2020,thang 40 (suy ra),daniele15,
NHF,7220204,Ngôn ngữ Trung Quốc,D01,34.63,40,THPTQG,2020,thang 40 (suy ra),daniele15,
NHF,7220204,Ngôn ngữ Trung Quốc,D04,34.63,40,THPTQG,2020,thang 40 (suy ra),daniele15,
NHF,7220204 CLC,Ngôn ngữ Trung Quốc,D01,34.00,40,THPTQG,2020,thang 40 (suy ra),daniele15,
NHF,7220204 CLC,Ngôn ngữ Trung Quốc,D04,34.00,40,THPTQG,2020,thang 40 (suy ra),daniele15,
NHF,7220205,Ngôn ngữ Đức,D01,31.83,40,THPTQG,2020,thang 40 (suy ra),daniele15,
NHF,7220205,Ngôn ngữ Đức,D05,31.83,40,THPTQG,2020,thang 40 (suy ra),daniele15,
NHF,7220206,Ngôn ngữ Tây Ban Nha,D01,31.73,40,THPTQG,2020,thang 40 (suy ra),daniele15,
NHF,7220207,Ngôn ngữ Bồ Đào Nha,D01,27.83,,THPTQG,2020,,daniele15,
NHF,7220208,Ngôn ngữ Italia,D01,30.43,40,THPTQG,2020,thang 40 (suy ra),daniele15,
NHF,7220208 CLC,Ngôn ngữ Italia,D01,27.40,,THPTQG,2020,,daniele15,
NHF,7220209,Ngôn ngữ Nhật,D01,34.47,40,THPTQG,2020,thang 40 (suy ra),daniele15,
NHF,7220209,Ngôn ngữ Nhật,D06,34.47,40,THPTQG,2020,thang 40 (suy ra),daniele15,
NHF,7220210,Ngôn ngữ Hàn Quốc,D01,35.38,40,THPTQG,2020,thang 40 (suy ra),daniele15,
NHF,7220210 CLC,Ngôn ngữ Hàn Quốc,D01,33.93,40,THPTQG,2020,thang 40 (suy ra),daniele15,
NHF,7310601,Quốc tế học,D01,31.30,40,THPTQG,2020,Dạy bằng Tiếng Anh | thang 40 (suy ra),daniele15,
NHF,7320104,Truyền thông đa phương tiện,D01,25.40,,THPTQG,2020,Dạy bằng Tiếng Anh,daniele15,
NHF,7320109,Truyền thông doanh nghiệp,D01,32.20,40,THPTQG,2020,Dạy bằng Tiếng Pháp | thang 40 (suy ra),daniele15,
NHF,7320109,Truyền thông doanh nghiệp,D03,32.20,40,THPTQG,2020,Dạy bằng Tiếng Pháp | thang 40 (suy ra),daniele15,
NHF,7340101,Quản trị kinh doanh,D01,33.20,40,THPTQG,2020,Dạy bằng Tiếng Anh | thang 40 (suy ra),daniele15,
NHF,7340115,Marketing,D01,34.48,40,THPTQG,2020,Dạy bằng Tiếng Anh | thang 40 (suy ra),daniele15,
NHF,7340201,Tài chính - Ngân hàng,D01,31.50,40,THPTQG,2020,Dạy bằng Tiếng Anh | thang 40 (suy ra),daniele15,
NHF,7340301,Kế toán,D01,31.48,40,THPTQG,2020,Dạy bằng Tiếng Anh | thang 40 (suy ra),daniele15,
NHF,7480201,Công nghệ thông tin,A01,24.65,,THPTQG,2020,Điểm môn ngoại ngữ không nhân hệ số 2,daniele15,
NHF,7480201,Công nghệ thông tin,D01,24.65,,THPTQG,2020,Điểm môn ngoại ngữ không nhân hệ số 2,daniele15,
NHF,7480201 CLC,Công nghệ thông tin,D01,23.45,,THPTQG,2020,Điểm môn ngoại ngữ không nhân hệ số 2,daniele15,
NHF,7810103,Quản trị dịch vụ du lịch và lữ hành,D01,33.27,40,THPTQG,2020,Dạy bằng Tiếng Anh | thang 40 (suy ra),daniele15,
NHF,7810103 CLC,Quản trị dịch vụ du lịch và lữ hành,D01,24.95,,THPTQG,2020,,daniele15,
NHH,7220201,Ngôn ngữ Anh,A01,25.00,,THPTQG,2020,,daniele15,
NHH,7220201,Ngôn ngữ Anh,D01,25.00,,THPTQG,2020,,daniele15,
NHH,7220201,Ngôn ngữ Anh,D07,25.00,,THPTQG,2020,,daniele15,
NHH,7220201,Ngôn ngữ Anh,D09,25.00,,THPTQG,2020,,daniele15,
NHH,7310101,Kinh tế,A00,25.00,,THPTQG,2020,,daniele15,
NHH,7310101,Kinh tế,A01,25.00,,THPTQG,2020,,daniele15,
NHH,7310101,Kinh tế,D01,25.00,,THPTQG,2020,,daniele15,
NHH,7310101,Kinh tế,D07,25.00,,THPTQG,2020,,daniele15,
NHH,7340101,Quản trị kinh doanh,A00,25.30,,THPTQG,2020,,daniele15,
NHH,7340101,Quản trị kinh doanh,A01,25.30,,THPTQG,2020,,daniele15,
NHH,7340101,Quản trị kinh doanh,D01,25.30,,THPTQG,2020,,daniele15,
NHH,7340101,Quản trị kinh doanh,D07,25.30,,THPTQG,2020,,daniele15,
NHH,7340101_IU,Quản trị kinh doanh,A00,23.50,,THPTQG,2020,,daniele15,
NHH,7340101_IU,Quản trị kinh doanh,A01,23.50,,THPTQG,2020,,daniele15,
NHH,7340101_IU,Quản trị kinh doanh,D01,23.50,,THPTQG,2020,,daniele15,
NHH,7340101_IU,Quản trị kinh doanh,D07,23.50,,THPTQG,2020,,daniele15,
NHH,7340101_IV,Quản trị kinh doanh,A00,23.50,,THPTQG,2020,,daniele15,
NHH,7340101_IV,Quản trị kinh doanh,A01,23.50,,THPTQG,2020,,daniele15,
NHH,7340101_IV,Quản trị kinh doanh,D01,23.50,,THPTQG,2020,,daniele15,
NHH,7340101_IV,Quản trị kinh doanh,D07,23.50,,THPTQG,2020,,daniele15,
NHH,7340120,Kinh doanh quốc tế,A01,25.30,,THPTQG,2020,,daniele15,
NHH,7340120,Kinh doanh quốc tế,D01,25.30,,THPTQG,2020,,daniele15,
NHH,7340120,Kinh doanh quốc tế,D07,25.30,,THPTQG,2020,,daniele15,
NHH,7340120,Kinh doanh quốc tế,D09,25.30,,THPTQG,2020,,daniele15,
NHH,7340201,Tài chính - Ngân hàng,A00,25.50,,THPTQG,2020,,daniele15,
NHH,7340201,Tài chính - Ngân hàng,A01,25.50,,THPTQG,2020,,daniele15,
NHH,7340201,Tài chính - Ngân hàng,D01,25.50,,THPTQG,2020,,daniele15,
NHH,7340201,Tài chính - Ngân hàng,D07,25.50,,THPTQG,2020,,daniele15,
NHH,7340201_I,Tài chính - Ngân hàng,A00,22.20,,THPTQG,2020,,daniele15,
NHH,7340201_I,Tài chính - Ngân hàng,A01,22.20,,THPTQG,2020,,daniele15,
NHH,7340201_I,Tài chính - Ngân hàng,D01,22.20,,THPTQG,2020,,daniele15,
NHH,7340201_I,Tài chính - Ngân hàng,D07,22.20,,THPTQG,2020,,daniele15,
NHH,7340301,Kế toán,A00,25.60,,THPTQG,2020,,daniele15,
NHH,7340301,Kế toán,A01,25.60,,THPTQG,2020,,daniele15,
NHH,7340301,Kế toán,D01,25.60,,THPTQG,2020,,daniele15,
NHH,7340301,Kế toán,D07,25.60,,THPTQG,2020,,daniele15,
NHH,7340301_I,Quản lý Tài chính- Kế toán,A00,21.50,,THPTQG,2020,,daniele15,
NHH,7340301_I,Quản lý Tài chính- Kế toán,A01,21.50,,THPTQG,2020,,daniele15,
NHH,7340301_I,Quản lý Tài chính- Kế toán,D01,21.50,,THPTQG,2020,,daniele15,
NHH,7340301_I,Quản lý Tài chính- Kế toán,D07,21.50,,THPTQG,2020,,daniele15,
NHH,7340301_J,Kế toán,A00,25.60,,THPTQG,2020,,daniele15,
NHH,7340301_J,Kế toán,A01,25.60,,THPTQG,2020,,daniele15,
NHH,7340301_J,Kế toán,D01,25.60,,THPTQG,2020,,daniele15,
NHH,7340301_J,Kế toán,D07,25.60,,THPTQG,2020,,daniele15,
NHH,7340405,Hệ thống thông tin quản lý,A00,25.00,,THPTQG,2020,,daniele15,
NHH,7340405,Hệ thống thông tin quản lý,A01,25.00,,THPTQG,2020,,daniele15,
NHH,7340405,Hệ thống thông tin quản lý,D01,25.00,,THPTQG,2020,,daniele15,
NHH,7340405,Hệ thống thông tin quản lý,D07,25.00,,THPTQG,2020,,daniele15,
NHH,7380107_A,Luật,A00,25.00,,THPTQG,2020,,daniele15,
NHH,7380107_A,Luật,A01,25.00,,THPTQG,2020,,daniele15,
NHH,7380107_A,Luật,D01,25.00,,THPTQG,2020,,daniele15,
NHH,7380107_A,Luật,D08,25.00,,THPTQG,2020,,daniele15,
NHH,7380107_C,Luật,C00,27.00,,THPTQG,2020,,daniele15,
NHH,7380107_C,Luật,D01,27.00,,THPTQG,2020,,daniele15,
NHH,7380107_C,Luật,D14,27.00,,THPTQG,2020,,daniele15,
NHH,7380107_C,Luật,D15,27.00,,THPTQG,2020,,daniele15,
NHS,7220201,Ngôn ngữ Anh,A01,24.44,,THPTQG,2020,Chuyên ngành Tiếng Anh thương mại;Môn tiếng Anh hệ số 2,daniele15,
NHS,7220201,Ngôn ngữ Anh,D01,24.44,,THPTQG,2020,Chuyên ngành Tiếng Anh thương mại;Môn tiếng Anh hệ số 2,daniele15,
NHS,7220201,Ngôn ngữ Anh,D96,24.44,,THPTQG,2020,Chuyên ngành Tiếng Anh thương mại;Môn tiếng Anh hệ số 2,daniele15,
NHS,7310106,Kinh tế,A00,25.54,,THPTQG,2020,,daniele15,
NHS,7310106,Kinh tế,A01,25.54,,THPTQG,2020,,daniele15,
NHS,7310106,Kinh tế,D01,25.54,,THPTQG,2020,,daniele15,
NHS,7310106,Kinh tế,D07,25.54,,THPTQG,2020,,daniele15,
NHS,7340001,Kế toán,A01,22.30,,THPTQG,2020,Môn tiếng Anh hệ số 2; Chương trình cử nhân chất lượng cao,daniele15,
NHS,7340001,Kế toán,D01,22.30,,THPTQG,2020,Môn tiếng Anh hệ số 2; Chương trình cử nhân chất lượng cao,daniele15,
NHS,7340001,Kế toán,D07,22.30,,THPTQG,2020,Môn tiếng Anh hệ số 2; Chương trình cử nhân chất lượng cao,daniele15,
NHS,7340001,Kế toán,D11,22.30,,THPTQG,2020,Môn tiếng Anh hệ số 2; Chương trình cử nhân chất lượng cao,daniele15,
NHS,7340001,Kế toán,A01,23.00,,THPTQG,2020,Môn tiếng Anh hệ số 2; Chương trình cử nhân chất lượng cao,daniele15,
NHS,7340001,Kế toán,D01,23.00,,THPTQG,2020,Môn tiếng Anh hệ số 2; Chương trình cử nhân chất lượng cao,daniele15,
NHS,7340001,Kế toán,D07,23.00,,THPTQG,2020,Môn tiếng Anh hệ số 2; Chương trình cử nhân chất lượng cao,daniele15,
NHS,7340001,Kế toán,D11,23.00,,THPTQG,2020,Môn tiếng Anh hệ số 2; Chương trình cử nhân chất lượng cao,daniele15,
NHS,7340002,Quản trị kinh doanh,A01,22.30,,THPTQG,2020,Môn tiếng Anh hệ số 2; Chương trình đại học chính quy quốc tế cấp song bằng ngành QTKD,daniele15,
NHS,7340002,Quản trị kinh doanh,D01,22.30,,THPTQG,2020,Môn tiếng Anh hệ số 2; Chương trình đại học chính quy quốc tế cấp song bằng ngành QTKD,daniele15,
NHS,7340002,Quản trị kinh doanh,D07,22.30,,THPTQG,2020,Môn tiếng Anh hệ số 2; Chương trình đại học chính quy quốc tế cấp song bằng ngành QTKD,daniele15,
NHS,7340002,Quản trị kinh doanh,D14,22.30,,THPTQG,2020,Môn tiếng Anh hệ số 2; Chương trình đại học chính quy quốc tế cấp song bằng ngành QTKD,daniele15,
NHS,7340101,Quản trị kinh doanh,A00,25.24,,THPTQG,2020,Gồm 2 chuyên ngành: Quản trị kinh doanh và Marketing,daniele15,
NHS,7340101,Quản trị kinh doanh,A01,25.24,,THPTQG,2020,Gồm 2 chuyên ngành: Quản trị kinh doanh và Marketing,daniele15,
NHS,7340101,Quản trị kinh doanh,D01,25.24,,THPTQG,2020,Gồm 2 chuyên ngành: Quản trị kinh doanh và Marketing,daniele15,
NHS,7340101,Quản trị kinh doanh,D07,25.24,,THPTQG,2020,Gồm 2 chuyên ngành: Quản trị kinh doanh và Marketing,daniele15,
NHS,7340201,Tài chính - Ngân hàng,A00,24.85,,THPTQG,2020,(Gồm 2 chuyên ngành Tài chính và chuyên ngành Ngân hàng),daniele15,
NHS,7340201,Tài chính - Ngân hàng,A01,24.85,,THPTQG,2020,(Gồm 2 chuyên ngành Tài chính và chuyên ngành Ngân hàng),daniele15,
NHS,7340201,Tài chính - Ngân hàng,D01,24.85,,THPTQG,2020,(Gồm 2 chuyên ngành Tài chính và chuyên ngành Ngân hàng),daniele15,
NHS,7340201,Tài chính - Ngân hàng,D07,24.85,,THPTQG,2020,(Gồm 2 chuyên ngành Tài chính và chuyên ngành Ngân hàng),daniele15,
NHS,7340301,Kế toán,A00,24.91,,THPTQG,2020,Chuyên ngành Kế toán - kiểm toán,daniele15,
NHS,7340301,Kế toán,A01,24.91,,THPTQG,2020,Chuyên ngành Kế toán - kiểm toán,daniele15,
NHS,7340301,Kế toán,D01,24.91,,THPTQG,2020,Chuyên ngành Kế toán - kiểm toán,daniele15,
NHS,7340301,Kế toán,D07,24.91,,THPTQG,2020,Chuyên ngành Kế toán - kiểm toán,daniele15,
NHS,7340405,Hệ thống thông tin quản lý,A00,24.65,,THPTQG,2020,Gồm 2 chuyên ngành: Thương mại điện tử và Hệ thống thông tin doanh nghiệp,daniele15,
NHS,7340405,Hệ thống thông tin quản lý,A01,24.65,,THPTQG,2020,Gồm 2 chuyên ngành: Thương mại điện tử và Hệ thống thông tin doanh nghiệp,daniele15,
NHS,7340405,Hệ thống thông tin quản lý,D01,24.65,,THPTQG,2020,Gồm 2 chuyên ngành: Thương mại điện tử và Hệ thống thông tin doanh nghiệp,daniele15,
NHS,7340405,Hệ thống thông tin quản lý,D07,24.65,,THPTQG,2020,Gồm 2 chuyên ngành: Thương mại điện tử và Hệ thống thông tin doanh nghiệp,daniele15,
NHS,7380107,Luật,C00,24.75,,THPTQG,2020,Luật Kinh tế,daniele15,
NHS,7380107,Luật,D01,24.75,,THPTQG,2020,Luật Kinh tế,daniele15,
NHS,7380107,Luật,D07,24.75,,THPTQG,2020,Luật Kinh tế,daniele15,
NHS,7380107,Luật,D14,24.75,,THPTQG,2020,Luật Kinh tế,daniele15,
NQH,7220201,Ngôn ngữ Anh,D01,25.19,,THPTQG,2020,Áp dụng cho Thí sinh Nam (toàn quốc) xét điểm thi TN THPT,daniele15,
NQH,7220201,Ngôn ngữ Anh,D01,27.90,,THPTQG,2020,Áp dụng cho thí sinh Nữ (toàn quốc) xét điểm thi TN THPT,daniele15,
NQH,7220202,Ngôn ngữ Nga,D01,24.76,,THPTQG,2020,Thí sinh Nam (toàn quốc),daniele15,
NQH,7220202,Ngôn ngữ Nga,D02,24.76,,THPTQG,2020,Thí sinh Nam (toàn quốc),daniele15,
NQH,7220202,Ngôn ngữ Nga,D01,27.61,,THPTQG,2020,Áp dụng cho thí sinh Nữ (toàn quốc) xét điểm thi TN THPT,daniele15,
NQH,7220202,Ngôn ngữ Nga,D02,27.61,,THPTQG,2020,Áp dụng cho thí sinh Nữ (toàn quốc) xét điểm thi TN THPT,daniele15,
NQH,7220204,Ngôn ngữ Trung Quốc,D01,24.54,,THPTQG,2020,Áp dụng cho thí sinh Nam (toàn quốc),daniele15,
NQH,7220204,Ngôn ngữ Trung Quốc,D04,24.54,,THPTQG,2020,Áp dụng cho thí sinh Nam (toàn quốc),daniele15,
NQH,7220204,Ngôn ngữ Trung Quốc,D01,28.10,,THPTQG,2020,Áp dụng cho thí sinh Nữ (toàn quốc) xét điểm thi TN THPT,daniele15,
NQH,7220204,Ngôn ngữ Trung Quốc,D04,28.10,,THPTQG,2020,Áp dụng cho thí sinh Nữ (toàn quốc) xét điểm thi TN THPT,daniele15,
NQH,7310206,Quan hệ quốc tế,D01,24.74,,THPTQG,2020,Áp dụng cho thí sinh Nam (toàn quốc),daniele15,
NQH,7310206,Quan hệ quốc tế,D01,28.00,,THPTQG,2020,Áp dụng cho thí sinh Nữ (toàn quốc),daniele15,
NQH,7860231,Trinh sát kỹ thuật,A00,24.60,,THPTQG,2020,Thí sinh Nam miền Nam,daniele15,
NQH,7860231,Trinh sát kỹ thuật,A01,24.60,,THPTQG,2020,Thí sinh Nam miền Nam,daniele15,
NQH,7860231,Trinh sát kỹ thuật,A00,26.25,,THPTQG,2020,Thí sinh Nam miền Bắc,daniele15,
NQH,7860231,Trinh sát kỹ thuật,A01,26.25,,THPTQG,2020,Thí sinh Nam miền Bắc,daniele15,
NTH,NTH01,"Nhóm ngành Kinh tế, Kinh tế quốc tế",A00,26.50,,THPTQG,2020,,daniele15,
NTH,NTH01,"Nhóm ngành Kinh tế, Kinh tế quốc tế",A00,27.00,,THPTQG,2020,,daniele15,
NTH,NTH02,Nhóm ngành Quản trị kinh doanh; Kinh doanh quốc tế; Quản trị khách sạn; Marketing,A00,27.45,,THPTQG,2020,,daniele15,
NTH,NTH02,Nhóm ngành Quản trị kinh doanh; Kinh doanh quốc tế; Quản trị khách sạn; Marketing,A00,27.95,,THPTQG,2020,,daniele15,
NTH,NTH03,"Kế toán , Tài chính - Ngân hàng",A00,27.15,,THPTQG,2020,,daniele15,
NTH,NTH03,"Kế toán , Tài chính - Ngân hàng",A00,27.65,,THPTQG,2020,,daniele15,
NTH,NTH04,Ngôn ngữ Anh,D01,36.25,40,THPTQG,2020,thang 40 (suy ra),daniele15,
NTH,NTH05,Ngôn ngữ Pháp,D01,32.80,40,THPTQG,2020,thang 40 (suy ra),daniele15,
NTH,NTH05,Ngôn ngữ Pháp,D01,34.80,40,THPTQG,2020,thang 40 (suy ra),daniele15,
NTH,NTH06,Ngôn ngữ Trung Quốc,D01,34.60,40,THPTQG,2020,thang 40 (suy ra),daniele15,
NTH,NTH06,Ngôn ngữ Trung Quốc,D01,36.60,40,THPTQG,2020,thang 40 (suy ra),daniele15,
NTH,NTH07,Ngôn ngữ Nhật,D01,33.90,40,THPTQG,2020,thang 40 (suy ra),daniele15,
NTH,NTH07,Ngôn ngữ Nhật,D01,35.90,40,THPTQG,2020,thang 40 (suy ra),daniele15,
NTS,NTS01,Kinh tế,A00,28.15,,THPTQG,2020,"Nhóm ngành Kinh tế - Quản trịCác tổ hợp A01, D01, D06, D07 chênh lệch giảm 0.5 điểm",daniele15,
NTS,NTS02,"Kế toán , Tài chính - Ngân hàng",A00,27.85,,THPTQG,2020,"Nhóm ngành Tài chính - Kế toánCác tổ hợp A01, D01, D06, D07 chênh lệch giảm 0.5 điểm",daniele15,
NTT,7210205,Thanh nhạc,,6.00,,HocBa,2020,,daniele15,
NTT,7210205,Thanh nhạc,,15.00,,THPTQG,2020,,daniele15,
NTT,7210205,Thanh nhạc,,550.00,,DGNL,2020,,daniele15,
NTT,7210208,Piano,,6.00,,HocBa,2020,,daniele15,
NTT,7210208,Piano,,15.00,,THPTQG,2020,,daniele15,
NTT,7210208,Piano,,550.00,,DGNL,2020,,daniele15,
NTT,7210234,"Diễn viên kịch, điện ảnh - truyền hình",,6.00,,HocBa,2020,,daniele15,
NTT,7210234,"Diễn viên kịch, điện ảnh - truyền hình",,15.00,,THPTQG,2020,,daniele15,
NTT,7210234,"Diễn viên kịch, điện ảnh - truyền hình",,550.00,,DGNL,2020,,daniele15,
NTT,7210235,"Đạo diễn điện ảnh, truyền hình",,6.00,,HocBa,2020,,daniele15,
NTT,7210235,"Đạo diễn điện ảnh, truyền hình",,15.00,,THPTQG,2020,,daniele15,
NTT,7210235,"Đạo diễn điện ảnh, truyền hình",,550.00,,DGNL,2020,,daniele15,
NTT,7210236,Quay phim,,6.00,,HocBa,2020,,daniele15,
NTT,7210236,Quay phim,,15.00,,THPTQG,2020,,daniele15,
NTT,7210236,Quay phim,,550.00,,DGNL,2020,,daniele15,
NTT,7210403,Thiết kế đồ họa,,6.00,,HocBa,2020,,daniele15,
NTT,7210403,Thiết kế đồ họa,,15.00,,THPTQG,2020,,daniele15,
NTT,7210403,Thiết kế đồ họa,,550.00,,DGNL,2020,,daniele15,
NTT,7220101,Tiếng Việt và văn hoá Việt Nam,,6.00,,HocBa,2020,,daniele15,
NTT,7220101,Tiếng Việt và văn hoá Việt Nam,,15.00,,THPTQG,2020,,daniele15,
NTT,7220101,Tiếng Việt và văn hoá Việt Nam,,550.00,,DGNL,2020,,daniele15,
NTT,7220201,Ngôn ngữ Anh,,6.00,,HocBa,2020,,daniele15,
NTT,7220201,Ngôn ngữ Anh,,15.00,,THPTQG,2020,,daniele15,
NTT,7220201,Ngôn ngữ Anh,,550.00,,DGNL,2020,,daniele15,
NTT,7220204,Ngôn ngữ Trung Quốc,,6.00,,HocBa,2020,,daniele15,
NTT,7220204,Ngôn ngữ Trung Quốc,,15.00,,THPTQG,2020,,daniele15,
NTT,7220204,Ngôn ngữ Trung Quốc,,550.00,,DGNL,2020,,daniele15,
NTT,7310401,Tâm lý học,,6.00,,HocBa,2020,,daniele15,
NTT,7310401,Tâm lý học,,15.00,,THPTQG,2020,,daniele15,
NTT,7310401,Tâm lý học,,550.00,,DGNL,2020,,daniele15,
NTT,7310608,Đông phương học,,6.00,,HocBa,2020,,daniele15,
NTT,7310608,Đông phương học,,15.00,,THPTQG,2020,,daniele15,
NTT,7310608,Đông phương học,,550.00,,DGNL,2020,,daniele15,
NTT,7310630,Việt Nam học,,6.00,,HocBa,2020,,daniele15,
NTT,7310630,Việt Nam học,,15.00,,THPTQG,2020,,daniele15,
NTT,7310630,Việt Nam học,,550.00,,DGNL,2020,,daniele15,
NTT,7320104,Truyền thông đa phương tiện,,6.00,,HocBa,2020,,daniele15,
NTT,7320104,Truyền thông đa phương tiện,,15.00,,THPTQG,2020,,daniele15,
NTT,7320104,Truyền thông đa phương tiện,,550.00,,DGNL,2020,,daniele15,
NTT,7320108,Quan hệ công chúng,,6.00,,HocBa,2020,,daniele15,
NTT,7320108,Quan hệ công chúng,,15.00,,THPTQG,2020,,daniele15,
NTT,7320108,Quan hệ công chúng,,550.00,,DGNL,2020,,daniele15,
NTT,7340101,Quản trị kinh doanh,,6.00,,HocBa,2020,,daniele15,
NTT,7340101,Quản trị kinh doanh,,16.00,,THPTQG,2020,,daniele15,
NTT,7340101,Quản trị kinh doanh,,550.00,,DGNL,2020,,daniele15,
NTT,7340115,Marketing,,6.00,,HocBa,2020,,daniele15,
NTT,7340115,Marketing,,15.00,,THPTQG,2020,,daniele15,
NTT,7340115,Marketing,,550.00,,DGNL,2020,,daniele15,
NTT,7340122,Thương mại điện tử,,6.00,,HocBa,2020,,daniele15,
NTT,7340122,Thương mại điện tử,,15.00,,THPTQG,2020,,daniele15,
NTT,7340122,Thương mại điện tử,,550.00,,DGNL,2020,,daniele15,
NTT,7340201,Tài chính - Ngân hàng,,6.00,,HocBa,2020,,daniele15,
NTT,7340201,Tài chính - Ngân hàng,,15.00,,THPTQG,2020,,daniele15,
NTT,7340201,Tài chính - Ngân hàng,,550.00,,DGNL,2020,,daniele15,
NTT,7340301,Kế toán,,6.00,,HocBa,2020,,daniele15,
NTT,7340301,Kế toán,,15.00,,THPTQG,2020,,daniele15,
NTT,7340301,Kế toán,,550.00,,DGNL,2020,,daniele15,
NTT,7340404,Quản trị nhân lực,,6.00,,HocBa,2020,,daniele15,
NTT,7340404,Quản trị nhân lực,,15.00,,THPTQG,2020,,daniele15,
NTT,7340404,Quản trị nhân lực,,550.00,,DGNL,2020,,daniele15,
NTT,7380107,Luật,,8.00,,HocBa,2020,Luật kinh tế,daniele15,
NTT,7380107,Luật,,15.00,,THPTQG,2020,Luật kinh tế,daniele15,
NTT,7380107,Luật,,550.00,,DGNL,2020,,daniele15,
NTT,7420201,Công nghệ sinh học,,6.00,,HocBa,2020,,daniele15,
NTT,7420201,Công nghệ sinh học,,15.00,,THPTQG,2020,,daniele15,
NTT,7420201,Công nghệ sinh học,,550.00,,DGNL,2020,,daniele15,
NTT,7480102,Mạng máy tính và Truyền thông dữ liệu,,6.00,,HocBa,2020,,daniele15,
NTT,7480103,Kỹ thuật phần mềm,,6.00,,HocBa,2020,,daniele15,
NTT,7480201,Công nghệ thông tin,,6.00,,HocBa,2020,,daniele15,
NTT,7480201,Công nghệ thông tin,,15.00,,THPTQG,2020,,daniele15,
NTT,7480201,Công nghệ thông tin,,550.00,,DGNL,2020,,daniele15,
NTT,7510203,Công nghệ kỹ thuật cơ điện tử,,6.00,,HocBa,2020,,daniele15,
NTT,7510203,Công nghệ kỹ thuật cơ điện tử,,15.00,,THPTQG,2020,,daniele15,
NTT,7510203,Công nghệ kỹ thuật cơ điện tử,,550.00,,DGNL,2020,,daniele15,
NTT,7510205,Công nghệ kỹ thuật ô tô,,6.00,,HocBa,2020,,daniele15,
NTT,7510205,Công nghệ kỹ thuật ô tô,,17.00,,THPTQG,2020,,daniele15,
NTT,7510205,Công nghệ kỹ thuật ô tô,,550.00,,DGNL,2020,,daniele15,
NTT,7510301,"Công nghệ kỹ thuật điện, điện tử",,6.00,,HocBa,2020,,daniele15,
NTT,7510301,"Công nghệ kỹ thuật điện, điện tử",,15.00,,THPTQG,2020,,daniele15,
NTT,7510301,"Công nghệ kỹ thuật điện, điện tử",,550.00,,DGNL,2020,,daniele15,
NTT,7510401,Công nghệ kỹ thuật hoá học,,6.00,,HocBa,2020,,daniele15,
NTT,7510401,Công nghệ kỹ thuật hoá học,,15.00,,THPTQG,2020,,daniele15,
NTT,7510401,Công nghệ kỹ thuật hoá học,,550.00,,DGNL,2020,,daniele15,
NTT,7510605,Logistics và Quản lý chuỗi cung ứng,,6.00,,HocBa,2020,,daniele15,
NTT,7510605,Logistics và Quản lý chuỗi cung ứng,,15.00,,THPTQG,2020,,daniele15,
NTT,7510605,Logistics và Quản lý chuỗi cung ứng,,550.00,,DGNL,2020,,daniele15,
NTT,7520118,Kỹ thuật hệ thống công nghiệp,,6.00,,HocBa,2020,,daniele15,
NTT,7520118,Kỹ thuật hệ thống công nghiệp,,15.00,,THPTQG,2020,,daniele15,
NTT,7520118,Kỹ thuật hệ thống công nghiệp,,550.00,,DGNL,2020,,daniele15,
NTT,7520212,Kỹ thuật y sinh,,6.00,,HocBa,2020,,daniele15,
NTT,7520212,Kỹ thuật y sinh,,15.00,,THPTQG,2020,,daniele15,
NTT,7520212,Kỹ thuật y sinh,,550.00,,DGNL,2020,,daniele15,
NTT,7520403,Vật lý y khoa,,6.00,,HocBa,2020,,daniele15,
NTT,7520403,Vật lý y khoa,,15.00,,THPTQG,2020,,daniele15,
NTT,7520403,Vật lý y khoa,,550.00,,DGNL,2020,,daniele15,
NTT,7540101,Công nghệ thực phẩm,,6.00,,HocBa,2020,,daniele15,
NTT,7540101,Công nghệ thực phẩm,,15.00,,THPTQG,2020,,daniele15,
NTT,7540101,Công nghệ thực phẩm,,550.00,,DGNL,2020,,daniele15,
NTT,7580101,Kiến trúc,,6.00,,HocBa,2020,,daniele15,
NTT,7580101,Kiến trúc,,15.00,,THPTQG,2020,,daniele15,
NTT,7580101,Kiến trúc,,550.00,,DGNL,2020,,daniele15,
NTT,7580108,Thiết kế nội thất,,6.00,,HocBa,2020,,daniele15,
NTT,7580108,Thiết kế nội thất,,15.00,,THPTQG,2020,,daniele15,
NTT,7580108,Thiết kế nội thất,,550.00,,DGNL,2020,,daniele15,
NTT,7580201,Kỹ thuật xây dựng,,6.00,,HocBa,2020,,daniele15,
NTT,7580201,Kỹ thuật xây dựng,,15.00,,THPTQG,2020,,daniele15,
NTT,7580201,Kỹ thuật xây dựng,,550.00,,DGNL,2020,,daniele15,
NTT,7720101,Y khoa,,8.00,,HocBa,2020,,daniele15,
NTT,7720101,Y khoa,,24.00,,THPTQG,2020,,daniele15,
NTT,7720101,Y khoa,,700.00,,DGNL,2020,,daniele15,
NTT,7720110,Y học dự phòng,,6.00,,HocBa,2020,,daniele15,
NTT,7720110,Y học dự phòng,,10.00,,THPTQG,2020,,daniele15,
NTT,7720110,Y học dự phòng,,550.00,,DGNL,2020,,daniele15,
NTT,7720201,Dược học,,8.00,,HocBa,2020,,daniele15,
NTT,7720201,Dược học,,21.00,,THPTQG,2020,,daniele15,
NTT,7720201,Dược học,,560.00,,DGNL,2020,,daniele15,
NTT,7720301,Điều dưỡng,,6.00,,HocBa,2020,,daniele15,
NTT,7720301,Điều dưỡng,,19.00,,THPTQG,2020,,daniele15,
NTT,7720301,Điều dưỡng,,550.00,,DGNL,2020,,daniele15,
NTT,7720601,Kỹ thuật xét nghiệm y học,,6.00,,HocBa,2020,,daniele15,
NTT,7720601,Kỹ thuật xét nghiệm y học,,19.00,,THPTQG,2020,,daniele15,
NTT,7720601,Kỹ thuật xét nghiệm y học,,550.00,,DGNL,2020,,daniele15,
NTT,7810101,Du lịch,A01,6.00,,HocBa,2020,,daniele15,
NTT,7810101,Du lịch,C00,6.00,,HocBa,2020,,daniele15,
NTT,7810101,Du lịch,D01,6.00,,HocBa,2020,,daniele15,
NTT,7810101,Du lịch,D14,6.00,,HocBa,2020,,daniele15,
NTT,7810101,Du lịch,A01,15.00,,THPTQG,2020,,daniele15,
NTT,7810101,Du lịch,C00,15.00,,THPTQG,2020,,daniele15,
NTT,7810101,Du lịch,D01,15.00,,THPTQG,2020,,daniele15,
NTT,7810101,Du lịch,D14,15.00,,THPTQG,2020,,daniele15,
NTT,7810201,Quản trị khách sạn,,6.00,,HocBa,2020,,daniele15,
NTT,7810201,Quản trị khách sạn,,16.00,,THPTQG,2020,,daniele15,
NTT,7810201,Quản trị khách sạn,,550.00,,DGNL,2020,,daniele15,
NTT,7810202,Quản trị nhà hàng và dịch vụ ăn uống,,6.00,,HocBa,2020,,daniele15,
NTT,7810202,Quản trị nhà hàng và dịch vụ ăn uống,,15.00,,THPTQG,2020,,daniele15,
NTT,7810202,Quản trị nhà hàng và dịch vụ ăn uống,,550.00,,DGNL,2020,,daniele15,
NTT,7850101,Quản lý tài nguyên và môi trường,,6.00,,HocBa,2020,,daniele15,
NTT,7850101,Quản lý tài nguyên và môi trường,,15.00,,THPTQG,2020,,daniele15,
NTT,7850101,Quản lý tài nguyên và môi trường,,550.00,,DGNL,2020,,daniele15,
NTU,7210403,Thiết kế đồ họa,C03,20.30,,THPTQG,2020,,daniele15,
NTU,7210403,Thiết kế đồ họa,C04,20.30,,THPTQG,2020,,daniele15,
NTU,7210403,Thiết kế đồ họa,C09,20.30,,THPTQG,2020,,daniele15,
NTU,7210403,Thiết kế đồ họa,H00,20.30,,THPTQG,2020,,daniele15,
NTU,7220201,Ngôn ngữ Anh,A01,23.50,,THPTQG,2020,"TA>=6.0, chương trình chuẩn",daniele15,
NTU,7220201,Ngôn ngữ Anh,D01,23.50,,THPTQG,2020,"TA>=6.0, chương trình chuẩn",daniele15,
NTU,7220201,Ngôn ngữ Anh,D14,23.50,,THPTQG,2020,"TA>=6.0, chương trình chuẩn",daniele15,
NTU,7220201,Ngôn ngữ Anh,D15,23.50,,THPTQG,2020,"TA>=6.0, chương trình chuẩn",daniele15,
NTU,7220209,Ngôn ngữ Nhật,A01,18.00,,THPTQG,2020,,daniele15,
NTU,7220209,Ngôn ngữ Nhật,C00,18.00,,THPTQG,2020,,daniele15,
NTU,7220209,Ngôn ngữ Nhật,D01,18.00,,THPTQG,2020,,daniele15,
NTU,7220209,Ngôn ngữ Nhật,D63,18.00,,THPTQG,2020,,daniele15,
NTU,7310101,Kinh tế,A00,17.00,,THPTQG,2020,,daniele15,
NTU,7310101,Kinh tế,D01,17.00,,THPTQG,2020,,daniele15,
NTU,7310101,Kinh tế,D07,17.00,,THPTQG,2020,,daniele15,
NTU,7310101,Kinh tế,D96,17.00,,THPTQG,2020,,daniele15,
NTU,7310105,Kinh tế,A00,19.00,,THPTQG,2020,,daniele15,
NTU,7310105,Kinh tế,A01,19.00,,THPTQG,2020,,daniele15,
NTU,7310105,Kinh tế,D01,19.00,,THPTQG,2020,,daniele15,
NTU,7310105,Kinh tế,D07,19.00,,THPTQG,2020,,daniele15,
NTU,7320108,Quan hệ công chúng,C00,19.75,,THPTQG,2020,,daniele15,
NTU,7320108,Quan hệ công chúng,C19,19.75,,THPTQG,2020,,daniele15,
NTU,7320108,Quan hệ công chúng,C20,19.75,,THPTQG,2020,,daniele15,
NTU,7320108,Quan hệ công chúng,D01,19.75,,THPTQG,2020,,daniele15,
NTU,7340101,Quản trị kinh doanh,A00,19.75,,THPTQG,2020,,daniele15,
NTU,7340101,Quản trị kinh doanh,A01,19.75,,THPTQG,2020,,daniele15,
NTU,7340101,Quản trị kinh doanh,D01,19.75,,THPTQG,2020,,daniele15,
NTU,7340101,Quản trị kinh doanh,D07,19.75,,THPTQG,2020,,daniele15,
NTU,7340101,Quản trị kinh doanh,A00,21.50,,THPTQG,2020,"TA>=4.0, chương trình chuẩn",daniele15,
NTU,7340101,Quản trị kinh doanh,A01,21.50,,THPTQG,2020,"TA>=4.0, chương trình chuẩn",daniele15,
NTU,7340101,Quản trị kinh doanh,D01,21.50,,THPTQG,2020,"TA>=4.0, chương trình chuẩn",daniele15,
NTU,7340101,Quản trị kinh doanh,D07,21.50,,THPTQG,2020,"TA>=4.0, chương trình chuẩn",daniele15,
NTU,7340101A,Quản trị kinh doanh,A01,21.00,,THPTQG,2020,"TA>=6.0,chương trình tiên tiến chất lượng cao",daniele15,
NTU,7340101A,Quản trị kinh doanh,D01,21.00,,THPTQG,2020,"TA>=6.0,chương trình tiên tiến chất lượng cao",daniele15,
NTU,7340101A,Quản trị kinh doanh,D07,21.00,,THPTQG,2020,"TA>=6.0,chương trình tiên tiến chất lượng cao",daniele15,
NTU,7340101A,Quản trị kinh doanh,D96,21.00,,THPTQG,2020,"TA>=6.0,chương trình tiên tiến chất lượng cao",daniele15,
NTU,7340115,Marketing,A00,21.00,,THPTQG,2020,,daniele15,
NTU,7340115,Marketing,A01,21.00,,THPTQG,2020,,daniele15,
NTU,7340115,Marketing,D01,21.00,,THPTQG,2020,,daniele15,
NTU,7340115,Marketing,D07,21.00,,THPTQG,2020,,daniele15,
NTU,7340121,Kinh doanh thương mại,A00,21.00,,THPTQG,2020,"TA>=4.0, chương trình chuẩn",daniele15,
NTU,7340121,Kinh doanh thương mại,A01,21.00,,THPTQG,2020,"TA>=4.0, chương trình chuẩn",daniele15,
NTU,7340121,Kinh doanh thương mại,D01,21.00,,THPTQG,2020,"TA>=4.0, chương trình chuẩn",daniele15,
NTU,7340121,Kinh doanh thương mại,D07,21.00,,THPTQG,2020,"TA>=4.0, chương trình chuẩn",daniele15,
NTU,7340201,Tài chính - Ngân hàng,A00,18.75,,THPTQG,2020,,daniele15,
NTU,7340201,Tài chính - Ngân hàng,A01,18.75,,THPTQG,2020,,daniele15,
NTU,7340201,Tài chính - Ngân hàng,D01,18.75,,THPTQG,2020,,daniele15,
NTU,7340201,Tài chính - Ngân hàng,D07,18.75,,THPTQG,2020,,daniele15,
NTU,7340201,Tài chính - Ngân hàng,A00,20.50,,THPTQG,2020,Chương trình chuẩn,daniele15,
NTU,7340201,Tài chính - Ngân hàng,A01,20.50,,THPTQG,2020,Chương trình chuẩn,daniele15,
NTU,7340201,Tài chính - Ngân hàng,D01,20.50,,THPTQG,2020,Chương trình chuẩn,daniele15,
NTU,7340201,Tài chính - Ngân hàng,D07,20.50,,THPTQG,2020,Chương trình chuẩn,daniele15,
NTU,7340301,Kế toán,A00,19.75,,THPTQG,2020,,daniele15,
NTU,7340301,Kế toán,A01,19.75,,THPTQG,2020,,daniele15,
NTU,7340301,Kế toán,D01,19.75,,THPTQG,2020,,daniele15,
NTU,7340301,Kế toán,D07,19.75,,THPTQG,2020,,daniele15,
NTU,7340301,Kế toán,A00,21.50,,THPTQG,2020,chương trình chuẩn,daniele15,
NTU,7340301,Kế toán,A01,21.50,,THPTQG,2020,chương trình chuẩn,daniele15,
NTU,7340301,Kế toán,D01,21.50,,THPTQG,2020,chương trình chuẩn,daniele15,
NTU,7340301,Kế toán,D07,21.50,,THPTQG,2020,chương trình chuẩn,daniele15,
NTU,7340301PHE,Kế toán,A01,21.00,,THPTQG,2020,"TA>=5.0,chương trình tiên tiến chất lượng cao",daniele15,
NTU,7340301PHE,Kế toán,D01,21.00,,THPTQG,2020,"TA>=5.0,chương trình tiên tiến chất lượng cao",daniele15,
NTU,7340301PHE,Kế toán,D07,21.00,,THPTQG,2020,"TA>=5.0,chương trình tiên tiến chất lượng cao",daniele15,
NTU,7340301PHE,Kế toán,D96,21.00,,THPTQG,2020,"TA>=5.0,chương trình tiên tiến chất lượng cao",daniele15,
NTU,7340405,Hệ thống thông tin quản lý,A00,17.00,,THPTQG,2020,,daniele15,
NTU,7380101,Luật,A01,19.00,,THPTQG,2020,,daniele15,
NTU,7380101,Luật,D01,19.00,,THPTQG,2020,,daniele15,
NTU,7380101,Luật,D07,19.00,,THPTQG,2020,,daniele15,
NTU,7380101,Luật,D96,19.00,,THPTQG,2020,,daniele15,
NTU,7420201,Công nghệ sinh học,A00,15.00,,THPTQG,2020,Chương trình chuẩn,daniele15,
NTU,7480101,Công nghệ thông tin,A00,19.50,,THPTQG,2020,,daniele15,
NTU,7480101,Công nghệ thông tin,A01,19.50,,THPTQG,2020,,daniele15,
NTU,7480101,Công nghệ thông tin,C04,19.50,,THPTQG,2020,,daniele15,
NTU,7480101,Công nghệ thông tin,D01,19.50,,THPTQG,2020,,daniele15,
NTU,7480201,Công nghệ thông tin,A00,19.00,,THPTQG,2020,,daniele15,
NTU,7480201,Công nghệ thông tin,A01,19.00,,THPTQG,2020,,daniele15,
NTU,7480201,Công nghệ thông tin,D01,19.00,,THPTQG,2020,,daniele15,
NTU,7480201,Công nghệ thông tin,D07,19.00,,THPTQG,2020,,daniele15,
NTU,7480201PHE,Công nghệ thông tin,A01,18.00,,THPTQG,2020,"TA>=5.0, chương trình tiên tiến chất lượng cao",daniele15,
NTU,7480201PHE,Công nghệ thông tin,D01,18.00,,THPTQG,2020,"TA>=5.0, chương trình tiên tiến chất lượng cao",daniele15,
NTU,7480201PHE,Công nghệ thông tin,D07,18.00,,THPTQG,2020,"TA>=5.0, chương trình tiên tiến chất lượng cao",daniele15,
NTU,7480201PHE,Công nghệ thông tin,D96,18.00,,THPTQG,2020,"TA>=5.0, chương trình tiên tiến chất lượng cao",daniele15,
NTU,7510102,Công nghệ kỹ thuật công trình xây dựng,A00,18.00,,THPTQG,2020,,daniele15,
NTU,7510102,Công nghệ kỹ thuật công trình xây dựng,A07,18.00,,THPTQG,2020,,daniele15,
NTU,7510102,Công nghệ kỹ thuật công trình xây dựng,C01,18.00,,THPTQG,2020,,daniele15,
NTU,7510102,Công nghệ kỹ thuật công trình xây dựng,C04,18.00,,THPTQG,2020,,daniele15,
NTU,7510202,Công nghệ chế tạo máy,A00,15.00,,THPTQG,2020,,daniele15,
NTU,7510202,Công nghệ chế tạo máy,A01,15.00,,THPTQG,2020,,daniele15,
NTU,7510202,Công nghệ chế tạo máy,C01,15.00,,THPTQG,2020,,daniele15,
NTU,7510202,Công nghệ chế tạo máy,D07,15.00,,THPTQG,2020,,daniele15,
NTU,7510301,"Công nghệ kỹ thuật điện, điện tử",A00,16.00,,THPTQG,2020,,daniele15,
NTU,7510301,"Công nghệ kỹ thuật điện, điện tử",A01,16.00,,THPTQG,2020,,daniele15,
NTU,7510301,"Công nghệ kỹ thuật điện, điện tử",C01,16.00,,THPTQG,2020,,daniele15,
NTU,7510301,"Công nghệ kỹ thuật điện, điện tử",D07,16.00,,THPTQG,2020,,daniele15,
NTU,7520103,Kỹ thuật cơ khí,A00,15.50,,THPTQG,2020,Chương trình chuẩn,daniele15,
NTU,7520103,Kỹ thuật cơ khí,A01,15.50,,THPTQG,2020,Chương trình chuẩn,daniele15,
NTU,7520103,Kỹ thuật cơ khí,C01,15.50,,THPTQG,2020,Chương trình chuẩn,daniele15,
NTU,7520103,Kỹ thuật cơ khí,D07,15.50,,THPTQG,2020,Chương trình chuẩn,daniele15,
NTU,7520114,Kỹ thuật cơ điện tử,A00,15.00,,THPTQG,2020,Chương trình chuẩn,daniele15,
NTU,7520114,Kỹ thuật cơ điện tử,A01,15.00,,THPTQG,2020,Chương trình chuẩn,daniele15,
NTU,7520114,Kỹ thuật cơ điện tử,C01,15.00,,THPTQG,2020,Chương trình chuẩn,daniele15,
NTU,7520114,Kỹ thuật cơ điện tử,D07,15.00,,THPTQG,2020,Chương trình chuẩn,daniele15,
NTU,7520115,Công nghệ Kỹ thuật Nhiệt (Cơ điện lạnh),A00,15.00,,THPTQG,2020,Kỹ thuật nhiệt,daniele15,
NTU,7520115,Công nghệ Kỹ thuật Nhiệt (Cơ điện lạnh),A01,15.00,,THPTQG,2020,Kỹ thuật nhiệt,daniele15,
NTU,7520115,Công nghệ Kỹ thuật Nhiệt (Cơ điện lạnh),C01,15.00,,THPTQG,2020,Kỹ thuật nhiệt,daniele15,
NTU,7520115,Công nghệ Kỹ thuật Nhiệt (Cơ điện lạnh),D07,15.00,,THPTQG,2020,Kỹ thuật nhiệt,daniele15,
NTU,7520116,Kỹ thuật cơ khí động lực,A00,15.00,,THPTQG,2020,Chương trình chuẩn,daniele15,
NTU,7520116,Kỹ thuật cơ khí động lực,A01,15.00,,THPTQG,2020,Chương trình chuẩn,daniele15,
NTU,7520116,Kỹ thuật cơ khí động lực,C01,15.00,,THPTQG,2020,Chương trình chuẩn,daniele15,
NTU,7520116,Kỹ thuật cơ khí động lực,D07,15.00,,THPTQG,2020,Chương trình chuẩn,daniele15,
NTU,7520122,Kỹ thuật tàu thuỷ,A00,15.50,,THPTQG,2020,,daniele15,
NTU,7520122,Kỹ thuật tàu thuỷ,A01,15.50,,THPTQG,2020,,daniele15,
NTU,7520122,Kỹ thuật tàu thuỷ,C01,15.50,,THPTQG,2020,,daniele15,
NTU,7520122,Kỹ thuật tàu thuỷ,D07,15.50,,THPTQG,2020,,daniele15,
NTU,7520130,Kỹ thuật ô tô,A00,20.00,,THPTQG,2020,,daniele15,
NTU,7520130,Kỹ thuật ô tô,A01,20.00,,THPTQG,2020,,daniele15,
NTU,7520130,Kỹ thuật ô tô,C01,20.00,,THPTQG,2020,,daniele15,
NTU,7520130,Kỹ thuật ô tô,D07,20.00,,THPTQG,2020,,daniele15,
NTU,7520301,Kỹ thuật hoá học,A00,15.00,,THPTQG,2020,,daniele15,
NTU,7520301,Kỹ thuật hoá học,A01,15.00,,THPTQG,2020,,daniele15,
NTU,7520301,Kỹ thuật hoá học,B00,15.00,,THPTQG,2020,,daniele15,
NTU,7520301,Kỹ thuật hoá học,D07,15.00,,THPTQG,2020,,daniele15,
NTU,7520320,Kỹ thuật môi trường,B00,15.00,,THPTQG,2020,Chương trình chuẩn,daniele15,
NTU,7520320,Kỹ thuật môi trường,B01,15.00,,THPTQG,2020,Chương trình chuẩn,daniele15,
NTU,7520320,Kỹ thuật môi trường,B02,15.00,,THPTQG,2020,Chương trình chuẩn,daniele15,
NTU,7520320,Kỹ thuật môi trường,B03,15.00,,THPTQG,2020,Chương trình chuẩn,daniele15,
NTU,7520320,Kỹ thuật môi trường,B00,18.00,,THPTQG,2020,,daniele15,
NTU,7520320,Kỹ thuật môi trường,B01,18.00,,THPTQG,2020,,daniele15,
NTU,7520320,Kỹ thuật môi trường,B02,18.00,,THPTQG,2020,,daniele15,
NTU,7520320,Kỹ thuật môi trường,B03,18.00,,THPTQG,2020,,daniele15,
NTU,7540101,Công nghệ thực phẩm,A00,16.50,,THPTQG,2020,,daniele15,
NTU,7540101,Công nghệ thực phẩm,A01,16.50,,THPTQG,2020,,daniele15,
NTU,7540101,Công nghệ thực phẩm,B00,16.50,,THPTQG,2020,,daniele15,
NTU,7540101,Công nghệ thực phẩm,D07,16.50,,THPTQG,2020,,daniele15,
NTU,7540105,Công nghệ chế biến thuỷ sản,A00,15.00,,THPTQG,2020,,daniele15,
NTU,7540105,Công nghệ chế biến thuỷ sản,A01,15.00,,THPTQG,2020,,daniele15,
NTU,7540105,Công nghệ chế biến thuỷ sản,B00,15.00,,THPTQG,2020,,daniele15,
NTU,7540105,Công nghệ chế biến thuỷ sản,D07,15.00,,THPTQG,2020,,daniele15,
NTU,7580101,Kiến trúc,A00,15.00,,THPTQG,2020,,daniele15,
NTU,7580101,Kiến trúc,A07,15.00,,THPTQG,2020,,daniele15,
NTU,7580101,Kiến trúc,V00,15.00,,THPTQG,2020,,daniele15,
NTU,7580108,Thiết kế nội thất,C03,18.00,,THPTQG,2020,,daniele15,
NTU,7580108,Thiết kế nội thất,C04,18.00,,THPTQG,2020,,daniele15,
NTU,7580108,Thiết kế nội thất,C09,18.00,,THPTQG,2020,,daniele15,
NTU,7580108,Thiết kế nội thất,H00,18.00,,THPTQG,2020,,daniele15,
NTU,7580201,Kỹ thuật xây dựng,A00,16.00,,THPTQG,2020,,daniele15,
NTU,7580201,Kỹ thuật xây dựng,A01,16.00,,THPTQG,2020,,daniele15,
NTU,7580201,Kỹ thuật xây dựng,C01,16.00,,THPTQG,2020,,daniele15,
NTU,7580201,Kỹ thuật xây dựng,D07,16.00,,THPTQG,2020,,daniele15,
NTU,7620301,Nuôi trồng thuỷ sản,A00,15.00,,THPTQG,2020,Chương trình chuẩn,daniele15,
NTU,7620301,Nuôi trồng thuỷ sản,A01,15.00,,THPTQG,2020,Chương trình chuẩn,daniele15,
NTU,7620301,Nuôi trồng thuỷ sản,B00,15.00,,THPTQG,2020,Chương trình chuẩn,daniele15,
NTU,7620301,Nuôi trồng thuỷ sản,D07,15.00,,THPTQG,2020,Chương trình chuẩn,daniele15,
NTU,7620304,Khai thác thuỷ sản,A00,15.00,,THPTQG,2020,Chương trình chuẩn,daniele15,
NTU,7620304,Khai thác thuỷ sản,A01,15.00,,THPTQG,2020,Chương trình chuẩn,daniele15,
NTU,7620304,Khai thác thuỷ sản,B00,15.00,,THPTQG,2020,Chương trình chuẩn,daniele15,
NTU,7620304,Khai thác thuỷ sản,D07,15.00,,THPTQG,2020,Chương trình chuẩn,daniele15,
NTU,7620305,Quản lý thủy sản,A00,16.00,,THPTQG,2020,Chương trình chuẩn,daniele15,
NTU,7620305,Quản lý thủy sản,A01,16.00,,THPTQG,2020,Chương trình chuẩn,daniele15,
NTU,7620305,Quản lý thủy sản,B00,16.00,,THPTQG,2020,Chương trình chuẩn,daniele15,
NTU,7620305,Quản lý thủy sản,D07,16.00,,THPTQG,2020,Chương trình chuẩn,daniele15,
NTU,7810103,Quản trị dịch vụ du lịch và lữ hành,A00,21.00,,THPTQG,2020,"TA>=5.0, chương trình chuẩn",daniele15,
NTU,7810103,Quản trị dịch vụ du lịch và lữ hành,A01,21.00,,THPTQG,2020,"TA>=5.0, chương trình chuẩn",daniele15,
NTU,7810103,Quản trị dịch vụ du lịch và lữ hành,D01,21.00,,THPTQG,2020,"TA>=5.0, chương trình chuẩn",daniele15,
NTU,7810103,Quản trị dịch vụ du lịch và lữ hành,D07,21.00,,THPTQG,2020,"TA>=5.0, chương trình chuẩn",daniele15,
NTU,7810103P,Quản trị dịch vụ du lịch và lữ hành,D03,18.00,,THPTQG,2020,,daniele15,
NTU,7810103P,Quản trị dịch vụ du lịch và lữ hành,D97,18.00,,THPTQG,2020,,daniele15,
NTU,7810201,Quản trị khách sạn,A00,22.00,,THPTQG,2020,,daniele15,
NTU,7810201,Quản trị khách sạn,A01,22.00,,THPTQG,2020,,daniele15,
NTU,7810201,Quản trị khách sạn,D07,22.00,,THPTQG,2020,,daniele15,
NTU,7810201,Quản trị khách sạn,D96,22.00,,THPTQG,2020,,daniele15,
NTU,7810201PHE,Quản trị khách sạn,A01,22.00,,THPTQG,2020,"TA>=6.0, chương trình tiên tiến chất lượng cao",daniele15,
NTU,7810201PHE,Quản trị khách sạn,D01,22.00,,THPTQG,2020,"TA>=6.0, chương trình tiên tiến chất lượng cao",daniele15,
NTU,7810201PHE,Quản trị khách sạn,D07,22.00,,THPTQG,2020,"TA>=6.0, chương trình tiên tiến chất lượng cao",daniele15,
NTU,7810201PHE,Quản trị khách sạn,D96,22.00,,THPTQG,2020,"TA>=6.0, chương trình tiên tiến chất lượng cao",daniele15,
NTU,7840106,Khoa học hàng hải,A00,15.00,,THPTQG,2020,,daniele15,
NTU,7840106,Khoa học hàng hải,A01,15.00,,THPTQG,2020,,daniele15,
NTU,7840106,Khoa học hàng hải,C01,15.00,,THPTQG,2020,,daniele15,
NTU,7840106,Khoa học hàng hải,D07,15.00,,THPTQG,2020,,daniele15,
PBH,7860205,Chỉ huy tham mưu Pháo binh,A00,22.10,,THPTQG,2020,Thí sinh Nam miền Nam,daniele15,
PBH,7860205,Chỉ huy tham mưu Pháo binh,A01,22.10,,THPTQG,2020,Thí sinh Nam miền Nam,daniele15,
PBH,7860205,Chỉ huy tham mưu Pháo binh,A00,24.40,,THPTQG,2020,Thí sinh Nam miền BắcThí sinh mức 24.40 điểm:- Tcp1: môn Toán >=8.4- Tcp2: môn Lý >=8.25,daniele15,
PBH,7860205,Chỉ huy tham mưu Pháo binh,A01,24.40,,THPTQG,2020,Thí sinh Nam miền BắcThí sinh mức 24.40 điểm:- Tcp1: môn Toán >=8.4- Tcp2: môn Lý >=8.25,daniele15,
PCH,7860113,Công an,A00,21.43,,THPTQG,2020,Điểm thi TN THPT ( đối với nam),daniele15,
PCH,7860113,Công an,A00,27.11,,THPTQG,2020,Nam phía Bắc,daniele15,
PCH,7860113,Công an,A00,27.65,,THPTQG,2020,Nữ phía Bắc,daniele15,
PCH,7860113,Công an,A00,28.39,,THPTQG,2020,Nữ phía Bắc,daniele15,
PCH,7860113DS,Hệ dân sự,A00,13.00,,THPTQG,2020,,daniele15,
PKA,BIO1,Công nghệ sinh học,A00,17.00,,THPTQG,2020,,daniele15,
PKA,BIO1,Công nghệ sinh học,A01,17.00,,THPTQG,2020,,daniele15,
PKA,BIO1,Công nghệ sinh học,B00,17.00,,THPTQG,2020,,daniele15,
PKA,BIO1,Công nghệ sinh học,D07,17.00,,THPTQG,2020,,daniele15,
PKA,CHE1,Kỹ thuật hoá học,A00,17.00,,THPTQG,2020,,daniele15,
PKA,CHE1,Kỹ thuật hoá học,A01,17.00,,THPTQG,2020,,daniele15,
PKA,CHE1,Kỹ thuật hoá học,B00,17.00,,THPTQG,2020,,daniele15,
PKA,CHE1,Kỹ thuật hoá học,D07,17.00,,THPTQG,2020,,daniele15,
PKA,EEE-A1,Kỹ thuật điều khiển và tự động hoá,A00,22.00,,THPTQG,2020,,daniele15,
PKA,EEE-A1,Kỹ thuật điều khiển và tự động hoá,A01,22.00,,THPTQG,2020,,daniele15,
PKA,EEE-A1,Kỹ thuật điều khiển và tự động hoá,C00,22.00,,THPTQG,2020,,daniele15,
PKA,EEE-A1,Kỹ thuật điều khiển và tự động hoá,D07,22.00,,THPTQG,2020,,daniele15,
PKA,EEE1,Kỹ thuật điều khiển và tự động hoá,A00,21.30,,THPTQG,2020,,daniele15,
PKA,EEE1,Kỹ thuật điều khiển và tự động hoá,A01,21.30,,THPTQG,2020,,daniele15,
PKA,EEE1,Kỹ thuật điều khiển và tự động hoá,C01,21.30,,THPTQG,2020,,daniele15,
PKA,EEE1,Kỹ thuật điều khiển và tự động hoá,D07,21.30,,THPTQG,2020,,daniele15,
PKA,EEE2,Kỹ thuật y sinh,A00,20.40,,THPTQG,2020,,daniele15,
PKA,EEE2,Kỹ thuật y sinh,A01,20.40,,THPTQG,2020,,daniele15,
PKA,EEE2,Kỹ thuật y sinh,B00,20.40,,THPTQG,2020,,daniele15,
PKA,EEE2,Kỹ thuật y sinh,B08,20.40,,THPTQG,2020,,daniele15,
PKA,EEE3,Kỹ thuật điện tử - viễn thông,A00,20.00,,THPTQG,2020,,daniele15,
PKA,EEE3,Kỹ thuật điện tử - viễn thông,A01,20.00,,THPTQG,2020,,daniele15,
PKA,EEE3,Kỹ thuật điện tử - viễn thông,C01,20.00,,THPTQG,2020,,daniele15,
PKA,EEE3,Kỹ thuật điện tử - viễn thông,D07,20.00,,THPTQG,2020,,daniele15,
PKA,FBE1,Quản trị kinh doanh,A00,18.50,,THPTQG,2020,,daniele15,
PKA,FBE1,Quản trị kinh doanh,A01,18.50,,THPTQG,2020,,daniele15,
PKA,FBE1,Quản trị kinh doanh,C01,18.50,,THPTQG,2020,,daniele15,
PKA,FBE1,Quản trị kinh doanh,D07,18.50,,THPTQG,2020,,daniele15,
PKA,FBE2,Kế toán,A00,18.50,,THPTQG,2020,,daniele15,
PKA,FBE2,Kế toán,A01,18.50,,THPTQG,2020,,daniele15,
PKA,FBE2,Kế toán,C01,18.50,,THPTQG,2020,,daniele15,
PKA,FBE2,Kế toán,D07,18.50,,THPTQG,2020,,daniele15,
PKA,FBE3,Tài chính - Ngân hàng,A00,18.50,,THPTQG,2020,,daniele15,
PKA,FBE3,Tài chính - Ngân hàng,A01,18.50,,THPTQG,2020,,daniele15,
PKA,FBE3,Tài chính - Ngân hàng,C01,18.50,,THPTQG,2020,,daniele15,
PKA,FBE3,Tài chính - Ngân hàng,D07,18.50,,THPTQG,2020,,daniele15,
PKA,FLE1,Ngôn ngữ Anh,D01,18.25,,THPTQG,2020,,daniele15,
PKA,FLE1,Ngôn ngữ Anh,D14,18.25,,THPTQG,2020,,daniele15,
PKA,FLE1,Ngôn ngữ Anh,D15,18.25,,THPTQG,2020,,daniele15,
PKA,FLE1,Ngôn ngữ Anh,D66,18.25,,THPTQG,2020,,daniele15,
PKA,ICT-VJ,Công nghệ thông tin,A00,19.50,,THPTQG,2020,Chương trình đào tạo công nghệ thông tin Việt Nhật,daniele15,
PKA,ICT-VJ,Công nghệ thông tin,A01,19.50,,THPTQG,2020,Chương trình đào tạo công nghệ thông tin Việt Nhật,daniele15,
PKA,ICT-VJ,Công nghệ thông tin,D07,19.50,,THPTQG,2020,Chương trình đào tạo công nghệ thông tin Việt Nhật,daniele15,
PKA,ICT1,Công nghệ thông tin,A00,19.50,,THPTQG,2020,,daniele15,
PKA,ICT1,Công nghệ thông tin,A01,19.50,,THPTQG,2020,,daniele15,
PKA,ICT1,Công nghệ thông tin,D07,19.50,,THPTQG,2020,,daniele15,
PKA,ICT1,Công nghệ thông tin,D28,19.50,,THPTQG,2020,,daniele15,
PKA,MEM1,Kỹ thuật cơ điện tử,A00,17.00,,THPTQG,2020,,daniele15,
PKA,MEM1,Kỹ thuật cơ điện tử,A01,17.00,,THPTQG,2020,,daniele15,
PKA,MEM1,Kỹ thuật cơ điện tử,C01,17.00,,THPTQG,2020,,daniele15,
PKA,MEM1,Kỹ thuật cơ điện tử,D07,17.00,,THPTQG,2020,,daniele15,
PKA,MSE1,Vật liệu tiên tiến và Công nghệ nano,A00,18.00,,THPTQG,2020,,daniele15,
PKA,MSE1,Vật liệu tiên tiến và Công nghệ nano,A01,18.00,,THPTQG,2020,,daniele15,
PKA,MSE1,Vật liệu tiên tiến và Công nghệ nano,C01,18.00,,THPTQG,2020,,daniele15,
PKA,MSE1,Vật liệu tiên tiến và Công nghệ nano,D07,18.00,,THPTQG,2020,,daniele15,
PKA,MTT1,Kỹ thuật xét nghiệm y học,A00,19.00,,THPTQG,2020,,daniele15,
PKA,MTT1,Kỹ thuật xét nghiệm y học,A02,19.00,,THPTQG,2020,,daniele15,
PKA,MTT1,Kỹ thuật xét nghiệm y học,B00,19.00,,THPTQG,2020,,daniele15,
PKA,MTT1,Kỹ thuật xét nghiệm y học,D07,19.00,,THPTQG,2020,,daniele15,
PKA,NUR1,Điều dưỡng,A00,19.00,,THPTQG,2020,,daniele15,
PKA,NUR1,Điều dưỡng,A02,19.00,,THPTQG,2020,,daniele15,
PKA,NUR1,Điều dưỡng,B00,19.00,,THPTQG,2020,,daniele15,
PKA,NUR1,Điều dưỡng,D07,19.00,,THPTQG,2020,,daniele15,
PKA,PHA1,Dược học,A00,21.00,,THPTQG,2020,,daniele15,
PKA,PHA1,Dược học,A02,21.00,,THPTQG,2020,,daniele15,
PKA,PHA1,Dược học,B00,21.00,,THPTQG,2020,,daniele15,
PKA,PHA1,Dược học,D07,21.00,,THPTQG,2020,,daniele15,
PKA,RET1,Kỹ thuật phục hồi chức năng,A00,19.00,,THPTQG,2020,,daniele15,
PKA,RET1,Kỹ thuật phục hồi chức năng,A02,19.00,,THPTQG,2020,,daniele15,
PKA,RET1,Kỹ thuật phục hồi chức năng,B00,19.00,,THPTQG,2020,,daniele15,
PKA,RET1,Kỹ thuật phục hồi chức năng,D07,19.00,,THPTQG,2020,,daniele15,
PKA,VEE1,Kỹ thuật ô tô,A00,18.00,,THPTQG,2020,,daniele15,
PKA,VEE1,Kỹ thuật ô tô,A01,18.00,,THPTQG,2020,,daniele15,
PKA,VEE1,Kỹ thuật ô tô,C01,18.00,,THPTQG,2020,,daniele15,
PKA,VEE1,Kỹ thuật ô tô,D07,18.00,,THPTQG,2020,,daniele15,
PKH,7520120,Kỹ thuật Hàng không,A00,22.90,,THPTQG,2020,Thí sinh Nam miền Nam,daniele15,
PKH,7520120,Kỹ thuật Hàng không,A01,22.90,,THPTQG,2020,Thí sinh Nam miền Nam,daniele15,
PKH,7520120,Kỹ thuật Hàng không,A00,25.85,,THPTQG,2020,Thí sinh Nam miền Bắc,daniele15,
PKH,7520120,Kỹ thuật Hàng không,A01,25.85,,THPTQG,2020,Thí sinh Nam miền Bắc,daniele15,
PKH,7860226,Chỉ huy kỹ thuật Phòng không,A00,22.90,,THPTQG,2020,Thí sinh Nam miền Nam,daniele15,
PKH,7860226,Chỉ huy kỹ thuật Phòng không,A01,22.90,,THPTQG,2020,Thí sinh Nam miền Nam,daniele15,
PKH,7860226,Chỉ huy kỹ thuật Phòng không,A00,24.40,,THPTQG,2020,Thí sinh Nam miền Bắc,daniele15,
PKH,7860226,Chỉ huy kỹ thuật Phòng không,A01,24.40,,THPTQG,2020,Thí sinh Nam miền Bắc,daniele15,
QHD,7900101,Quản trị doanh nghiệp và công nghệ,A00,18.35,,THPTQG,2020,điểm tiếng anh >=5,daniele15,
QHD,7900101,Quản trị doanh nghiệp và công nghệ,A01,18.35,,THPTQG,2020,điểm tiếng anh >=5,daniele15,
QHD,7900101,Quản trị doanh nghiệp và công nghệ,D01,18.35,,THPTQG,2020,điểm tiếng anh >=5,daniele15,
QHD,7900101,Quản trị doanh nghiệp và công nghệ,D03,18.35,,THPTQG,2020,điểm tiếng anh >=5,daniele15,
QHD,7900101,Quản trị doanh nghiệp và công nghệ,D04,18.35,,THPTQG,2020,điểm tiếng anh >=5,daniele15,
QHD,7900101,Quản trị doanh nghiệp và công nghệ,D90,18.35,,THPTQG,2020,điểm tiếng anh >=5,daniele15,
QHD,7900101,Quản trị doanh nghiệp và công nghệ,D91,18.35,,THPTQG,2020,điểm tiếng anh >=5,daniele15,
QHD,7900101,Quản trị doanh nghiệp và công nghệ,D95,18.35,,THPTQG,2020,điểm tiếng anh >=5,daniele15,
QHD,7900102,Marketing và Truyền thông,D01,17.20,,THPTQG,2020,,daniele15,
QHD,7900102,Marketing và Truyền thông,D09,17.20,,THPTQG,2020,,daniele15,
QHD,7900102,Marketing và Truyền thông,D10,17.20,,THPTQG,2020,,daniele15,
QHD,7900102,Marketing và Truyền thông,D96,17.20,,THPTQG,2020,,daniele15,
QHE,QHE40,Quản trị kinh doanh,A01,33.45,40,THPTQG,2020,"Thang điểm 40, điểm tiếng anh tối thiểu 4/10 và nhân hệ số 2, đáp ứng tiêu chí phụ được công bố tại đề án | thang 40 (suy ra)",daniele15,
QHE,QHE40,Quản trị kinh doanh,D01,33.45,40,THPTQG,2020,"Thang điểm 40, điểm tiếng anh tối thiểu 4/10 và nhân hệ số 2, đáp ứng tiêu chí phụ được công bố tại đề án | thang 40 (suy ra)",daniele15,
QHE,QHE40,Quản trị kinh doanh,D09,33.45,40,THPTQG,2020,"Thang điểm 40, điểm tiếng anh tối thiểu 4/10 và nhân hệ số 2, đáp ứng tiêu chí phụ được công bố tại đề án | thang 40 (suy ra)",daniele15,
QHE,QHE40,Quản trị kinh doanh,D10,33.45,40,THPTQG,2020,"Thang điểm 40, điểm tiếng anh tối thiểu 4/10 và nhân hệ số 2, đáp ứng tiêu chí phụ được công bố tại đề án | thang 40 (suy ra)",daniele15,
QHE,QHE41,Tài chính - Ngân hàng,A01,32.72,40,THPTQG,2020,"Thang điểm 40, điểm tiếng anh tối thiểu 4/10 và nhân hệ số 2, đáp ứng tiêu chí phụ được công bố tại đề án | thang 40 (suy ra)",daniele15,
QHE,QHE41,Tài chính - Ngân hàng,D01,32.72,40,THPTQG,2020,"Thang điểm 40, điểm tiếng anh tối thiểu 4/10 và nhân hệ số 2, đáp ứng tiêu chí phụ được công bố tại đề án | thang 40 (suy ra)",daniele15,
QHE,QHE41,Tài chính - Ngân hàng,D09,32.72,40,THPTQG,2020,"Thang điểm 40, điểm tiếng anh tối thiểu 4/10 và nhân hệ số 2, đáp ứng tiêu chí phụ được công bố tại đề án | thang 40 (suy ra)",daniele15,
QHE,QHE41,Tài chính - Ngân hàng,D10,32.72,40,THPTQG,2020,"Thang điểm 40, điểm tiếng anh tối thiểu 4/10 và nhân hệ số 2, đáp ứng tiêu chí phụ được công bố tại đề án | thang 40 (suy ra)",daniele15,
QHE,QHE42,Kế toán,A01,32.60,40,THPTQG,2020,"Thang điểm 40, điểm tiếng anh tối thiểu 4/10 và nhân hệ số 2, đáp ứng tiêu chí phụ được công bố tại đề án | thang 40 (suy ra)",daniele15,
QHE,QHE42,Kế toán,D01,32.60,40,THPTQG,2020,"Thang điểm 40, điểm tiếng anh tối thiểu 4/10 và nhân hệ số 2, đáp ứng tiêu chí phụ được công bố tại đề án | thang 40 (suy ra)",daniele15,
QHE,QHE42,Kế toán,D09,32.60,40,THPTQG,2020,"Thang điểm 40, điểm tiếng anh tối thiểu 4/10 và nhân hệ số 2, đáp ứng tiêu chí phụ được công bố tại đề án | thang 40 (suy ra)",daniele15,
QHE,QHE42,Kế toán,D10,32.60,40,THPTQG,2020,"Thang điểm 40, điểm tiếng anh tối thiểu 4/10 và nhân hệ số 2, đáp ứng tiêu chí phụ được công bố tại đề án | thang 40 (suy ra)",daniele15,
QHE,QHE43,Kinh tế,A01,34.50,40,THPTQG,2020,"Thang điểm 40, điểm tiếng anh tối thiểu 4/10 và nhân hệ số 2, đáp ứng tiêu chí phụ được công bố tại đề án | thang 40 (suy ra)",daniele15,
QHE,QHE43,Kinh tế,D01,34.50,40,THPTQG,2020,"Thang điểm 40, điểm tiếng anh tối thiểu 4/10 và nhân hệ số 2, đáp ứng tiêu chí phụ được công bố tại đề án | thang 40 (suy ra)",daniele15,
QHE,QHE43,Kinh tế,D09,34.50,40,THPTQG,2020,"Thang điểm 40, điểm tiếng anh tối thiểu 4/10 và nhân hệ số 2, đáp ứng tiêu chí phụ được công bố tại đề án | thang 40 (suy ra)",daniele15,
QHE,QHE43,Kinh tế,D10,34.50,40,THPTQG,2020,"Thang điểm 40, điểm tiếng anh tối thiểu 4/10 và nhân hệ số 2, đáp ứng tiêu chí phụ được công bố tại đề án | thang 40 (suy ra)",daniele15,
QHE,QHE44,Kinh tế,A01,32.47,40,THPTQG,2020,"Thang điểm 40, điểm tiếng anh tối thiểu 4/10 và nhân hệ số 2, đáp ứng tiêu chí phụ được công bố tại đề án | thang 40 (suy ra)",daniele15,
QHE,QHE44,Kinh tế,D01,32.47,40,THPTQG,2020,"Thang điểm 40, điểm tiếng anh tối thiểu 4/10 và nhân hệ số 2, đáp ứng tiêu chí phụ được công bố tại đề án | thang 40 (suy ra)",daniele15,
QHE,QHE44,Kinh tế,D09,32.47,40,THPTQG,2020,"Thang điểm 40, điểm tiếng anh tối thiểu 4/10 và nhân hệ số 2, đáp ứng tiêu chí phụ được công bố tại đề án | thang 40 (suy ra)",daniele15,
QHE,QHE44,Kinh tế,D10,32.47,40,THPTQG,2020,"Thang điểm 40, điểm tiếng anh tối thiểu 4/10 và nhân hệ số 2, đáp ứng tiêu chí phụ được công bố tại đề án | thang 40 (suy ra)",daniele15,
QHE,QHE45,Kinh tế,A00,31.73,40,THPTQG,2020,"Thang điểm 40, điểm tiếng anh tối thiểu 4/10 và nhân hệ số 2, đáp ứng tiêu chí phụ được công bố tại đề án | thang 40 (suy ra)",daniele15,
QHE,QHE45,Kinh tế,A01,31.73,40,THPTQG,2020,"Thang điểm 40, điểm tiếng anh tối thiểu 4/10 và nhân hệ số 2, đáp ứng tiêu chí phụ được công bố tại đề án | thang 40 (suy ra)",daniele15,
QHE,QHE45,Kinh tế,C04,31.73,40,THPTQG,2020,"Thang điểm 40, điểm tiếng anh tối thiểu 4/10 và nhân hệ số 2, đáp ứng tiêu chí phụ được công bố tại đề án | thang 40 (suy ra)",daniele15,
QHE,QHE45,Kinh tế,D01,31.73,40,THPTQG,2020,"Thang điểm 40, điểm tiếng anh tối thiểu 4/10 và nhân hệ số 2, đáp ứng tiêu chí phụ được công bố tại đề án | thang 40 (suy ra)",daniele15,
QHE,QHE80,Quản trị kinh doanh,A01,30.75,40,THPTQG,2020,"Thang điểm 40, điểm tiếng anh tối thiểu 6.5/10 và nhân hệ số 2 | thang 40 (suy ra)",daniele15,
QHE,QHE80,Quản trị kinh doanh,D01,30.75,40,THPTQG,2020,"Thang điểm 40, điểm tiếng anh tối thiểu 6.5/10 và nhân hệ số 2 | thang 40 (suy ra)",daniele15,
QHE,QHE80,Quản trị kinh doanh,D07,30.75,40,THPTQG,2020,"Thang điểm 40, điểm tiếng anh tối thiểu 6.5/10 và nhân hệ số 2 | thang 40 (suy ra)",daniele15,
QHE,QHE80,Quản trị kinh doanh,D08,30.75,40,THPTQG,2020,"Thang điểm 40, điểm tiếng anh tối thiểu 6.5/10 và nhân hệ số 2 | thang 40 (suy ra)",daniele15,
QHF,7140231,Sư phạm Tiếng Anh,D01,35.38,40,THPTQG,2020,thang 40 (suy ra),daniele15,
QHF,7140231,Sư phạm Tiếng Anh,D78,35.38,40,THPTQG,2020,thang 40 (suy ra),daniele15,
QHF,7140231,Sư phạm Tiếng Anh,D90,35.38,40,THPTQG,2020,thang 40 (suy ra),daniele15,
QHF,7140234,Sư phạm Tiếng Trung Quốc,D01,36.08,40,THPTQG,2020,thang 40 (suy ra),daniele15,
QHF,7140234,Sư phạm Tiếng Trung Quốc,D04,36.08,40,THPTQG,2020,thang 40 (suy ra),daniele15,
QHF,7140234,Sư phạm Tiếng Trung Quốc,D78,36.08,40,THPTQG,2020,thang 40 (suy ra),daniele15,
QHF,7140234,Sư phạm Tiếng Trung Quốc,D90,36.08,40,THPTQG,2020,thang 40 (suy ra),daniele15,
QHF,7140236,Sư phạm Tiếng Nhật,D01,35.66,40,THPTQG,2020,thang 40 (suy ra),daniele15,
QHF,7140236,Sư phạm Tiếng Nhật,D06,35.66,40,THPTQG,2020,thang 40 (suy ra),daniele15,
QHF,7140236,Sư phạm Tiếng Nhật,D78,35.66,40,THPTQG,2020,thang 40 (suy ra),daniele15,
QHF,7140236,Sư phạm Tiếng Nhật,D90,35.66,40,THPTQG,2020,thang 40 (suy ra),daniele15,
QHF,7140237,Sư phạm Tiếng Hàn Quốc,D01,35.87,40,THPTQG,2020,thang 40 (suy ra),daniele15,
QHF,7140237,Sư phạm Tiếng Hàn Quốc,D78,35.87,40,THPTQG,2020,thang 40 (suy ra),daniele15,
QHF,7140237,Sư phạm Tiếng Hàn Quốc,D90,35.87,40,THPTQG,2020,thang 40 (suy ra),daniele15,
QHF,7220201,Ngôn ngữ Anh,D01,34.60,40,THPTQG,2020,thang 40 (suy ra),daniele15,
QHF,7220201,Ngôn ngữ Anh,D78,34.60,40,THPTQG,2020,thang 40 (suy ra),daniele15,
QHF,7220201,Ngôn ngữ Anh,D90,34.60,40,THPTQG,2020,thang 40 (suy ra),daniele15,
QHF,7220201CLC,Ngôn ngữ Anh,D01,34.60,40,THPTQG,2020,thang 40 (suy ra),daniele15,
QHF,7220201CLC,Ngôn ngữ Anh,D78,34.60,40,THPTQG,2020,thang 40 (suy ra),daniele15,
QHF,7220201CLC,Ngôn ngữ Anh,D90,34.60,40,THPTQG,2020,thang 40 (suy ra),daniele15,
QHF,7220202,Ngôn ngữ Nga,D01,31.37,40,THPTQG,2020,thang 40 (suy ra),daniele15,
QHF,7220202,Ngôn ngữ Nga,D02,31.37,40,THPTQG,2020,thang 40 (suy ra),daniele15,
QHF,7220202,Ngôn ngữ Nga,D78,31.37,40,THPTQG,2020,thang 40 (suy ra),daniele15,
QHF,7220202,Ngôn ngữ Nga,D90,31.37,40,THPTQG,2020,thang 40 (suy ra),daniele15,
QHF,7220203,Ngôn ngữ Pháp,D01,32.54,40,THPTQG,2020,thang 40 (suy ra),daniele15,
QHF,7220203,Ngôn ngữ Pháp,D03,32.54,40,THPTQG,2020,thang 40 (suy ra),daniele15,
QHF,7220203,Ngôn ngữ Pháp,D78,32.54,40,THPTQG,2020,thang 40 (suy ra),daniele15,
QHF,7220203,Ngôn ngữ Pháp,D90,32.54,40,THPTQG,2020,thang 40 (suy ra),daniele15,
QHF,7220203CLC,Ngôn ngữ Pháp,D01,32.54,40,THPTQG,2020,thang 40 (suy ra),daniele15,
QHF,7220203CLC,Ngôn ngữ Pháp,D03,32.54,40,THPTQG,2020,thang 40 (suy ra),daniele15,
QHF,7220203CLC,Ngôn ngữ Pháp,D78,32.54,40,THPTQG,2020,thang 40 (suy ra),daniele15,
QHF,7220203CLC,Ngôn ngữ Pháp,D90,32.54,40,THPTQG,2020,thang 40 (suy ra),daniele15,
QHF,7220204CLC,Ngôn ngữ Trung Quốc,D01,34.65,40,THPTQG,2020,thang 40 (suy ra),daniele15,
QHF,7220204CLC,Ngôn ngữ Trung Quốc,D04,34.65,40,THPTQG,2020,thang 40 (suy ra),daniele15,
QHF,7220204CLC,Ngôn ngữ Trung Quốc,D78,34.65,40,THPTQG,2020,thang 40 (suy ra),daniele15,
QHF,7220204CLC,Ngôn ngữ Trung Quốc,D90,34.65,40,THPTQG,2020,thang 40 (suy ra),daniele15,
QHF,7220205,Ngôn ngữ Đức,D01,31.85,40,THPTQG,2020,thang 40 (suy ra),daniele15,
QHF,7220205,Ngôn ngữ Đức,D05,31.85,40,THPTQG,2020,thang 40 (suy ra),daniele15,
QHF,7220205,Ngôn ngữ Đức,D78,31.85,40,THPTQG,2020,thang 40 (suy ra),daniele15,
QHF,7220205,Ngôn ngữ Đức,D90,31.85,40,THPTQG,2020,thang 40 (suy ra),daniele15,
QHF,7220205CLC,Ngôn ngữ Đức,D01,32.28,40,THPTQG,2020,thang 40 (suy ra),daniele15,
QHF,7220205CLC,Ngôn ngữ Đức,D05,32.28,40,THPTQG,2020,thang 40 (suy ra),daniele15,
QHF,7220205CLC,Ngôn ngữ Đức,D78,32.28,40,THPTQG,2020,thang 40 (suy ra),daniele15,
QHF,7220205CLC,Ngôn ngữ Đức,D90,32.28,40,THPTQG,2020,thang 40 (suy ra),daniele15,
QHF,7220209CLC,Ngôn ngữ Nhật,D01,34.37,40,THPTQG,2020,thang 40 (suy ra),daniele15,
QHF,7220209CLC,Ngôn ngữ Nhật,D06,34.37,40,THPTQG,2020,thang 40 (suy ra),daniele15,
QHF,7220209CLC,Ngôn ngữ Nhật,D78,34.37,40,THPTQG,2020,thang 40 (suy ra),daniele15,
QHF,7220209CLC,Ngôn ngữ Nhật,D90,34.37,40,THPTQG,2020,thang 40 (suy ra),daniele15,
QHF,7220210CLC,Ngôn ngữ Hàn Quốc,D01,34.68,40,THPTQG,2020,thang 40 (suy ra),daniele15,
QHF,7220210CLC,Ngôn ngữ Hàn Quốc,D78,34.68,40,THPTQG,2020,thang 40 (suy ra),daniele15,
QHF,7220210CLC,Ngôn ngữ Hàn Quốc,D90,34.68,40,THPTQG,2020,thang 40 (suy ra),daniele15,
QHF,7220211,Ngôn ngữ Ả Rập,D01,25.77,,THPTQG,2020,,daniele15,
QHF,7220211,Ngôn ngữ Ả Rập,D78,25.77,,THPTQG,2020,,daniele15,
QHF,7220211,Ngôn ngữ Ả Rập,D90,25.77,,THPTQG,2020,,daniele15,
QHF,7903124QT,Kinh tế,A01,24.86,,THPTQG,2020,,daniele15,
QHF,7903124QT,Kinh tế,D01,24.86,,THPTQG,2020,,daniele15,
QHF,7903124QT,Kinh tế,D78,24.86,,THPTQG,2020,,daniele15,
QHF,7903124QT,Kinh tế,D90,24.86,,THPTQG,2020,,daniele15,
QHI,CN1,Công nghệ thông tin,A00,28.10,,THPTQG,2020,,daniele15,
QHI,CN1,Công nghệ thông tin,A01,28.10,,THPTQG,2020,,daniele15,
QHI,CN10,Công nghệ nông nghiệp,A00,22.40,,THPTQG,2020,,daniele15,
QHI,CN10,Công nghệ nông nghiệp,A01,22.40,,THPTQG,2020,,daniele15,
QHI,CN11,Kỹ thuật điều khiển và tự động hoá,A00,27.55,,THPTQG,2020,,daniele15,
QHI,CN11,Kỹ thuật điều khiển và tự động hoá,A01,27.55,,THPTQG,2020,,daniele15,
QHI,CN2,Máy tính và Robot,A00,27.25,,THPTQG,2020,,daniele15,
QHI,CN2,Máy tính và Robot,A01,27.25,,THPTQG,2020,,daniele15,
QHI,CN3,Vật lý kỹ thuật,A00,25.10,,THPTQG,2020,,daniele15,
QHI,CN3,Vật lý kỹ thuật,A01,25.10,,THPTQG,2020,,daniele15,
QHI,CN4,Cơ Kỹ thuật,A00,26.50,,THPTQG,2020,,daniele15,
QHI,CN4,Cơ Kỹ thuật,A01,26.50,,THPTQG,2020,,daniele15,
QHI,CN5,Công nghệ kỹ thuật xây dựng,A00,24.00,,THPTQG,2020,,daniele15,
QHI,CN5,Công nghệ kỹ thuật xây dựng,A01,24.00,,THPTQG,2020,,daniele15,
QHI,CN6,Công nghệ kỹ thuật cơ điện tử,A00,25.70,,THPTQG,2020,điểm TA>=4,daniele15,
QHI,CN6,Công nghệ kỹ thuật cơ điện tử,A01,25.70,,THPTQG,2020,điểm TA>=4,daniele15,
QHI,CN7,Công nghệ Hàng không vũ trụ,A00,25.35,,THPTQG,2020,,daniele15,
QHI,CN7,Công nghệ Hàng không vũ trụ,A01,25.35,,THPTQG,2020,,daniele15,
QHI,CN8,Khoa học máy tính,A00,27.00,,THPTQG,2020,điểm TA>=4,daniele15,
QHI,CN8,Khoa học máy tính,A01,27.00,,THPTQG,2020,điểm TA>=4,daniele15,
QHI,CN9,Công nghệ kỹ thuật điện tử - viễn thông,A00,26.00,,THPTQG,2020,điểm TA>=4,daniele15,
QHI,CN9,Công nghệ kỹ thuật điện tử - viễn thông,A01,26.00,,THPTQG,2020,điểm TA>=4,daniele15,
QHJ,7310613,Nhật Bản học,A01,19.40,,THPTQG,2020,,daniele15,
QHJ,7310613,Nhật Bản học,D01,19.40,,THPTQG,2020,,daniele15,
QHJ,7310613,Nhật Bản học,D06,19.40,,THPTQG,2020,,daniele15,
QHJ,7310613,Nhật Bản học,D90,19.40,,THPTQG,2020,,daniele15,
QHJ,7310613,Nhật Bản học,D94,19.40,,THPTQG,2020,,daniele15,
QHJ,7310613,Nhật Bản học,D96,19.40,,THPTQG,2020,,daniele15,
QHL,7380101,Luật,C00,23.25,,THPTQG,2020,,daniele15,
QHL,7380101,Luật,C00,24.30,,THPTQG,2020,,daniele15,
QHL,7380101,Luật,C00,24.40,,THPTQG,2020,,daniele15,
QHL,7380101,Luật,C00,24.50,,THPTQG,2020,,daniele15,
QHL,7380101,Luật,C00,27.50,,THPTQG,2020,,daniele15,
QHL,7380101CLC,Luật,A01,23.75,,THPTQG,2020,,daniele15,
QHL,7380101CLC,Luật,D01,23.75,,THPTQG,2020,,daniele15,
QHL,7380101CLC,Luật,D07,23.75,,THPTQG,2020,,daniele15,
QHL,7380101CLC,Luật,D78,23.75,,THPTQG,2020,,daniele15,
QHL,7380109,Luật,A00,24.80,,THPTQG,2020,,daniele15,
QHL,7380109,Luật,A01,24.80,,THPTQG,2020,,daniele15,
QHL,7380109,Luật,D01,24.80,,THPTQG,2020,,daniele15,
QHL,7380109,Luật,D78,24.80,,THPTQG,2020,,daniele15,
QHL,7380109,Luật,D82,24.80,,THPTQG,2020,,daniele15,
QHL,7380110,Luật,A00,24.55,,THPTQG,2020,,daniele15,
QHL,7380110,Luật,A01,24.55,,THPTQG,2020,,daniele15,
QHL,7380110,Luật,D01,24.55,,THPTQG,2020,,daniele15,
QHL,7380110,Luật,D03,24.55,,THPTQG,2020,,daniele15,
QHL,7380110,Luật,D90,24.55,,THPTQG,2020,,daniele15,
QHL,7380110,Luật,D91,24.55,,THPTQG,2020,,daniele15,
QHQ,QHQ01,Kinh doanh quốc tế,A00,23.25,,THPTQG,2020,,daniele15,
QHQ,QHQ01,Kinh doanh quốc tế,A01,23.25,,THPTQG,2020,,daniele15,
QHQ,QHQ01,Kinh doanh quốc tế,D01,23.25,,THPTQG,2020,,daniele15,
QHQ,QHQ01,Kinh doanh quốc tế,D06,23.25,,THPTQG,2020,,daniele15,
QHQ,QHQ01,Kinh doanh quốc tế,D96,23.25,,THPTQG,2020,,daniele15,
QHQ,QHQ02,"Kế toán, Phân tích và Kiểm toán",A00,20.50,,THPTQG,2020,,daniele15,
QHQ,QHQ02,"Kế toán, Phân tích và Kiểm toán",A01,20.50,,THPTQG,2020,,daniele15,
QHQ,QHQ02,"Kế toán, Phân tích và Kiểm toán",D01,20.50,,THPTQG,2020,,daniele15,
QHQ,QHQ02,"Kế toán, Phân tích và Kiểm toán",D06,20.50,,THPTQG,2020,,daniele15,
QHQ,QHQ02,"Kế toán, Phân tích và Kiểm toán",D96,20.50,,THPTQG,2020,,daniele15,
QHQ,QHQ03,Hệ thống thông tin quản lý,A00,19.50,,THPTQG,2020,,daniele15,
QHQ,QHQ03,Hệ thống thông tin quản lý,A01,19.50,,THPTQG,2020,,daniele15,
QHQ,QHQ03,Hệ thống thông tin quản lý,D01,19.50,,THPTQG,2020,,daniele15,
QHQ,QHQ03,Hệ thống thông tin quản lý,D06,19.50,,THPTQG,2020,,daniele15,
QHQ,QHQ03,Hệ thống thông tin quản lý,D96,19.50,,THPTQG,2020,,daniele15,
QHQ,QHQ04,Tin học và kỹ thuật máy tính,A00,19.00,,THPTQG,2020,,daniele15,
QHQ,QHQ04,Tin học và kỹ thuật máy tính,A01,19.00,,THPTQG,2020,,daniele15,
QHQ,QHQ04,Tin học và kỹ thuật máy tính,D01,19.00,,THPTQG,2020,,daniele15,
QHQ,QHQ04,Tin học và kỹ thuật máy tính,D06,19.00,,THPTQG,2020,,daniele15,
QHQ,QHQ04,Tin học và kỹ thuật máy tính,D96,19.00,,THPTQG,2020,,daniele15,
QHQ,QHQ06,Marketing,A00,18.00,,THPTQG,2020,song bằng,daniele15,
QHQ,QHQ06,Marketing,A01,18.00,,THPTQG,2020,song bằng,daniele15,
QHQ,QHQ06,Marketing,D01,18.00,,THPTQG,2020,song bằng,daniele15,
QHQ,QHQ06,Marketing,D03,18.00,,THPTQG,2020,song bằng,daniele15,
QHQ,QHQ06,Marketing,D06,18.00,,THPTQG,2020,song bằng,daniele15,
QHQ,QHQ06,Marketing,D96,18.00,,THPTQG,2020,song bằng,daniele15,
QHQ,QHQ06,Marketing,D97,18.00,,THPTQG,2020,song bằng,daniele15,
QHQ,QHQ07,Quản lý,A00,17.00,,THPTQG,2020,song bằng,daniele15,
QHQ,QHQ07,Quản lý,A01,17.00,,THPTQG,2020,song bằng,daniele15,
QHQ,QHQ07,Quản lý,D01,17.00,,THPTQG,2020,song bằng,daniele15,
QHQ,QHQ07,Quản lý,D03,17.00,,THPTQG,2020,song bằng,daniele15,
QHQ,QHQ07,Quản lý,D06,17.00,,THPTQG,2020,song bằng,daniele15,
QHQ,QHQ07,Quản lý,D96,17.00,,THPTQG,2020,song bằng,daniele15,
QHQ,QHQ07,Quản lý,D97,17.00,,THPTQG,2020,song bằng,daniele15,
QHS,GD1,Sư phạm Toán và Khoa học tự nhiên,A00,22.75,,THPTQG,2020,,daniele15,
QHS,GD1,Sư phạm Toán và Khoa học tự nhiên,A16,22.75,,THPTQG,2020,,daniele15,
QHS,GD1,Sư phạm Toán và Khoa học tự nhiên,B00,22.75,,THPTQG,2020,,daniele15,
QHS,GD1,Sư phạm Toán và Khoa học tự nhiên,D90,22.75,,THPTQG,2020,,daniele15,
QHS,GD2,Sư phạm Ngữ văn và Lịch sử,C00,23.30,,THPTQG,2020,,daniele15,
QHS,GD2,Sư phạm Ngữ văn và Lịch sử,C15,23.30,,THPTQG,2020,,daniele15,
QHS,GD2,Sư phạm Ngữ văn và Lịch sử,D01,23.30,,THPTQG,2020,,daniele15,
QHS,GD2,Sư phạm Ngữ văn và Lịch sử,D78,23.30,,THPTQG,2020,,daniele15,
QHS,GD3,Sư phạm Toán và Khoa học tự nhiên,A00,17.00,,THPTQG,2020,,daniele15,
QHS,GD3,Sư phạm Toán và Khoa học tự nhiên,A16,17.00,,THPTQG,2020,,daniele15,
QHS,GD3,Sư phạm Toán và Khoa học tự nhiên,C15,17.00,,THPTQG,2020,,daniele15,
QHS,GD3,Sư phạm Toán và Khoa học tự nhiên,D01,17.00,,THPTQG,2020,,daniele15,
QHS,GD4,Giáo dục Tiểu học,A00,25.30,,THPTQG,2020,,daniele15,
QHS,GD4,Giáo dục Tiểu học,B00,25.30,,THPTQG,2020,,daniele15,
QHS,GD4,Giáo dục Tiểu học,C00,25.30,,THPTQG,2020,,daniele15,
QHS,GD4,Giáo dục Tiểu học,D01,25.30,,THPTQG,2020,,daniele15,
QHS,GD5,Giáo dục Mầm non,A00,19.25,,THPTQG,2020,,daniele15,
QHS,GD5,Giáo dục Mầm non,B00,19.25,,THPTQG,2020,,daniele15,
QHS,GD5,Giáo dục Mầm non,C00,19.25,,THPTQG,2020,,daniele15,
QHS,GD5,Giáo dục Mầm non,D01,19.25,,THPTQG,2020,,daniele15,
QHT,QHT01,Toán học,A00,26.30,,THPTQG,2020,,daniele15,
QHT,QHT01,Toán học,A01,26.30,,THPTQG,2020,,daniele15,
QHT,QHT01,Toán học,D07,26.30,,THPTQG,2020,,daniele15,
QHT,QHT01,Toán học,D08,26.30,,THPTQG,2020,,daniele15,
QHT,QHT02,Khối ngành Toán - Tin học,A00,25.20,,THPTQG,2020,,daniele15,
QHT,QHT02,Khối ngành Toán - Tin học,A01,25.20,,THPTQG,2020,,daniele15,
QHT,QHT02,Khối ngành Toán - Tin học,D07,25.20,,THPTQG,2020,,daniele15,
QHT,QHT02,Khối ngành Toán - Tin học,D08,25.20,,THPTQG,2020,,daniele15,
QHT,QHT03,Vật lý học,A00,22.50,,THPTQG,2020,,daniele15,
QHT,QHT03,Vật lý học,A01,22.50,,THPTQG,2020,,daniele15,
QHT,QHT03,Vật lý học,B00,22.50,,THPTQG,2020,,daniele15,
QHT,QHT03,Vật lý học,C01,22.50,,THPTQG,2020,,daniele15,
QHT,QHT04,Khoa học vật liệu,A00,21.80,,THPTQG,2020,,daniele15,
QHT,QHT04,Khoa học vật liệu,A01,21.80,,THPTQG,2020,,daniele15,
QHT,QHT04,Khoa học vật liệu,B00,21.80,,THPTQG,2020,,daniele15,
QHT,QHT04,Khoa học vật liệu,C01,21.80,,THPTQG,2020,,daniele15,
QHT,QHT05,Công nghệ kỹ thuật hạt nhân,A00,20.50,,THPTQG,2020,,daniele15,
QHT,QHT05,Công nghệ kỹ thuật hạt nhân,A01,20.50,,THPTQG,2020,,daniele15,
QHT,QHT05,Công nghệ kỹ thuật hạt nhân,B00,20.50,,THPTQG,2020,,daniele15,
QHT,QHT05,Công nghệ kỹ thuật hạt nhân,C01,20.50,,THPTQG,2020,,daniele15,
QHT,QHT06,Hoá học,A00,24.10,,THPTQG,2020,,daniele15,
QHT,QHT06,Hoá học,B00,24.10,,THPTQG,2020,,daniele15,
QHT,QHT06,Hoá học,D07,24.10,,THPTQG,2020,,daniele15,
QHT,QHT07,Công nghệ kỹ thuật hoá học,A00,24.80,,THPTQG,2020,,daniele15,
QHT,QHT07,Công nghệ kỹ thuật hoá học,B00,24.80,,THPTQG,2020,,daniele15,
QHT,QHT07,Công nghệ kỹ thuật hoá học,D07,24.80,,THPTQG,2020,,daniele15,
QHT,QHT08,Sinh học,A00,23.10,,THPTQG,2020,,daniele15,
QHT,QHT08,Sinh học,A02,23.10,,THPTQG,2020,,daniele15,
QHT,QHT08,Sinh học,B00,23.10,,THPTQG,2020,,daniele15,
QHT,QHT08,Sinh học,D08,23.10,,THPTQG,2020,,daniele15,
QHT,QHT09,Công nghệ sinh học,A00,25.90,,THPTQG,2020,,daniele15,
QHT,QHT09,Công nghệ sinh học,A02,25.90,,THPTQG,2020,,daniele15,
QHT,QHT09,Công nghệ sinh học,B00,25.90,,THPTQG,2020,,daniele15,
QHT,QHT09,Công nghệ sinh học,D08,25.90,,THPTQG,2020,,daniele15,
QHT,QHT10,Địa lý tự nhiên,A00,18.00,,THPTQG,2020,,daniele15,
QHT,QHT10,Địa lý tự nhiên,A01,18.00,,THPTQG,2020,,daniele15,
QHT,QHT10,Địa lý tự nhiên,B00,18.00,,THPTQG,2020,,daniele15,
QHT,QHT10,Địa lý tự nhiên,D10,18.00,,THPTQG,2020,,daniele15,
QHT,QHT12,Quản lý đất đai,A00,20.30,,THPTQG,2020,,daniele15,
QHT,QHT12,Quản lý đất đai,A01,20.30,,THPTQG,2020,,daniele15,
QHT,QHT12,Quản lý đất đai,B00,20.30,,THPTQG,2020,,daniele15,
QHT,QHT12,Quản lý đất đai,D10,20.30,,THPTQG,2020,,daniele15,
QHT,QHT13,Khoa học môi trường,A00,17.00,,THPTQG,2020,,daniele15,
QHT,QHT13,Khoa học môi trường,A01,17.00,,THPTQG,2020,,daniele15,
QHT,QHT13,Khoa học môi trường,B00,17.00,,THPTQG,2020,,daniele15,
QHT,QHT13,Khoa học môi trường,D07,17.00,,THPTQG,2020,,daniele15,
QHT,QHT15,Công nghệ kỹ thuật môi trường,A00,18.00,,THPTQG,2020,,daniele15,
QHT,QHT15,Công nghệ kỹ thuật môi trường,A01,18.00,,THPTQG,2020,,daniele15,
QHT,QHT15,Công nghệ kỹ thuật môi trường,B00,18.00,,THPTQG,2020,,daniele15,
QHT,QHT15,Công nghệ kỹ thuật môi trường,D07,18.00,,THPTQG,2020,,daniele15,
QHT,QHT16,Khí tượng và khí hậu học,A00,18.00,,THPTQG,2020,,daniele15,
QHT,QHT16,Khí tượng và khí hậu học,A01,18.00,,THPTQG,2020,,daniele15,
QHT,QHT16,Khí tượng và khí hậu học,B00,18.00,,THPTQG,2020,,daniele15,
QHT,QHT16,Khí tượng và khí hậu học,D07,18.00,,THPTQG,2020,,daniele15,
QHT,QHT17,Hải dương học,A00,17.00,,THPTQG,2020,,daniele15,
QHT,QHT17,Hải dương học,A01,17.00,,THPTQG,2020,,daniele15,
QHT,QHT17,Hải dương học,B00,17.00,,THPTQG,2020,,daniele15,
QHT,QHT17,Hải dương học,D07,17.00,,THPTQG,2020,,daniele15,
QHT,QHT18,Địa chất học,A00,17.00,,THPTQG,2020,,daniele15,
QHT,QHT18,Địa chất học,A01,17.00,,THPTQG,2020,,daniele15,
QHT,QHT18,Địa chất học,B00,17.00,,THPTQG,2020,,daniele15,
QHT,QHT18,Địa chất học,D07,17.00,,THPTQG,2020,,daniele15,
QHT,QHT20,Quản lý tài nguyên và môi trường,A00,17.00,,THPTQG,2020,,daniele15,
QHT,QHT20,Quản lý tài nguyên và môi trường,A01,17.00,,THPTQG,2020,,daniele15,
QHT,QHT20,Quản lý tài nguyên và môi trường,B00,17.00,,THPTQG,2020,,daniele15,
QHT,QHT20,Quản lý tài nguyên và môi trường,D07,17.00,,THPTQG,2020,,daniele15,
QHT,QHT40,Máy tính và khoa học thông tin,A00,26.10,,THPTQG,2020,,daniele15,
QHT,QHT40,Máy tính và khoa học thông tin,A01,26.10,,THPTQG,2020,,daniele15,
QHT,QHT40,Máy tính và khoa học thông tin,D07,26.10,,THPTQG,2020,,daniele15,
QHT,QHT40,Máy tính và khoa học thông tin,D08,26.10,,THPTQG,2020,,daniele15,
QHT,QHT41,Hoá học,A00,18.50,,THPTQG,2020,CTĐT tiên tiến,daniele15,
QHT,QHT41,Hoá học,B00,18.50,,THPTQG,2020,CTĐT tiên tiến,daniele15,
QHT,QHT41,Hoá học,D07,18.50,,THPTQG,2020,CTĐT tiên tiến,daniele15,
QHT,QHT42,Công nghệ kỹ thuật hoá học,A00,18.50,,THPTQG,2020,,daniele15,
QHT,QHT42,Công nghệ kỹ thuật hoá học,B00,18.50,,THPTQG,2020,,daniele15,
QHT,QHT42,Công nghệ kỹ thuật hoá học,D07,18.50,,THPTQG,2020,,daniele15,
QHT,QHT43,Hoá dược,A00,23.80,,THPTQG,2020,,daniele15,
QHT,QHT43,Hoá dược,B00,23.80,,THPTQG,2020,,daniele15,
QHT,QHT43,Hoá dược,D07,23.80,,THPTQG,2020,,daniele15,
QHT,QHT44,Công nghệ sinh học,A00,21.50,,THPTQG,2020,,daniele15,
QHT,QHT44,Công nghệ sinh học,A02,21.50,,THPTQG,2020,,daniele15,
QHT,QHT44,Công nghệ sinh học,B00,21.50,,THPTQG,2020,,daniele15,
QHT,QHT44,Công nghệ sinh học,D08,21.50,,THPTQG,2020,,daniele15,
QHT,QHT45,Khoa học môi trường,A00,17.00,,THPTQG,2020,CTĐT tiên tiến,daniele15,
QHT,QHT45,Khoa học môi trường,A01,17.00,,THPTQG,2020,CTĐT tiên tiến,daniele15,
QHT,QHT45,Khoa học môi trường,B00,17.00,,THPTQG,2020,CTĐT tiên tiến,daniele15,
QHT,QHT45,Khoa học môi trường,D07,17.00,,THPTQG,2020,CTĐT tiên tiến,daniele15,
QHT,QHT46,Công nghệ kỹ thuật môi trường,A00,18.00,,THPTQG,2020,,daniele15,
QHT,QHT46,Công nghệ kỹ thuật môi trường,A01,18.00,,THPTQG,2020,,daniele15,
QHT,QHT46,Công nghệ kỹ thuật môi trường,B00,18.00,,THPTQG,2020,,daniele15,
QHT,QHT46,Công nghệ kỹ thuật môi trường,D07,18.00,,THPTQG,2020,,daniele15,
QHT,QHT91,Khoa học thông tin địa không gian,A00,18.00,,THPTQG,2020,,daniele15,
QHT,QHT91,Khoa học thông tin địa không gian,A01,18.00,,THPTQG,2020,,daniele15,
QHT,QHT91,Khoa học thông tin địa không gian,B00,18.00,,THPTQG,2020,,daniele15,
QHT,QHT91,Khoa học thông tin địa không gian,D10,18.00,,THPTQG,2020,,daniele15,
QHT,QHT92,Tài nguyên và môi trường nước,A00,17.00,,THPTQG,2020,,daniele15,
QHT,QHT92,Tài nguyên và môi trường nước,A01,17.00,,THPTQG,2020,,daniele15,
QHT,QHT92,Tài nguyên và môi trường nước,B00,17.00,,THPTQG,2020,,daniele15,
QHT,QHT92,Tài nguyên và môi trường nước,D07,17.00,,THPTQG,2020,,daniele15,
QHT,QHT93,Khoa học dữ liệu,A00,25.20,,THPTQG,2020,,daniele15,
QHT,QHT93,Khoa học dữ liệu,A01,25.20,,THPTQG,2020,,daniele15,
QHT,QHT93,Khoa học dữ liệu,D07,25.20,,THPTQG,2020,,daniele15,
QHT,QHT93,Khoa học dữ liệu,D08,25.20,,THPTQG,2020,,daniele15,
QHT,QHT94,Kỹ thuật điện tử và tin học,A00,25.00,,THPTQG,2020,,daniele15,
QHT,QHT94,Kỹ thuật điện tử và tin học,A01,25.00,,THPTQG,2020,,daniele15,
QHT,QHT94,Kỹ thuật điện tử và tin học,B00,25.00,,THPTQG,2020,,daniele15,
QHT,QHT94,Kỹ thuật điện tử và tin học,C01,25.00,,THPTQG,2020,,daniele15,
QHT,QHT95,Quản lí phát triển đô thị và bất động sản,A00,21.40,,THPTQG,2020,,daniele15,
QHT,QHT95,Quản lí phát triển đô thị và bất động sản,A01,21.40,,THPTQG,2020,,daniele15,
QHT,QHT95,Quản lí phát triển đô thị và bất động sản,B00,21.40,,THPTQG,2020,,daniele15,
QHT,QHT95,Quản lí phát triển đô thị và bất động sản,D10,21.40,,THPTQG,2020,,daniele15,
QHT,QHT96,Khoa học và Công nghệ Thực phẩm,A00,24.40,,THPTQG,2020,,daniele15,
QHT,QHT96,Khoa học và Công nghệ Thực phẩm,A01,24.40,,THPTQG,2020,,daniele15,
QHT,QHT96,Khoa học và Công nghệ Thực phẩm,B00,24.40,,THPTQG,2020,,daniele15,
QHT,QHT96,Khoa học và Công nghệ Thực phẩm,D07,24.40,,THPTQG,2020,,daniele15,
QHT,QHT97,Công nghệ quan trắc và giám sát tài nguyên môi trường,A00,17.00,,THPTQG,2020,,daniele15,
QHT,QHT97,Công nghệ quan trắc và giám sát tài nguyên môi trường,A01,17.00,,THPTQG,2020,,daniele15,
QHT,QHT97,Công nghệ quan trắc và giám sát tài nguyên môi trường,B00,17.00,,THPTQG,2020,,daniele15,
QHT,QHT97,Công nghệ quan trắc và giám sát tài nguyên môi trường,D07,17.00,,THPTQG,2020,,daniele15,
QHX,QHX01,Báo chí,C00,20.00,,THPTQG,2020,,daniele15,
QHX,QHX01,Báo chí,C00,20.25,,THPTQG,2020,,daniele15,
QHX,QHX01,Báo chí,C00,21.75,,THPTQG,2020,,daniele15,
QHX,QHX01,Báo chí,C00,22.50,,THPTQG,2020,,daniele15,
QHX,QHX01,Báo chí,C00,23.00,,THPTQG,2020,,daniele15,
QHX,QHX01,Báo chí,C00,23.50,,THPTQG,2020,,daniele15,
QHX,QHX01,Báo chí,C00,26.00,,THPTQG,2020,,daniele15,
QHX,QHX02,Chính trị học,C00,18.00,,THPTQG,2020,Chưa có điểm,daniele15,
QHX,QHX02,Chính trị học,C00,18.50,,THPTQG,2020,Chưa có điểm,daniele15,
QHX,QHX02,Chính trị học,C00,18.75,,THPTQG,2020,Chưa có điểm,daniele15,
QHX,QHX02,Chính trị học,C00,20.50,,THPTQG,2020,,daniele15,
QHX,QHX02,Chính trị học,C00,23.00,,THPTQG,2020,Chưa có điểm,daniele15,
QHX,QHX02,Chính trị học,C00,25.50,,THPTQG,2020,Chưa có điểm,daniele15,
QHX,QHX03,Công tác xã hội,C00,18.00,,THPTQG,2020,Chưa có điểm,daniele15,
QHX,QHX03,Công tác xã hội,C00,22.50,,THPTQG,2020,Chưa có điểm,daniele15,
QHX,QHX03,Công tác xã hội,C00,23.75,,THPTQG,2020,Chưa có điểm,daniele15,
QHX,QHX03,Công tác xã hội,C00,26.00,,THPTQG,2020,Chưa có điểm,daniele15,
QHX,QHX04,Đông Nam Á học,D01,18.00,,THPTQG,2020,Chưa có điểm,daniele15,
QHX,QHX04,Đông Nam Á học,D01,20.50,,THPTQG,2020,Chưa có điểm,daniele15,
QHX,QHX04,Đông Nam Á học,D01,22.00,,THPTQG,2020,Chưa có điểm,daniele15,
QHX,QHX04,Đông Nam Á học,D01,23.50,,THPTQG,2020,Chưa có điểm,daniele15,
QHX,QHX05,Đông phương học,C00,25.25,,THPTQG,2020,Chưa có điểm,daniele15,
QHX,QHX05,Đông phương học,C00,25.75,,THPTQG,2020,Chưa có điểm,daniele15,
QHX,QHX05,Đông phương học,C00,29.75,,THPTQG,2020,,daniele15,
QHX,QHX06,Hán Nôm,C00,18.00,,THPTQG,2020,,daniele15,
QHX,QHX06,Hán Nôm,C00,18.50,,THPTQG,2020,,daniele15,
QHX,QHX06,Hán Nôm,C00,20.00,,THPTQG,2020,,daniele15,
QHX,QHX06,Hán Nôm,C00,21.00,,THPTQG,2020,,daniele15,
QHX,QHX06,Hán Nôm,C00,21.50,,THPTQG,2020,,daniele15,
QHX,QHX06,Hán Nôm,C00,23.75,,THPTQG,2020,,daniele15,
QHX,QHX07,Khoa học quản lý,C00,21.75,,THPTQG,2020,Chưa có điểm,daniele15,
QHX,QHX07,Khoa học quản lý,C00,23.00,,THPTQG,2020,,daniele15,
QHX,QHX07,Khoa học quản lý,C00,23.25,,THPTQG,2020,Chưa có điểm,daniele15,
QHX,QHX07,Khoa học quản lý,C00,24.25,,THPTQG,2020,Chưa có điểm,daniele15,
QHX,QHX07,Khoa học quản lý,C00,24.75,,THPTQG,2020,Chưa có điểm,daniele15,
QHX,QHX07,Khoa học quản lý,C00,28.50,,THPTQG,2020,Chưa có điểm,daniele15,
QHX,QHX08,Lịch sử,C00,18.00,,THPTQG,2020,,daniele15,
QHX,QHX08,Lịch sử,C00,19.00,,THPTQG,2020,,daniele15,
QHX,QHX08,Lịch sử,C00,22.50,,THPTQG,2020,,daniele15,
QHX,QHX09,Lưu trữ học,C00,17.00,,THPTQG,2020,,daniele15,
QHX,QHX09,Lưu trữ học,C00,18.00,,THPTQG,2020,,daniele15,
QHX,QHX09,Lưu trữ học,C00,19.50,,THPTQG,2020,,daniele15,
QHX,QHX09,Lưu trữ học,C00,22.00,,THPTQG,2020,,daniele15,
QHX,QHX10,Ngôn ngữ học,C00,18.00,,THPTQG,2020,Chưa có điểm,daniele15,
QHX,QHX10,Ngôn ngữ học,C00,20.25,,THPTQG,2020,Chưa có điểm,daniele15,
QHX,QHX10,Ngôn ngữ học,C00,23.00,,THPTQG,2020,Chưa có điểm,daniele15,
QHX,QHX10,Ngôn ngữ học,C00,24.00,,THPTQG,2020,Chưa có điểm,daniele15,
QHX,QHX10,Ngôn ngữ học,C00,25.75,,THPTQG,2020,Chưa có điểm,daniele15,
QHX,QHX11,Nhân học,C00,17.00,,THPTQG,2020,,daniele15,
QHX,QHX11,Nhân học,C00,18.00,,THPTQG,2020,,daniele15,
QHX,QHX11,Nhân học,C00,18.25,,THPTQG,2020,,daniele15,
QHX,QHX11,Nhân học,C00,19.00,,THPTQG,2020,,daniele15,
QHX,QHX11,Nhân học,C00,21.25,,THPTQG,2020,,daniele15,
QHX,QHX12,Nhật Bản học,D01,20.00,,THPTQG,2020,Chưa có điểm,daniele15,
QHX,QHX12,Nhật Bản học,D78,20.00,,THPTQG,2020,Chưa có điểm,daniele15,
QHX,QHX12,Nhật Bản học,D01,24.75,,THPTQG,2020,Chưa có điểm,daniele15,
QHX,QHX12,Nhật Bản học,D78,24.75,,THPTQG,2020,Chưa có điểm,daniele15,
QHX,QHX12,Nhật Bản học,D01,25.75,,THPTQG,2020,Chưa có điểm,daniele15,
QHX,QHX12,Nhật Bản học,D78,25.75,,THPTQG,2020,Chưa có điểm,daniele15,
QHX,QHX13,Quan hệ công chúng,C00,24.00,,THPTQG,2020,Chưa có điểm,daniele15,
QHX,QHX13,Quan hệ công chúng,C00,24.75,,THPTQG,2020,Chưa có điểm,daniele15,
QHX,QHX13,Quan hệ công chúng,C00,25.50,,THPTQG,2020,Chưa có điểm,daniele15,
QHX,QHX13,Quan hệ công chúng,C00,26.00,,THPTQG,2020,Chưa có điểm,daniele15,
QHX,QHX13,Quan hệ công chúng,C00,29.00,,THPTQG,2020,Chưa có điểm,daniele15,
QHX,QHX14,Quản lý thông tin,C00,18.00,,THPTQG,2020,Chưa có điểm,daniele15,
QHX,QHX14,Quản lý thông tin,C00,20.00,,THPTQG,2020,Chưa có điểm,daniele15,
QHX,QHX14,Quản lý thông tin,C00,21.25,,THPTQG,2020,Chưa có điểm,daniele15,
QHX,QHX14,Quản lý thông tin,C00,23.25,,THPTQG,2020,,daniele15,
QHX,QHX14,Quản lý thông tin,C00,24.25,,THPTQG,2020,Chưa có điểm,daniele15,
QHX,QHX14,Quản lý thông tin,C00,27.50,,THPTQG,2020,Chưa có điểm,daniele15,
QHX,QHX16,Quản trị khách sạn,D01,24.25,,THPTQG,2020,Chưa có điểm,daniele15,
QHX,QHX16,Quản trị khách sạn,D78,24.25,,THPTQG,2020,Chưa có điểm,daniele15,
QHX,QHX16,Quản trị khách sạn,D01,25.25,,THPTQG,2020,Chưa có điểm,daniele15,
QHX,QHX16,Quản trị khách sạn,D78,25.25,,THPTQG,2020,Chưa có điểm,daniele15,
QHX,QHX17,Quản trị văn phòng,C00,20.00,,THPTQG,2020,,daniele15,
QHX,QHX17,Quản trị văn phòng,C00,22.50,,THPTQG,2020,Chưa có điểm,daniele15,
QHX,QHX17,Quản trị văn phòng,C00,23.75,,THPTQG,2020,Chưa có điểm,daniele15,
QHX,QHX17,Quản trị văn phòng,C00,24.50,,THPTQG,2020,Chưa có điểm,daniele15,
QHX,QHX17,Quản trị văn phòng,C00,28.50,,THPTQG,2020,Chưa có điểm,daniele15,
QHX,QHX18,Quốc tế học,C00,18.00,,THPTQG,2020,,daniele15,
QHX,QHX18,Quốc tế học,C00,18.75,,THPTQG,2020,,daniele15,
QHX,QHX18,Quốc tế học,C00,19.00,,THPTQG,2020,,daniele15,
QHX,QHX18,Quốc tế học,C00,21.00,,THPTQG,2020,,daniele15,
QHX,QHX18,Quốc tế học,C00,22.75,,THPTQG,2020,,daniele15,
QHX,QHX18,Quốc tế học,C00,23.00,,THPTQG,2020,,daniele15,
QHX,QHX18,Quốc tế học,C00,26.50,,THPTQG,2020,,daniele15,
QHX,QHX19,Tâm lý học,C00,18.00,,THPTQG,2020,,daniele15,
QHX,QHX19,Tâm lý học,C00,19.50,,THPTQG,2020,,daniele15,
QHX,QHX19,Tâm lý học,C00,21.00,,THPTQG,2020,,daniele15,
QHX,QHX19,Tâm lý học,C00,22.50,,THPTQG,2020,,daniele15,
QHX,QHX19,Tâm lý học,C00,22.75,,THPTQG,2020,,daniele15,
QHX,QHX19,Tâm lý học,C00,23.00,,THPTQG,2020,,daniele15,
QHX,QHX19,Tâm lý học,C00,25.50,,THPTQG,2020,,daniele15,
QHX,QHX20,Thông tin - thư viện,C00,18.00,,THPTQG,2020,Chưa có điểm,daniele15,
QHX,QHX20,Thông tin - thư viện,C00,19.50,,THPTQG,2020,Chưa có điểm,daniele15,
QHX,QHX20,Thông tin - thư viện,C00,21.75,,THPTQG,2020,Chưa có điểm,daniele15,
QHX,QHX20,Thông tin - thư viện,C00,23.25,,THPTQG,2020,Chưa có điểm,daniele15,
QHX,QHX21,Tôn giáo học,C00,17.00,,THPTQG,2020,,daniele15,
QHX,QHX21,Tôn giáo học,C00,18.75,,THPTQG,2020,,daniele15,
QHX,QHX22,Triết học,C00,17.50,,THPTQG,2020,,daniele15,
QHX,QHX22,Triết học,C00,17.75,,THPTQG,2020,,daniele15,
QHX,QHX22,Triết học,C00,18.00,,THPTQG,2020,,daniele15,
QHX,QHX22,Triết học,C00,19.50,,THPTQG,2020,,daniele15,
QHX,QHX23,Văn học,C00,18.00,,THPTQG,2020,,daniele15,
QHX,QHX23,Văn học,C00,20.00,,THPTQG,2020,,daniele15,
QHX,QHX23,Văn học,C00,22.50,,THPTQG,2020,,daniele15,
QHX,QHX24,Việt Nam học,C00,18.00,,THPTQG,2020,,daniele15,
QHX,QHX24,Việt Nam học,C00,21.00,,THPTQG,2020,,daniele15,
QHX,QHX24,Việt Nam học,C00,25.00,,THPTQG,2020,,daniele15,
QHX,QHX25,Xã hội học,C00,18.00,,THPTQG,2020,,daniele15,
QHX,QHX25,Xã hội học,C00,19.75,,THPTQG,2020,,daniele15,
QHX,QHX25,Xã hội học,C00,20.00,,THPTQG,2020,,daniele15,
QHX,QHX25,Xã hội học,C00,21.00,,THPTQG,2020,,daniele15,
QHX,QHX25,Xã hội học,C00,23.50,,THPTQG,2020,,daniele15,
QHX,QHX40,Báo chí,C00,19.50,,THPTQG,2020,,daniele15,
QHX,QHX40,Báo chí,C00,20.00,,THPTQG,2020,Chưa có điểm,daniele15,
QHX,QHX40,Báo chí,C00,23.25,,THPTQG,2020,Chưa có điểm,daniele15,
QHX,QHX40,Báo chí,C00,23.50,,THPTQG,2020,Chưa có điểm,daniele15,
QHX,QHX40,Báo chí,C00,26.50,,THPTQG,2020,Chưa có điểm,daniele15,
QHX,QHX41,Khoa học quản lý,C00,20.25,,THPTQG,2020,Chưa có điểm,daniele15,
QHX,QHX41,Khoa học quản lý,C00,21.00,,THPTQG,2020,,daniele15,
QHX,QHX41,Khoa học quản lý,C00,22.50,,THPTQG,2020,Chưa có điểm,daniele15,
QHX,QHX41,Khoa học quản lý,C00,25.25,,THPTQG,2020,,daniele15,
QHY,7720101,Y khoa,B00,28.35,,THPTQG,2020,,daniele15,
QHY,7720201,Dược học,A00,26.70,,THPTQG,2020,,daniele15,
QHY,7720301,Điều dưỡng,B00,24.90,,THPTQG,2020,,daniele15,
QHY,7720501CLC,Răng - Hàm - Mặt,B00,27.20,,THPTQG,2020,Tiếng Anh là môn điều kiện - thí sinh phải đạt 4/10 trở lên trong kì thi TN THPT năm 2020,daniele15,
QHY,7720601,Kỹ thuật xét nghiệm y học,B00,25.55,,THPTQG,2020,,daniele15,
QHY,7720602,Kỹ thuật hình ảnh y học,B00,25.15,,THPTQG,2020,,daniele15,
QSB,106,Khoa học máy tính,,927.00,,DGNL,2020,,daniele15,
QSB,107,Kỹ thuật máy tính,,27.25,,THPTQG,2020,,daniele15,
QSB,107,Kỹ thuật máy tính,,898.00,,DGNL,2020,,daniele15,
QSB,108,Kỹ thuật Điện;Kỹ thuật Điện tử - Viễn thông;Kỹ thuật Điều khiển và tự động hóa;(Nhóm ngành),,26.75,,THPTQG,2020,,daniele15,
QSB,108,Kỹ thuật Điện;Kỹ thuật Điện tử - Viễn thông;Kỹ thuật Điều khiển và tự động hóa;(Nhóm ngành),,736.00,,DGNL,2020,,daniele15,
QSB,109,Kỹ thuật Cơ khí;Kỹ thuật Cơ điện tử;(Nhóm ngành),,26.00,,THPTQG,2020,,daniele15,
QSB,109,Kỹ thuật Cơ khí;Kỹ thuật Cơ điện tử;(Nhóm ngành),,700.00,,DGNL,2020,,daniele15,
QSB,112,Kỹ thuật Dệt;Công nghệ Dệt May;(Nhóm ngành),,23.50,,THPTQG,2020,,daniele15,
QSB,112,Kỹ thuật Dệt;Công nghệ Dệt May;(Nhóm ngành),,702.00,,DGNL,2020,,daniele15,
QSB,114,Kỹ thuật Hóa học;Công nghệ Thực phẩm;Công nghệ Sinh học;(Nhóm ngành),,26.75,,THPTQG,2020,,daniele15,
QSB,114,Kỹ thuật Hóa học;Công nghệ Thực phẩm;Công nghệ Sinh học;(Nhóm ngành),,853.00,,DGNL,2020,,daniele15,
QSB,115,Kỹ thuật xây dựng,A00,24.00,,THPTQG,2020,,daniele15,
QSB,115,Kỹ thuật xây dựng,A01,24.00,,THPTQG,2020,,daniele15,
QSB,115,Kỹ thuật xây dựng,A00,28.00,,THPTQG,2020,,daniele15,
QSB,115,Kỹ thuật xây dựng,A01,28.00,,THPTQG,2020,,daniele15,
QSB,117,Kiến trúc,,762.00,,DGNL,2020,,daniele15,
QSB,120,Kỹ thuật Địa chất;Kỹ thuật Dầu khí;(Nhóm ngành),,23.75,,THPTQG,2020,,daniele15,
QSB,120,Kỹ thuật Địa chất;Kỹ thuật Dầu khí;(Nhóm ngành),,23.75,,DGNL,2020,704,daniele15,
QSB,123,Quản lý công nghiệp,,26.50,,THPTQG,2020,,daniele15,
QSB,123,Quản lý công nghiệp,,820.00,,DGNL,2020,,daniele15,
QSB,125,Kỹ thuật Môi trường;Quản lý Tài nguyên và Môi trường;(Nhóm ngành),,24.25,,THPTQG,2020,,daniele15,
QSB,125,Kỹ thuật Môi trường;Quản lý Tài nguyên và Môi trường;(Nhóm ngành),,702.00,,DGNL,2020,,daniele15,
QSB,128,Kỹ thuật Hệ thống Công nghiệp;Logistics và Quản lý chuỗi Cung ứng;(Nhóm ngành),,27.25,,THPTQG,2020,,daniele15,
QSB,128,Kỹ thuật Hệ thống Công nghiệp;Logistics và Quản lý chuỗi Cung ứng;(Nhóm ngành),,906.00,,DGNL,2020,,daniele15,
QSB,129,Kỹ thuật vật liệu,,23.00,,THPTQG,2020,,daniele15,
QSB,129,Kỹ thuật vật liệu,,700.00,,DGNL,2020,,daniele15,
QSB,137,Vật lý kỹ thuật,,25.50,,THPTQG,2020,,daniele15,
QSB,137,Vật lý kỹ thuật,,702.00,,DGNL,2020,,daniele15,
QSB,138,Cơ Kỹ thuật,,25.50,,THPTQG,2020,,daniele15,
QSB,138,Cơ Kỹ thuật,,703.00,,DGNL,2020,,daniele15,
QSB,140,Công nghệ Kỹ thuật Nhiệt (Cơ điện lạnh),,25.25,,THPTQG,2020,Kỹ thuật nhiệt,daniele15,
QSB,140,Công nghệ Kỹ thuật Nhiệt (Cơ điện lạnh),,715.00,,DGNL,2020,Kỹ thuật nhiệt,daniele15,
QSB,141,Bảo dưỡng Công nghiệp,,21.25,,THPTQG,2020,,daniele15,
QSB,141,Bảo dưỡng Công nghiệp,,500.00,,DGNL,2020,,daniele15,
QSB,141,Bảo dưỡng Công nghiệp,,700.00,,DGNL,2020,,daniele15,
QSB,142,Kỹ thuật ô tô,,27.50,,THPTQG,2020,,daniele15,
QSB,142,Kỹ thuật ô tô,,837.00,,DGNL,2020,,daniele15,
QSB,145,Kỹ thuật Tàu thủy;Kỹ thuật Hàng không;(Nhóm ngành),,26.50,,THPTQG,2020,,daniele15,
QSB,145,Kỹ thuật Tàu thủy;Kỹ thuật Hàng không;(Nhóm ngành),,802.00,,DGNL,2020,,daniele15,
QSB,206,Kỹ thuật xây dựng,,27.25,,THPTQG,2020,,daniele15,
QSB,206,Kỹ thuật xây dựng,,926.00,,DGNL,2020,,daniele15,
QSB,207,Kỹ thuật máy tính,,26.25,,THPTQG,2020,,daniele15,
QSB,207,Kỹ thuật máy tính,,855.00,,DGNL,2020,,daniele15,
QSB,208,"Kỹ thuật điện, điện tử",,23.00,,THPTQG,2020,,daniele15,
QSB,208,"Kỹ thuật điện, điện tử",,703.00,,DGNL,2020,,daniele15,
QSB,209,Kỹ thuật cơ khí,,23.25,,THPTQG,2020,,daniele15,
QSB,209,Kỹ thuật cơ khí,,711.00,,DGNL,2020,,daniele15,
QSB,210,Kỹ thuật cơ điện tử,,26.25,,THPTQG,2020,,daniele15,
QSB,210,Kỹ thuật cơ điện tử,,726.00,,DGNL,2020,,daniele15,
QSB,214,Kỹ thuật hoá học,,25.50,,THPTQG,2020,,daniele15,
QSB,214,Kỹ thuật hoá học,,743.00,,DGNL,2020,,daniele15,
QSB,215,Kỹ thuật xây dựng,,21.00,,THPTQG,2020,,daniele15,
QSB,215,Kỹ thuật xây dựng,,703.00,,DGNL,2020,,daniele15,
QSB,219,Công nghệ thực phẩm,,25.00,,THPTQG,2020,,daniele15,
QSB,219,Công nghệ thực phẩm,,790.00,,DGNL,2020,,daniele15,
QSB,220,Kỹ thuật dầu khí,,21.00,,THPTQG,2020,,daniele15,
QSB,220,Kỹ thuật dầu khí,,727.00,,DGNL,2020,,daniele15,
QSB,223,Quản lý công nghiệp,,23.75,,THPTQG,2020,,daniele15,
QSB,223,Quản lý công nghiệp,,707.00,,DGNL,2020,,daniele15,
QSB,225,Quản lý tài nguyên và môi trường,,21.00,,THPTQG,2020,,daniele15,
QSB,225,Quản lý tài nguyên và môi trường,,736.00,,DGNL,2020,,daniele15,
QSB,242,Kỹ thuật ô tô,,25.75,,THPTQG,2020,,daniele15,
QSB,242,Kỹ thuật ô tô,,751.00,,DGNL,2020,,daniele15,
QSB,441,Bảo dưỡng Công nghiệp,,20.50,,THPTQG,2020,,daniele15,
QSB,441,Bảo dưỡng Công nghiệp,,700.00,,DGNL,2020,Phân hiệu Bến Tre,daniele15,
QSC,7340122,Thương mại điện tử,,26.50,,THPTQG,2020,,daniele15,
QSC,7340122,Thương mại điện tử,,840.00,,DGNL,2020,,daniele15,
QSC,7340122_CLCA,Thương mại điện tử,,24.80,,THPTQG,2020,,daniele15,
QSC,7340122_CLCA,Thương mại điện tử,,750.00,,DGNL,2020,Chất lượng cao,daniele15,
QSC,7480101,Khoa học máy tính,,27.20,,THPTQG,2020,,daniele15,
QSC,7480101,Khoa học máy tính,,870.00,,DGNL,2020,,daniele15,
QSC,7480101_CLCA,Khoa học máy tính,,25.70,,THPTQG,2020,Chất lượng cao,daniele15,
QSC,7480101_CLCA,Khoa học máy tính,,750.00,,DGNL,2020,,daniele15,
QSC,7480101_CLCA,Khoa học máy tính,,780.00,,DGNL,2020,Chất lượng cao,daniele15,
QSC,7480101_TTNT,Khoa học máy tính,,27.10,,THPTQG,2020,Hướng trí tuệ nhân tạo,daniele15,
QSC,7480101_TTNT,Khoa học máy tính,,900.00,,DGNL,2020,Hướng trí tuệ nhân tạo,daniele15,
QSC,7480102,Mạng máy tính và Truyền thông dữ liệu,,26.00,,THPTQG,2020,,daniele15,
QSC,7480102,Mạng máy tính và Truyền thông dữ liệu,,780.00,,DGNL,2020,,daniele15,
QSC,7480102_CLCA,Mạng máy tính và Truyền thông dữ liệu,,23.60,,THPTQG,2020,,daniele15,
QSC,7480102_CLCA,Mạng máy tính và Truyền thông dữ liệu,,750.00,,DGNL,2020,Chất lượng cao,daniele15,
QSC,7480103,Kỹ thuật phần mềm,,27.70,,THPTQG,2020,,daniele15,
QSC,7480103,Kỹ thuật phần mềm,,870.00,,DGNL,2020,,daniele15,
QSC,7480103_CLCA,Kỹ thuật phần mềm,,26.30,,THPTQG,2020,,daniele15,
QSC,7480103_CLCA,Kỹ thuật phần mềm,,800.00,,DGNL,2020,,daniele15,
QSC,7480104,Hệ thống thông tin,,26.30,,THPTQG,2020,,daniele15,
QSC,7480104,Hệ thống thông tin,,780.00,,DGNL,2020,,daniele15,
QSC,7480104_CLCA,Hệ thống thông tin,,24.70,,THPTQG,2020,,daniele15,
QSC,7480104_CLCA,Hệ thống thông tin,,750.00,,DGNL,2020,,daniele15,
QSC,7480104_TT,Hệ thống thông tin,,22.00,,THPTQG,2020,,daniele15,
QSC,7480104_TT,Hệ thống thông tin,,750.00,,DGNL,2020,Chương trình tiên tiến,daniele15,
QSC,7480106,Kỹ thuật máy tính,,26.70,,THPTQG,2020,,daniele15,
QSC,7480106,Kỹ thuật máy tính,,820.00,,DGNL,2020,,daniele15,
QSC,7480106_CLCA,Kỹ thuật máy tính,,24.20,,THPTQG,2020,,daniele15,
QSC,7480106_CLCA,Kỹ thuật máy tính,,750.00,,DGNL,2020,Chất lượng cao,daniele15,
QSC,7480106_IOT,Kỹ thuật máy tính,,26.00,,THPTQG,2020,Hướng hệ thống nhúng và IOT,daniele15,
QSC,7480106_IOT,Kỹ thuật máy tính,,780.00,,DGNL,2020,Hướng hệ thống nhúng và IOT,daniele15,
QSC,7480109,Khoa học dữ liệu,,25.90,,THPTQG,2020,,daniele15,
QSC,7480109,Khoa học dữ liệu,,830.00,,DGNL,2020,,daniele15,
QSC,7480201,Công nghệ thông tin,,27.00,,THPTQG,2020,,daniele15,
QSC,7480201,Công nghệ thông tin,,870.00,,DGNL,2020,,daniele15,
QSC,7480201_CLCN,Công nghệ thông tin,,23.70,,THPTQG,2020,,daniele15,
QSC,7480201_CLCN,Công nghệ thông tin,,750.00,,DGNL,2020,Chất lượng cao định hướng Nhật Bản,daniele15,
QSC,7480202,An toàn thông tin,,26.70,,THPTQG,2020,,daniele15,
QSC,7480202,An toàn thông tin,,850.00,,DGNL,2020,,daniele15,
QSC,7480202_CLCA,An toàn thông tin,,25.30,,THPTQG,2020,Chất lượng cao,daniele15,
QSC,7480202_CLCA,An toàn thông tin,,750.00,,DGNL,2020,Chất lượng cao,daniele15,
QSK,7310101,Kinh tế,,25.35,,THPTQG,2020,,daniele15,
QSK,7310101,Kinh tế,,26.25,,THPTQG,2020,,daniele15,
QSK,7310101,Kinh tế,,780.00,,DGNL,2020,,daniele15,
QSK,7310101,Kinh tế,,850.00,,DGNL,2020,,daniele15,
QSK,7310101_401C,Kinh tế,,25.50,,THPTQG,2020,,daniele15,
QSK,7310101_401C,Kinh tế,,800.00,,DGNL,2020,,daniele15,
QSK,7310101_403C,Kinh tế,,24.55,,THPTQG,2020,,daniele15,
QSK,7310101_403C,Kinh tế,,760.00,,DGNL,2020,,daniele15,
QSK,7310106,Kinh tế,,27.45,,THPTQG,2020,,daniele15,
QSK,7310106,Kinh tế,,930.00,,DGNL,2020,,daniele15,
QSK,7310106_402C,Kinh tế,,27.20,,THPTQG,2020,,daniele15,
QSK,7310106_402C,Kinh tế,,880.00,,DGNL,2020,,daniele15,
QSK,7310108,Toán kinh tế,,24.85,,THPTQG,2020,,daniele15,
QSK,7310108,Toán kinh tế,,750.00,,DGNL,2020,,daniele15,
QSK,7310108_413C,Toán kinh tế,A00,23.00,,THPTQG,2020,"Toán ứng dụng trong kinh tế, quản trị và tài chình(chất lượng cao)",daniele15,
QSK,7310108_413C,Toán kinh tế,A01,23.00,,THPTQG,2020,"Toán ứng dụng trong kinh tế, quản trị và tài chình(chất lượng cao)",daniele15,
QSK,7310108_413C,Toán kinh tế,D01,23.00,,THPTQG,2020,"Toán ứng dụng trong kinh tế, quản trị và tài chình(chất lượng cao)",daniele15,
QSK,7340101,Quản trị kinh doanh,,25.55,,THPTQG,2020,Quản trị du lịch và lữ hành,daniele15,
QSK,7340101,Quản trị kinh doanh,,26.90,,THPTQG,2020,,daniele15,
QSK,7340101,Quản trị kinh doanh,,820.00,,DGNL,2020,,daniele15,
QSK,7340101,Quản trị kinh doanh,,900.00,,DGNL,2020,,daniele15,
QSK,7340101_407C,Quản trị kinh doanh,,26.50,,THPTQG,2020,Chất lượng cao,daniele15,
QSK,7340101_407C,Quản trị kinh doanh,,865.00,,DGNL,2020,,daniele15,
QSK,7340101_407CA,Quản trị kinh doanh,,25.20,,THPTQG,2020,Chất lượng cao bằng tiếng Anh,daniele15,
QSK,7340101_407CA,Quản trị kinh doanh,,815.00,,DGNL,2020,,daniele15,
QSK,7340115,Marketing,,25.55,,THPTQG,2020,,daniele15,
QSK,7340115,Marketing,,920.00,,DGNL,2020,,daniele15,
QSK,7340115_410C,Marketing,,26.90,,THPTQG,2020,Chất lượng cao,daniele15,
QSK,7340115_410C,Marketing,,905.00,,DGNL,2020,,daniele15,
QSK,7340120,Kinh doanh quốc tế,,27.40,,THPTQG,2020,,daniele15,
QSK,7340120,Kinh doanh quốc tế,,930.00,,DGNL,2020,,daniele15,
QSK,7340120_408C,Kinh doanh quốc tế,,27.30,,THPTQG,2020,,daniele15,
QSK,7340120_408C,Kinh doanh quốc tế,,915.00,,DGNL,2020,,daniele15,
QSK,7340120_408CA,Kinh doanh quốc tế,,26.70,,THPTQG,2020,Chất lượng cao bằng tiếng Anh,daniele15,
QSK,7340120_408CA,Kinh doanh quốc tế,,895.00,,DGNL,2020,,daniele15,
QSK,7340122,Thương mại điện tử,,27.50,,THPTQG,2020,,daniele15,
QSK,7340122,Thương mại điện tử,,880.00,,DGNL,2020,,daniele15,
QSK,7340122_411C,Thương mại điện tử,,26.60,,THPTQG,2020,Chất lượng cao,daniele15,
QSK,7340122_411C,Thương mại điện tử,,840.00,,DGNL,2020,,daniele15,
QSK,7340201,Tài chính - Ngân hàng,,26.15,,THPTQG,2020,,daniele15,
QSK,7340201,Tài chính - Ngân hàng,,840.00,,DGNL,2020,,daniele15,
QSK,7340201_404C,Tài chính - Ngân hàng,,25.70,,THPTQG,2020,Chất lượng cao,daniele15,
QSK,7340201_404C,Tài chính - Ngân hàng,,830.00,,DGNL,2020,,daniele15,
QSK,7340201_404CA,Tài chính - Ngân hàng,,24.60,,THPTQG,2020,Chất lượng cao bằng tiếng Anh,daniele15,
QSK,7340201_404CA,Tài chính - Ngân hàng,,740.00,,DGNL,2020,,daniele15,
QSK,7340201_414C,Tài chính - Ngân hàng,,750.00,,DGNL,2020,,daniele15,
QSK,7340301,Kế toán,,26.30,,THPTQG,2020,,daniele15,
QSK,7340301,Kế toán,,850.00,,DGNL,2020,,daniele15,
QSK,7340301_405C,Kế toán,,25.35,,THPTQG,2020,Chất lượng cao,daniele15,
QSK,7340301_405C,Kế toán,,800.00,,DGNL,2020,,daniele15,
QSK,7340301_405CA,Kế toán,,23.50,,THPTQG,2020,,daniele15,
QSK,7340301_405CA,Kế toán,,730.00,,DGNL,2020,,daniele15,
QSK,7340302,Khoa học máy tính,,26.70,,THPTQG,2020,,daniele15,
QSK,7340302,Khoa học máy tính,,860.00,,DGNL,2020,,daniele15,
QSK,7340302_409C,Khoa học máy tính,,26.10,,THPTQG,2020,Chất lượng cao,daniele15,
QSK,7340302_409C,Khoa học máy tính,,810.00,,DGNL,2020,,daniele15,
QSK,7340405,Hệ thống thông tin quản lý,,26.45,,THPTQG,2020,,daniele15,
QSK,7340405,Hệ thống thông tin quản lý,,825.00,,DGNL,2020,,daniele15,
QSK,7340405_406C,Hệ thống thông tin quản lý,,25.50,,THPTQG,2020,Chất lượng cao,daniele15,
QSK,7340405_406C,Hệ thống thông tin quản lý,,770.00,,DGNL,2020,,daniele15,
QSK,7340405_416C,Hệ thống thông tin quản lý,A00,25.25,,THPTQG,2020,Kinh doanh số và Trí tuệ nhân tạo(chất lượng cao),daniele15,
QSK,7340405_416C,Hệ thống thông tin quản lý,A01,25.25,,THPTQG,2020,Kinh doanh số và Trí tuệ nhân tạo(chất lượng cao),daniele15,
QSK,7340405_416C,Hệ thống thông tin quản lý,D01,25.25,,THPTQG,2020,Kinh doanh số và Trí tuệ nhân tạo(chất lượng cao),daniele15,
QSK,7380101,Luật,,25.00,,THPTQG,2020,Luật dân sự,daniele15,
QSK,7380101,Luật,A00,25.25,,THPTQG,2020,Luật tài chính - Ngân hàng,daniele15,
QSK,7380101,Luật,A01,25.25,,THPTQG,2020,Luật tài chính - Ngân hàng,daniele15,
QSK,7380101,Luật,D01,25.25,,THPTQG,2020,Luật tài chính - Ngân hàng,daniele15,
QSK,7380101,Luật,,790.00,,DGNL,2020,,daniele15,
QSK,7380101_503C,Luật,,23.80,,THPTQG,2020,Luật dân sự(Chất lượng cao),daniele15,
QSK,7380101_503C,Luật,,760.00,,DGNL,2020,,daniele15,
QSK,7380101_504C,Luật,,24.35,,THPTQG,2020,,daniele15,
QSK,7380101_504C,Luật,,740.00,,DGNL,2020,,daniele15,
QSK,7380101_504CP,Luật,,22.20,,THPTQG,2020,,daniele15,
QSK,7380101_504CP,Luật,,740.00,,DGNL,2020,,daniele15,
QSK,7380107,Luật,,26.30,,THPTQG,2020,Luật kinh tế - Luật kinh doanh,daniele15,
QSK,7380107,Luật,,26.62,,THPTQG,2020,Luật kinh tế - Luật thương mại quốc tế,daniele15,
QSK,7380107,Luật,,870.00,,DGNL,2020,,daniele15,
QSK,7380107,Luật,,880.00,,DGNL,2020,,daniele15,
QSK,7380107_501C,Luật,,25.80,,THPTQG,2020,Luật kinh tế - Luật kinh doanh (chất lượng cao),daniele15,
QSK,7380107_501C,Luật,,800.00,,DGNL,2020,,daniele15,
QSK,7380107_502C,Luật,,26.45,,THPTQG,2020,Luật kinh tế - Luật thương mại quốc tế (Chất lượng cao),daniele15,
QSK,7380107_502C,Luật,,850.00,,DGNL,2020,,daniele15,
QSQ,7220201,Ngôn ngữ Anh,,27.00,,THPTQG,2020,,daniele15,
QSQ,7220201,Ngôn ngữ Anh,,800.00,,DGNL,2020,,daniele15,
QSQ,7340101,Quản trị kinh doanh,,26.50,,THPTQG,2020,,daniele15,
QSQ,7340101,Quản trị kinh doanh,,750.00,,DGNL,2020,,daniele15,
QSQ,7340101_LK,Quản trị kinh doanh,,600.00,,DGNL,2020,,daniele15,
QSQ,7340201,Tài chính - Ngân hàng,,24.50,,THPTQG,2020,,daniele15,
QSQ,7340201,Tài chính - Ngân hàng,,700.00,,DGNL,2020,,daniele15,
QSQ,7340301,Kế toán,,24.00,,THPTQG,2020,,daniele15,
QSQ,7340301,Kế toán,,680.00,,DGNL,2020,,daniele15,
QSQ,7420201,Công nghệ sinh học,,22.00,,THPTQG,2020,,daniele15,
QSQ,7420201,Công nghệ sinh học,,620.00,,DGNL,2020,,daniele15,
QSQ,7420201_LK,Công nghệ sinh học,,600.00,,DGNL,2020,,daniele15,
QSQ,7440112,Hoá học,,22.00,,THPTQG,2020,,daniele15,
QSQ,7440112,Hoá học,,620.00,,DGNL,2020,,daniele15,
QSQ,7460112,Toán ứng dụng,,23.00,,THPTQG,2020,,daniele15,
QSQ,7460112,Toán ứng dụng,,700.00,,DGNL,2020,,daniele15,
QSQ,7480106_LK,Kỹ thuật máy tính,,600.00,,DGNL,2020,,daniele15,
QSQ,7480109,Khoa học dữ liệu,A00,24.00,,THPTQG,2020,,daniele15,
QSQ,7480109,Khoa học dữ liệu,A01,24.00,,THPTQG,2020,,daniele15,
QSQ,7480109,Khoa học dữ liệu,D01,24.00,,THPTQG,2020,,daniele15,
QSQ,7480201,Công nghệ thông tin,,25.00,,THPTQG,2020,,daniele15,
QSQ,7480201,Công nghệ thông tin,,750.00,,DGNL,2020,,daniele15,
QSQ,7480201_LK,Công nghệ thông tin,,600.00,,DGNL,2020,,daniele15,
QSQ,7510605,Logistics và Quản lý chuỗi cung ứng,,26.50,,DGNL,2020,,daniele15,
QSQ,7510605,Logistics và Quản lý chuỗi cung ứng,,800.00,,DGNL,2020,,daniele15,
QSQ,7520118,Kỹ thuật hệ thống công nghiệp,,23.00,,THPTQG,2020,,daniele15,
QSQ,7520118,Kỹ thuật hệ thống công nghiệp,,620.00,,DGNL,2020,,daniele15,
QSQ,7520118_LK,Kỹ thuật hệ thống công nghiệp,,600.00,,DGNL,2020,,daniele15,
QSQ,7520121,Kỹ thuật không gian,,22.00,,THPTQG,2020,,daniele15,
QSQ,7520121,Kỹ thuật không gian,,620.00,,DGNL,2020,,daniele15,
QSQ,7520207,Kỹ thuật điện tử - viễn thông,,21.00,,THPTQG,2020,,daniele15,
QSQ,7520207,Kỹ thuật điện tử - viễn thông,,620.00,,DGNL,2020,,daniele15,
QSQ,7520207_LK,Kỹ thuật điện tử truyền thông,,600.00,,DGNL,2020,,daniele15,
QSQ,7520212,Kỹ thuật y sinh,,23.00,,THPTQG,2020,,daniele15,
QSQ,7520212,Kỹ thuật y sinh,,655.00,,DGNL,2020,,daniele15,
QSQ,7520216,Kỹ thuật điều khiển và tự động hoá,,22.50,,THPTQG,2020,,daniele15,
QSQ,7520216,Kỹ thuật điều khiển và tự động hoá,,620.00,,DGNL,2020,,daniele15,
QSQ,7520301,Kỹ thuật hoá học,,22.00,,THPTQG,2020,,daniele15,
QSQ,7520301,Kỹ thuật hoá học,,620.00,,DGNL,2020,,daniele15,
QSQ,7520320,Kỹ thuật môi trường,,22.00,,THPTQG,2020,,daniele15,
QSQ,7520320,Kỹ thuật môi trường,,620.00,,DGNL,2020,,daniele15,
QSQ,7540101,Công nghệ thực phẩm,,22.00,,THPTQG,2020,,daniele15,
QSQ,7540101,Công nghệ thực phẩm,,620.00,,DGNL,2020,,daniele15,
QSQ,7580201,Kỹ thuật xây dựng,,22.00,,THPTQG,2020,,daniele15,
QSQ,7580201,Kỹ thuật xây dựng,,620.00,,DGNL,2020,,daniele15,
QST,7420101,Sinh học,,18.00,,THPTQG,2020,,daniele15,
QST,7420101,Sinh học,,608.00,,DGNL,2020,,daniele15,
QST,7420101_CLC,Sinh học,,18.00,,THPTQG,2020,,daniele15,
QST,7420101_CLC,Sinh học,,662.00,,DGNL,2020,,daniele15,
QST,7420201,Công nghệ sinh học,,25.00,,THPTQG,2020,,daniele15,
QST,7420201,Công nghệ sinh học,,810.00,,DGNL,2020,,daniele15,
QST,7420201_CLC,Công nghệ sinh học,,23.75,,THPTQG,2020,,daniele15,
QST,7420201_CLC,Công nghệ sinh học,,686.00,,DGNL,2020,,daniele15,
QST,7440102,Vật lý học,,17.00,,THPTQG,2020,,daniele15,
QST,7440102,Vật lý học,,600.00,,DGNL,2020,,daniele15,
QST,7440112,Hoá học,,25.00,,THPTQG,2020,,daniele15,
QST,7440112,Hoá học,,754.00,,DGNL,2020,,daniele15,
QST,7440112_CLC,Hoá học,,22.00,,THPTQG,2020,,daniele15,
QST,7440112_CLC,Hoá học,,703.00,,DGNL,2020,,daniele15,
QST,7440112_VP,Hoá học,,22.00,,THPTQG,2020,Chương trình liên kết Việt-Pháp,daniele15,
QST,7440112_VP,Hoá học,,603.00,,DGNL,2020,Chương trình liên kết Việt-Pháp,daniele15,
QST,7440122,Khoa học vật liệu,,17.00,,THPTQG,2020,,daniele15,
QST,7440122,Khoa học vật liệu,,600.00,,DGNL,2020,,daniele15,
QST,7440201,Địa chất học,,17.00,,THPTQG,2020,,daniele15,
QST,7440201,Địa chất học,,600.00,,DGNL,2020,,daniele15,
QST,7440228,Hải dương học,,17.00,,THPTQG,2020,,daniele15,
QST,7440228,Hải dương học,,602.00,,DGNL,2020,,daniele15,
QST,7440301,Khoa học môi trường,,17.00,,THPTQG,2020,,daniele15,
QST,7440301,Khoa học môi trường,,601.00,,DGNL,2020,,daniele15,
QST,7440301_BT,Khoa học môi trường,,16.00,,THPTQG,2020,,daniele15,
QST,7440301_BT,Khoa học môi trường,,600.00,,DGNL,2020,,daniele15,
QST,7440301_CLC,Khoa học môi trường,,17.00,,THPTQG,2020,,daniele15,
QST,7440301_CLC,Khoa học môi trường,,606.00,,DGNL,2020,,daniele15,
QST,7460101,Toán học,,20.00,,THPTQG,2020,,daniele15,
QST,7460101,Toán học,,609.00,,DGNL,2020,,daniele15,
QST,7480101_TT,Khoa học máy tính,,26.65,,THPTQG,2020,CT tiên tiến,daniele15,
QST,7480101_TT,Khoa học máy tính,,903.00,,DGNL,2020,CT tiên tiến,daniele15,
QST,7480109,Khoa học dữ liệu,A00,24.00,,THPTQG,2020,,daniele15,
QST,7480109,Khoa học dữ liệu,A01,24.00,,THPTQG,2020,,daniele15,
QST,7480109,Khoa học dữ liệu,B00,24.00,,THPTQG,2020,,daniele15,
QST,7480109,Khoa học dữ liệu,D07,24.00,,THPTQG,2020,,daniele15,
QST,7480201_CLC,Công nghệ thông tin,,25.75,,THPTQG,2020,,daniele15,
QST,7480201_CLC,Công nghệ thông tin,,703.00,,DGNL,2020,,daniele15,
QST,7480201_NN,Nhóm ngành máy tính và Công nghệ thông tin,,27.20,,THPTQG,2020,,daniele15,
QST,7480201_NN,Nhóm ngành máy tính và Công nghệ thông tin,,880.00,,DGNL,2020,,daniele15,
QST,7480201_VP,Công nghệ thông tin,,24.70,,THPTQG,2020,Chương trình Việt-Pháp,daniele15,
QST,7480201_VP,Công nghệ thông tin,,675.00,,DGNL,2020,Chương trình Việt-Pháp,daniele15,
QST,7510401_CLC,Công nghệ kỹ thuật hoá học,,22.75,,THPTQG,2020,,daniele15,
QST,7510401_CLC,Công nghệ kỹ thuật hoá học,,651.00,,DGNL,2020,,daniele15,
QST,7510402,Công nghệ vật liệu,,18.00,,THPTQG,2020,,daniele15,
QST,7510402,Công nghệ vật liệu,,602.00,,DGNL,2020,,daniele15,
QST,7510406,Công nghệ kỹ thuật môi trường,,17.00,,THPTQG,2020,,daniele15,
QST,7510406,Công nghệ kỹ thuật môi trường,,605.00,,DGNL,2020,,daniele15,
QST,7520207,Kỹ thuật điện tử - viễn thông,,23.00,,THPTQG,2020,,daniele15,
QST,7520207,Kỹ thuật điện tử - viễn thông,,653.00,,DGNL,2020,,daniele15,
QST,7520207_CLC,Kỹ thuật điện tử - viễn thông,,18.00,,THPTQG,2020,,daniele15,
QST,7520207_CLC,Kỹ thuật điện tử - viễn thông,,650.00,,DGNL,2020,,daniele15,
QST,7520402,Kỹ thuật hạt nhân,,17.00,,THPTQG,2020,,daniele15,
QST,7520402,Kỹ thuật hạt nhân,,623.00,,DGNL,2020,,daniele15,
QST,7520403,Vật lý y khoa,,22.00,,THPTQG,2020,,daniele15,
QST,7520403,Vật lý y khoa,,670.00,,DGNL,2020,,daniele15,
QSX,7140101,Giáo dục học,,21.50,,THPTQG,2020,,daniele15,
QSX,7140101,Giáo dục học,,22.15,,THPTQG,2020,,daniele15,
QSX,7140101,Giáo dục học,,600.00,,DGNL,2020,,daniele15,
QSX,7220201,Ngôn ngữ Anh,,26.17,,THPTQG,2020,,daniele15,
QSX,7220201,Ngôn ngữ Anh,,880.00,,DGNL,2020,,daniele15,
QSX,7220201_CLC,Ngôn ngữ Anh,,25.65,,THPTQG,2020,,daniele15,
QSX,7220201_CLC,Ngôn ngữ Anh,,880.00,,DGNL,2020,,daniele15,
QSX,7220202,Ngôn ngữ Nga,,20.00,,THPTQG,2020,,daniele15,
QSX,7220202,Ngôn ngữ Nga,,630.00,,DGNL,2020,,daniele15,
QSX,7220203,Ngôn ngữ Pháp,,22.75,,THPTQG,2020,,daniele15,
QSX,7220203,Ngôn ngữ Pháp,,23.20,,THPTQG,2020,,daniele15,
QSX,7220203,Ngôn ngữ Pháp,,730.00,,DGNL,2020,,daniele15,
QSX,7220204,Ngôn ngữ Trung Quốc,,25.20,,THPTQG,2020,,daniele15,
QSX,7220204,Ngôn ngữ Trung Quốc,,818.00,,DGNL,2020,800Chất lượng cao,daniele15,
QSX,7220204_CLC,Ngôn ngữ Trung Quốc,D01,24.00,,THPTQG,2020,,daniele15,
QSX,7220204_CLC,Ngôn ngữ Trung Quốc,D04,24.00,,THPTQG,2020,,daniele15,
QSX,7220205,Ngôn ngữ Đức,,22.00,,THPTQG,2020,,daniele15,
QSX,7220205,Ngôn ngữ Đức,,23.00,,THPTQG,2020,,daniele15,
QSX,7220205,Ngôn ngữ Đức,,730.00,,DGNL,2020,,daniele15,
QSX,7220206,Ngôn ngữ Tây Ban Nha,,22.50,,THPTQG,2020,,daniele15,
QSX,7220206,Ngôn ngữ Tây Ban Nha,,660.00,,DGNL,2020,,daniele15,
QSX,7220208,Ngôn ngữ Italia,,21.50,,THPTQG,2020,,daniele15,
QSX,7220208,Ngôn ngữ Italia,,610.00,,DGNL,2020,,daniele15,
QSX,7229001,Triết học,,21.25,,THPTQG,2020,,daniele15,
QSX,7229001,Triết học,,21.75,,THPTQG,2020,,daniele15,
QSX,7229001,Triết học,,600.00,,DGNL,2020,,daniele15,
QSX,7229009,Tôn giáo học,,21.00,,THPTQG,2020,,daniele15,
QSX,7229009,Tôn giáo học,,21.50,,THPTQG,2020,,daniele15,
QSX,7229009,Tôn giáo học,,600.00,,DGNL,2020,ĐGNL,daniele15,
QSX,7229010,Lịch sử,,22.00,,THPTQG,2020,,daniele15,
QSX,7229010,Lịch sử,,22.50,,THPTQG,2020,,daniele15,
QSX,7229010,Lịch sử,,600.00,,DGNL,2020,,daniele15,
QSX,7229020,Ngôn ngữ học,,23.50,,THPTQG,2020,,daniele15,
QSX,7229020,Ngôn ngữ học,,24.30,,THPTQG,2020,,daniele15,
QSX,7229020,Ngôn ngữ học,,680.00,,DGNL,2020,,daniele15,
QSX,7229030,Văn học,,24.15,,THPTQG,2020,,daniele15,
QSX,7229030,Văn học,,24.65,,THPTQG,2020,,daniele15,
QSX,7229030,Văn học,,680.00,,DGNL,2020,,daniele15,
QSX,7229040,Văn hoá học,C00,24.75,,THPTQG,2020,,daniele15,
QSX,7229040,Văn hoá học,C00,25.60,,THPTQG,2020,,daniele15,
QSX,7310206,Quan hệ quốc tế,,25.60,,THPTQG,2020,,daniele15,
QSX,7310206,Quan hệ quốc tế,,26.00,,THPTQG,2020,,daniele15,
QSX,7310206,Quan hệ quốc tế,,850.00,,DGNL,2020,,daniele15,
QSX,7310206_CLC,Quan hệ quốc tế,,25.60,,THPTQG,2020,,daniele15,
QSX,7310206_CLC,Quan hệ quốc tế,,25.70,,THPTQG,2020,,daniele15,
QSX,7310206_CLC,Quan hệ quốc tế,,850.00,,DGNL,2020,,daniele15,
QSX,7310301,Xã hội học,,24.00,,THPTQG,2020,,daniele15,
QSX,7310301,Xã hội học,,25.00,,THPTQG,2020,,daniele15,
QSX,7310301,Xã hội học,,640.00,,DGNL,2020,,daniele15,
QSX,7310302,Nhân học,,21.75,,THPTQG,2020,,daniele15,
QSX,7310302,Nhân học,,22.25,,THPTQG,2020,,daniele15,
QSX,7310302,Nhân học,,24.50,,THPTQG,2020,Điểm thi TN THPT,daniele15,
QSX,7310302,Nhân học,,600.00,,DGNL,2020,,daniele15,
QSX,7310401,Tâm lý học,,25.90,,THPTQG,2020,,daniele15,
QSX,7310401,Tâm lý học,,26.60,,THPTQG,2020,,daniele15,
QSX,7310401,Tâm lý học,,840.00,,DGNL,2020,,daniele15,
QSX,7310501,Địa lý học,,22.25,,THPTQG,2020,,daniele15,
QSX,7310501,Địa lý học,,22.75,,THPTQG,2020,,daniele15,
QSX,7310501,Địa lý học,,600.00,,DGNL,2020,,daniele15,
QSX,7310608,Đông phương học,,24.45,,THPTQG,2020,,daniele15,
QSX,7310608,Đông phương học,,24.65,,THPTQG,2020,,daniele15,
QSX,7310608,Đông phương học,,765.00,,DGNL,2020,,daniele15,
QSX,7310613,Nhật Bản học,D01,25.20,,THPTQG,2020,,daniele15,
QSX,7310613,Nhật Bản học,D01,25.65,,THPTQG,2020,,daniele15,
QSX,7310613_BT,Nhật Bản học,,818.00,,DGNL,2020,,daniele15,
QSX,7310613_CLC,Nhật Bản học,,24.50,,THPTQG,2020,,daniele15,
QSX,7310613_CLC,Nhật Bản học,,25.00,,THPTQG,2020,,daniele15,
QSX,7310613_CLC,Nhật Bản học,,800.00,,DGNL,2020,,daniele15,
QSX,7310614,Hàn Quốc học,,25.20,,THPTQG,2020,,daniele15,
QSX,7310614,Hàn Quốc học,,818.00,,DGNL,2020,,daniele15,
QSX,7320101,Báo chí,C00,26.15,,THPTQG,2020,,daniele15,
QSX,7320101,Báo chí,C00,27.50,,THPTQG,2020,,daniele15,
QSX,7320101_BT,Báo chí,,820.00,,DGNL,2020,,daniele15,
QSX,7320101_CLC,Báo chí,,25.40,,THPTQG,2020,,daniele15,
QSX,7320101_CLC,Báo chí,,26.80,,THPTQG,2020,,daniele15,
QSX,7320101_CLC,Báo chí,,820.00,,DGNL,2020,,daniele15,
QSX,7320104,Truyền thông đa phương tiện,,26.25,,THPTQG,2020,,daniele15,
QSX,7320104,Truyền thông đa phương tiện,,27.00,,THPTQG,2020,,daniele15,
QSX,7320104,Truyền thông đa phương tiện,,880.00,,DGNL,2020,,daniele15,
QSX,7320201,Thông tin - thư viện,,21.00,,THPTQG,2020,,daniele15,
QSX,7320201,Thông tin - thư viện,,21.25,,THPTQG,2020,,daniele15,
QSX,7320201,Thông tin - thư viện,,600.00,,DGNL,2020,,daniele15,
QSX,7320205,Quản lý thông tin,,23.75,,THPTQG,2020,,daniele15,
QSX,7320205,Quản lý thông tin,,25.40,,THPTQG,2020,,daniele15,
QSX,7320205,Quản lý thông tin,,620.00,,DGNL,2020,,daniele15,
QSX,7320303,Lưu trữ học,,22.75,,THPTQG,2020,,daniele15,
QSX,7320303,Lưu trữ học,,24.25,,THPTQG,2020,,daniele15,
QSX,7320303,Lưu trữ học,,608.00,,DGNL,2020,,daniele15,
QSX,7340406,Quản trị văn phòng,,24.50,,THPTQG,2020,,daniele15,
QSX,7340406,Quản trị văn phòng,,26.00,,THPTQG,2020,,daniele15,
QSX,7340406,Quản trị văn phòng,,660.00,,DGNL,2020,Đánh giá năng lực,daniele15,
QSX,7580112,Đô thị học,,22.10,,THPTQG,2020,,daniele15,
QSX,7580112,Đô thị học,,23.10,,THPTQG,2020,,daniele15,
QSX,7580112,Đô thị học,,600.00,,DGNL,2020,,daniele15,
QSX,7580112_BT,Đô thị học,C00,600.00,,DGNL,2020,Đánh giá năng lực,daniele15,
QSX,7580112_BT,Đô thị học,C00,21.10,,THPTQG,2020,,daniele15,
QSX,7580112_BT,Đô thị học,C00,22.10,,THPTQG,2020,,daniele15,
QSX,7760101,Công tác xã hội,,22.00,,THPTQG,2020,,daniele15,
QSX,7760101,Công tác xã hội,,22.80,,THPTQG,2020,,daniele15,
QSX,7760101,Công tác xã hội,,600.00,,DGNL,2020,,daniele15,
QSX,7810103,Quản trị dịch vụ du lịch và lữ hành,,26.25,,THPTQG,2020,,daniele15,
QSX,7810103,Quản trị dịch vụ du lịch và lữ hành,,27.30,,THPTQG,2020,,daniele15,
QSX,7810103,Quản trị dịch vụ du lịch và lữ hành,,825.00,,DGNL,2020,,daniele15,
QSX,7810103_CLC,Quản trị dịch vụ du lịch và lữ hành,,25.00,,THPTQG,2020,,daniele15,
QSX,7810103_CLC,Quản trị dịch vụ du lịch và lữ hành,,25.55,,THPTQG,2020,,daniele15,
QSX,7810103_CLC,Quản trị dịch vụ du lịch và lữ hành,,800.00,,DGNL,2020,,daniele15,
QSY,7720101_CLC,Y khoa,,934.00,,DGNL,2020,,daniele15,
QSY,7720201_CLC,Dược học,,885.00,,DGNL,2020,,daniele15,
QSY,7720501_CLC,Răng - Hàm - Mặt,,893.00,,DGNL,2020,,daniele15,
SDU,7220201,Ngôn ngữ Anh,D01,15.00,,THPTQG,2020,,daniele15,
SDU,7220201,Ngôn ngữ Anh,D14,15.00,,THPTQG,2020,,daniele15,
SDU,7220201,Ngôn ngữ Anh,D15,15.00,,THPTQG,2020,,daniele15,
SDU,7220201,Ngôn ngữ Anh,D66,15.00,,THPTQG,2020,,daniele15,
SDU,7220204,Ngôn ngữ Trung Quốc,D01,16.00,,THPTQG,2020,,daniele15,
SDU,7220204,Ngôn ngữ Trung Quốc,D15,16.00,,THPTQG,2020,,daniele15,
SDU,7220204,Ngôn ngữ Trung Quốc,D66,16.00,,THPTQG,2020,,daniele15,
SDU,7220204,Ngôn ngữ Trung Quốc,D71,16.00,,THPTQG,2020,,daniele15,
SDU,7310630,Việt Nam học,C00,15.00,,THPTQG,2020,Hướng dẫn du lịch,daniele15,
SDU,7310630,Việt Nam học,C20,15.00,,THPTQG,2020,Hướng dẫn du lịch,daniele15,
SDU,7310630,Việt Nam học,D01,15.00,,THPTQG,2020,Hướng dẫn du lịch,daniele15,
SDU,7310630,Việt Nam học,D15,15.00,,THPTQG,2020,Hướng dẫn du lịch,daniele15,
SDU,7340101,Quản trị kinh doanh,A00,15.50,,THPTQG,2020,,daniele15,
SDU,7340101,Quản trị kinh doanh,A09,15.50,,THPTQG,2020,,daniele15,
SDU,7340101,Quản trị kinh doanh,C01,15.50,,THPTQG,2020,,daniele15,
SDU,7340101,Quản trị kinh doanh,D01,15.50,,THPTQG,2020,,daniele15,
SDU,7340301,Kế toán,A00,15.50,,THPTQG,2020,,daniele15,
SDU,7340301,Kế toán,A09,15.50,,THPTQG,2020,,daniele15,
SDU,7340301,Kế toán,C01,15.50,,THPTQG,2020,,daniele15,
SDU,7340301,Kế toán,D01,15.50,,THPTQG,2020,,daniele15,
SDU,7480201,Công nghệ thông tin,A00,16.00,,THPTQG,2020,,daniele15,
SDU,7480201,Công nghệ thông tin,A09,16.00,,THPTQG,2020,,daniele15,
SDU,7480201,Công nghệ thông tin,C01,16.00,,THPTQG,2020,,daniele15,
SDU,7480201,Công nghệ thông tin,D01,16.00,,THPTQG,2020,,daniele15,
SDU,7510201,Công nghệ kỹ thuật cơ khí,A00,16.00,,THPTQG,2020,,daniele15,
SDU,7510201,Công nghệ kỹ thuật cơ khí,A09,16.00,,THPTQG,2020,,daniele15,
SDU,7510201,Công nghệ kỹ thuật cơ khí,C01,16.00,,THPTQG,2020,,daniele15,
SDU,7510201,Công nghệ kỹ thuật cơ khí,D01,16.00,,THPTQG,2020,,daniele15,
SDU,7510205,Công nghệ kỹ thuật ô tô,A00,16.00,,THPTQG,2020,,daniele15,
SDU,7510205,Công nghệ kỹ thuật ô tô,A09,16.00,,THPTQG,2020,,daniele15,
SDU,7510205,Công nghệ kỹ thuật ô tô,C01,16.00,,THPTQG,2020,,daniele15,
SDU,7510205,Công nghệ kỹ thuật ô tô,D01,16.00,,THPTQG,2020,,daniele15,
SDU,7510301,"Công nghệ kỹ thuật điện, điện tử",A00,16.00,,THPTQG,2020,,daniele15,
SDU,7510301,"Công nghệ kỹ thuật điện, điện tử",A09,16.00,,THPTQG,2020,,daniele15,
SDU,7510301,"Công nghệ kỹ thuật điện, điện tử",C01,16.00,,THPTQG,2020,,daniele15,
SDU,7510301,"Công nghệ kỹ thuật điện, điện tử",D01,16.00,,THPTQG,2020,,daniele15,
SDU,7510302,Công nghệ kỹ thuật điện tử - viễn thông,A00,15.50,,THPTQG,2020,,daniele15,
SDU,7510302,Công nghệ kỹ thuật điện tử - viễn thông,A09,15.50,,THPTQG,2020,,daniele15,
SDU,7510302,Công nghệ kỹ thuật điện tử - viễn thông,C01,15.50,,THPTQG,2020,,daniele15,
SDU,7510302,Công nghệ kỹ thuật điện tử - viễn thông,D01,15.50,,THPTQG,2020,,daniele15,
SDU,7520216,Kỹ thuật điều khiển và tự động hoá,A00,16.00,,THPTQG,2020,,daniele15,
SDU,7520216,Kỹ thuật điều khiển và tự động hoá,A09,16.00,,THPTQG,2020,,daniele15,
SDU,7520216,Kỹ thuật điều khiển và tự động hoá,C01,16.00,,THPTQG,2020,,daniele15,
SDU,7520216,Kỹ thuật điều khiển và tự động hoá,D01,16.00,,THPTQG,2020,,daniele15,
SDU,7540101,Công nghệ thực phẩm,A00,15.00,,THPTQG,2020,,daniele15,
SDU,7540101,Công nghệ thực phẩm,A09,15.00,,THPTQG,2020,,daniele15,
SDU,7540101,Công nghệ thực phẩm,B01,15.00,,THPTQG,2020,,daniele15,
SDU,7540101,Công nghệ thực phẩm,D01,15.00,,THPTQG,2020,,daniele15,
SDU,7540204,"Công nghệ dệt, may",A00,15.50,,THPTQG,2020,,daniele15,
SDU,7540204,"Công nghệ dệt, may",A09,15.50,,THPTQG,2020,,daniele15,
SDU,7540204,"Công nghệ dệt, may",C01,15.50,,THPTQG,2020,,daniele15,
SDU,7540204,"Công nghệ dệt, may",D01,15.50,,THPTQG,2020,,daniele15,
SGD,7140114,Quản lý giáo dục,C04,21.10,,THPTQG,2020,,daniele15,
SGD,7140114,Quản lý giáo dục,C04,22.10,,THPTQG,2020,,daniele15,
SGD,7140201,Giáo dục Mầm non,,18.50,,THPTQG,2020,,daniele15,
SGD,7140202,Giáo dục Tiểu học,D01,22.80,,THPTQG,2020,,daniele15,
SGD,7140205,Giáo dục Chính trị,C00,21.25,,THPTQG,2020,,daniele15,
SGD,7140205,Giáo dục Chính trị,C00,22.25,,THPTQG,2020,,daniele15,
SGD,7140209,Sư phạm Toán học,A00,25.18,,THPTQG,2020,,daniele15,
SGD,7140209,Sư phạm Toán học,A00,26.18,,THPTQG,2020,,daniele15,
SGD,7140211,Sư phạm Vật lý,A00,24.48,,THPTQG,2020,,daniele15,
SGD,7140212,Sư phạm Hóa học,A00,24.98,,THPTQG,2020,,daniele15,
SGD,7140213,Sư phạm Sinh học,B00,20.10,,THPTQG,2020,,daniele15,
SGD,7140217,Sư phạm Ngữ văn,C00,24.25,,THPTQG,2020,,daniele15,
SGD,7140218,Sư phạm Lịch sử,C00,22.50,,THPTQG,2020,,daniele15,
SGD,7140219,Sư phạm Địa lý,C00,22.90,,THPTQG,2020,,daniele15,
SGD,7140219,Sư phạm Địa lý,C04,22.90,,THPTQG,2020,,daniele15,
SGD,7140221,Sư phạm Âm nhạc,N01,24.00,,THPTQG,2020,,daniele15,
SGD,7140222,Sư phạm Mỹ thuật,H00,18.25,,THPTQG,2020,,daniele15,
SGD,7140231,Sư phạm Tiếng Anh,D01,24.96,,THPTQG,2020,,daniele15,
SGD,7140247,Sư phạm khoa học tự nhiên,A00,22.55,,THPTQG,2020,,daniele15,
SGD,7140247,Sư phạm khoa học tự nhiên,B00,22.55,,THPTQG,2020,,daniele15,
SGD,7140249,Sư phạm Lịch sử Địa lý,C00,21.75,,THPTQG,2020,,daniele15,
SGD,7210205,Thanh nhạc,N02,22.25,,THPTQG,2020,,daniele15,
SGD,7220201,Ngôn ngữ Anh,D01,24.49,,THPTQG,2020,,daniele15,
SGD,7310401,Tâm lý học,D01,21.15,,THPTQG,2020,,daniele15,
SGD,7310601,Quốc tế học,D01,21.18,,THPTQG,2020,,daniele15,
SGD,7310630,Việt Nam học,C00,22.00,,THPTQG,2020,,daniele15,
SGD,7320201,Thông tin - thư viện,C04,20.10,,THPTQG,2020,,daniele15,
SGD,7320201,Thông tin - thư viện,D01,20.10,,THPTQG,2020,,daniele15,
SGD,7340101,Quản trị kinh doanh,A01,23.26,,THPTQG,2020,,daniele15,
SGD,7340101,Quản trị kinh doanh,A01,24.26,,THPTQG,2020,,daniele15,
SGD,7340120,Kinh doanh quốc tế,A01,24.55,,THPTQG,2020,,daniele15,
SGD,7340120,Kinh doanh quốc tế,A01,25.55,,THPTQG,2020,,daniele15,
SGD,7340201,Tài chính - Ngân hàng,C01,22.70,,THPTQG,2020,,daniele15,
SGD,7340201,Tài chính - Ngân hàng,C01,23.70,,THPTQG,2020,,daniele15,
SGD,7340301,Kế toán,C01,22.48,,THPTQG,2020,,daniele15,
SGD,7340301,Kế toán,C01,23.48,,THPTQG,2020,,daniele15,
SGD,7340406,Quản trị văn phòng,C04,23.18,,THPTQG,2020,,daniele15,
SGD,7340406,Quản trị văn phòng,C04,24.18,,THPTQG,2020,,daniele15,
SGD,7380101,Luật,C03,22.35,,THPTQG,2020,,daniele15,
SGD,7380101,Luật,C03,23.35,,THPTQG,2020,,daniele15,
SGD,7440301,Khoa học môi trường,B00,16.00,,THPTQG,2020,,daniele15,
SGD,7440301,Khoa học môi trường,B00,17.00,,THPTQG,2020,,daniele15,
SGD,7460112,Toán ứng dụng,A00,18.81,,THPTQG,2020,,daniele15,
SGD,7460112,Toán ứng dụng,A00,19.81,,THPTQG,2020,,daniele15,
SGD,7480103,Kỹ thuật phần mềm,A00,23.75,,THPTQG,2020,,daniele15,
SGD,7480103,Kỹ thuật phần mềm,A01,23.75,,THPTQG,2020,,daniele15,
SGD,7480201CLC,Công nghệ thông tin,A00,23.20,,THPTQG,2020,,daniele15,
SGD,7480201CLC,Công nghệ thông tin,A01,23.20,,THPTQG,2020,,daniele15,
SGD,7510301,"Công nghệ kỹ thuật điện, điện tử",A00,21.30,,THPTQG,2020,,daniele15,
SGD,7510301,"Công nghệ kỹ thuật điện, điện tử",A00,23.30,,THPTQG,2020,,daniele15,
SGD,7510302,Công nghệ kỹ thuật điện tử - viễn thông,A00,19.40,,THPTQG,2020,,daniele15,
SGD,7510302,Công nghệ kỹ thuật điện tử - viễn thông,A00,20.40,,THPTQG,2020,,daniele15,
SGD,7510406,Công nghệ kỹ thuật môi trường,B00,16.10,,THPTQG,2020,,daniele15,
SGD,7510406,Công nghệ kỹ thuật môi trường,B00,17.10,,THPTQG,2020,,daniele15,
SGD,7520201,Kỹ thuật điện,A00,18.25,,THPTQG,2020,,daniele15,
SGD,7520201,Kỹ thuật điện,A00,19.25,,THPTQG,2020,,daniele15,
SGD,7520207,Kỹ thuật điện tử - viễn thông,A00,15.25,,THPTQG,2020,,daniele15,
SGD,7520207,Kỹ thuật điện tử - viễn thông,A00,16.25,,THPTQG,2020,,daniele15,
SGD,7810101,Du lịch,C00,23.35,,THPTQG,2020,Điểm thi TN THPT,daniele15,
SGD,7810101,Du lịch,D01,23.35,,THPTQG,2020,Điểm thi TN THPT,daniele15,
SKD,7210227,Đạo diễn sân khấu,,25.50,,THPTQG,2020,Điểm năng khiếu ≥ 7,daniele15,
SKD,7210234,"Diễn viên kịch, điện ảnh - truyền hình",,28.00,,THPTQG,2020,Điểm năng khiếu ≥ 7,daniele15,
SKD,7210235,"Đạo diễn điện ảnh, truyền hình",,28.00,,THPTQG,2020,Điểm năng khiếu ≥ 7,daniele15,
SKD,7210236,Quay phim,,27.50,,THPTQG,2020,Điểm năng khiếu ≥ 7,daniele15,
SKH,7140231,Sư phạm Tiếng Anh,A01,18.50,,THPTQG,2020,,daniele15,
SKH,7140231,Sư phạm Tiếng Anh,D01,18.50,,THPTQG,2020,,daniele15,
SKH,7140231,Sư phạm Tiếng Anh,D09,18.50,,THPTQG,2020,,daniele15,
SKH,7140231,Sư phạm Tiếng Anh,D10,18.50,,THPTQG,2020,,daniele15,
SKH,7140246,Sư phạm công nghệ,A00,18.50,,THPTQG,2020,,daniele15,
SKH,7140246,Sư phạm công nghệ,A01,18.50,,THPTQG,2020,,daniele15,
SKH,7140246,Sư phạm công nghệ,D01,18.50,,THPTQG,2020,,daniele15,
SKH,7140246,Sư phạm công nghệ,D07,18.50,,THPTQG,2020,,daniele15,
SKH,7220201,Ngôn ngữ Anh,A01,16.00,,THPTQG,2020,,daniele15,
SKH,7220201,Ngôn ngữ Anh,D01,16.00,,THPTQG,2020,,daniele15,
SKH,7220201,Ngôn ngữ Anh,D09,16.00,,THPTQG,2020,,daniele15,
SKH,7220201,Ngôn ngữ Anh,D10,16.00,,THPTQG,2020,,daniele15,
SKH,7310101,Kinh tế,A00,16.00,,THPTQG,2020,,daniele15,
SKH,7310101,Kinh tế,A01,16.00,,THPTQG,2020,,daniele15,
SKH,7310101,Kinh tế,D01,16.00,,THPTQG,2020,,daniele15,
SKH,7310101,Kinh tế,D07,16.00,,THPTQG,2020,,daniele15,
SKH,7340101,Quản trị kinh doanh,A00,16.00,,THPTQG,2020,,daniele15,
SKH,7340101,Quản trị kinh doanh,A01,16.00,,THPTQG,2020,,daniele15,
SKH,7340101,Quản trị kinh doanh,D01,16.00,,THPTQG,2020,,daniele15,
SKH,7340101,Quản trị kinh doanh,D07,16.00,,THPTQG,2020,,daniele15,
SKH,7340301,Kế toán,A00,16.00,,THPTQG,2020,,daniele15,
SKH,7340301,Kế toán,A01,16.00,,THPTQG,2020,,daniele15,
SKH,7340301,Kế toán,D01,16.00,,THPTQG,2020,,daniele15,
SKH,7340301,Kế toán,D07,16.00,,THPTQG,2020,,daniele15,
SKH,7480101,Khoa học máy tính,A00,16.00,,THPTQG,2020,,daniele15,
SKH,7480101,Khoa học máy tính,A01,16.00,,THPTQG,2020,,daniele15,
SKH,7480103,Kỹ thuật phần mềm,A00,16.00,,THPTQG,2020,,daniele15,
SKH,7480103,Kỹ thuật phần mềm,A01,16.00,,THPTQG,2020,,daniele15,
SKH,7480201,Công nghệ thông tin,A00,16.00,,THPTQG,2020,,daniele15,
SKH,7480201,Công nghệ thông tin,A01,16.00,,THPTQG,2020,,daniele15,
SKH,7480201,Công nghệ thông tin,D01,16.00,,THPTQG,2020,,daniele15,
SKH,7480201,Công nghệ thông tin,D07,16.00,,THPTQG,2020,,daniele15,
SKH,7510201,Công nghệ kỹ thuật cơ khí,A00,16.00,,THPTQG,2020,,daniele15,
SKH,7510201,Công nghệ kỹ thuật cơ khí,A01,16.00,,THPTQG,2020,,daniele15,
SKH,7510201,Công nghệ kỹ thuật cơ khí,D01,16.00,,THPTQG,2020,,daniele15,
SKH,7510201,Công nghệ kỹ thuật cơ khí,D07,16.00,,THPTQG,2020,,daniele15,
SKH,7510202,Công nghệ chế tạo máy,A00,16.00,,THPTQG,2020,,daniele15,
SKH,7510203,Công nghệ kỹ thuật cơ điện tử,A00,16.00,,THPTQG,2020,,daniele15,
SKH,7510203,Công nghệ kỹ thuật cơ điện tử,A01,16.00,,THPTQG,2020,,daniele15,
SKH,7510203,Công nghệ kỹ thuật cơ điện tử,D01,16.00,,THPTQG,2020,,daniele15,
SKH,7510203,Công nghệ kỹ thuật cơ điện tử,D07,16.00,,THPTQG,2020,,daniele15,
SKH,7510205,Công nghệ kỹ thuật ô tô,A00,16.00,,THPTQG,2020,,daniele15,
SKH,7510205,Công nghệ kỹ thuật ô tô,A01,16.00,,THPTQG,2020,,daniele15,
SKH,7510205,Công nghệ kỹ thuật ô tô,D01,16.00,,THPTQG,2020,,daniele15,
SKH,7510205,Công nghệ kỹ thuật ô tô,D07,16.00,,THPTQG,2020,,daniele15,
SKH,7510210,Công nghệ thực phẩm,A00,16.00,,THPTQG,2020,,daniele15,
SKH,7510210,Công nghệ thực phẩm,A01,16.00,,THPTQG,2020,,daniele15,
SKH,7510210,Công nghệ thực phẩm,D01,16.00,,THPTQG,2020,,daniele15,
SKH,7510210,Công nghệ thực phẩm,D07,16.00,,THPTQG,2020,,daniele15,
SKH,7510211,Bảo dưỡng Công nghiệp,A00,15.50,,THPTQG,2020,,daniele15,
SKH,7510211,Bảo dưỡng Công nghiệp,A01,15.50,,THPTQG,2020,,daniele15,
SKH,7510211,Bảo dưỡng Công nghiệp,D01,15.50,,THPTQG,2020,,daniele15,
SKH,7510211,Bảo dưỡng Công nghiệp,D07,15.50,,THPTQG,2020,,daniele15,
SKH,7510301,"Công nghệ kỹ thuật điện, điện tử",A00,16.00,,THPTQG,2020,,daniele15,
SKH,7510301,"Công nghệ kỹ thuật điện, điện tử",A01,16.00,,THPTQG,2020,,daniele15,
SKH,7510301,"Công nghệ kỹ thuật điện, điện tử",D01,16.00,,THPTQG,2020,,daniele15,
SKH,7510301,"Công nghệ kỹ thuật điện, điện tử",D07,16.00,,THPTQG,2020,,daniele15,
SKH,7510303,Công nghệ kỹ thuật điều khiển và tự động hóa,A00,16.00,,THPTQG,2020,,daniele15,
SKH,7510303,Công nghệ kỹ thuật điều khiển và tự động hóa,A01,16.00,,THPTQG,2020,,daniele15,
SKH,7510401,Công nghệ kỹ thuật hoá học,A00,15.50,,THPTQG,2020,,daniele15,
SKH,7510401,Công nghệ kỹ thuật hoá học,A02,15.50,,THPTQG,2020,,daniele15,
SKH,7510401,Công nghệ kỹ thuật hoá học,B00,15.50,,THPTQG,2020,,daniele15,
SKH,7510401,Công nghệ kỹ thuật hoá học,D07,15.50,,THPTQG,2020,,daniele15,
SKH,7510406,Công nghệ kỹ thuật môi trường,A00,15.50,,THPTQG,2020,,daniele15,
SKH,7510406,Công nghệ kỹ thuật môi trường,A02,15.50,,THPTQG,2020,,daniele15,
SKH,7510406,Công nghệ kỹ thuật môi trường,B00,15.50,,THPTQG,2020,,daniele15,
SKH,7510406,Công nghệ kỹ thuật môi trường,D07,15.50,,THPTQG,2020,,daniele15,
SKH,7520118,Kỹ thuật hệ thống công nghiệp,A00,15.50,,THPTQG,2020,,daniele15,
SKH,7520118,Kỹ thuật hệ thống công nghiệp,A01,15.50,,THPTQG,2020,,daniele15,
SKH,7520118,Kỹ thuật hệ thống công nghiệp,D01,15.50,,THPTQG,2020,,daniele15,
SKH,7520118,Kỹ thuật hệ thống công nghiệp,D07,15.50,,THPTQG,2020,,daniele15,
SKH,7540103,Công nghệ thực phẩm,A00,15.50,,THPTQG,2020,,daniele15,
SKH,7540103,Công nghệ thực phẩm,A01,15.50,,THPTQG,2020,,daniele15,
SKH,7540103,Công nghệ thực phẩm,D01,15.50,,THPTQG,2020,,daniele15,
SKH,7540103,Công nghệ thực phẩm,D07,15.50,,THPTQG,2020,,daniele15,
SKH,7540205,Công nghệ may,A00,16.00,,THPTQG,2020,,daniele15,
SKH,7540205,Công nghệ may,A01,16.00,,THPTQG,2020,,daniele15,
SKH,7540205,Công nghệ may,D01,16.00,,THPTQG,2020,,daniele15,
SKH,7540205,Công nghệ may,D07,16.00,,THPTQG,2020,,daniele15,
SKV,7140246,Sư phạm công nghệ,A00,18.50,,THPTQG,2020,,daniele15,
SKV,7140246,Sư phạm công nghệ,A01,18.50,,THPTQG,2020,,daniele15,
SKV,7140246,Sư phạm công nghệ,B00,18.50,,THPTQG,2020,,daniele15,
SKV,7140246,Sư phạm công nghệ,D01,18.50,,THPTQG,2020,,daniele15,
SKV,7340101,Quản trị kinh doanh,A00,14.50,,THPTQG,2020,,daniele15,
SKV,7340101,Quản trị kinh doanh,A01,14.50,,THPTQG,2020,,daniele15,
SKV,7340101,Quản trị kinh doanh,B00,14.50,,THPTQG,2020,,daniele15,
SKV,7340101,Quản trị kinh doanh,D01,14.50,,THPTQG,2020,,daniele15,
SKV,7340301,Kế toán,A00,14.50,,THPTQG,2020,,daniele15,
SKV,7340301,Kế toán,A01,14.50,,THPTQG,2020,,daniele15,
SKV,7340301,Kế toán,B00,14.50,,THPTQG,2020,,daniele15,
SKV,7340301,Kế toán,D01,14.50,,THPTQG,2020,,daniele15,
SKV,7340404,Quản trị nhân lực,A00,14.50,,THPTQG,2020,,daniele15,
SKV,7340404,Quản trị nhân lực,A01,14.50,,THPTQG,2020,,daniele15,
SKV,7340404,Quản trị nhân lực,B00,14.50,,THPTQG,2020,,daniele15,
SKV,7340404,Quản trị nhân lực,D01,14.50,,THPTQG,2020,,daniele15,
SKV,7480108,Công nghệ kỹ thuật máy tính,A00,14.50,,THPTQG,2020,,daniele15,
SKV,7480108,Công nghệ kỹ thuật máy tính,A01,14.50,,THPTQG,2020,,daniele15,
SKV,7480108,Công nghệ kỹ thuật máy tính,B00,14.50,,THPTQG,2020,,daniele15,
SKV,7480108,Công nghệ kỹ thuật máy tính,D01,14.50,,THPTQG,2020,,daniele15,
SKV,7480201,Công nghệ thông tin,A00,14.50,,THPTQG,2020,,daniele15,
SKV,7480201,Công nghệ thông tin,A01,14.50,,THPTQG,2020,,daniele15,
SKV,7480201,Công nghệ thông tin,B00,14.50,,THPTQG,2020,,daniele15,
SKV,7480201,Công nghệ thông tin,D01,14.50,,THPTQG,2020,,daniele15,
SKV,7510201,Công nghệ kỹ thuật cơ khí,A00,14.50,,THPTQG,2020,,daniele15,
SKV,7510201,Công nghệ kỹ thuật cơ khí,A01,14.50,,THPTQG,2020,,daniele15,
SKV,7510201,Công nghệ kỹ thuật cơ khí,B00,14.50,,THPTQG,2020,,daniele15,
SKV,7510201,Công nghệ kỹ thuật cơ khí,D01,14.50,,THPTQG,2020,,daniele15,
SKV,7510202,Công nghệ chế tạo máy,A00,14.50,,THPTQG,2020,,daniele15,
SKV,7510202,Công nghệ chế tạo máy,A01,14.50,,THPTQG,2020,,daniele15,
SKV,7510202,Công nghệ chế tạo máy,B00,14.50,,THPTQG,2020,,daniele15,
SKV,7510202,Công nghệ chế tạo máy,D01,14.50,,THPTQG,2020,,daniele15,
SKV,7510205,Công nghệ kỹ thuật ô tô,A00,15.00,,THPTQG,2020,,daniele15,
SKV,7510205,Công nghệ kỹ thuật ô tô,A01,15.00,,THPTQG,2020,,daniele15,
SKV,7510205,Công nghệ kỹ thuật ô tô,B00,15.00,,THPTQG,2020,,daniele15,
SKV,7510205,Công nghệ kỹ thuật ô tô,D01,15.00,,THPTQG,2020,,daniele15,
SKV,7510301,"Công nghệ kỹ thuật điện, điện tử",A00,14.50,,THPTQG,2020,,daniele15,
SKV,7510301,"Công nghệ kỹ thuật điện, điện tử",A01,14.50,,THPTQG,2020,,daniele15,
SKV,7510301,"Công nghệ kỹ thuật điện, điện tử",B00,14.50,,THPTQG,2020,,daniele15,
SKV,7510301,"Công nghệ kỹ thuật điện, điện tử",D01,14.50,,THPTQG,2020,,daniele15,
SKV,7510302,Công nghệ kỹ thuật điện tử - viễn thông,A00,14.50,,THPTQG,2020,,daniele15,
SKV,7510302,Công nghệ kỹ thuật điện tử - viễn thông,A01,14.50,,THPTQG,2020,,daniele15,
SKV,7510302,Công nghệ kỹ thuật điện tử - viễn thông,B00,14.50,,THPTQG,2020,,daniele15,
SKV,7510302,Công nghệ kỹ thuật điện tử - viễn thông,D01,14.50,,THPTQG,2020,,daniele15,
SKV,7510303,Công nghệ kỹ thuật điều khiển và tự động hóa,A00,15.00,,THPTQG,2020,,daniele15,
SKV,7510303,Công nghệ kỹ thuật điều khiển và tự động hóa,A01,15.00,,THPTQG,2020,,daniele15,
SKV,7510303,Công nghệ kỹ thuật điều khiển và tự động hóa,B00,15.00,,THPTQG,2020,,daniele15,
SKV,7510303,Công nghệ kỹ thuật điều khiển và tự động hóa,D01,15.00,,THPTQG,2020,,daniele15,
SNH,7860228,Chỉ huy kỹ thuật Công binh,A00,23.65,,THPTQG,2020,Thí sinh Nam miền Nam,daniele15,
SNH,7860228,Chỉ huy kỹ thuật Công binh,A01,23.65,,THPTQG,2020,Thí sinh Nam miền Nam,daniele15,
SNH,7860228,Chỉ huy kỹ thuật Công binh,A00,24.10,,THPTQG,2020,Thí sinh Nam miền BắcThí sinh mức 24.1 môn Toán >=8.6,daniele15,
SNH,7860228,Chỉ huy kỹ thuật Công binh,A01,24.10,,THPTQG,2020,Thí sinh Nam miền BắcThí sinh mức 24.1 môn Toán >=8.6,daniele15,
SPD,7220201,Ngôn ngữ Anh,D01,20.00,,HocBa,2020,Học bạ,daniele15,
SPD,7220201,Ngôn ngữ Anh,D13,20.00,,HocBa,2020,Học bạ,daniele15,
SPD,7220201,Ngôn ngữ Anh,D14,20.00,,HocBa,2020,Học bạ,daniele15,
SPD,7220201,Ngôn ngữ Anh,D15,20.00,,HocBa,2020,Học bạ,daniele15,
SPH,5140208,Giáo dục Quốc phòng và An ninh,C00,25.00,,THPTQG,2020,,daniele15,
SPH,5140208,Giáo dục Quốc phòng và An ninh,C19,25.00,,THPTQG,2020,,daniele15,
SPH,5140208,Giáo dục Quốc phòng và An ninh,C20,25.00,,THPTQG,2020,,daniele15,
SPH,5140208,Giáo dục Quốc phòng và An ninh,D66,25.00,,THPTQG,2020,,daniele15,
SPH,7140114A,Quản lý giáo dục,D01,21.45,,THPTQG,2020,,daniele15,
SPH,7140114A,Quản lý giáo dục,D02,21.45,,THPTQG,2020,,daniele15,
SPH,7140114A,Quản lý giáo dục,D03,21.45,,THPTQG,2020,,daniele15,
SPH,7140114C,Quản lý giáo dục,C20,24.00,,THPTQG,2020,,daniele15,
SPH,7140201,Giáo dục Mầm non,,25.00,,THPTQG,2020,,daniele15,
SPH,7140201A,Giáo dục Mầm non,,21.93,,THPTQG,2020,,daniele15,
SPH,7140201B,Giáo dục Mầm non,,19.00,,THPTQG,2020,Giáo dục Mầm non SP Tiếng Anh,daniele15,
SPH,7140201C,Giáo dục Mầm non,,19.03,,THPTQG,2020,Giáo dục Mầm non SP Tiếng Anh,daniele15,
SPH,7140202,Giáo dục Tiểu học,A00,31.00,40,THPTQG,2020,thang 40 (suy ra),daniele15,
SPH,7140202,Giáo dục Tiểu học,A01,31.00,40,THPTQG,2020,thang 40 (suy ra),daniele15,
SPH,7140202,Giáo dục Tiểu học,C04,31.00,40,THPTQG,2020,thang 40 (suy ra),daniele15,
SPH,7140202,Giáo dục Tiểu học,D01,31.00,40,THPTQG,2020,thang 40 (suy ra),daniele15,
SPH,7140202A,Giáo dục Tiểu học,D01,25.05,,THPTQG,2020,,daniele15,
SPH,7140202A,Giáo dục Tiểu học,D02,25.05,,THPTQG,2020,,daniele15,
SPH,7140202A,Giáo dục Tiểu học,D03,25.05,,THPTQG,2020,,daniele15,
SPH,7140202D,Giáo dục Tiểu học,D01,25.55,,THPTQG,2020,Giáo dục Tiểu học - SP Tiếng Anh,daniele15,
SPH,7140204,Giáo dục Công dân,C00,25.00,,THPTQG,2020,,daniele15,
SPH,7140204,Giáo dục Công dân,C19,25.00,,THPTQG,2020,,daniele15,
SPH,7140204,Giáo dục Công dân,D01,25.00,,THPTQG,2020,,daniele15,
SPH,7140204,Giáo dục Công dân,D66,25.00,,THPTQG,2020,,daniele15,
SPH,7140204B,Giáo dục Công dân,C19,19.75,,THPTQG,2020,,daniele15,
SPH,7140204C,Giáo dục Công dân,C20,25.25,,THPTQG,2020,,daniele15,
SPH,7140205B,Giáo dục Chính trị,C19,21.25,,THPTQG,2020,,daniele15,
SPH,7140205C,Giáo dục Chính trị,C20,19.25,,THPTQG,2020,,daniele15,
SPH,7140206,Giáo dục Thể chất,T00,25.00,,THPTQG,2020,,daniele15,
SPH,7140206,Giáo dục Thể chất,T02,25.00,,THPTQG,2020,,daniele15,
SPH,7140206,Giáo dục Thể chất,T03,25.00,,THPTQG,2020,,daniele15,
SPH,7140206,Giáo dục Thể chất,T05,25.00,,THPTQG,2020,,daniele15,
SPH,7140208,Giáo dục Quốc phòng và An ninh,C00,21.75,,THPTQG,2020,,daniele15,
SPH,7140209,Sư phạm Toán học,A00,25.00,,THPTQG,2020,,daniele15,
SPH,7140209,Sư phạm Toán học,A01,25.00,,THPTQG,2020,,daniele15,
SPH,7140209,Sư phạm Toán học,D01,25.00,,THPTQG,2020,,daniele15,
SPH,7140209,Sư phạm Toán học,D84,25.00,,THPTQG,2020,,daniele15,
SPH,7140209A,Sư phạm Toán học,A00,25.75,,THPTQG,2020,,daniele15,
SPH,7140209B,Sư phạm Toán học,A00,28.00,,THPTQG,2020,Dạy Toán bằng Tiếng Anh,daniele15,
SPH,7140209D,Sư phạm Toán học,D01,27.00,,THPTQG,2020,Dạy Toán bằng Tiếng Anh,daniele15,
SPH,7140210,Sư phạm Tin học,A00,25.00,,THPTQG,2020,,daniele15,
SPH,7140210,Sư phạm Tin học,A01,25.00,,THPTQG,2020,,daniele15,
SPH,7140210,Sư phạm Tin học,C01,25.00,,THPTQG,2020,,daniele15,
SPH,7140210,Sư phạm Tin học,D01,25.00,,THPTQG,2020,,daniele15,
SPH,7140210A,Sư phạm Tin học,A00,19.05,,THPTQG,2020,,daniele15,
SPH,7140210B,Sư phạm Tin học,A01,18.50,,THPTQG,2020,,daniele15,
SPH,7140211,Sư phạm Vật lý,A00,25.00,,THPTQG,2020,,daniele15,
SPH,7140211,Sư phạm Vật lý,A01,25.00,,THPTQG,2020,,daniele15,
SPH,7140211,Sư phạm Vật lý,A04,25.00,,THPTQG,2020,,daniele15,
SPH,7140211,Sư phạm Vật lý,C01,25.00,,THPTQG,2020,,daniele15,
SPH,7140211A,Sư phạm Vật lý,A00,22.75,,THPTQG,2020,,daniele15,
SPH,7140211B,Sư phạm Vật lý,A01,22.75,,THPTQG,2020,,daniele15,
SPH,7140211C,Sư phạm Vật lý,A00,25.10,,THPTQG,2020,Dạy Lý bằng tiếng Anh,daniele15,
SPH,7140211D,Sư phạm Vật lý,A01,25.10,,THPTQG,2020,Dạy Lý bằng Tiếng Anh,daniele15,
SPH,7140212,Sư phạm Hóa học,A00,25.00,,THPTQG,2020,,daniele15,
SPH,7140212,Sư phạm Hóa học,A06,25.00,,THPTQG,2020,,daniele15,
SPH,7140212,Sư phạm Hóa học,B00,25.00,,THPTQG,2020,,daniele15,
SPH,7140212,Sư phạm Hóa học,D07,25.00,,THPTQG,2020,,daniele15,
SPH,7140212A,Sư phạm Hóa học,A00,22.50,,THPTQG,2020,,daniele15,
SPH,7140212B,Sư phạm Hóa học,D07,23.75,,THPTQG,2020,Dạy Hóa bằng tiếng Anh,daniele15,
SPH,7140213,Sư phạm Sinh học,B00,25.00,,THPTQG,2020,,daniele15,
SPH,7140213,Sư phạm Sinh học,B02,25.00,,THPTQG,2020,,daniele15,
SPH,7140213,Sư phạm Sinh học,B03,25.00,,THPTQG,2020,,daniele15,
SPH,7140213,Sư phạm Sinh học,D08,25.00,,THPTQG,2020,,daniele15,
SPH,7140213A,Sư phạm Sinh học,D08,19.23,,THPTQG,2020,,daniele15,
SPH,7140213A,Sư phạm Sinh học,D32,19.23,,THPTQG,2020,,daniele15,
SPH,7140213A,Sư phạm Sinh học,D34,19.23,,THPTQG,2020,,daniele15,
SPH,7140213B,Sư phạm Sinh học,B00,18.53,,THPTQG,2020,,daniele15,
SPH,7140217,Sư phạm Ngữ văn,C00,25.00,,THPTQG,2020,,daniele15,
SPH,7140217,Sư phạm Ngữ văn,C14,25.00,,THPTQG,2020,,daniele15,
SPH,7140217,Sư phạm Ngữ văn,D01,25.00,,THPTQG,2020,,daniele15,
SPH,7140217,Sư phạm Ngữ văn,D15,25.00,,THPTQG,2020,,daniele15,
SPH,7140217C,Sư phạm Ngữ văn,C00,26.50,,THPTQG,2020,,daniele15,
SPH,7140217D,Sư phạm Ngữ văn,D01,24.40,,THPTQG,2020,,daniele15,
SPH,7140217D,Sư phạm Ngữ văn,D02,24.40,,THPTQG,2020,,daniele15,
SPH,7140217D,Sư phạm Ngữ văn,D03,24.40,,THPTQG,2020,,daniele15,
SPH,7140218,Sư phạm Lịch sử,C00,25.00,,THPTQG,2020,,daniele15,
SPH,7140218,Sư phạm Lịch sử,C03,25.00,,THPTQG,2020,,daniele15,
SPH,7140218,Sư phạm Lịch sử,C19,25.00,,THPTQG,2020,,daniele15,
SPH,7140218,Sư phạm Lịch sử,D14,25.00,,THPTQG,2020,,daniele15,
SPH,7140218C,Sư phạm Lịch sử,C00,26.00,,THPTQG,2020,,daniele15,
SPH,7140218D,Sư phạm Lịch sử,D14,19.95,,THPTQG,2020,,daniele15,
SPH,7140219B,Sư phạm Địa lý,C04,24.35,,THPTQG,2020,,daniele15,
SPH,7140219C,Sư phạm Địa lý,C00,25.25,,THPTQG,2020,,daniele15,
SPH,7140231,Sư phạm Tiếng Anh,D01,25.00,,THPTQG,2020,,daniele15,
SPH,7140231,Sư phạm Tiếng Anh,D01,26.14,,THPTQG,2020,,daniele15,
SPH,7140233C,Sư phạm Tiếng Pháp,D15,19.34,,THPTQG,2020,,daniele15,
SPH,7140233C,Sư phạm Tiếng Pháp,D42,19.34,,THPTQG,2020,,daniele15,
SPH,7140233C,Sư phạm Tiếng Pháp,D44,19.34,,THPTQG,2020,,daniele15,
SPH,7140233D,Sư phạm Tiếng Pháp,D01,21.10,,THPTQG,2020,,daniele15,
SPH,7140233D,Sư phạm Tiếng Pháp,D02,21.10,,THPTQG,2020,,daniele15,
SPH,7140233D,Sư phạm Tiếng Pháp,D03,21.10,,THPTQG,2020,,daniele15,
SPH,7140246,Sư phạm công nghệ,A01,25.00,,THPTQG,2020,,daniele15,
SPH,7140246,Sư phạm công nghệ,A02,25.00,,THPTQG,2020,,daniele15,
SPH,7140246,Sư phạm công nghệ,D08,25.00,,THPTQG,2020,,daniele15,
SPH,7140246,Sư phạm công nghệ,D90,25.00,,THPTQG,2020,,daniele15,
SPH,7140246A,Sư phạm công nghệ,A00,18.55,,THPTQG,2020,,daniele15,
SPH,7140246C,Sư phạm công nghệ,C01,19.20,,THPTQG,2020,,daniele15,
SPH,7220201,Ngôn ngữ Anh,D01,20.00,,THPTQG,2020,,daniele15,
SPH,7220201,Ngôn ngữ Anh,D01,26.65,,THPTQG,2020,,daniele15,
SPH,7220204,Ngôn ngữ Trung Quốc,A01,26.00,,THPTQG,2020,,daniele15,
SPH,7220204,Ngôn ngữ Trung Quốc,D01,26.00,,THPTQG,2020,,daniele15,
SPH,7220204,Ngôn ngữ Trung Quốc,D04,26.00,,THPTQG,2020,,daniele15,
SPH,7220204,Ngôn ngữ Trung Quốc,D11,26.00,,THPTQG,2020,,daniele15,
SPH,7229001A,Triết học,A00,16.00,,THPTQG,2020,,daniele15,
SPH,7229001C,Triết học,C00,17.25,,THPTQG,2020,,daniele15,
SPH,7229001D,Triết học,D01,16.95,,THPTQG,2020,,daniele15,
SPH,7229030C,Văn học,C00,23.00,,THPTQG,2020,,daniele15,
SPH,7229030D,Văn học,D01,22.80,,THPTQG,2020,,daniele15,
SPH,7229030D,Văn học,D02,22.80,,THPTQG,2020,,daniele15,
SPH,7229030D,Văn học,D03,22.80,,THPTQG,2020,,daniele15,
SPH,7310201A,Chính trị học,C19,18.00,,THPTQG,2020,,daniele15,
SPH,7310201B,Chính trị học,D66,17.35,,THPTQG,2020,,daniele15,
SPH,7310201B,Chính trị học,D68,17.35,,THPTQG,2020,,daniele15,
SPH,7310201B,Chính trị học,D70,17.35,,THPTQG,2020,,daniele15,
SPH,7310401C,Tâm lý học,C00,23.00,,THPTQG,2020,Tâm lý học trường học,daniele15,
SPH,7310401D,Tâm lý học,D01,22.50,,THPTQG,2020,Tâm lý học trường học,daniele15,
SPH,7310401D,Tâm lý học,D02,22.50,,THPTQG,2020,Tâm lý học trường học,daniele15,
SPH,7310401D,Tâm lý học,D03,22.50,,THPTQG,2020,Tâm lý học trường học,daniele15,
SPH,7310403C,Tâm lý học,C00,24.50,,THPTQG,2020,Tâm lý học giáo dục,daniele15,
SPH,7310403D,Tâm lý học,D01,23.80,,THPTQG,2020,Tâm lý học giáo dục,daniele15,
SPH,7310403D,Tâm lý học,D02,23.80,,THPTQG,2020,Tâm lý học giáo dục,daniele15,
SPH,7310403D,Tâm lý học,D03,23.80,,THPTQG,2020,Tâm lý học giáo dục,daniele15,
SPH,7310630,Việt Nam học,C00,20.00,,THPTQG,2020,,daniele15,
SPH,7310630,Việt Nam học,C14,20.00,,THPTQG,2020,,daniele15,
SPH,7310630,Việt Nam học,D01,20.00,,THPTQG,2020,,daniele15,
SPH,7310630,Việt Nam học,D15,20.00,,THPTQG,2020,,daniele15,
SPH,7310630B,Việt Nam học,D01,19.65,,THPTQG,2020,,daniele15,
SPH,7310630C,Việt Nam học,C00,21.25,,THPTQG,2020,,daniele15,
SPH,7310630D,Việt Nam học,D01,19.65,,THPTQG,2020,,daniele15,
SPH,7320201,Thông tin - thư viện,C00,20.00,,THPTQG,2020,,daniele15,
SPH,7320201,Thông tin - thư viện,C19,20.00,,THPTQG,2020,,daniele15,
SPH,7320201,Thông tin - thư viện,C20,20.00,,THPTQG,2020,,daniele15,
SPH,7320201,Thông tin - thư viện,D01,20.00,,THPTQG,2020,,daniele15,
SPH,7420101B,Sinh học,B00,17.54,,THPTQG,2020,,daniele15,
SPH,7420101C,Sinh học,D08,23.95,,THPTQG,2020,,daniele15,
SPH,7420101C,Sinh học,D32,23.95,,THPTQG,2020,,daniele15,
SPH,7420101C,Sinh học,D34,23.95,,THPTQG,2020,,daniele15,
SPH,7440112A,Hoá học,A00,17.45,,THPTQG,2020,,daniele15,
SPH,7460101B,Toán học,A00,17.90,,THPTQG,2020,,daniele15,
SPH,7460101D,Toán học,D01,22.30,,THPTQG,2020,,daniele15,
SPH,7480201,Công nghệ thông tin,A00,20.00,,THPTQG,2020,,daniele15,
SPH,7480201,Công nghệ thông tin,A01,20.00,,THPTQG,2020,,daniele15,
SPH,7480201,Công nghệ thông tin,C01,20.00,,THPTQG,2020,,daniele15,
SPH,7480201,Công nghệ thông tin,D01,20.00,,THPTQG,2020,,daniele15,
SPH,7480201A,Công nghệ thông tin,A00,16.00,,THPTQG,2020,,daniele15,
SPH,7480201B,Công nghệ thông tin,A01,17.10,,THPTQG,2020,,daniele15,
SPH,7760101B,Công tác xã hội,D01,16.05,,THPTQG,2020,,daniele15,
SPH,7760101B,Công tác xã hội,D02,16.05,,THPTQG,2020,,daniele15,
SPH,7760101B,Công tác xã hội,D03,16.05,,THPTQG,2020,,daniele15,
SPH,7760101C,Công tác xã hội,C00,16.25,,THPTQG,2020,,daniele15,
SPH,7760103C,Hỗ trợ giáo dục người khuyết tật,C00,19.00,,THPTQG,2020,Hỗ trợ giáo dục người khuyết tật,daniele15,
SPH,7760103D,Hỗ trợ giáo dục người khuyết tật,D01,21.20,,THPTQG,2020,Hỗ trợ giáo dục người khuyết tật,daniele15,
SPH,7760103D,Hỗ trợ giáo dục người khuyết tật,D02,21.20,,THPTQG,2020,Hỗ trợ giáo dục người khuyết tật,daniele15,
SPH,7760103D,Hỗ trợ giáo dục người khuyết tật,D03,21.20,,THPTQG,2020,Hỗ trợ giáo dục người khuyết tật,daniele15,
SPH,7810103C,Quản trị dịch vụ du lịch và lữ hành,C00,23.00,,THPTQG,2020,,daniele15,
SPH,7810103D,Quản trị dịch vụ du lịch và lữ hành,D01,16.70,,THPTQG,2020,,daniele15,
SPK,7140231D,Sư phạm Tiếng Anh,D01,25.50,,THPTQG,2020,,daniele15,
SPK,7140231D,Sư phạm Tiếng Anh,D96,25.50,,THPTQG,2020,,daniele15,
SPK,7210403D,Thiết kế đồ họa,V02,23.75,,THPTQG,2020,,daniele15,
SPK,7210403D,Thiết kế đồ họa,V07,23.75,,THPTQG,2020,,daniele15,
SPK,7210403D,Thiết kế đồ họa,V08,23.75,,THPTQG,2020,,daniele15,
SPK,7210404C,Thiết kế thời trang,V01,22.00,,THPTQG,2020,,daniele15,
SPK,7210404C,Thiết kế thời trang,V02,22.00,,THPTQG,2020,,daniele15,
SPK,7210404C,Thiết kế thời trang,V07,22.00,,THPTQG,2020,,daniele15,
SPK,7210404C,Thiết kế thời trang,V09,22.00,,THPTQG,2020,,daniele15,
SPK,7210404D,Thiết kế thời trang,V01,22.00,,THPTQG,2020,,daniele15,
SPK,7210404D,Thiết kế thời trang,V02,22.00,,THPTQG,2020,,daniele15,
SPK,7220201D,Ngôn ngữ Anh,D01,24.00,,THPTQG,2020,,daniele15,
SPK,7220201D,Ngôn ngữ Anh,D96,24.00,,THPTQG,2020,,daniele15,
SPK,7340101QK,Quản trị kinh doanh,A00,16.00,,THPTQG,2020,,daniele15,
SPK,7340101QK,Quản trị kinh doanh,A01,16.00,,THPTQG,2020,,daniele15,
SPK,7340101QK,Quản trị kinh doanh,D01,16.00,,THPTQG,2020,,daniele15,
SPK,7340101QK,Quản trị kinh doanh,D90,16.00,,THPTQG,2020,,daniele15,
SPK,7340101QN,Quản trị kinh doanh,A00,16.00,,THPTQG,2020,,daniele15,
SPK,7340101QN,Quản trị kinh doanh,A01,16.00,,THPTQG,2020,,daniele15,
SPK,7340101QN,Quản trị kinh doanh,D01,16.00,,THPTQG,2020,,daniele15,
SPK,7340101QN,Quản trị kinh doanh,D90,16.00,,THPTQG,2020,,daniele15,
SPK,7340101QS,Quản trị kinh doanh,A00,16.00,,THPTQG,2020,,daniele15,
SPK,7340101QS,Quản trị kinh doanh,A01,16.00,,THPTQG,2020,,daniele15,
SPK,7340101QS,Quản trị kinh doanh,D01,16.00,,THPTQG,2020,,daniele15,
SPK,7340101QS,Quản trị kinh doanh,D90,16.00,,THPTQG,2020,,daniele15,
SPK,7340115QN,Marketing,A00,16.00,,THPTQG,2020,Quản trị marketing,daniele15,
SPK,7340115QN,Marketing,A01,16.00,,THPTQG,2020,Quản trị marketing,daniele15,
SPK,7340115QN,Marketing,D01,16.00,,THPTQG,2020,Quản trị marketing,daniele15,
SPK,7340115QN,Marketing,D90,16.00,,THPTQG,2020,Quản trị marketing,daniele15,
SPK,7340120D,Kinh doanh quốc tế,A00,25.00,,THPTQG,2020,,daniele15,
SPK,7340120D,Kinh doanh quốc tế,A01,25.00,,THPTQG,2020,,daniele15,
SPK,7340120D,Kinh doanh quốc tế,D01,25.00,,THPTQG,2020,,daniele15,
SPK,7340120D,Kinh doanh quốc tế,D90,25.00,,THPTQG,2020,,daniele15,
SPK,7340122D,Thương mại điện tử,A00,25.40,,THPTQG,2020,,daniele15,
SPK,7340122D,Thương mại điện tử,A01,25.40,,THPTQG,2020,,daniele15,
SPK,7340122D,Thương mại điện tử,D01,25.40,,THPTQG,2020,,daniele15,
SPK,7340122D,Thương mại điện tử,D90,25.40,,THPTQG,2020,,daniele15,
SPK,7340201QS,Tài chính - Ngân hàng,A00,16.00,,THPTQG,2020,,daniele15,
SPK,7340201QS,Tài chính - Ngân hàng,A01,16.00,,THPTQG,2020,,daniele15,
SPK,7340201QS,Tài chính - Ngân hàng,D01,16.00,,THPTQG,2020,,daniele15,
SPK,7340201QS,Tài chính - Ngân hàng,D90,16.00,,THPTQG,2020,,daniele15,
SPK,7340202QN,Kinh doanh quốc tế và logistics,A00,16.00,,THPTQG,2020,Logistic và tài chính thương mại,daniele15,
SPK,7340202QN,Kinh doanh quốc tế và logistics,A01,16.00,,THPTQG,2020,Logistic và tài chính thương mại,daniele15,
SPK,7340202QN,Kinh doanh quốc tế và logistics,D01,16.00,,THPTQG,2020,Logistic và tài chính thương mại,daniele15,
SPK,7340202QN,Kinh doanh quốc tế và logistics,D90,16.00,,THPTQG,2020,Logistic và tài chính thương mại,daniele15,
SPK,7340301C,Kế toán,A00,21.50,,THPTQG,2020,,daniele15,
SPK,7340301C,Kế toán,A01,21.50,,THPTQG,2020,,daniele15,
SPK,7340301C,Kế toán,D01,21.50,,THPTQG,2020,,daniele15,
SPK,7340301C,Kế toán,D90,21.50,,THPTQG,2020,,daniele15,
SPK,7340301D,Kế toán,A00,24.25,,THPTQG,2020,,daniele15,
SPK,7340301D,Kế toán,A01,24.25,,THPTQG,2020,,daniele15,
SPK,7340301D,Kế toán,D01,24.25,,THPTQG,2020,,daniele15,
SPK,7340301D,Kế toán,D90,24.25,,THPTQG,2020,,daniele15,
SPK,7340301QN,Kế toán,A00,16.00,,THPTQG,2020,Kế toán quốc tế,daniele15,
SPK,7340301QN,Kế toán,A01,16.00,,THPTQG,2020,Kế toán quốc tế,daniele15,
SPK,7340301QN,Kế toán,D01,16.00,,THPTQG,2020,Kế toán quốc tế,daniele15,
SPK,7340301QN,Kế toán,D90,16.00,,THPTQG,2020,Kế toán quốc tế,daniele15,
SPK,7340303QS,Quản trị tài chính kế toán,A00,16.00,,THPTQG,2020,,daniele15,
SPK,7340303QS,Quản trị tài chính kế toán,A01,16.00,,THPTQG,2020,,daniele15,
SPK,7340303QS,Quản trị tài chính kế toán,D01,16.00,,THPTQG,2020,,daniele15,
SPK,7340303QS,Quản trị tài chính kế toán,D90,16.00,,THPTQG,2020,,daniele15,
SPK,7480106QK,Kỹ thuật máy tính,A00,16.00,,THPTQG,2020,,daniele15,
SPK,7480106QK,Kỹ thuật máy tính,A01,16.00,,THPTQG,2020,,daniele15,
SPK,7480106QK,Kỹ thuật máy tính,D01,16.00,,THPTQG,2020,,daniele15,
SPK,7480106QK,Kỹ thuật máy tính,D90,16.00,,THPTQG,2020,,daniele15,
SPK,7480108A,Công nghệ kỹ thuật máy tính,A00,22.50,,THPTQG,2020,,daniele15,
SPK,7480108A,Công nghệ kỹ thuật máy tính,A01,22.50,,THPTQG,2020,,daniele15,
SPK,7480108A,Công nghệ kỹ thuật máy tính,D01,22.50,,THPTQG,2020,,daniele15,
SPK,7480108A,Công nghệ kỹ thuật máy tính,D90,22.50,,THPTQG,2020,,daniele15,
SPK,7480108C,Công nghệ kỹ thuật máy tính,A00,23.75,,THPTQG,2020,,daniele15,
SPK,7480108C,Công nghệ kỹ thuật máy tính,A01,23.75,,THPTQG,2020,,daniele15,
SPK,7480108C,Công nghệ kỹ thuật máy tính,D01,23.75,,THPTQG,2020,,daniele15,
SPK,7480108C,Công nghệ kỹ thuật máy tính,D90,23.75,,THPTQG,2020,,daniele15,
SPK,7480108D,Công nghệ kỹ thuật máy tính,A00,25.75,,THPTQG,2020,,daniele15,
SPK,7480108D,Công nghệ kỹ thuật máy tính,A01,25.75,,THPTQG,2020,,daniele15,
SPK,7480108D,Công nghệ kỹ thuật máy tính,D01,25.75,,THPTQG,2020,,daniele15,
SPK,7480108D,Công nghệ kỹ thuật máy tính,D90,25.75,,THPTQG,2020,,daniele15,
SPK,7480118D,Hệ thống nhúng thông minh và IoT,A00,25.00,,THPTQG,2020,,daniele15,
SPK,7480118D,Hệ thống nhúng thông minh và IoT,A01,25.00,,THPTQG,2020,,daniele15,
SPK,7480118D,Hệ thống nhúng thông minh và IoT,D01,25.00,,THPTQG,2020,,daniele15,
SPK,7480118D,Hệ thống nhúng thông minh và IoT,D90,25.00,,THPTQG,2020,,daniele15,
SPK,7480201A,Công nghệ thông tin,A00,24.75,,THPTQG,2020,,daniele15,
SPK,7480201A,Công nghệ thông tin,A01,24.75,,THPTQG,2020,,daniele15,
SPK,7480201A,Công nghệ thông tin,D01,24.75,,THPTQG,2020,,daniele15,
SPK,7480201A,Công nghệ thông tin,D90,24.75,,THPTQG,2020,,daniele15,
SPK,7480201C,Công nghệ thông tin,A00,25.25,,THPTQG,2020,,daniele15,
SPK,7480201C,Công nghệ thông tin,A01,25.25,,THPTQG,2020,,daniele15,
SPK,7480201C,Công nghệ thông tin,D01,25.25,,THPTQG,2020,,daniele15,
SPK,7480201C,Công nghệ thông tin,D90,25.25,,THPTQG,2020,,daniele15,
SPK,7480201D,Công nghệ thông tin,A00,26.50,,THPTQG,2020,,daniele15,
SPK,7480201D,Công nghệ thông tin,A01,26.50,,THPTQG,2020,,daniele15,
SPK,7480201D,Công nghệ thông tin,D01,26.50,,THPTQG,2020,,daniele15,
SPK,7480201D,Công nghệ thông tin,D90,26.50,,THPTQG,2020,,daniele15,
SPK,7480201QT,Công nghệ thông tin,A00,16.00,,THPTQG,2020,,daniele15,
SPK,7480201QT,Công nghệ thông tin,A01,16.00,,THPTQG,2020,,daniele15,
SPK,7480201QT,Công nghệ thông tin,D01,16.00,,THPTQG,2020,,daniele15,
SPK,7480201QT,Công nghệ thông tin,D90,16.00,,THPTQG,2020,,daniele15,
SPK,7480203D,Kỹ thuật dữ liệu,A00,24.75,,THPTQG,2020,,daniele15,
SPK,7480203D,Kỹ thuật dữ liệu,A01,24.75,,THPTQG,2020,,daniele15,
SPK,7480203D,Kỹ thuật dữ liệu,D01,24.75,,THPTQG,2020,,daniele15,
SPK,7480203D,Kỹ thuật dữ liệu,D90,24.75,,THPTQG,2020,,daniele15,
SPK,7510102A,Công nghệ kỹ thuật công trình xây dựng,A00,20.00,,THPTQG,2020,,daniele15,
SPK,7510102A,Công nghệ kỹ thuật công trình xây dựng,A01,20.00,,THPTQG,2020,,daniele15,
SPK,7510102A,Công nghệ kỹ thuật công trình xây dựng,D01,20.00,,THPTQG,2020,,daniele15,
SPK,7510102A,Công nghệ kỹ thuật công trình xây dựng,D90,20.00,,THPTQG,2020,,daniele15,
SPK,7510102C,Công nghệ kỹ thuật công trình xây dựng,A00,21.00,,THPTQG,2020,,daniele15,
SPK,7510102C,Công nghệ kỹ thuật công trình xây dựng,A01,21.00,,THPTQG,2020,,daniele15,
SPK,7510102C,Công nghệ kỹ thuật công trình xây dựng,D01,21.00,,THPTQG,2020,,daniele15,
SPK,7510102C,Công nghệ kỹ thuật công trình xây dựng,D90,21.00,,THPTQG,2020,,daniele15,
SPK,7510102D,Công nghệ kỹ thuật công trình xây dựng,A00,23.75,,THPTQG,2020,,daniele15,
SPK,7510102D,Công nghệ kỹ thuật công trình xây dựng,A01,23.75,,THPTQG,2020,,daniele15,
SPK,7510102D,Công nghệ kỹ thuật công trình xây dựng,D01,23.75,,THPTQG,2020,,daniele15,
SPK,7510102D,Công nghệ kỹ thuật công trình xây dựng,D90,23.75,,THPTQG,2020,,daniele15,
SPK,7510106D,Kỹ thuật xây dựng,A00,22.75,,THPTQG,2020,Hệ thống kỹ thuật xây dựng,daniele15,
SPK,7510106D,Kỹ thuật xây dựng,A01,22.75,,THPTQG,2020,Hệ thống kỹ thuật xây dựng,daniele15,
SPK,7510106D,Kỹ thuật xây dựng,D01,22.75,,THPTQG,2020,Hệ thống kỹ thuật xây dựng,daniele15,
SPK,7510106D,Kỹ thuật xây dựng,D90,22.75,,THPTQG,2020,Hệ thống kỹ thuật xây dựng,daniele15,
SPK,7510201A,Công nghệ kỹ thuật cơ khí,A00,21.00,,THPTQG,2020,,daniele15,
SPK,7510201A,Công nghệ kỹ thuật cơ khí,A01,21.00,,THPTQG,2020,,daniele15,
SPK,7510201A,Công nghệ kỹ thuật cơ khí,D01,21.00,,THPTQG,2020,,daniele15,
SPK,7510201A,Công nghệ kỹ thuật cơ khí,D90,21.00,,THPTQG,2020,,daniele15,
SPK,7510201C,Công nghệ kỹ thuật cơ khí,A00,23.75,,THPTQG,2020,,daniele15,
SPK,7510201C,Công nghệ kỹ thuật cơ khí,A01,23.75,,THPTQG,2020,,daniele15,
SPK,7510201C,Công nghệ kỹ thuật cơ khí,D01,23.75,,THPTQG,2020,,daniele15,
SPK,7510201C,Công nghệ kỹ thuật cơ khí,D90,23.75,,THPTQG,2020,,daniele15,
SPK,7510201D,Công nghệ kỹ thuật cơ khí,A00,25.25,,THPTQG,2020,,daniele15,
SPK,7510201D,Công nghệ kỹ thuật cơ khí,A01,25.25,,THPTQG,2020,,daniele15,
SPK,7510201D,Công nghệ kỹ thuật cơ khí,D01,25.25,,THPTQG,2020,,daniele15,
SPK,7510201D,Công nghệ kỹ thuật cơ khí,D90,25.25,,THPTQG,2020,,daniele15,
SPK,7510202A,Công nghệ chế tạo máy,A00,21.00,,THPTQG,2020,,daniele15,
SPK,7510202A,Công nghệ chế tạo máy,A01,21.00,,THPTQG,2020,,daniele15,
SPK,7510202A,Công nghệ chế tạo máy,D01,21.00,,THPTQG,2020,,daniele15,
SPK,7510202A,Công nghệ chế tạo máy,D90,21.00,,THPTQG,2020,,daniele15,
SPK,7510202C,Công nghệ chế tạo máy,A00,23.25,,THPTQG,2020,,daniele15,
SPK,7510202C,Công nghệ chế tạo máy,A01,23.25,,THPTQG,2020,,daniele15,
SPK,7510202C,Công nghệ chế tạo máy,D01,23.25,,THPTQG,2020,,daniele15,
SPK,7510202C,Công nghệ chế tạo máy,D90,23.25,,THPTQG,2020,,daniele15,
SPK,7510202D,Công nghệ chế tạo máy,A00,25.00,,THPTQG,2020,,daniele15,
SPK,7510202D,Công nghệ chế tạo máy,A01,25.00,,THPTQG,2020,,daniele15,
SPK,7510202D,Công nghệ chế tạo máy,D01,25.00,,THPTQG,2020,,daniele15,
SPK,7510202D,Công nghệ chế tạo máy,D90,25.00,,THPTQG,2020,,daniele15,
SPK,7510202N,Công nghệ chế tạo máy,A00,21.00,,THPTQG,2020,Việt - Nhật,daniele15,
SPK,7510202N,Công nghệ chế tạo máy,A01,21.00,,THPTQG,2020,Việt - Nhật,daniele15,
SPK,7510202N,Công nghệ chế tạo máy,D01,21.00,,THPTQG,2020,Việt - Nhật,daniele15,
SPK,7510202N,Công nghệ chế tạo máy,D90,21.00,,THPTQG,2020,Việt - Nhật,daniele15,
SPK,7510203A,Công nghệ kỹ thuật cơ điện tử,A00,22.00,,THPTQG,2020,,daniele15,
SPK,7510203A,Công nghệ kỹ thuật cơ điện tử,A01,22.00,,THPTQG,2020,,daniele15,
SPK,7510203A,Công nghệ kỹ thuật cơ điện tử,D01,22.00,,THPTQG,2020,,daniele15,
SPK,7510203A,Công nghệ kỹ thuật cơ điện tử,D90,22.00,,THPTQG,2020,,daniele15,
SPK,7510203C,Công nghệ kỹ thuật cơ điện tử,A00,24.25,,THPTQG,2020,,daniele15,
SPK,7510203C,Công nghệ kỹ thuật cơ điện tử,A01,24.25,,THPTQG,2020,,daniele15,
SPK,7510203C,Công nghệ kỹ thuật cơ điện tử,D01,24.25,,THPTQG,2020,,daniele15,
SPK,7510203C,Công nghệ kỹ thuật cơ điện tử,D90,24.25,,THPTQG,2020,,daniele15,
SPK,7510203D,Công nghệ kỹ thuật cơ điện tử,A00,26.00,,THPTQG,2020,,daniele15,
SPK,7510203D,Công nghệ kỹ thuật cơ điện tử,A01,26.00,,THPTQG,2020,,daniele15,
SPK,7510203D,Công nghệ kỹ thuật cơ điện tử,D01,26.00,,THPTQG,2020,,daniele15,
SPK,7510203D,Công nghệ kỹ thuật cơ điện tử,D90,26.00,,THPTQG,2020,,daniele15,
SPK,7510205A,Công nghệ kỹ thuật ô tô,A00,24.25,,THPTQG,2020,,daniele15,
SPK,7510205A,Công nghệ kỹ thuật ô tô,A01,24.25,,THPTQG,2020,,daniele15,
SPK,7510205A,Công nghệ kỹ thuật ô tô,D01,24.25,,THPTQG,2020,,daniele15,
SPK,7510205A,Công nghệ kỹ thuật ô tô,D90,24.25,,THPTQG,2020,,daniele15,
SPK,7510205C,Công nghệ kỹ thuật ô tô,A00,25.25,,THPTQG,2020,,daniele15,
SPK,7510205C,Công nghệ kỹ thuật ô tô,A01,25.25,,THPTQG,2020,,daniele15,
SPK,7510205C,Công nghệ kỹ thuật ô tô,D01,25.25,,THPTQG,2020,,daniele15,
SPK,7510205C,Công nghệ kỹ thuật ô tô,D90,25.25,,THPTQG,2020,,daniele15,
SPK,7510205D,Công nghệ kỹ thuật ô tô,A00,26.50,,THPTQG,2020,,daniele15,
SPK,7510205D,Công nghệ kỹ thuật ô tô,A01,26.50,,THPTQG,2020,,daniele15,
SPK,7510205D,Công nghệ kỹ thuật ô tô,D01,26.50,,THPTQG,2020,,daniele15,
SPK,7510205D,Công nghệ kỹ thuật ô tô,D90,26.50,,THPTQG,2020,,daniele15,
SPK,7510206A,Công nghệ Kỹ thuật Nhiệt (Cơ điện lạnh),A00,20.00,,THPTQG,2020,,daniele15,
SPK,7510206A,Công nghệ Kỹ thuật Nhiệt (Cơ điện lạnh),A01,20.00,,THPTQG,2020,,daniele15,
SPK,7510206A,Công nghệ Kỹ thuật Nhiệt (Cơ điện lạnh),D01,20.00,,THPTQG,2020,,daniele15,
SPK,7510206A,Công nghệ Kỹ thuật Nhiệt (Cơ điện lạnh),D90,20.00,,THPTQG,2020,,daniele15,
SPK,7510206C,Công nghệ Kỹ thuật Nhiệt (Cơ điện lạnh),A00,22.00,,THPTQG,2020,,daniele15,
SPK,7510206C,Công nghệ Kỹ thuật Nhiệt (Cơ điện lạnh),A01,22.00,,THPTQG,2020,,daniele15,
SPK,7510206C,Công nghệ Kỹ thuật Nhiệt (Cơ điện lạnh),D01,22.00,,THPTQG,2020,,daniele15,
SPK,7510206C,Công nghệ Kỹ thuật Nhiệt (Cơ điện lạnh),D90,22.00,,THPTQG,2020,,daniele15,
SPK,7510206D,Công nghệ kỹ thuật máy tính,A00,24.25,,THPTQG,2020,,daniele15,
SPK,7510206D,Công nghệ kỹ thuật máy tính,A01,24.25,,THPTQG,2020,,daniele15,
SPK,7510206D,Công nghệ kỹ thuật máy tính,D01,24.25,,THPTQG,2020,,daniele15,
SPK,7510206D,Công nghệ kỹ thuật máy tính,D90,24.25,,THPTQG,2020,,daniele15,
SPK,7510208D,Năng lượng tái tạo,A00,23.50,,THPTQG,2020,,daniele15,
SPK,7510208D,Năng lượng tái tạo,A01,23.50,,THPTQG,2020,,daniele15,
SPK,7510208D,Năng lượng tái tạo,D01,23.50,,THPTQG,2020,,daniele15,
SPK,7510208D,Năng lượng tái tạo,D90,23.50,,THPTQG,2020,,daniele15,
SPK,7510209D,Robot và trí tuệ nhân tạo,A00,27.00,,THPTQG,2020,,daniele15,
SPK,7510209D,Robot và trí tuệ nhân tạo,A01,27.00,,THPTQG,2020,,daniele15,
SPK,7510209D,Robot và trí tuệ nhân tạo,D01,27.00,,THPTQG,2020,,daniele15,
SPK,7510209D,Robot và trí tuệ nhân tạo,D90,27.00,,THPTQG,2020,,daniele15,
SPK,7510301A,"Công nghệ kỹ thuật điện, điện tử",A00,21.00,,THPTQG,2020,,daniele15,
SPK,7510301A,"Công nghệ kỹ thuật điện, điện tử",A01,21.00,,THPTQG,2020,,daniele15,
SPK,7510301A,"Công nghệ kỹ thuật điện, điện tử",D01,21.00,,THPTQG,2020,,daniele15,
SPK,7510301A,"Công nghệ kỹ thuật điện, điện tử",D90,21.00,,THPTQG,2020,,daniele15,
SPK,7510301C,"Công nghệ kỹ thuật điện, điện tử",A00,23.50,,THPTQG,2020,,daniele15,
SPK,7510301C,"Công nghệ kỹ thuật điện, điện tử",A01,23.50,,THPTQG,2020,,daniele15,
SPK,7510301C,"Công nghệ kỹ thuật điện, điện tử",D01,23.50,,THPTQG,2020,,daniele15,
SPK,7510301C,"Công nghệ kỹ thuật điện, điện tử",D90,23.50,,THPTQG,2020,,daniele15,
SPK,7510301D,"Công nghệ kỹ thuật điện, điện tử",A00,25.40,,THPTQG,2020,,daniele15,
SPK,7510301D,"Công nghệ kỹ thuật điện, điện tử",A01,25.40,,THPTQG,2020,,daniele15,
SPK,7510301D,"Công nghệ kỹ thuật điện, điện tử",D01,25.40,,THPTQG,2020,,daniele15,
SPK,7510301D,"Công nghệ kỹ thuật điện, điện tử",D90,25.40,,THPTQG,2020,,daniele15,
SPK,7510302A,Công nghệ kỹ thuật điện tử - viễn thông,A00,20.00,,THPTQG,2020,,daniele15,
SPK,7510302A,Công nghệ kỹ thuật điện tử - viễn thông,A01,20.00,,THPTQG,2020,,daniele15,
SPK,7510302A,Công nghệ kỹ thuật điện tử - viễn thông,D01,20.00,,THPTQG,2020,,daniele15,
SPK,7510302A,Công nghệ kỹ thuật điện tử - viễn thông,D90,20.00,,THPTQG,2020,,daniele15,
SPK,7510302C,Công nghệ kỹ thuật điện tử - viễn thông,A00,22.00,,THPTQG,2020,,daniele15,
SPK,7510302C,Công nghệ kỹ thuật điện tử - viễn thông,A01,22.00,,THPTQG,2020,,daniele15,
SPK,7510302C,Công nghệ kỹ thuật điện tử - viễn thông,D01,22.00,,THPTQG,2020,,daniele15,
SPK,7510302C,Công nghệ kỹ thuật điện tử - viễn thông,D90,22.00,,THPTQG,2020,,daniele15,
SPK,7510302D,Công nghệ kỹ thuật điện tử - viễn thông,A00,24.80,,THPTQG,2020,,daniele15,
SPK,7510302D,Công nghệ kỹ thuật điện tử - viễn thông,A01,24.80,,THPTQG,2020,,daniele15,
SPK,7510302D,Công nghệ kỹ thuật điện tử - viễn thông,D01,24.80,,THPTQG,2020,,daniele15,
SPK,7510302D,Công nghệ kỹ thuật điện tử - viễn thông,D90,24.80,,THPTQG,2020,,daniele15,
SPK,7510302N,Công nghệ kỹ thuật điện tử - viễn thông,A00,21.00,,THPTQG,2020,Việt - Nhật,daniele15,
SPK,7510302N,Công nghệ kỹ thuật điện tử - viễn thông,A01,21.00,,THPTQG,2020,Việt - Nhật,daniele15,
SPK,7510302N,Công nghệ kỹ thuật điện tử - viễn thông,D01,21.00,,THPTQG,2020,Việt - Nhật,daniele15,
SPK,7510302N,Công nghệ kỹ thuật điện tử - viễn thông,D90,21.00,,THPTQG,2020,Việt - Nhật,daniele15,
SPK,7510303A,Công nghệ kỹ thuật điều khiển và tự động hóa,A00,23.00,,THPTQG,2020,,daniele15,
SPK,7510303A,Công nghệ kỹ thuật điều khiển và tự động hóa,A01,23.00,,THPTQG,2020,,daniele15,
SPK,7510303A,Công nghệ kỹ thuật điều khiển và tự động hóa,D01,23.00,,THPTQG,2020,,daniele15,
SPK,7510303A,Công nghệ kỹ thuật điều khiển và tự động hóa,D90,23.00,,THPTQG,2020,,daniele15,
SPK,7510303C,Công nghệ kỹ thuật điều khiển và tự động hóa,A00,25.00,,THPTQG,2020,,daniele15,
SPK,7510303C,Công nghệ kỹ thuật điều khiển và tự động hóa,A01,25.00,,THPTQG,2020,,daniele15,
SPK,7510303C,Công nghệ kỹ thuật điều khiển và tự động hóa,D01,25.00,,THPTQG,2020,,daniele15,
SPK,7510303C,Công nghệ kỹ thuật điều khiển và tự động hóa,D90,25.00,,THPTQG,2020,,daniele15,
SPK,7510303D,Công nghệ kỹ thuật điều khiển và tự động hóa,A00,26.00,,THPTQG,2020,,daniele15,
SPK,7510303D,Công nghệ kỹ thuật điều khiển và tự động hóa,A01,26.00,,THPTQG,2020,,daniele15,
SPK,7510303D,Công nghệ kỹ thuật điều khiển và tự động hóa,D01,26.00,,THPTQG,2020,,daniele15,
SPK,7510303D,Công nghệ kỹ thuật điều khiển và tự động hóa,D90,26.00,,THPTQG,2020,,daniele15,
SPK,7510401D,Công nghệ kỹ thuật hoá học,A00,25.50,,THPTQG,2020,,daniele15,
SPK,7510401D,Công nghệ kỹ thuật hoá học,B00,25.50,,THPTQG,2020,,daniele15,
SPK,7510401D,Công nghệ kỹ thuật hoá học,D07,25.50,,THPTQG,2020,,daniele15,
SPK,7510401D,Công nghệ kỹ thuật hoá học,D90,25.50,,THPTQG,2020,,daniele15,
SPK,7510402D,Công nghệ vật liệu,A00,21.50,,THPTQG,2020,,daniele15,
SPK,7510402D,Công nghệ vật liệu,A01,21.50,,THPTQG,2020,,daniele15,
SPK,7510402D,Công nghệ vật liệu,D07,21.50,,THPTQG,2020,,daniele15,
SPK,7510402D,Công nghệ vật liệu,D90,21.50,,THPTQG,2020,,daniele15,
SPK,7510406C,Công nghệ kỹ thuật môi trường,A00,19.50,,THPTQG,2020,,daniele15,
SPK,7510406C,Công nghệ kỹ thuật môi trường,B00,19.50,,THPTQG,2020,,daniele15,
SPK,7510406C,Công nghệ kỹ thuật môi trường,D07,19.50,,THPTQG,2020,,daniele15,
SPK,7510406C,Công nghệ kỹ thuật môi trường,D90,19.50,,THPTQG,2020,,daniele15,
SPK,7510406D,Công nghệ kỹ thuật môi trường,A00,21.50,,THPTQG,2020,,daniele15,
SPK,7510406D,Công nghệ kỹ thuật môi trường,B00,21.50,,THPTQG,2020,,daniele15,
SPK,7510406D,Công nghệ kỹ thuật môi trường,D07,21.50,,THPTQG,2020,,daniele15,
SPK,7510406D,Công nghệ kỹ thuật môi trường,D90,21.50,,THPTQG,2020,,daniele15,
SPK,7510601A,Quản lý công nghiệp,A00,21.25,,THPTQG,2020,,daniele15,
SPK,7510601A,Quản lý công nghiệp,A01,21.25,,THPTQG,2020,,daniele15,
SPK,7510601A,Quản lý công nghiệp,D01,21.25,,THPTQG,2020,,daniele15,
SPK,7510601A,Quản lý công nghiệp,D90,21.25,,THPTQG,2020,,daniele15,
SPK,7510601C,Quản lý công nghiệp,A00,23.50,,THPTQG,2020,,daniele15,
SPK,7510601C,Quản lý công nghiệp,A01,23.50,,THPTQG,2020,,daniele15,
SPK,7510601C,Quản lý công nghiệp,D01,23.50,,THPTQG,2020,,daniele15,
SPK,7510601C,Quản lý công nghiệp,D90,23.50,,THPTQG,2020,,daniele15,
SPK,7510601D,Quản lý công nghiệp,A00,25.30,,THPTQG,2020,,daniele15,
SPK,7510601D,Quản lý công nghiệp,A01,25.30,,THPTQG,2020,,daniele15,
SPK,7510601D,Quản lý công nghiệp,D01,25.30,,THPTQG,2020,,daniele15,
SPK,7510601D,Quản lý công nghiệp,D90,25.30,,THPTQG,2020,,daniele15,
SPK,7510605D,Logistics và Quản lý chuỗi cung ứng,A00,26.30,,THPTQG,2020,,daniele15,
SPK,7510605D,Logistics và Quản lý chuỗi cung ứng,A01,26.30,,THPTQG,2020,,daniele15,
SPK,7510605D,Logistics và Quản lý chuỗi cung ứng,D01,26.30,,THPTQG,2020,,daniele15,
SPK,7510605D,Logistics và Quản lý chuỗi cung ứng,D90,26.30,,THPTQG,2020,,daniele15,
SPK,7510801C,Công nghệ kỹ thuật in,A00,20.00,,THPTQG,2020,,daniele15,
SPK,7510801C,Công nghệ kỹ thuật in,A01,20.00,,THPTQG,2020,,daniele15,
SPK,7510801C,Công nghệ kỹ thuật in,D01,20.00,,THPTQG,2020,,daniele15,
SPK,7510801C,Công nghệ kỹ thuật in,D90,20.00,,THPTQG,2020,,daniele15,
SPK,7510801D,Công nghệ kỹ thuật in,A00,23.50,,THPTQG,2020,,daniele15,
SPK,7510801D,Công nghệ kỹ thuật in,A01,23.50,,THPTQG,2020,,daniele15,
SPK,7510801D,Công nghệ kỹ thuật in,D01,23.50,,THPTQG,2020,,daniele15,
SPK,7510801D,Công nghệ kỹ thuật in,D90,23.50,,THPTQG,2020,,daniele15,
SPK,7520103QK,Kỹ thuật cơ khí,A00,16.00,,THPTQG,2020,,daniele15,
SPK,7520103QK,Kỹ thuật cơ khí,A01,16.00,,THPTQG,2020,,daniele15,
SPK,7520103QK,Kỹ thuật cơ khí,D01,16.00,,THPTQG,2020,,daniele15,
SPK,7520103QK,Kỹ thuật cơ khí,D90,16.00,,THPTQG,2020,,daniele15,
SPK,7520103QT,Kỹ thuật cơ khí,A00,16.00,,THPTQG,2020,,daniele15,
SPK,7520103QT,Kỹ thuật cơ khí,A01,16.00,,THPTQG,2020,,daniele15,
SPK,7520103QT,Kỹ thuật cơ khí,D01,16.00,,THPTQG,2020,,daniele15,
SPK,7520103QT,Kỹ thuật cơ khí,D90,16.00,,THPTQG,2020,,daniele15,
SPK,7520114QM,Kỹ thuật cơ điện,A00,16.00,,THPTQG,2020,,daniele15,
SPK,7520114QM,Kỹ thuật cơ điện,A01,16.00,,THPTQG,2020,,daniele15,
SPK,7520114QM,Kỹ thuật cơ điện,D01,16.00,,THPTQG,2020,,daniele15,
SPK,7520114QM,Kỹ thuật cơ điện,D90,16.00,,THPTQG,2020,,daniele15,
SPK,7520114QT,Kỹ thuật cơ điện tử,A00,16.00,,THPTQG,2020,,daniele15,
SPK,7520114QT,Kỹ thuật cơ điện tử,A01,16.00,,THPTQG,2020,,daniele15,
SPK,7520114QT,Kỹ thuật cơ điện tử,D01,16.00,,THPTQG,2020,,daniele15,
SPK,7520114QT,Kỹ thuật cơ điện tử,D90,16.00,,THPTQG,2020,,daniele15,
SPK,7520117D,Kỹ thuật công nghiệp,A00,23.50,,THPTQG,2020,,daniele15,
SPK,7520117D,Kỹ thuật công nghiệp,A01,23.50,,THPTQG,2020,,daniele15,
SPK,7520117D,Kỹ thuật công nghiệp,D01,23.50,,THPTQG,2020,,daniele15,
SPK,7520117D,Kỹ thuật công nghiệp,D90,23.50,,THPTQG,2020,,daniele15,
SPK,7520119QK,Kỹ thuật chế tạo máy và công nghiệp,A00,16.00,,THPTQG,2020,,daniele15,
SPK,7520119QK,Kỹ thuật chế tạo máy và công nghiệp,A01,16.00,,THPTQG,2020,,daniele15,
SPK,7520119QK,Kỹ thuật chế tạo máy và công nghiệp,D01,16.00,,THPTQG,2020,,daniele15,
SPK,7520119QK,Kỹ thuật chế tạo máy và công nghiệp,D90,16.00,,THPTQG,2020,,daniele15,
SPK,7520202QK,"Công nghệ kỹ thuật điện, điện tử",A00,16.00,,THPTQG,2020,Kỹ thuật Điện - Điện tử (Kettering - Mỹ),daniele15,
SPK,7520202QK,"Công nghệ kỹ thuật điện, điện tử",A01,16.00,,THPTQG,2020,Kỹ thuật Điện - Điện tử (Kettering - Mỹ),daniele15,
SPK,7520202QK,"Công nghệ kỹ thuật điện, điện tử",D01,16.00,,THPTQG,2020,Kỹ thuật Điện - Điện tử (Kettering - Mỹ),daniele15,
SPK,7520202QK,"Công nghệ kỹ thuật điện, điện tử",D90,16.00,,THPTQG,2020,Kỹ thuật Điện - Điện tử (Kettering - Mỹ),daniele15,
SPK,7520202QS,"Công nghệ kỹ thuật điện, điện tử",A00,16.00,,THPTQG,2020,Kỹ thuật Điện - Điện tử (Sunderland - Anh),daniele15,
SPK,7520202QS,"Công nghệ kỹ thuật điện, điện tử",A01,16.00,,THPTQG,2020,Kỹ thuật Điện - Điện tử (Sunderland - Anh),daniele15,
SPK,7520202QS,"Công nghệ kỹ thuật điện, điện tử",D01,16.00,,THPTQG,2020,Kỹ thuật Điện - Điện tử (Sunderland - Anh),daniele15,
SPK,7520202QS,"Công nghệ kỹ thuật điện, điện tử",D90,16.00,,THPTQG,2020,Kỹ thuật Điện - Điện tử (Sunderland - Anh),daniele15,
SPK,7520202QT,"Công nghệ kỹ thuật điện, điện tử",A00,16.00,,THPTQG,2020,Kỹ thuật Điện - Điện tử (Tongyong- Hàn Quốc),daniele15,
SPK,7520202QT,"Công nghệ kỹ thuật điện, điện tử",A01,16.00,,THPTQG,2020,Kỹ thuật Điện - Điện tử (Tongyong- Hàn Quốc),daniele15,
SPK,7520202QT,"Công nghệ kỹ thuật điện, điện tử",D01,16.00,,THPTQG,2020,Kỹ thuật Điện - Điện tử (Tongyong- Hàn Quốc),daniele15,
SPK,7520202QT,"Công nghệ kỹ thuật điện, điện tử",D90,16.00,,THPTQG,2020,Kỹ thuật Điện - Điện tử (Tongyong- Hàn Quốc),daniele15,
SPK,7520212D,Kỹ thuật y sinh,A00,24.00,,THPTQG,2020,,daniele15,
SPK,7520212D,Kỹ thuật y sinh,A01,24.00,,THPTQG,2020,,daniele15,
SPK,7520212D,Kỹ thuật y sinh,D01,24.00,,THPTQG,2020,,daniele15,
SPK,7520212D,Kỹ thuật y sinh,D90,24.00,,THPTQG,2020,,daniele15,
SPK,7540101A,Công nghệ thực phẩm,A00,21.00,,THPTQG,2020,,daniele15,
SPK,7540101A,Công nghệ thực phẩm,B00,21.00,,THPTQG,2020,,daniele15,
SPK,7540101A,Công nghệ thực phẩm,D07,21.00,,THPTQG,2020,,daniele15,
SPK,7540101A,Công nghệ thực phẩm,D90,21.00,,THPTQG,2020,,daniele15,
SPK,7540101C,Công nghệ thực phẩm,A00,23.25,,THPTQG,2020,,daniele15,
SPK,7540101C,Công nghệ thực phẩm,B00,23.25,,THPTQG,2020,,daniele15,
SPK,7540101C,Công nghệ thực phẩm,D07,23.25,,THPTQG,2020,,daniele15,
SPK,7540101C,Công nghệ thực phẩm,D90,23.25,,THPTQG,2020,,daniele15,
SPK,7540101D,Công nghệ thực phẩm,A00,25.25,,THPTQG,2020,,daniele15,
SPK,7540101D,Công nghệ thực phẩm,B00,25.25,,THPTQG,2020,,daniele15,
SPK,7540101D,Công nghệ thực phẩm,D07,25.25,,THPTQG,2020,,daniele15,
SPK,7540101D,Công nghệ thực phẩm,D90,25.25,,THPTQG,2020,,daniele15,
SPK,7540209C,Công nghệ may,A00,21.00,,THPTQG,2020,,daniele15,
SPK,7540209C,Công nghệ may,A01,21.00,,THPTQG,2020,,daniele15,
SPK,7540209C,Công nghệ may,D01,21.00,,THPTQG,2020,,daniele15,
SPK,7540209C,Công nghệ may,D90,21.00,,THPTQG,2020,,daniele15,
SPK,7540209D,Công nghệ may,A00,24.00,,THPTQG,2020,,daniele15,
SPK,7540209D,Công nghệ may,A01,24.00,,THPTQG,2020,,daniele15,
SPK,7540209D,Công nghệ may,D01,24.00,,THPTQG,2020,,daniele15,
SPK,7540209D,Công nghệ may,D90,24.00,,THPTQG,2020,,daniele15,
SPK,7549002D,Kỹ nghệ gỗ và nội thất,A00,22.00,,THPTQG,2020,,daniele15,
SPK,7549002D,Kỹ nghệ gỗ và nội thất,A01,22.00,,THPTQG,2020,,daniele15,
SPK,7549002D,Kỹ nghệ gỗ và nội thất,D01,22.00,,THPTQG,2020,,daniele15,
SPK,7549002D,Kỹ nghệ gỗ và nội thất,D90,22.00,,THPTQG,2020,,daniele15,
SPK,7580101D,Kiến trúc,V03,22.25,,THPTQG,2020,,daniele15,
SPK,7580101D,Kiến trúc,V04,22.25,,THPTQG,2020,,daniele15,
SPK,7580101D,Kiến trúc,V05,22.25,,THPTQG,2020,,daniele15,
SPK,7580101D,Kiến trúc,V06,22.25,,THPTQG,2020,,daniele15,
SPK,7580103D,Kiến trúc Nội thất,V03,21.25,,THPTQG,2020,,daniele15,
SPK,7580103D,Kiến trúc Nội thất,V04,21.25,,THPTQG,2020,,daniele15,
SPK,7580103D,Kiến trúc Nội thất,V05,21.25,,THPTQG,2020,,daniele15,
SPK,7580103D,Kiến trúc Nội thất,V06,21.25,,THPTQG,2020,,daniele15,
SPK,7580201QT,Kỹ thuật xây dựng,A00,16.00,,THPTQG,2020,Xây dựng (Tongmyong Hàn Quốc),daniele15,
SPK,7580201QT,Kỹ thuật xây dựng,A01,16.00,,THPTQG,2020,Xây dựng (Tongmyong Hàn Quốc),daniele15,
SPK,7580201QT,Kỹ thuật xây dựng,D01,16.00,,THPTQG,2020,Xây dựng (Tongmyong Hàn Quốc),daniele15,
SPK,7580201QT,Kỹ thuật xây dựng,D90,16.00,,THPTQG,2020,Xây dựng (Tongmyong Hàn Quốc),daniele15,
SPK,7580205D,Kỹ thuật xây dựng,A00,22.00,,THPTQG,2020,,daniele15,
SPK,7580205D,Kỹ thuật xây dựng,A01,22.00,,THPTQG,2020,,daniele15,
SPK,7580205D,Kỹ thuật xây dựng,D01,22.00,,THPTQG,2020,,daniele15,
SPK,7580205D,Kỹ thuật xây dựng,D90,22.00,,THPTQG,2020,,daniele15,
SPK,7580302D,Quản lý xây dựng,A00,23.50,,THPTQG,2020,,daniele15,
SPK,7580302D,Quản lý xây dựng,A01,23.50,,THPTQG,2020,,daniele15,
SPK,7580302D,Quản lý xây dựng,D01,23.50,,THPTQG,2020,,daniele15,
SPK,7580302D,Quản lý xây dựng,D90,23.50,,THPTQG,2020,,daniele15,
SPK,7810103QN,Quản trị nhà hàng khách sạn,A01,16.00,,THPTQG,2020,Quản lý Nhà hàng và Khách sạn (Northampton - Anh),daniele15,
SPK,7810103QN,Quản trị nhà hàng khách sạn,C00,16.00,,THPTQG,2020,Quản lý Nhà hàng và Khách sạn (Northampton - Anh),daniele15,
SPK,7810103QN,Quản trị nhà hàng khách sạn,D01,16.00,,THPTQG,2020,Quản lý Nhà hàng và Khách sạn (Northampton - Anh),daniele15,
SPK,7810103QN,Quản trị nhà hàng khách sạn,D15,16.00,,THPTQG,2020,Quản lý Nhà hàng và Khách sạn (Northampton - Anh),daniele15,
SPK,7810202D,Quản trị nhà hàng và dịch vụ ăn uống,A00,24.25,,THPTQG,2020,,daniele15,
SPK,7810202D,Quản trị nhà hàng và dịch vụ ăn uống,A01,24.25,,THPTQG,2020,,daniele15,
SPK,7810202D,Quản trị nhà hàng và dịch vụ ăn uống,D01,24.25,,THPTQG,2020,,daniele15,
SPK,7810202D,Quản trị nhà hàng và dịch vụ ăn uống,D90,24.25,,THPTQG,2020,,daniele15,
SPS,7140114,Quản lý giáo dục,A00,21.50,,THPTQG,2020,,daniele15,
SPS,7140114,Quản lý giáo dục,C00,21.50,,THPTQG,2020,,daniele15,
SPS,7140114,Quản lý giáo dục,D01,21.50,,THPTQG,2020,,daniele15,
SPS,7140201,Giáo dục Mầm non,,22.00,,THPTQG,2020,,daniele15,
SPS,7140202,Giáo dục Tiểu học,A00,23.75,,THPTQG,2020,,daniele15,
SPS,7140202,Giáo dục Tiểu học,A01,23.75,,THPTQG,2020,,daniele15,
SPS,7140202,Giáo dục Tiểu học,D01,23.75,,THPTQG,2020,,daniele15,
SPS,7140203,Giáo dục Đặc biệt,C00,19.00,,THPTQG,2020,,daniele15,
SPS,7140203,Giáo dục Đặc biệt,C15,19.00,,THPTQG,2020,,daniele15,
SPS,7140203,Giáo dục Đặc biệt,D01,19.00,,THPTQG,2020,,daniele15,
SPS,7140205,Giáo dục Chính trị,C00,21.50,,THPTQG,2020,,daniele15,
SPS,7140205,Giáo dục Chính trị,C19,21.50,,THPTQG,2020,,daniele15,
SPS,7140205,Giáo dục Chính trị,D01,21.50,,THPTQG,2020,,daniele15,
SPS,7140206,Giáo dục Thể chất,T00,20.50,,THPTQG,2020,,daniele15,
SPS,7140208,Giáo dục Quốc phòng - An ninh,A08,20.50,,THPTQG,2020,,daniele15,
SPS,7140208,Giáo dục Quốc phòng - An ninh,C00,20.50,,THPTQG,2020,,daniele15,
SPS,7140208,Giáo dục Quốc phòng - An ninh,C19,20.50,,THPTQG,2020,,daniele15,
SPS,7140209,Sư phạm Toán học,A00,26.25,,THPTQG,2020,,daniele15,
SPS,7140209,Sư phạm Toán học,A01,26.25,,THPTQG,2020,,daniele15,
SPS,7140210,Sư phạm Tin học,A00,19.50,,THPTQG,2020,,daniele15,
SPS,7140210,Sư phạm Tin học,A01,19.50,,THPTQG,2020,,daniele15,
SPS,7140211,Sư phạm Vật lý,A00,25.25,,THPTQG,2020,,daniele15,
SPS,7140211,Sư phạm Vật lý,A01,25.25,,THPTQG,2020,,daniele15,
SPS,7140211,Sư phạm Vật lý,C01,25.25,,THPTQG,2020,,daniele15,
SPS,7140212,Sư phạm Hóa học,A00,22.75,,THPTQG,2020,,daniele15,
SPS,7140212,Sư phạm Hóa học,B00,22.75,,THPTQG,2020,,daniele15,
SPS,7140212,Sư phạm Hóa học,D07,22.75,,THPTQG,2020,,daniele15,
SPS,7140213,Sư phạm Sinh học,B00,22.25,,THPTQG,2020,,daniele15,
SPS,7140213,Sư phạm Sinh học,D08,22.25,,THPTQG,2020,,daniele15,
SPS,7140217,Sư phạm Ngữ văn,C00,25.25,,THPTQG,2020,,daniele15,
SPS,7140217,Sư phạm Ngữ văn,D01,25.25,,THPTQG,2020,,daniele15,
SPS,7140217,Sư phạm Ngữ văn,D78,25.25,,THPTQG,2020,,daniele15,
SPS,7140218,Sư phạm Lịch sử,C00,23.50,,THPTQG,2020,,daniele15,
SPS,7140218,Sư phạm Lịch sử,C14,23.50,,THPTQG,2020,,daniele15,
SPS,7140219,Sư phạm Địa lý,C00,23.25,,THPTQG,2020,,daniele15,
SPS,7140219,Sư phạm Địa lý,C04,23.25,,THPTQG,2020,,daniele15,
SPS,7140219,Sư phạm Địa lý,D78,23.25,,THPTQG,2020,,daniele15,
SPS,7140231,Sư phạm Tiếng Anh,D01,26.50,,THPTQG,2020,,daniele15,
SPS,7140232,Sư phạm Tiếng Nga,D01,19.25,,THPTQG,2020,,daniele15,
SPS,7140232,Sư phạm Tiếng Nga,D02,19.25,,THPTQG,2020,,daniele15,
SPS,7140232,Sư phạm Tiếng Nga,D78,19.25,,THPTQG,2020,,daniele15,
SPS,7140232,Sư phạm Tiếng Nga,D80,19.25,,THPTQG,2020,,daniele15,
SPS,7140233,Sư phạm Tiếng Pháp,D01,19.00,,THPTQG,2020,,daniele15,
SPS,7140233,Sư phạm Tiếng Pháp,D03,19.00,,THPTQG,2020,,daniele15,
SPS,7140234,Sư phạm Tiếng Trung Quốc,D01,22.50,,THPTQG,2020,,daniele15,
SPS,7140234,Sư phạm Tiếng Trung Quốc,D04,22.50,,THPTQG,2020,,daniele15,
SPS,7140247,Sư phạm khoa học tự nhiên,A00,21.00,,THPTQG,2020,,daniele15,
SPS,7140247,Sư phạm khoa học tự nhiên,B00,21.00,,THPTQG,2020,,daniele15,
SPS,7140247,Sư phạm khoa học tự nhiên,D90,21.00,,THPTQG,2020,,daniele15,
SPS,7220201,Ngôn ngữ Anh,D01,25.25,,THPTQG,2020,,daniele15,
SPS,7220202,Ngôn ngữ Nga,D01,19.00,,THPTQG,2020,,daniele15,
SPS,7220202,Ngôn ngữ Nga,D02,19.00,,THPTQG,2020,,daniele15,
SPS,7220202,Ngôn ngữ Nga,D78,19.00,,THPTQG,2020,,daniele15,
SPS,7220202,Ngôn ngữ Nga,D80,19.00,,THPTQG,2020,,daniele15,
SPS,7220203,Ngôn ngữ Pháp,D01,21.75,,THPTQG,2020,,daniele15,
SPS,7220203,Ngôn ngữ Pháp,D03,21.75,,THPTQG,2020,,daniele15,
SPS,7220204,Ngôn ngữ Trung Quốc,D01,24.25,,THPTQG,2020,,daniele15,
SPS,7220204,Ngôn ngữ Trung Quốc,D04,24.25,,THPTQG,2020,,daniele15,
SPS,7220209,Ngôn ngữ Nhật,D01,24.25,,THPTQG,2020,,daniele15,
SPS,7220209,Ngôn ngữ Nhật,D06,24.25,,THPTQG,2020,,daniele15,
SPS,7220210,Ngôn ngữ Hàn Quốc,D01,24.75,,THPTQG,2020,,daniele15,
SPS,7220210,Ngôn ngữ Hàn Quốc,D78,24.75,,THPTQG,2020,,daniele15,
SPS,7220210,Ngôn ngữ Hàn Quốc,D96,24.75,,THPTQG,2020,,daniele15,
SPS,7229030,Văn học,C00,22.00,,THPTQG,2020,,daniele15,
SPS,7229030,Văn học,D01,22.00,,THPTQG,2020,,daniele15,
SPS,7229030,Văn học,D78,22.00,,THPTQG,2020,,daniele15,
SPS,7310401,Tâm lý học,B00,24.75,,THPTQG,2020,,daniele15,
SPS,7310401,Tâm lý học,C00,24.75,,THPTQG,2020,,daniele15,
SPS,7310401,Tâm lý học,D01,24.75,,THPTQG,2020,,daniele15,
SPS,7310403,Tâm lý học,A00,22.00,,THPTQG,2020,,daniele15,
SPS,7310403,Tâm lý học,C00,22.00,,THPTQG,2020,,daniele15,
SPS,7310403,Tâm lý học,D01,22.00,,THPTQG,2020,,daniele15,
SPS,7310501,Địa lý học,C00,20.50,,THPTQG,2020,,daniele15,
SPS,7310501,Địa lý học,D10,20.50,,THPTQG,2020,,daniele15,
SPS,7310501,Địa lý học,D15,20.50,,THPTQG,2020,,daniele15,
SPS,7310501,Địa lý học,D78,20.50,,THPTQG,2020,,daniele15,
SPS,7310601,Quốc tế học,D01,23.00,,THPTQG,2020,,daniele15,
SPS,7310601,Quốc tế học,D14,23.00,,THPTQG,2020,,daniele15,
SPS,7310601,Quốc tế học,D78,23.00,,THPTQG,2020,,daniele15,
SPS,7310630,Việt Nam học,C00,22.00,,THPTQG,2020,,daniele15,
SPS,7310630,Việt Nam học,D01,22.00,,THPTQG,2020,,daniele15,
SPS,7310630,Việt Nam học,D78,22.00,,THPTQG,2020,,daniele15,
SPS,7440102,Vật lý học,A00,19.50,,THPTQG,2020,,daniele15,
SPS,7440102,Vật lý học,A01,19.50,,THPTQG,2020,,daniele15,
SPS,7440112,Hoá học,A00,20.00,,THPTQG,2020,,daniele15,
SPS,7440112,Hoá học,B00,20.00,,THPTQG,2020,,daniele15,
SPS,7440112,Hoá học,D07,20.00,,THPTQG,2020,,daniele15,
SPS,7480201,Công nghệ thông tin,A00,21.50,,THPTQG,2020,,daniele15,
SPS,7480201,Công nghệ thông tin,A01,21.50,,THPTQG,2020,,daniele15,
SPS,7760101,Công tác xã hội,A00,20.25,,THPTQG,2020,,daniele15,
SPS,7760101,Công tác xã hội,C00,20.25,,THPTQG,2020,,daniele15,
SPS,7760101,Công tác xã hội,D01,20.25,,THPTQG,2020,,daniele15,
TBD,7220201,Ngôn ngữ Anh,D01,14.00,,THPTQG,2020,Tiếng Anh nhân hệ số 2,daniele15,
TBD,7220201,Ngôn ngữ Anh,D14,14.00,,THPTQG,2020,Tiếng Anh nhân hệ số 2,daniele15,
TBD,7220201,Ngôn ngữ Anh,D66,14.00,,THPTQG,2020,Tiếng Anh nhân hệ số 2,daniele15,
TBD,7220201,Ngôn ngữ Anh,D84,14.00,,THPTQG,2020,Tiếng Anh nhân hệ số 2,daniele15,
TBD,7310608,Đông phương học,C00,14.00,,THPTQG,2020,,daniele15,
TBD,7310608,Đông phương học,C20,14.00,,THPTQG,2020,,daniele15,
TBD,7310608,Đông phương học,D01,14.00,,THPTQG,2020,,daniele15,
TBD,7310608,Đông phương học,D14,14.00,,THPTQG,2020,,daniele15,
TBD,7340101,Quản trị kinh doanh,A00,14.00,,THPTQG,2020,,daniele15,
TBD,7340101,Quản trị kinh doanh,A04,14.00,,THPTQG,2020,,daniele15,
TBD,7340101,Quản trị kinh doanh,A08,14.00,,THPTQG,2020,,daniele15,
TBD,7340101,Quản trị kinh doanh,A09,14.00,,THPTQG,2020,,daniele15,
TBD,7340201,Tài chính - Ngân hàng,A00,14.00,,THPTQG,2020,,daniele15,
TBD,7340201,Tài chính - Ngân hàng,A04,14.00,,THPTQG,2020,,daniele15,
TBD,7340201,Tài chính - Ngân hàng,A08,14.00,,THPTQG,2020,,daniele15,
TBD,7340201,Tài chính - Ngân hàng,A09,14.00,,THPTQG,2020,,daniele15,
TBD,7340301,Kế toán,A00,14.00,,THPTQG,2020,,daniele15,
TBD,7340301,Kế toán,A04,14.00,,THPTQG,2020,,daniele15,
TBD,7340301,Kế toán,A08,14.00,,THPTQG,2020,,daniele15,
TBD,7340301,Kế toán,A09,14.00,,THPTQG,2020,,daniele15,
TBD,7380101,Luật,C00,14.00,,THPTQG,2020,,daniele15,
TBD,7380101,Luật,C20,14.00,,THPTQG,2020,,daniele15,
TBD,7380101,Luật,D01,14.00,,THPTQG,2020,,daniele15,
TBD,7380101,Luật,D14,14.00,,THPTQG,2020,,daniele15,
TBD,7480201,Công nghệ thông tin,A00,14.00,,THPTQG,2020,,daniele15,
TBD,7480201,Công nghệ thông tin,A04,14.00,,THPTQG,2020,,daniele15,
TBD,7480201,Công nghệ thông tin,A10,14.00,,THPTQG,2020,,daniele15,
TBD,7480201,Công nghệ thông tin,A11,14.00,,THPTQG,2020,,daniele15,
TBD,7810101,Du lịch,C00,14.00,,THPTQG,2020,,daniele15,
TBD,7810101,Du lịch,C20,14.00,,THPTQG,2020,,daniele15,
TBD,7810101,Du lịch,D01,14.00,,THPTQG,2020,,daniele15,
TBD,7810101,Du lịch,D14,14.00,,THPTQG,2020,,daniele15,
TCT,7140202,Giáo dục Tiểu học,A00,22.25,,THPTQG,2020,,daniele15,
TCT,7140202,Giáo dục Tiểu học,C01,22.25,,THPTQG,2020,,daniele15,
TCT,7140202,Giáo dục Tiểu học,D01,22.25,,THPTQG,2020,,daniele15,
TCT,7140202,Giáo dục Tiểu học,D03,22.25,,THPTQG,2020,,daniele15,
TCT,7140204,Giáo dục Công dân,C00,21.00,,THPTQG,2020,,daniele15,
TCT,7140204,Giáo dục Công dân,C19,21.00,,THPTQG,2020,,daniele15,
TCT,7140204,Giáo dục Công dân,D14,21.00,,THPTQG,2020,,daniele15,
TCT,7140204,Giáo dục Công dân,D15,21.00,,THPTQG,2020,,daniele15,
TCT,7140206,Giáo dục Thể chất,T00,17.50,,THPTQG,2020,,daniele15,
TCT,7140206,Giáo dục Thể chất,T01,17.50,,THPTQG,2020,,daniele15,
TCT,7140209,Sư phạm Toán học,A00,24.00,,THPTQG,2020,,daniele15,
TCT,7140209,Sư phạm Toán học,A01,24.00,,THPTQG,2020,,daniele15,
TCT,7140209,Sư phạm Toán học,D07,24.00,,THPTQG,2020,,daniele15,
TCT,7140209,Sư phạm Toán học,D08,24.00,,THPTQG,2020,,daniele15,
TCT,7140210,Sư phạm Tin học,A00,18.50,,THPTQG,2020,,daniele15,
TCT,7140210,Sư phạm Tin học,A01,18.50,,THPTQG,2020,,daniele15,
TCT,7140210,Sư phạm Tin học,D01,18.50,,THPTQG,2020,,daniele15,
TCT,7140210,Sư phạm Tin học,D07,18.50,,THPTQG,2020,,daniele15,
TCT,7140211,Sư phạm Vật lý,A00,18.50,,THPTQG,2020,,daniele15,
TCT,7140211,Sư phạm Vật lý,A01,18.50,,THPTQG,2020,,daniele15,
TCT,7140211,Sư phạm Vật lý,A02,18.50,,THPTQG,2020,,daniele15,
TCT,7140211,Sư phạm Vật lý,D29,18.50,,THPTQG,2020,,daniele15,
TCT,7140212,Sư phạm Hóa học,A00,22.25,,THPTQG,2020,,daniele15,
TCT,7140212,Sư phạm Hóa học,B00,22.25,,THPTQG,2020,,daniele15,
TCT,7140212,Sư phạm Hóa học,D07,22.25,,THPTQG,2020,,daniele15,
TCT,7140212,Sư phạm Hóa học,D24,22.25,,THPTQG,2020,,daniele15,
TCT,7140213,Sư phạm Sinh học,B00,18.50,,THPTQG,2020,,daniele15,
TCT,7140213,Sư phạm Sinh học,D08,18.50,,THPTQG,2020,,daniele15,
TCT,7140217,Sư phạm Ngữ văn,C00,22.50,,THPTQG,2020,,daniele15,
TCT,7140217,Sư phạm Ngữ văn,D14,22.50,,THPTQG,2020,,daniele15,
TCT,7140217,Sư phạm Ngữ văn,D15,22.50,,THPTQG,2020,,daniele15,
TCT,7140218,Sư phạm Lịch sử,C00,19.00,,THPTQG,2020,,daniele15,
TCT,7140218,Sư phạm Lịch sử,D14,19.00,,THPTQG,2020,,daniele15,
TCT,7140218,Sư phạm Lịch sử,D64,19.00,,THPTQG,2020,,daniele15,
TCT,7140219,Sư phạm Địa lý,C00,22.25,,THPTQG,2020,,daniele15,
TCT,7140219,Sư phạm Địa lý,C04,22.25,,THPTQG,2020,,daniele15,
TCT,7140219,Sư phạm Địa lý,D15,22.25,,THPTQG,2020,,daniele15,
TCT,7140219,Sư phạm Địa lý,D44,22.25,,THPTQG,2020,,daniele15,
TCT,7140231,Sư phạm Tiếng Anh,D01,23.75,,THPTQG,2020,,daniele15,
TCT,7140231,Sư phạm Tiếng Anh,D14,23.75,,THPTQG,2020,,daniele15,
TCT,7140231,Sư phạm Tiếng Anh,D15,23.75,,THPTQG,2020,,daniele15,
TCT,7140233,Sư phạm Tiếng Pháp,D01,18.50,,THPTQG,2020,,daniele15,
TCT,7140233,Sư phạm Tiếng Pháp,D03,18.50,,THPTQG,2020,,daniele15,
TCT,7140233,Sư phạm Tiếng Pháp,D14,18.50,,THPTQG,2020,,daniele15,
TCT,7140233,Sư phạm Tiếng Pháp,D64,18.50,,THPTQG,2020,,daniele15,
TCT,7220201,Ngôn ngữ Anh,D01,24.50,,THPTQG,2020,,daniele15,
TCT,7220201,Ngôn ngữ Anh,D14,24.50,,THPTQG,2020,,daniele15,
TCT,7220201,Ngôn ngữ Anh,D15,24.50,,THPTQG,2020,,daniele15,
TCT,7220201C,Ngôn ngữ Anh,D01,20.50,,THPTQG,2020,Chương trình chất lượng cao,daniele15,
TCT,7220201C,Ngôn ngữ Anh,D14,20.50,,THPTQG,2020,Chương trình chất lượng cao,daniele15,
TCT,7220201C,Ngôn ngữ Anh,D15,20.50,,THPTQG,2020,Chương trình chất lượng cao,daniele15,
TCT,7220201H,Ngôn ngữ Anh,D01,22.25,,THPTQG,2020,Học tại khu Hòa An,daniele15,
TCT,7220201H,Ngôn ngữ Anh,D14,22.25,,THPTQG,2020,Học tại khu Hòa An,daniele15,
TCT,7220201H,Ngôn ngữ Anh,D15,22.25,,THPTQG,2020,Học tại khu Hòa An,daniele15,
TCT,7220203,Ngôn ngữ Pháp,D01,17.00,,THPTQG,2020,,daniele15,
TCT,7220203,Ngôn ngữ Pháp,D03,17.00,,THPTQG,2020,,daniele15,
TCT,7220203,Ngôn ngữ Pháp,D14,17.00,,THPTQG,2020,,daniele15,
TCT,7220203,Ngôn ngữ Pháp,D64,17.00,,THPTQG,2020,,daniele15,
TCT,7229001,Triết học,C00,22.00,,THPTQG,2020,,daniele15,
TCT,7229001,Triết học,C19,22.00,,THPTQG,2020,,daniele15,
TCT,7229001,Triết học,D14,22.00,,THPTQG,2020,,daniele15,
TCT,7229001,Triết học,D15,22.00,,THPTQG,2020,,daniele15,
TCT,7229030,Văn học,C00,22.00,,THPTQG,2020,,daniele15,
TCT,7229030,Văn học,D14,22.00,,THPTQG,2020,,daniele15,
TCT,7229030,Văn học,D15,22.00,,THPTQG,2020,,daniele15,
TCT,7310101,Kinh tế,A00,24.50,,THPTQG,2020,,daniele15,
TCT,7310101,Kinh tế,A01,24.50,,THPTQG,2020,,daniele15,
TCT,7310101,Kinh tế,C02,24.50,,THPTQG,2020,,daniele15,
TCT,7310101,Kinh tế,D01,24.50,,THPTQG,2020,,daniele15,
TCT,7310201,Chính trị học,C00,24.00,,THPTQG,2020,,daniele15,
TCT,7310201,Chính trị học,C19,24.00,,THPTQG,2020,,daniele15,
TCT,7310201,Chính trị học,D14,24.00,,THPTQG,2020,,daniele15,
TCT,7310201,Chính trị học,D15,24.00,,THPTQG,2020,,daniele15,
TCT,7310301,Xã hội học,A01,24.00,,THPTQG,2020,,daniele15,
TCT,7310301,Xã hội học,C00,24.00,,THPTQG,2020,,daniele15,
TCT,7310301,Xã hội học,C19,24.00,,THPTQG,2020,,daniele15,
TCT,7310301,Xã hội học,D01,24.00,,THPTQG,2020,,daniele15,
TCT,7310630,Việt Nam học,C00,24.50,,THPTQG,2020,Chuyên ngành hướng dẫn viên du lịch,daniele15,
TCT,7310630,Việt Nam học,D01,24.50,,THPTQG,2020,Chuyên ngành hướng dẫn viên du lịch,daniele15,
TCT,7310630,Việt Nam học,D14,24.50,,THPTQG,2020,Chuyên ngành hướng dẫn viên du lịch,daniele15,
TCT,7310630,Việt Nam học,D15,24.50,,THPTQG,2020,Chuyên ngành hướng dẫn viên du lịch,daniele15,
TCT,7310630H,Việt Nam học,C00,22.50,,THPTQG,2020,Chuyên ngành hướng dẫn viên du lịch - Học tại khu Hòa An,daniele15,
TCT,7310630H,Việt Nam học,D01,22.50,,THPTQG,2020,Chuyên ngành hướng dẫn viên du lịch - Học tại khu Hòa An,daniele15,
TCT,7310630H,Việt Nam học,D14,22.50,,THPTQG,2020,Chuyên ngành hướng dẫn viên du lịch - Học tại khu Hòa An,daniele15,
TCT,7310630H,Việt Nam học,D15,22.50,,THPTQG,2020,Chuyên ngành hướng dẫn viên du lịch - Học tại khu Hòa An,daniele15,
TCT,7320201,Thông tin - thư viện,A01,18.50,,THPTQG,2020,,daniele15,
TCT,7320201,Thông tin - thư viện,D01,18.50,,THPTQG,2020,,daniele15,
TCT,7320201,Thông tin - thư viện,D03,18.50,,THPTQG,2020,,daniele15,
TCT,7320201,Thông tin - thư viện,D29,18.50,,THPTQG,2020,,daniele15,
TCT,7340101,Quản trị kinh doanh,A00,25.25,,THPTQG,2020,,daniele15,
TCT,7340101,Quản trị kinh doanh,A01,25.25,,THPTQG,2020,,daniele15,
TCT,7340101,Quản trị kinh doanh,C02,25.25,,THPTQG,2020,,daniele15,
TCT,7340101,Quản trị kinh doanh,D01,25.25,,THPTQG,2020,,daniele15,
TCT,7340101H,Quản trị kinh doanh,A00,22.75,,THPTQG,2020,Học  tại khu Hòa An,daniele15,
TCT,7340101H,Quản trị kinh doanh,A01,22.75,,THPTQG,2020,Học  tại khu Hòa An,daniele15,
TCT,7340101H,Quản trị kinh doanh,C02,22.75,,THPTQG,2020,Học  tại khu Hòa An,daniele15,
TCT,7340101H,Quản trị kinh doanh,D01,22.75,,THPTQG,2020,Học  tại khu Hòa An,daniele15,
TCT,7340115,Marketing,A00,25.00,,THPTQG,2020,,daniele15,
TCT,7340115,Marketing,A01,25.00,,THPTQG,2020,,daniele15,
TCT,7340115,Marketing,C02,25.00,,THPTQG,2020,,daniele15,
TCT,7340115,Marketing,D01,25.00,,THPTQG,2020,,daniele15,
TCT,7340120,Kinh doanh quốc tế,A00,25.75,,THPTQG,2020,,daniele15,
TCT,7340120,Kinh doanh quốc tế,A01,25.75,,THPTQG,2020,,daniele15,
TCT,7340120,Kinh doanh quốc tế,C02,25.75,,THPTQG,2020,,daniele15,
TCT,7340120,Kinh doanh quốc tế,D01,25.75,,THPTQG,2020,,daniele15,
TCT,7340120C,Kinh doanh quốc tế,A01,23.00,,THPTQG,2020,Chương trình chất lượng cao,daniele15,
TCT,7340120C,Kinh doanh quốc tế,D01,23.00,,THPTQG,2020,Chương trình chất lượng cao,daniele15,
TCT,7340120C,Kinh doanh quốc tế,D07,23.00,,THPTQG,2020,Chương trình chất lượng cao,daniele15,
TCT,7340121,Kinh doanh thương mại,A00,24.75,,THPTQG,2020,,daniele15,
TCT,7340121,Kinh doanh thương mại,A01,24.75,,THPTQG,2020,,daniele15,
TCT,7340121,Kinh doanh thương mại,C02,24.75,,THPTQG,2020,,daniele15,
TCT,7340121,Kinh doanh thương mại,D01,24.75,,THPTQG,2020,,daniele15,
TCT,7340201,Tài chính - Ngân hàng,A00,24.75,,THPTQG,2020,,daniele15,
TCT,7340201,Tài chính - Ngân hàng,A01,24.75,,THPTQG,2020,,daniele15,
TCT,7340201,Tài chính - Ngân hàng,C02,24.75,,THPTQG,2020,,daniele15,
TCT,7340201,Tài chính - Ngân hàng,D01,24.75,,THPTQG,2020,,daniele15,
TCT,7340201C,Tài chính - Ngân hàng,A01,21.00,,THPTQG,2020,Chương trình chất lượng cao,daniele15,
TCT,7340201C,Tài chính - Ngân hàng,D01,21.00,,THPTQG,2020,Chương trình chất lượng cao,daniele15,
TCT,7340201C,Tài chính - Ngân hàng,D07,21.00,,THPTQG,2020,Chương trình chất lượng cao,daniele15,
TCT,7340301,Kế toán,A00,25.00,,THPTQG,2020,,daniele15,
TCT,7340301,Kế toán,A01,25.00,,THPTQG,2020,,daniele15,
TCT,7340301,Kế toán,C02,25.00,,THPTQG,2020,,daniele15,
TCT,7340301,Kế toán,D01,25.00,,THPTQG,2020,,daniele15,
TCT,7340302,Kiểm toán,A00,24.00,,THPTQG,2020,,daniele15,
TCT,7340302,Kiểm toán,A01,24.00,,THPTQG,2020,,daniele15,
TCT,7340302,Kiểm toán,C02,24.00,,THPTQG,2020,,daniele15,
TCT,7340302,Kiểm toán,D01,24.00,,THPTQG,2020,,daniele15,
TCT,7380101,Luật,A00,24.50,,THPTQG,2020,,daniele15,
TCT,7380101,Luật,C00,24.50,,THPTQG,2020,,daniele15,
TCT,7380101,Luật,D01,24.50,,THPTQG,2020,,daniele15,
TCT,7380101,Luật,D03,24.50,,THPTQG,2020,,daniele15,
TCT,7380101H,Luật,A00,22.50,,THPTQG,2020,Chuyên ngành luật hành chính - Học tại khu Hòa An,daniele15,
TCT,7380101H,Luật,C00,22.50,,THPTQG,2020,Chuyên ngành luật hành chính - Học tại khu Hòa An,daniele15,
TCT,7380101H,Luật,D01,22.50,,THPTQG,2020,Chuyên ngành luật hành chính - Học tại khu Hòa An,daniele15,
TCT,7380101H,Luật,D03,22.50,,THPTQG,2020,Chuyên ngành luật hành chính - Học tại khu Hòa An,daniele15,
TCT,7420201,Công nghệ sinh học,A00,15.00,,THPTQG,2020,,daniele15,
TCT,7420201,Công nghệ sinh học,B00,15.00,,THPTQG,2020,,daniele15,
TCT,7420201,Công nghệ sinh học,D07,15.00,,THPTQG,2020,,daniele15,
TCT,7420201,Công nghệ sinh học,D08,15.00,,THPTQG,2020,,daniele15,
TCT,7420201,Công nghệ sinh học,A00,21.00,,THPTQG,2020,,daniele15,
TCT,7420201,Công nghệ sinh học,B00,21.00,,THPTQG,2020,,daniele15,
TCT,7420201,Công nghệ sinh học,D07,21.00,,THPTQG,2020,,daniele15,
TCT,7420201,Công nghệ sinh học,D08,21.00,,THPTQG,2020,,daniele15,
TCT,7420201T,Công nghệ sinh học,A01,16.00,,THPTQG,2020,Chương trình tiên tiến,daniele15,
TCT,7420201T,Công nghệ sinh học,D07,16.00,,THPTQG,2020,Chương trình tiên tiến,daniele15,
TCT,7420201T,Công nghệ sinh học,D08,16.00,,THPTQG,2020,Chương trình tiên tiến,daniele15,
TCT,7420203,Sinh học ứng dụng,A00,15.00,,THPTQG,2020,,daniele15,
TCT,7420203,Sinh học ứng dụng,A01,15.00,,THPTQG,2020,,daniele15,
TCT,7420203,Sinh học ứng dụng,B00,15.00,,THPTQG,2020,,daniele15,
TCT,7420203,Sinh học ứng dụng,D08,15.00,,THPTQG,2020,,daniele15,
TCT,7440112,Hoá học,A00,15.00,,THPTQG,2020,,daniele15,
TCT,7440112,Hoá học,B00,15.00,,THPTQG,2020,,daniele15,
TCT,7440112,Hoá học,D07,15.00,,THPTQG,2020,,daniele15,
TCT,7440301,Khoa học môi trường,A00,15.00,,THPTQG,2020,,daniele15,
TCT,7440301,Khoa học môi trường,B00,15.00,,THPTQG,2020,,daniele15,
TCT,7440301,Khoa học môi trường,D07,15.00,,THPTQG,2020,,daniele15,
TCT,7460112,Toán ứng dụng,A00,15.00,,THPTQG,2020,,daniele15,
TCT,7460112,Toán ứng dụng,A01,15.00,,THPTQG,2020,,daniele15,
TCT,7460112,Toán ứng dụng,B00,15.00,,THPTQG,2020,,daniele15,
TCT,7480102,Mạng máy tính và Truyền thông dữ liệu,A00,16.50,,THPTQG,2020,,daniele15,
TCT,7480102,Mạng máy tính và Truyền thông dữ liệu,A01,16.50,,THPTQG,2020,,daniele15,
TCT,7480102,Mạng máy tính và Truyền thông dữ liệu,A00,21.00,,THPTQG,2020,,daniele15,
TCT,7480102,Mạng máy tính và Truyền thông dữ liệu,A01,21.00,,THPTQG,2020,,daniele15,
TCT,7480103,Kỹ thuật phần mềm,A00,22.50,,THPTQG,2020,,daniele15,
TCT,7480103,Kỹ thuật phần mềm,A01,22.50,,THPTQG,2020,,daniele15,
TCT,7480104,Hệ thống thông tin,A00,19.00,,THPTQG,2020,,daniele15,
TCT,7480104,Hệ thống thông tin,A01,19.00,,THPTQG,2020,,daniele15,
TCT,7480106,Kỹ thuật máy tính,A00,16.50,,THPTQG,2020,,daniele15,
TCT,7480106,Kỹ thuật máy tính,A01,16.50,,THPTQG,2020,,daniele15,
TCT,7480201,Công nghệ thông tin,A00,24.25,,THPTQG,2020,,daniele15,
TCT,7480201,Công nghệ thông tin,A01,24.25,,THPTQG,2020,,daniele15,
TCT,7480201C,Công nghệ thông tin,A01,20.00,,THPTQG,2020,Chương trình chất lượng cao,daniele15,
TCT,7480201C,Công nghệ thông tin,D01,20.00,,THPTQG,2020,Chương trình chất lượng cao,daniele15,
TCT,7480201C,Công nghệ thông tin,D07,20.00,,THPTQG,2020,Chương trình chất lượng cao,daniele15,
TCT,7480201H,Công nghệ thông tin,A00,18.00,,THPTQG,2020,Học tại khu Hòa An,daniele15,
TCT,7480201H,Công nghệ thông tin,A01,18.00,,THPTQG,2020,Học tại khu Hòa An,daniele15,
TCT,7510401C,Công nghệ kỹ thuật hoá học,A01,16.00,,THPTQG,2020,,daniele15,
TCT,7510401C,Công nghệ kỹ thuật hoá học,D07,16.00,,THPTQG,2020,,daniele15,
TCT,7510401C,Công nghệ kỹ thuật hoá học,D08,16.00,,THPTQG,2020,,daniele15,
TCT,7510601,Quản lý công nghiệp,A00,22.50,,THPTQG,2020,,daniele15,
TCT,7510601,Quản lý công nghiệp,A01,22.50,,THPTQG,2020,,daniele15,
TCT,7510601,Quản lý công nghiệp,D01,22.50,,THPTQG,2020,,daniele15,
TCT,7520103,Kỹ thuật cơ khí,A00,23.25,,THPTQG,2020,,daniele15,
TCT,7520103,Kỹ thuật cơ khí,A01,23.25,,THPTQG,2020,,daniele15,
TCT,7520114,Kỹ thuật cơ điện tử,A00,21.50,,THPTQG,2020,,daniele15,
TCT,7520114,Kỹ thuật cơ điện tử,A01,21.50,,THPTQG,2020,,daniele15,
TCT,7520201,Kỹ thuật điện,A00,20.00,,THPTQG,2020,,daniele15,
TCT,7520201,Kỹ thuật điện,A01,20.00,,THPTQG,2020,,daniele15,
TCT,7520201,Kỹ thuật điện,D07,20.00,,THPTQG,2020,,daniele15,
TCT,7520201C,Kỹ thuật điện,A01,15.00,,THPTQG,2020,Chương trình chất lượng cao,daniele15,
TCT,7520201C,Kỹ thuật điện,D01,15.00,,THPTQG,2020,Chương trình chất lượng cao,daniele15,
TCT,7520201C,Kỹ thuật điện,D07,15.00,,THPTQG,2020,Chương trình chất lượng cao,daniele15,
TCT,7520207,Kỹ thuật điện tử - viễn thông,A00,16.50,,THPTQG,2020,,daniele15,
TCT,7520207,Kỹ thuật điện tử - viễn thông,A01,16.50,,THPTQG,2020,,daniele15,
TCT,7520216,Kỹ thuật điều khiển và tự động hoá,A00,21.50,,THPTQG,2020,,daniele15,
TCT,7520216,Kỹ thuật điều khiển và tự động hoá,A01,21.50,,THPTQG,2020,,daniele15,
TCT,7520309,Kỹ thuật vật liệu,A00,15.00,,THPTQG,2020,,daniele15,
TCT,7520309,Kỹ thuật vật liệu,A01,15.00,,THPTQG,2020,,daniele15,
TCT,7520309,Kỹ thuật vật liệu,B00,15.00,,THPTQG,2020,,daniele15,
TCT,7520309,Kỹ thuật vật liệu,D07,15.00,,THPTQG,2020,,daniele15,
TCT,7520320,Kỹ thuật môi trường,A00,15.00,,THPTQG,2020,,daniele15,
TCT,7520320,Kỹ thuật môi trường,A01,15.00,,THPTQG,2020,,daniele15,
TCT,7520320,Kỹ thuật môi trường,B00,15.00,,THPTQG,2020,,daniele15,
TCT,7520320,Kỹ thuật môi trường,D07,15.00,,THPTQG,2020,,daniele15,
TCT,7520401,Vật lý kỹ thuật,A00,15.00,,THPTQG,2020,,daniele15,
TCT,7520401,Vật lý kỹ thuật,A01,15.00,,THPTQG,2020,,daniele15,
TCT,7520401,Vật lý kỹ thuật,A02,15.00,,THPTQG,2020,,daniele15,
TCT,7540101,Công nghệ thực phẩm,A00,23.50,,THPTQG,2020,,daniele15,
TCT,7540101,Công nghệ thực phẩm,A01,23.50,,THPTQG,2020,,daniele15,
TCT,7540101,Công nghệ thực phẩm,B00,23.50,,THPTQG,2020,,daniele15,
TCT,7540101,Công nghệ thực phẩm,D07,23.50,,THPTQG,2020,,daniele15,
TCT,7540101C,Công nghệ thực phẩm,A01,15.25,,THPTQG,2020,Chương trình chất lượng cao,daniele15,
TCT,7540101C,Công nghệ thực phẩm,D07,15.25,,THPTQG,2020,Chương trình chất lượng cao,daniele15,
TCT,7540101C,Công nghệ thực phẩm,D08,15.25,,THPTQG,2020,Chương trình chất lượng cao,daniele15,
TCT,7540104,Công nghệ sau thu hoạch,A00,15.00,,THPTQG,2020,,daniele15,
TCT,7540104,Công nghệ sau thu hoạch,A01,15.00,,THPTQG,2020,,daniele15,
TCT,7540104,Công nghệ sau thu hoạch,B00,15.00,,THPTQG,2020,,daniele15,
TCT,7540104,Công nghệ sau thu hoạch,D07,15.00,,THPTQG,2020,,daniele15,
TCT,7540105,Công nghệ chế biến thuỷ sản,A00,17.00,,THPTQG,2020,,daniele15,
TCT,7540105,Công nghệ chế biến thuỷ sản,A01,17.00,,THPTQG,2020,,daniele15,
TCT,7540105,Công nghệ chế biến thuỷ sản,B00,17.00,,THPTQG,2020,,daniele15,
TCT,7540105,Công nghệ chế biến thuỷ sản,D07,17.00,,THPTQG,2020,,daniele15,
TCT,7580201,Kỹ thuật xây dựng,A00,21.00,,THPTQG,2020,,daniele15,
TCT,7580201,Kỹ thuật xây dựng,A01,21.00,,THPTQG,2020,,daniele15,
TCT,7580201C,Kỹ thuật xây dựng,A01,15.00,,THPTQG,2020,Chương trình chất lượng cao,daniele15,
TCT,7580201C,Kỹ thuật xây dựng,D01,15.00,,THPTQG,2020,Chương trình chất lượng cao,daniele15,
TCT,7580201C,Kỹ thuật xây dựng,D07,15.00,,THPTQG,2020,Chương trình chất lượng cao,daniele15,
TCT,7580201H,Kỹ thuật xây dựng,A00,15.00,,THPTQG,2020,Học tại khu Hòa An,daniele15,
TCT,7580201H,Kỹ thuật xây dựng,A01,15.00,,THPTQG,2020,Học tại khu Hòa An,daniele15,
TCT,7580202,Kỹ thuật xây dựng,A00,15.00,,THPTQG,2020,Công trình thủy,daniele15,
TCT,7580202,Kỹ thuật xây dựng,A01,15.00,,THPTQG,2020,Công trình thủy,daniele15,
TCT,7580205,Kỹ thuật xây dựng,A00,15.00,,THPTQG,2020,Công trình giao thông,daniele15,
TCT,7580205,Kỹ thuật xây dựng,A01,15.00,,THPTQG,2020,Công trình giao thông,daniele15,
TCT,7620103,Khoa học đất,A00,15.00,,THPTQG,2020,,daniele15,
TCT,7620103,Khoa học đất,B00,15.00,,THPTQG,2020,,daniele15,
TCT,7620103,Khoa học đất,D07,15.00,,THPTQG,2020,,daniele15,
TCT,7620103,Khoa học đất,D08,15.00,,THPTQG,2020,,daniele15,
TCT,7620105,Chăn nuôi,A00,15.00,,THPTQG,2020,,daniele15,
TCT,7620105,Chăn nuôi,A02,15.00,,THPTQG,2020,,daniele15,
TCT,7620105,Chăn nuôi,B00,15.00,,THPTQG,2020,,daniele15,
TCT,7620105,Chăn nuôi,D08,15.00,,THPTQG,2020,,daniele15,
TCT,7620109,Nông học,B00,19.00,,THPTQG,2020,,daniele15,
TCT,7620109,Nông học,D07,19.00,,THPTQG,2020,,daniele15,
TCT,7620109,Nông học,D08,19.00,,THPTQG,2020,,daniele15,
TCT,7620110,Khoa học cây trồng,A02,15.00,,THPTQG,2020,,daniele15,
TCT,7620110,Khoa học cây trồng,B00,15.00,,THPTQG,2020,,daniele15,
TCT,7620110,Khoa học cây trồng,D07,15.00,,THPTQG,2020,,daniele15,
TCT,7620110,Khoa học cây trồng,D08,15.00,,THPTQG,2020,,daniele15,
TCT,7620112,Bảo vệ thực vật,B00,16.00,,THPTQG,2020,,daniele15,
TCT,7620112,Bảo vệ thực vật,D07,16.00,,THPTQG,2020,,daniele15,
TCT,7620112,Bảo vệ thực vật,D08,16.00,,THPTQG,2020,,daniele15,
TCT,7620113,Công nghệ rau hoa quả và cảnh quan,A00,15.00,,THPTQG,2020,,daniele15,
TCT,7620113,Công nghệ rau hoa quả và cảnh quan,B00,15.00,,THPTQG,2020,,daniele15,
TCT,7620113,Công nghệ rau hoa quả và cảnh quan,D07,15.00,,THPTQG,2020,,daniele15,
TCT,7620113,Công nghệ rau hoa quả và cảnh quan,D08,15.00,,THPTQG,2020,,daniele15,
TCT,7620114H,Kinh doanh nông nghiệp,A00,15.00,,THPTQG,2020,Học tại khu Hòa An,daniele15,
TCT,7620114H,Kinh doanh nông nghiệp,A01,15.00,,THPTQG,2020,Học tại khu Hòa An,daniele15,
TCT,7620114H,Kinh doanh nông nghiệp,C02,15.00,,THPTQG,2020,Học tại khu Hòa An,daniele15,
TCT,7620114H,Kinh doanh nông nghiệp,D01,15.00,,THPTQG,2020,Học tại khu Hòa An,daniele15,
TCT,7620115,Kinh tế,A00,22.50,,THPTQG,2020,Kinh tế nông nghiệp,daniele15,
TCT,7620115,Kinh tế,A01,22.50,,THPTQG,2020,Kinh tế nông nghiệp,daniele15,
TCT,7620115,Kinh tế,C02,22.50,,THPTQG,2020,Kinh tế nông nghiệp,daniele15,
TCT,7620115,Kinh tế,D01,22.50,,THPTQG,2020,Kinh tế nông nghiệp,daniele15,
TCT,7620115H,Kinh tế,A00,15.75,,THPTQG,2020,Kinh tế nông nghiệp - Học tại khu Hòa An,daniele15,
TCT,7620115H,Kinh tế,A01,15.75,,THPTQG,2020,Kinh tế nông nghiệp - Học tại khu Hòa An,daniele15,
TCT,7620115H,Kinh tế,C02,15.75,,THPTQG,2020,Kinh tế nông nghiệp - Học tại khu Hòa An,daniele15,
TCT,7620115H,Kinh tế,D01,15.75,,THPTQG,2020,Kinh tế nông nghiệp - Học tại khu Hòa An,daniele15,
TCT,7620301,Nuôi trồng thuỷ sản,A00,16.00,,THPTQG,2020,,daniele15,
TCT,7620301,Nuôi trồng thuỷ sản,B00,16.00,,THPTQG,2020,,daniele15,
TCT,7620301,Nuôi trồng thuỷ sản,D07,16.00,,THPTQG,2020,,daniele15,
TCT,7620301,Nuôi trồng thuỷ sản,D08,16.00,,THPTQG,2020,,daniele15,
TCT,7620301T,Nuôi trồng thuỷ sản,A01,15.00,,THPTQG,2020,Chương trình tiên tiến,daniele15,
TCT,7620301T,Nuôi trồng thuỷ sản,D07,15.00,,THPTQG,2020,Chương trình tiên tiến,daniele15,
TCT,7620301T,Nuôi trồng thuỷ sản,D08,15.00,,THPTQG,2020,Chương trình tiên tiến,daniele15,
TCT,7620302,Bệnh học thủy sản,A00,15.00,,THPTQG,2020,,daniele15,
TCT,7620302,Bệnh học thủy sản,B00,15.00,,THPTQG,2020,,daniele15,
TCT,7620302,Bệnh học thủy sản,D07,15.00,,THPTQG,2020,,daniele15,
TCT,7620302,Bệnh học thủy sản,D08,15.00,,THPTQG,2020,,daniele15,
TCT,7620305,Quản lý thủy sản,A00,15.00,,THPTQG,2020,,daniele15,
TCT,7620305,Quản lý thủy sản,B00,15.00,,THPTQG,2020,,daniele15,
TCT,7620305,Quản lý thủy sản,D07,15.00,,THPTQG,2020,,daniele15,
TCT,7620305,Quản lý thủy sản,D08,15.00,,THPTQG,2020,,daniele15,
TCT,7640101,Thú y,A02,22.25,,THPTQG,2020,,daniele15,
TCT,7640101,Thú y,B00,22.25,,THPTQG,2020,,daniele15,
TCT,7640101,Thú y,D07,22.25,,THPTQG,2020,,daniele15,
TCT,7640101,Thú y,D08,22.25,,THPTQG,2020,,daniele15,
TCT,7720203,Hoá dược,A00,24.75,,THPTQG,2020,,daniele15,
TCT,7720203,Hoá dược,B00,24.75,,THPTQG,2020,,daniele15,
TCT,7720203,Hoá dược,D07,24.75,,THPTQG,2020,,daniele15,
TCT,7810103,Quản trị dịch vụ du lịch và lữ hành,A00,24.25,,THPTQG,2020,,daniele15,
TCT,7810103,Quản trị dịch vụ du lịch và lữ hành,A01,24.25,,THPTQG,2020,,daniele15,
TCT,7810103,Quản trị dịch vụ du lịch và lữ hành,C02,24.25,,THPTQG,2020,,daniele15,
TCT,7810103,Quản trị dịch vụ du lịch và lữ hành,D01,24.25,,THPTQG,2020,,daniele15,
TCT,7850101,Quản lý tài nguyên và môi trường,A00,18.00,,THPTQG,2020,,daniele15,
TCT,7850101,Quản lý tài nguyên và môi trường,A01,18.00,,THPTQG,2020,,daniele15,
TCT,7850101,Quản lý tài nguyên và môi trường,B00,18.00,,THPTQG,2020,,daniele15,
TCT,7850101,Quản lý tài nguyên và môi trường,D07,18.00,,THPTQG,2020,,daniele15,
TCT,7850102,Kinh tế,A00,21.50,,THPTQG,2020,Kinh tế tài nguyên thiên nhiên,daniele15,
TCT,7850102,Kinh tế,A01,21.50,,THPTQG,2020,Kinh tế tài nguyên thiên nhiên,daniele15,
TCT,7850102,Kinh tế,C02,21.50,,THPTQG,2020,Kinh tế tài nguyên thiên nhiên,daniele15,
TCT,7850102,Kinh tế,D01,21.50,,THPTQG,2020,Kinh tế tài nguyên thiên nhiên,daniele15,
TCT,7850103,Quản lý đất đai,A00,18.00,,THPTQG,2020,,daniele15,
TCT,7850103,Quản lý đất đai,A01,18.00,,THPTQG,2020,,daniele15,
TCT,7850103,Quản lý đất đai,B00,18.00,,THPTQG,2020,,daniele15,
TCT,7850103,Quản lý đất đai,D07,18.00,,THPTQG,2020,,daniele15,
TDD,7220201,Ngôn ngữ Anh,D01,15.00,,THPTQG,2020,,daniele15,
TDD,7220201,Ngôn ngữ Anh,D07,15.00,,THPTQG,2020,,daniele15,
TDD,7220201,Ngôn ngữ Anh,D14,15.00,,THPTQG,2020,,daniele15,
TDD,7220201,Ngôn ngữ Anh,D15,15.00,,THPTQG,2020,,daniele15,
TDD,7229030,Văn học,C00,15.00,,THPTQG,2020,,daniele15,
TDD,7229030,Văn học,C04,15.00,,THPTQG,2020,,daniele15,
TDD,7229030,Văn học,D14,15.00,,THPTQG,2020,,daniele15,
TDD,7229030,Văn học,D15,15.00,,THPTQG,2020,,daniele15,
TDD,7310201,Chính trị học,A00,15.00,,THPTQG,2020,Điểm thi TN THPT,daniele15,
TDD,7310201,Chính trị học,C00,15.00,,THPTQG,2020,Điểm thi TN THPT,daniele15,
TDD,7310201,Chính trị học,C03,15.00,,THPTQG,2020,Điểm thi TN THPT,daniele15,
TDD,7310201,Chính trị học,C04,15.00,,THPTQG,2020,Điểm thi TN THPT,daniele15,
TDD,7310205,Quản lý nhà nước,A00,14.00,,THPTQG,2020,Điểm thi TN THPT,daniele15,
TDD,7310205,Quản lý nhà nước,C00,14.00,,THPTQG,2020,Điểm thi TN THPT,daniele15,
TDD,7310205,Quản lý nhà nước,C03,14.00,,THPTQG,2020,Điểm thi TN THPT,daniele15,
TDD,7310205,Quản lý nhà nước,C04,14.00,,THPTQG,2020,Điểm thi TN THPT,daniele15,
TDD,7310630,Việt Nam học,A01,15.00,,THPTQG,2020,,daniele15,
TDD,7310630,Việt Nam học,C00,15.00,,THPTQG,2020,,daniele15,
TDD,7310630,Việt Nam học,D01,15.00,,THPTQG,2020,,daniele15,
TDD,7310630,Việt Nam học,D96,15.00,,THPTQG,2020,,daniele15,
TDD,7320104,Truyền thông đa phương tiện,A01,15.00,,THPTQG,2020,,daniele15,
TDD,7320104,Truyền thông đa phương tiện,C00,15.00,,THPTQG,2020,,daniele15,
TDD,7320104,Truyền thông đa phương tiện,D01,15.00,,THPTQG,2020,,daniele15,
TDD,7320104,Truyền thông đa phương tiện,D15,15.00,,THPTQG,2020,,daniele15,
TDD,7340101,Quản trị kinh doanh,A00,14.00,,THPTQG,2020,Điểm thi TN THPT,daniele15,
TDD,7340101,Quản trị kinh doanh,A01,14.00,,THPTQG,2020,Điểm thi TN THPT,daniele15,
TDD,7340101,Quản trị kinh doanh,D01,14.00,,THPTQG,2020,Điểm thi TN THPT,daniele15,
TDD,7340101,Quản trị kinh doanh,D09,14.00,,THPTQG,2020,Điểm thi TN THPT,daniele15,
TDD,7340101,Quản trị kinh doanh,A00,15.00,,THPTQG,2020,,daniele15,
TDD,7340101,Quản trị kinh doanh,A01,15.00,,THPTQG,2020,,daniele15,
TDD,7340101,Quản trị kinh doanh,D01,15.00,,THPTQG,2020,,daniele15,
TDD,7340101,Quản trị kinh doanh,D09,15.00,,THPTQG,2020,,daniele15,
TDD,7340115,Marketing,A00,15.00,,THPTQG,2020,,daniele15,
TDD,7340115,Marketing,A01,15.00,,THPTQG,2020,,daniele15,
TDD,7340115,Marketing,C04,15.00,,THPTQG,2020,,daniele15,
TDD,7340115,Marketing,D01,15.00,,THPTQG,2020,,daniele15,
TDD,7340120,Kinh doanh quốc tế,A00,15.00,,THPTQG,2020,,daniele15,
TDD,7340120,Kinh doanh quốc tế,A01,15.00,,THPTQG,2020,,daniele15,
TDD,7340120,Kinh doanh quốc tế,D01,15.00,,THPTQG,2020,,daniele15,
TDD,7340120,Kinh doanh quốc tế,D04,15.00,,THPTQG,2020,,daniele15,
TDD,7340201,Tài chính - Ngân hàng,A00,14.00,,THPTQG,2020,Điểm thi TN THPT,daniele15,
TDD,7340201,Tài chính - Ngân hàng,A01,14.00,,THPTQG,2020,Điểm thi TN THPT,daniele15,
TDD,7340201,Tài chính - Ngân hàng,C04,14.00,,THPTQG,2020,Điểm thi TN THPT,daniele15,
TDD,7340201,Tài chính - Ngân hàng,D01,14.00,,THPTQG,2020,Điểm thi TN THPT,daniele15,
TDD,7340201,Tài chính - Ngân hàng,A00,15.00,,THPTQG,2020,,daniele15,
TDD,7340201,Tài chính - Ngân hàng,A01,15.00,,THPTQG,2020,,daniele15,
TDD,7340201,Tài chính - Ngân hàng,C04,15.00,,THPTQG,2020,,daniele15,
TDD,7340201,Tài chính - Ngân hàng,D01,15.00,,THPTQG,2020,,daniele15,
TDD,7340301,Kế toán,A00,14.00,,THPTQG,2020,,daniele15,
TDD,7340301,Kế toán,A01,14.00,,THPTQG,2020,,daniele15,
TDD,7340301,Kế toán,D01,14.00,,THPTQG,2020,,daniele15,
TDD,7340301,Kế toán,D09,14.00,,THPTQG,2020,,daniele15,
TDD,7340301,Kế toán,A00,15.00,,THPTQG,2020,,daniele15,
TDD,7340301,Kế toán,A01,15.00,,THPTQG,2020,,daniele15,
TDD,7340301,Kế toán,D01,15.00,,THPTQG,2020,,daniele15,
TDD,7340301,Kế toán,D09,15.00,,THPTQG,2020,,daniele15,
TDD,7340406,Quản trị văn phòng,A01,15.00,,THPTQG,2020,,daniele15,
TDD,7340406,Quản trị văn phòng,C00,15.00,,THPTQG,2020,,daniele15,
TDD,7340406,Quản trị văn phòng,D01,15.00,,THPTQG,2020,,daniele15,
TDD,7340406,Quản trị văn phòng,D96,15.00,,THPTQG,2020,,daniele15,
TDD,7380101,Luật,A00,14.00,,THPTQG,2020,,daniele15,
TDD,7380101,Luật,B00,14.00,,THPTQG,2020,,daniele15,
TDD,7380101,Luật,B02,14.00,,THPTQG,2020,,daniele15,
TDD,7380101,Luật,C03,14.00,,THPTQG,2020,,daniele15,
TDD,7380107,Luật,C00,14.00,,THPTQG,2020,Luật kinh tế,daniele15,
TDD,7380107,Luật,D14,14.00,,THPTQG,2020,Luật kinh tế,daniele15,
TDD,7380107,Luật,D66,14.00,,THPTQG,2020,Luật kinh tế,daniele15,
TDD,7380107,Luật,D84,14.00,,THPTQG,2020,Luật kinh tế,daniele15,
TDD,7380107,Luật,C00,15.00,,THPTQG,2020,Luật kinh tế,daniele15,
TDD,7380107,Luật,D14,15.00,,THPTQG,2020,Luật kinh tế,daniele15,
TDD,7380107,Luật,D66,15.00,,THPTQG,2020,Luật kinh tế,daniele15,
TDD,7380107,Luật,D84,15.00,,THPTQG,2020,Luật kinh tế,daniele15,
TDD,7480201,Công nghệ thông tin,A00,14.00,,THPTQG,2020,Điểm thi TN THPT,daniele15,
TDD,7480201,Công nghệ thông tin,A01,14.00,,THPTQG,2020,Điểm thi TN THPT,daniele15,
TDD,7480201,Công nghệ thông tin,D01,14.00,,THPTQG,2020,Điểm thi TN THPT,daniele15,
TDD,7480201,Công nghệ thông tin,D09,14.00,,THPTQG,2020,Điểm thi TN THPT,daniele15,
TDD,7480201,Công nghệ thông tin,A00,15.00,,THPTQG,2020,,daniele15,
TDD,7480201,Công nghệ thông tin,A01,15.00,,THPTQG,2020,,daniele15,
TDD,7480201,Công nghệ thông tin,D01,15.00,,THPTQG,2020,,daniele15,
TDD,7480201,Công nghệ thông tin,D09,15.00,,THPTQG,2020,,daniele15,
TDD,7510102,Công nghệ kỹ thuật công trình xây dựng,A00,15.00,,THPTQG,2020,,daniele15,
TDD,7510102,Công nghệ kỹ thuật công trình xây dựng,A01,15.00,,THPTQG,2020,,daniele15,
TDD,7510102,Công nghệ kỹ thuật công trình xây dựng,A02,15.00,,THPTQG,2020,,daniele15,
TDD,7510102,Công nghệ kỹ thuật công trình xây dựng,C01,15.00,,THPTQG,2020,,daniele15,
TDD,7510103,Công nghệ kỹ thuật xây dựng,A00,14.00,,THPTQG,2020,Điểm thi TN THPT,daniele15,
TDD,7510103,Công nghệ kỹ thuật xây dựng,D01,14.00,,THPTQG,2020,Điểm thi TN THPT,daniele15,
TDD,7510205,Công nghệ kỹ thuật ô tô,A00,15.00,,THPTQG,2020,,daniele15,
TDD,7510205,Công nghệ kỹ thuật ô tô,A01,15.00,,THPTQG,2020,,daniele15,
TDD,7510205,Công nghệ kỹ thuật ô tô,D01,15.00,,THPTQG,2020,,daniele15,
TDD,7510205,Công nghệ kỹ thuật ô tô,D09,15.00,,THPTQG,2020,,daniele15,
TDD,7510301,"Công nghệ kỹ thuật điện, điện tử",A00,15.00,,THPTQG,2020,,daniele15,
TDD,7510301,"Công nghệ kỹ thuật điện, điện tử",A01,15.00,,THPTQG,2020,,daniele15,
TDD,7510301,"Công nghệ kỹ thuật điện, điện tử",D01,15.00,,THPTQG,2020,,daniele15,
TDD,7510301,"Công nghệ kỹ thuật điện, điện tử",D09,15.00,,THPTQG,2020,,daniele15,
TDD,7540101,Công nghệ thực phẩm,A00,15.00,,THPTQG,2020,,daniele15,
TDD,7540101,Công nghệ thực phẩm,A01,15.00,,THPTQG,2020,,daniele15,
TDD,7540101,Công nghệ thực phẩm,A02,15.00,,THPTQG,2020,,daniele15,
TDD,7540101,Công nghệ thực phẩm,C01,15.00,,THPTQG,2020,,daniele15,
TDD,7620105,Chăn nuôi,A00,15.00,,THPTQG,2020,,daniele15,
TDD,7620105,Chăn nuôi,A02,15.00,,THPTQG,2020,,daniele15,
TDD,7620105,Chăn nuôi,B00,15.00,,THPTQG,2020,,daniele15,
TDD,7620105,Chăn nuôi,D08,15.00,,THPTQG,2020,,daniele15,
TDD,7620301,Nuôi trồng thuỷ sản,A00,15.00,,THPTQG,2020,,daniele15,
TDD,7620301,Nuôi trồng thuỷ sản,A01,15.00,,THPTQG,2020,,daniele15,
TDD,7620301,Nuôi trồng thuỷ sản,B00,15.00,,THPTQG,2020,,daniele15,
TDD,7620301,Nuôi trồng thuỷ sản,D07,15.00,,THPTQG,2020,,daniele15,
TDD,7640101,Thú y,A06,14.00,,THPTQG,2020,,daniele15,
TDD,7640101,Thú y,B00,14.00,,THPTQG,2020,,daniele15,
TDD,7640101,Thú y,B02,14.00,,THPTQG,2020,,daniele15,
TDD,7640101,Thú y,C02,14.00,,THPTQG,2020,,daniele15,
TDD,7640101,Thú y,A06,15.00,,THPTQG,2020,,daniele15,
TDD,7640101,Thú y,B00,15.00,,THPTQG,2020,,daniele15,
TDD,7640101,Thú y,B02,15.00,,THPTQG,2020,,daniele15,
TDD,7640101,Thú y,C02,15.00,,THPTQG,2020,,daniele15,
TDD,7720115,Y học cổ truyền,A00,21.00,,THPTQG,2020,Điểm thi TN THPT,daniele15,
TDD,7720115,Y học cổ truyền,B00,21.00,,THPTQG,2020,Điểm thi TN THPT,daniele15,
TDD,7720115,Y học cổ truyền,B02,21.00,,THPTQG,2020,Điểm thi TN THPT,daniele15,
TDD,7720201,Dược học,A00,21.00,,THPTQG,2020,,daniele15,
TDD,7720201,Dược học,B00,21.00,,THPTQG,2020,,daniele15,
TDD,7720201,Dược học,B02,21.00,,THPTQG,2020,,daniele15,
TDD,7720301,Điều dưỡng,A00,19.00,,THPTQG,2020,,daniele15,
TDD,7720301,Điều dưỡng,B00,19.00,,THPTQG,2020,,daniele15,
TDD,7720301,Điều dưỡng,B02,19.00,,THPTQG,2020,,daniele15,
TDD,7720401,Dinh dưỡng,A00,18.00,,THPTQG,2020,,daniele15,
TDD,7720401,Dinh dưỡng,B00,18.00,,THPTQG,2020,,daniele15,
TDD,7720401,Dinh dưỡng,B02,18.00,,THPTQG,2020,,daniele15,
TDD,7810101,Du lịch,C00,15.00,,THPTQG,2020,,daniele15,
TDD,7810101,Du lịch,D01,15.00,,THPTQG,2020,,daniele15,
TDD,7810101,Du lịch,D14,15.00,,THPTQG,2020,,daniele15,
TDD,7810101,Du lịch,D15,15.00,,THPTQG,2020,,daniele15,
TDD,7810103,Quản trị dịch vụ du lịch và lữ hành,A00,15.00,,THPTQG,2020,,daniele15,
TDD,7810103,Quản trị dịch vụ du lịch và lữ hành,A01,15.00,,THPTQG,2020,,daniele15,
TDD,7810103,Quản trị dịch vụ du lịch và lữ hành,C04,15.00,,THPTQG,2020,,daniele15,
TDD,7810103,Quản trị dịch vụ du lịch và lữ hành,D01,15.00,,THPTQG,2020,,daniele15,
TDD,7810201,Quản trị khách sạn,A01,15.00,,THPTQG,2020,,daniele15,
TDD,7810201,Quản trị khách sạn,C00,15.00,,THPTQG,2020,,daniele15,
TDD,7810201,Quản trị khách sạn,D01,15.00,,THPTQG,2020,,daniele15,
TDD,7810201,Quản trị khách sạn,D96,15.00,,THPTQG,2020,,daniele15,
TDD,7850101,Quản lý tài nguyên và môi trường,A00,15.00,,THPTQG,2020,,daniele15,
TDD,7850101,Quản lý tài nguyên và môi trường,A01,15.00,,THPTQG,2020,,daniele15,
TDD,7850101,Quản lý tài nguyên và môi trường,B00,15.00,,THPTQG,2020,,daniele15,
TDD,7850101,Quản lý tài nguyên và môi trường,D01,15.00,,THPTQG,2020,,daniele15,
TDD,7850103,Quản lý đất đai,A00,14.00,,THPTQG,2020,Điểm thi TN THPT,daniele15,
TDD,7850103,Quản lý đất đai,A01,14.00,,THPTQG,2020,Điểm thi TN THPT,daniele15,
TDD,7850103,Quản lý đất đai,B00,14.00,,THPTQG,2020,Điểm thi TN THPT,daniele15,
TDD,7850103,Quản lý đất đai,D01,14.00,,THPTQG,2020,Điểm thi TN THPT,daniele15,
TDD,7850103,Quản lý đất đai,A00,15.00,,THPTQG,2020,,daniele15,
TDD,7850103,Quản lý đất đai,A01,15.00,,THPTQG,2020,,daniele15,
TDD,7850103,Quản lý đất đai,B00,15.00,,THPTQG,2020,,daniele15,
TDD,7850103,Quản lý đất đai,D01,15.00,,THPTQG,2020,,daniele15,
TDL,7140202,Giáo dục Tiểu học,A16,19.50,,THPTQG,2020,,daniele15,
TDL,7140202,Giáo dục Tiểu học,C14,19.50,,THPTQG,2020,,daniele15,
TDL,7140202,Giáo dục Tiểu học,C15,19.50,,THPTQG,2020,,daniele15,
TDL,7140202,Giáo dục Tiểu học,D01,19.50,,THPTQG,2020,,daniele15,
TDL,7140209,Sư phạm Toán học,A00,18.50,,THPTQG,2020,,daniele15,
TDL,7140209,Sư phạm Toán học,A01,18.50,,THPTQG,2020,,daniele15,
TDL,7140209,Sư phạm Toán học,D07,18.50,,THPTQG,2020,,daniele15,
TDL,7140209,Sư phạm Toán học,D90,18.50,,THPTQG,2020,,daniele15,
TDL,7140210,Sư phạm Tin học,A00,24.00,,THPTQG,2020,,daniele15,
TDL,7140210,Sư phạm Tin học,A01,24.00,,THPTQG,2020,,daniele15,
TDL,7140210,Sư phạm Tin học,D07,24.00,,THPTQG,2020,,daniele15,
TDL,7140210,Sư phạm Tin học,D90,24.00,,THPTQG,2020,,daniele15,
TDL,7140211,Sư phạm Vật lý,A00,21.00,,THPTQG,2020,,daniele15,
TDL,7140211,Sư phạm Vật lý,A01,21.00,,THPTQG,2020,,daniele15,
TDL,7140211,Sư phạm Vật lý,A12,21.00,,THPTQG,2020,,daniele15,
TDL,7140211,Sư phạm Vật lý,D90,21.00,,THPTQG,2020,,daniele15,
TDL,7140212,Sư phạm Hóa học,A00,18.50,,THPTQG,2020,,daniele15,
TDL,7140212,Sư phạm Hóa học,B00,18.50,,THPTQG,2020,,daniele15,
TDL,7140212,Sư phạm Hóa học,D07,18.50,,THPTQG,2020,,daniele15,
TDL,7140212,Sư phạm Hóa học,D90,18.50,,THPTQG,2020,,daniele15,
TDL,7140213,Sư phạm Sinh học,A00,22.00,,THPTQG,2020,,daniele15,
TDL,7140213,Sư phạm Sinh học,B00,22.00,,THPTQG,2020,,daniele15,
TDL,7140213,Sư phạm Sinh học,B08,22.00,,THPTQG,2020,,daniele15,
TDL,7140213,Sư phạm Sinh học,D90,22.00,,THPTQG,2020,,daniele15,
TDL,7140217,Sư phạm Ngữ văn,C00,18.50,,THPTQG,2020,,daniele15,
TDL,7140217,Sư phạm Ngữ văn,C20,18.50,,THPTQG,2020,,daniele15,
TDL,7140217,Sư phạm Ngữ văn,D14,18.50,,THPTQG,2020,,daniele15,
TDL,7140217,Sư phạm Ngữ văn,D15,18.50,,THPTQG,2020,,daniele15,
TDL,7140218,Sư phạm Lịch sử,C00,18.50,,THPTQG,2020,,daniele15,
TDL,7140218,Sư phạm Lịch sử,C19,18.50,,THPTQG,2020,,daniele15,
TDL,7140218,Sư phạm Lịch sử,C20,18.50,,THPTQG,2020,,daniele15,
TDL,7140218,Sư phạm Lịch sử,D14,18.50,,THPTQG,2020,,daniele15,
TDL,7140231,Sư phạm Tiếng Anh,D01,18.50,,THPTQG,2020,,daniele15,
TDL,7140231,Sư phạm Tiếng Anh,D72,18.50,,THPTQG,2020,,daniele15,
TDL,7140231,Sư phạm Tiếng Anh,D96,18.50,,THPTQG,2020,,daniele15,
TDL,7220201,Ngôn ngữ Anh,D01,16.00,,THPTQG,2020,,daniele15,
TDL,7220201,Ngôn ngữ Anh,D72,16.00,,THPTQG,2020,,daniele15,
TDL,7220201,Ngôn ngữ Anh,D96,16.00,,THPTQG,2020,,daniele15,
TDL,7229010,Lịch sử,C00,15.00,,THPTQG,2020,,daniele15,
TDL,7229010,Lịch sử,C19,15.00,,THPTQG,2020,,daniele15,
TDL,7229010,Lịch sử,D14,15.00,,THPTQG,2020,,daniele15,
TDL,7229010,Lịch sử,D78,15.00,,THPTQG,2020,,daniele15,
TDL,7229030,Văn học,C00,15.00,,THPTQG,2020,,daniele15,
TDL,7229030,Văn học,D14,15.00,,THPTQG,2020,,daniele15,
TDL,7229030,Văn học,D15,15.00,,THPTQG,2020,,daniele15,
TDL,7229030,Văn học,D78,15.00,,THPTQG,2020,,daniele15,
TDL,7229040,Văn hoá học,C00,15.00,,THPTQG,2020,,daniele15,
TDL,7229040,Văn hoá học,D14,15.00,,THPTQG,2020,,daniele15,
TDL,7229040,Văn hoá học,D15,15.00,,THPTQG,2020,,daniele15,
TDL,7229040,Văn hoá học,D78,15.00,,THPTQG,2020,,daniele15,
TDL,7310301,Xã hội học,C00,15.00,,THPTQG,2020,,daniele15,
TDL,7310301,Xã hội học,C14,15.00,,THPTQG,2020,,daniele15,
TDL,7310301,Xã hội học,D01,15.00,,THPTQG,2020,,daniele15,
TDL,7310301,Xã hội học,D78,15.00,,THPTQG,2020,,daniele15,
TDL,7310601,Quốc tế học,C00,15.00,,THPTQG,2020,,daniele15,
TDL,7310601,Quốc tế học,C20,15.00,,THPTQG,2020,,daniele15,
TDL,7310601,Quốc tế học,D01,15.00,,THPTQG,2020,,daniele15,
TDL,7310601,Quốc tế học,D78,15.00,,THPTQG,2020,,daniele15,
TDL,7310608,Đông phương học,C00,16.00,,THPTQG,2020,,daniele15,
TDL,7310608,Đông phương học,D01,16.00,,THPTQG,2020,,daniele15,
TDL,7310608,Đông phương học,D78,16.00,,THPTQG,2020,,daniele15,
TDL,7310608,Đông phương học,D96,16.00,,THPTQG,2020,,daniele15,
TDL,7310630,Việt Nam học,C00,15.00,,THPTQG,2020,,daniele15,
TDL,7310630,Việt Nam học,D14,15.00,,THPTQG,2020,,daniele15,
TDL,7310630,Việt Nam học,D15,15.00,,THPTQG,2020,,daniele15,
TDL,7310630,Việt Nam học,D78,15.00,,THPTQG,2020,,daniele15,
TDL,7340101,Quản trị kinh doanh,A00,17.00,,THPTQG,2020,,daniele15,
TDL,7340101,Quản trị kinh doanh,A01,17.00,,THPTQG,2020,,daniele15,
TDL,7340101,Quản trị kinh doanh,D01,17.00,,THPTQG,2020,,daniele15,
TDL,7340101,Quản trị kinh doanh,D96,17.00,,THPTQG,2020,,daniele15,
TDL,7340301,Kế toán,A00,16.00,,THPTQG,2020,,daniele15,
TDL,7340301,Kế toán,A01,16.00,,THPTQG,2020,,daniele15,
TDL,7340301,Kế toán,D01,16.00,,THPTQG,2020,,daniele15,
TDL,7340301,Kế toán,D96,16.00,,THPTQG,2020,,daniele15,
TDL,7380101,Luật,A00,17.00,,THPTQG,2020,,daniele15,
TDL,7380101,Luật,C00,17.00,,THPTQG,2020,,daniele15,
TDL,7380101,Luật,C20,17.00,,THPTQG,2020,,daniele15,
TDL,7380101,Luật,D01,17.00,,THPTQG,2020,,daniele15,
TDL,7420101,Sinh học,A00,15.00,,THPTQG,2020,,daniele15,
TDL,7420101,Sinh học,B00,15.00,,THPTQG,2020,,daniele15,
TDL,7420101,Sinh học,D08,15.00,,THPTQG,2020,,daniele15,
TDL,7420101,Sinh học,D90,15.00,,THPTQG,2020,,daniele15,
TDL,7420201,Công nghệ sinh học,A00,15.00,,THPTQG,2020,,daniele15,
TDL,7420201,Công nghệ sinh học,D90,15.00,,THPTQG,2020,,daniele15,
TDL,7440102,Vật lý học,A00,15.00,,THPTQG,2020,,daniele15,
TDL,7440102,Vật lý học,A01,15.00,,THPTQG,2020,,daniele15,
TDL,7440102,Vật lý học,A12,15.00,,THPTQG,2020,,daniele15,
TDL,7440102,Vật lý học,D90,15.00,,THPTQG,2020,,daniele15,
TDL,7440112,Hoá học,A00,15.00,,THPTQG,2020,,daniele15,
TDL,7440112,Hoá học,B00,15.00,,THPTQG,2020,,daniele15,
TDL,7440112,Hoá học,D07,15.00,,THPTQG,2020,,daniele15,
TDL,7440112,Hoá học,D90,15.00,,THPTQG,2020,,daniele15,
TDL,7440301,Khoa học môi trường,A00,15.00,,THPTQG,2020,,daniele15,
TDL,7440301,Khoa học môi trường,B00,15.00,,THPTQG,2020,,daniele15,
TDL,7440301,Khoa học môi trường,D08,15.00,,THPTQG,2020,,daniele15,
TDL,7440301,Khoa học môi trường,D90,15.00,,THPTQG,2020,,daniele15,
TDL,7460101,Toán học,A00,15.00,,THPTQG,2020,,daniele15,
TDL,7460101,Toán học,A01,15.00,,THPTQG,2020,,daniele15,
TDL,7460101,Toán học,D07,15.00,,THPTQG,2020,,daniele15,
TDL,7460101,Toán học,D90,15.00,,THPTQG,2020,,daniele15,
TDL,7480201,Công nghệ thông tin,A00,15.00,,THPTQG,2020,,daniele15,
TDL,7480201,Công nghệ thông tin,A01,15.00,,THPTQG,2020,,daniele15,
TDL,7480201,Công nghệ thông tin,D07,15.00,,THPTQG,2020,,daniele15,
TDL,7480201,Công nghệ thông tin,D90,15.00,,THPTQG,2020,,daniele15,
TDL,7510302,Công nghệ kỹ thuật điện tử - viễn thông,A00,15.00,,THPTQG,2020,,daniele15,
TDL,7510302,Công nghệ kỹ thuật điện tử - viễn thông,A01,15.00,,THPTQG,2020,,daniele15,
TDL,7510302,Công nghệ kỹ thuật điện tử - viễn thông,A12,15.00,,THPTQG,2020,,daniele15,
TDL,7510302,Công nghệ kỹ thuật điện tử - viễn thông,D90,15.00,,THPTQG,2020,,daniele15,
TDL,7520402,Kỹ thuật hạt nhân,A00,15.00,,THPTQG,2020,,daniele15,
TDL,7520402,Kỹ thuật hạt nhân,A01,15.00,,THPTQG,2020,,daniele15,
TDL,7520402,Kỹ thuật hạt nhân,D01,15.00,,THPTQG,2020,,daniele15,
TDL,7520402,Kỹ thuật hạt nhân,D90,15.00,,THPTQG,2020,,daniele15,
TDL,7540104,Công nghệ sau thu hoạch,A00,15.00,,THPTQG,2020,,daniele15,
TDL,7540104,Công nghệ sau thu hoạch,B00,15.00,,THPTQG,2020,,daniele15,
TDL,7540104,Công nghệ sau thu hoạch,D08,15.00,,THPTQG,2020,,daniele15,
TDL,7540104,Công nghệ sau thu hoạch,D90,15.00,,THPTQG,2020,,daniele15,
TDL,7620109,Nông học,B00,15.00,,THPTQG,2020,,daniele15,
TDL,7620109,Nông học,D07,15.00,,THPTQG,2020,,daniele15,
TDL,7620109,Nông học,D08,15.00,,THPTQG,2020,,daniele15,
TDL,7620109,Nông học,D90,15.00,,THPTQG,2020,,daniele15,
TDL,7760101,Công tác xã hội,C00,15.00,,THPTQG,2020,,daniele15,
TDL,7760101,Công tác xã hội,C14,15.00,,THPTQG,2020,,daniele15,
TDL,7760101,Công tác xã hội,D01,15.00,,THPTQG,2020,,daniele15,
TDL,7760101,Công tác xã hội,D78,15.00,,THPTQG,2020,,daniele15,
TDL,7760104,Dân số và phát triển,,600.00,,DGNL,2020,,daniele15,
TDL,7810103,Quản trị dịch vụ du lịch và lữ hành,C00,17.50,,THPTQG,2020,,daniele15,
TDL,7810103,Quản trị dịch vụ du lịch và lữ hành,C20,17.50,,THPTQG,2020,,daniele15,
TDL,7810103,Quản trị dịch vụ du lịch và lữ hành,D01,17.50,,THPTQG,2020,,daniele15,
TDL,7810103,Quản trị dịch vụ du lịch và lữ hành,D78,17.50,,THPTQG,2020,,daniele15,
TDM,7140101,Giáo dục học,C00,15.00,,THPTQG,2020,,daniele15,
TDM,7140101,Giáo dục học,C14,15.00,,THPTQG,2020,,daniele15,
TDM,7140101,Giáo dục học,C15,15.00,,THPTQG,2020,,daniele15,
TDM,7140101,Giáo dục học,D01,15.00,,THPTQG,2020,,daniele15,
TDM,7140201,Giáo dục Mầm non,,18.50,,THPTQG,2020,,daniele15,
TDM,7140202,Giáo dục Tiểu học,A00,18.50,,THPTQG,2020,,daniele15,
TDM,7140202,Giáo dục Tiểu học,A16,18.50,,THPTQG,2020,,daniele15,
TDM,7140202,Giáo dục Tiểu học,C00,18.50,,THPTQG,2020,,daniele15,
TDM,7140202,Giáo dục Tiểu học,D01,18.50,,THPTQG,2020,,daniele15,
TDM,7140217,Sư phạm Ngữ văn,C00,18.50,,THPTQG,2020,,daniele15,
TDM,7140217,Sư phạm Ngữ văn,C15,18.50,,THPTQG,2020,,daniele15,
TDM,7140217,Sư phạm Ngữ văn,D01,18.50,,THPTQG,2020,,daniele15,
TDM,7140217,Sư phạm Ngữ văn,D14,18.50,,THPTQG,2020,,daniele15,
TDM,7140218,Sư phạm Lịch sử,C00,18.50,,THPTQG,2020,,daniele15,
TDM,7140218,Sư phạm Lịch sử,C14,18.50,,THPTQG,2020,,daniele15,
TDM,7140218,Sư phạm Lịch sử,C15,18.50,,THPTQG,2020,,daniele15,
TDM,7140218,Sư phạm Lịch sử,D01,18.50,,THPTQG,2020,,daniele15,
TDM,7210403,Thiết kế đồ họa,A00,15.00,,THPTQG,2020,,daniele15,
TDM,7210403,Thiết kế đồ họa,A16,15.00,,THPTQG,2020,,daniele15,
TDM,7210403,Thiết kế đồ họa,V00,15.00,,THPTQG,2020,,daniele15,
TDM,7210403,Thiết kế đồ họa,V01,15.00,,THPTQG,2020,,daniele15,
TDM,7210405,Âm nhạc học,,15.00,,THPTQG,2020,Âm nhạc,daniele15,
TDM,7210407,Sư phạm Mỹ thuật,V00,15.00,,THPTQG,2020,Ngành Mỹ thuật,daniele15,
TDM,7210407,Sư phạm Mỹ thuật,V01,15.00,,THPTQG,2020,Ngành Mỹ thuật,daniele15,
TDM,7210407,Sư phạm Mỹ thuật,V05,15.00,,THPTQG,2020,Ngành Mỹ thuật,daniele15,
TDM,7210407,Sư phạm Mỹ thuật,V06,15.00,,THPTQG,2020,Ngành Mỹ thuật,daniele15,
TDM,7220201,Ngôn ngữ Anh,A01,15.50,,THPTQG,2020,,daniele15,
TDM,7220201,Ngôn ngữ Anh,D01,15.50,,THPTQG,2020,,daniele15,
TDM,7220201,Ngôn ngữ Anh,D15,15.50,,THPTQG,2020,,daniele15,
TDM,7220201,Ngôn ngữ Anh,D78,15.50,,THPTQG,2020,,daniele15,
TDM,7220204,Ngôn ngữ Trung Quốc,A01,15.50,,THPTQG,2020,,daniele15,
TDM,7220204,Ngôn ngữ Trung Quốc,D01,15.50,,THPTQG,2020,,daniele15,
TDM,7220204,Ngôn ngữ Trung Quốc,D04,15.50,,THPTQG,2020,,daniele15,
TDM,7220204,Ngôn ngữ Trung Quốc,D78,15.50,,THPTQG,2020,,daniele15,
TDM,7229010,Lịch sử,C00,15.00,,THPTQG,2020,,daniele15,
TDM,7229010,Lịch sử,C14,15.00,,THPTQG,2020,,daniele15,
TDM,7229010,Lịch sử,C15,15.00,,THPTQG,2020,,daniele15,
TDM,7229010,Lịch sử,D01,15.00,,THPTQG,2020,,daniele15,
TDM,7229030,Văn học,C00,15.00,,THPTQG,2020,,daniele15,
TDM,7229030,Văn học,C15,15.00,,THPTQG,2020,,daniele15,
TDM,7229030,Văn học,D01,15.00,,THPTQG,2020,,daniele15,
TDM,7229030,Văn học,D14,15.00,,THPTQG,2020,,daniele15,
TDM,7229040,Văn hoá học,C00,15.00,,THPTQG,2020,,daniele15,
TDM,7229040,Văn hoá học,C14,15.00,,THPTQG,2020,,daniele15,
TDM,7229040,Văn hoá học,C15,15.00,,THPTQG,2020,,daniele15,
TDM,7229040,Văn hoá học,D01,15.00,,THPTQG,2020,,daniele15,
TDM,7310108,Toán kinh tế,A00,15.00,,THPTQG,2020,,daniele15,
TDM,7310108,Toán kinh tế,A01,15.00,,THPTQG,2020,,daniele15,
TDM,7310108,Toán kinh tế,A16,15.00,,THPTQG,2020,,daniele15,
TDM,7310108,Toán kinh tế,D07,15.00,,THPTQG,2020,,daniele15,
TDM,7310201,Chính trị học,C00,15.00,,THPTQG,2020,,daniele15,
TDM,7310201,Chính trị học,C14,15.00,,THPTQG,2020,,daniele15,
TDM,7310201,Chính trị học,C15,15.00,,THPTQG,2020,,daniele15,
TDM,7310201,Chính trị học,D01,15.00,,THPTQG,2020,,daniele15,
TDM,7310205,Quản lý nhà nước,A16,15.00,,THPTQG,2020,,daniele15,
TDM,7310205,Quản lý nhà nước,C00,15.00,,THPTQG,2020,,daniele15,
TDM,7310205,Quản lý nhà nước,C14,15.00,,THPTQG,2020,,daniele15,
TDM,7310205,Quản lý nhà nước,D01,15.00,,THPTQG,2020,,daniele15,
TDM,7310401,Tâm lý học,B00,15.00,,THPTQG,2020,,daniele15,
TDM,7310401,Tâm lý học,C00,15.00,,THPTQG,2020,,daniele15,
TDM,7310401,Tâm lý học,D01,15.00,,THPTQG,2020,,daniele15,
TDM,7310401,Tâm lý học,D14,15.00,,THPTQG,2020,,daniele15,
TDM,7310501,Địa lý học,A07,15.00,,THPTQG,2020,,daniele15,
TDM,7310501,Địa lý học,C00,15.00,,THPTQG,2020,,daniele15,
TDM,7310501,Địa lý học,C24,15.00,,THPTQG,2020,,daniele15,
TDM,7310501,Địa lý học,D15,15.00,,THPTQG,2020,,daniele15,
TDM,7310601,Quốc tế học,A00,15.00,,THPTQG,2020,,daniele15,
TDM,7310601,Quốc tế học,C00,15.00,,THPTQG,2020,,daniele15,
TDM,7310601,Quốc tế học,D01,15.00,,THPTQG,2020,,daniele15,
TDM,7310601,Quốc tế học,D78,15.00,,THPTQG,2020,,daniele15,
TDM,7340101,Quản trị kinh doanh,A00,16.00,,THPTQG,2020,,daniele15,
TDM,7340101,Quản trị kinh doanh,A01,16.00,,THPTQG,2020,,daniele15,
TDM,7340101,Quản trị kinh doanh,A16,16.00,,THPTQG,2020,,daniele15,
TDM,7340101,Quản trị kinh doanh,D01,16.00,,THPTQG,2020,,daniele15,
TDM,7340201,Tài chính - Ngân hàng,A00,15.00,,THPTQG,2020,,daniele15,
TDM,7340201,Tài chính - Ngân hàng,A01,15.00,,THPTQG,2020,,daniele15,
TDM,7340201,Tài chính - Ngân hàng,A16,15.00,,THPTQG,2020,,daniele15,
TDM,7340201,Tài chính - Ngân hàng,D01,15.00,,THPTQG,2020,,daniele15,
TDM,7340301,Kế toán,A00,15.50,,THPTQG,2020,,daniele15,
TDM,7340301,Kế toán,A01,15.50,,THPTQG,2020,,daniele15,
TDM,7340301,Kế toán,A16,15.50,,THPTQG,2020,,daniele15,
TDM,7340301,Kế toán,D01,15.50,,THPTQG,2020,,daniele15,
TDM,7380101,Luật,A16,15.50,,THPTQG,2020,,daniele15,
TDM,7380101,Luật,C00,15.50,,THPTQG,2020,,daniele15,
TDM,7380101,Luật,C14,15.50,,THPTQG,2020,,daniele15,
TDM,7380101,Luật,D01,15.50,,THPTQG,2020,,daniele15,
TDM,7440112,Hoá học,A00,15.00,,THPTQG,2020,,daniele15,
TDM,7440112,Hoá học,A16,15.00,,THPTQG,2020,,daniele15,
TDM,7440112,Hoá học,B00,15.00,,THPTQG,2020,,daniele15,
TDM,7440112,Hoá học,D07,15.00,,THPTQG,2020,,daniele15,
TDM,7440301,Khoa học môi trường,A00,15.00,,THPTQG,2020,,daniele15,
TDM,7440301,Khoa học môi trường,B00,15.00,,THPTQG,2020,,daniele15,
TDM,7440301,Khoa học môi trường,B05,15.00,,THPTQG,2020,,daniele15,
TDM,7440301,Khoa học môi trường,D01,15.00,,THPTQG,2020,,daniele15,
TDM,7480103,Kỹ thuật phần mềm,A00,15.00,,THPTQG,2020,,daniele15,
TDM,7480103,Kỹ thuật phần mềm,A01,15.00,,THPTQG,2020,,daniele15,
TDM,7480103,Kỹ thuật phần mềm,C01,15.00,,THPTQG,2020,,daniele15,
TDM,7480103,Kỹ thuật phần mềm,D90,15.00,,THPTQG,2020,,daniele15,
TDM,7480104,Hệ thống thông tin,A00,15.00,,THPTQG,2020,,daniele15,
TDM,7480104,Hệ thống thông tin,A01,15.00,,THPTQG,2020,,daniele15,
TDM,7480104,Hệ thống thông tin,C01,15.00,,THPTQG,2020,,daniele15,
TDM,7480104,Hệ thống thông tin,D90,15.00,,THPTQG,2020,,daniele15,
TDM,7480201,Công nghệ thông tin,A00,15.50,,THPTQG,2020,,daniele15,
TDM,7480201,Công nghệ thông tin,A01,15.50,,THPTQG,2020,,daniele15,
TDM,7480201,Công nghệ thông tin,C01,15.50,,THPTQG,2020,,daniele15,
TDM,7480201,Công nghệ thông tin,D90,15.50,,THPTQG,2020,,daniele15,
TDM,7480205,Khoa học dữ liệu và Trí tuệ nhân tạo,A00,15.00,,THPTQG,2020,Trí tuệ nhân tạo và khoa học dữ liệu,daniele15,
TDM,7480205,Khoa học dữ liệu và Trí tuệ nhân tạo,A01,15.00,,THPTQG,2020,Trí tuệ nhân tạo và khoa học dữ liệu,daniele15,
TDM,7480205,Khoa học dữ liệu và Trí tuệ nhân tạo,C01,15.00,,THPTQG,2020,Trí tuệ nhân tạo và khoa học dữ liệu,daniele15,
TDM,7480205,Khoa học dữ liệu và Trí tuệ nhân tạo,D90,15.00,,THPTQG,2020,Trí tuệ nhân tạo và khoa học dữ liệu,daniele15,
TDM,7510205,Công nghệ kỹ thuật ô tô,A00,15.00,,THPTQG,2020,,daniele15,
TDM,7510205,Công nghệ kỹ thuật ô tô,A01,15.00,,THPTQG,2020,,daniele15,
TDM,7510205,Công nghệ kỹ thuật ô tô,D01,15.00,,THPTQG,2020,,daniele15,
TDM,7510205,Công nghệ kỹ thuật ô tô,D90,15.00,,THPTQG,2020,,daniele15,
TDM,7510601,Quản lý công nghiệp,A00,15.00,,THPTQG,2020,,daniele15,
TDM,7510601,Quản lý công nghiệp,A01,15.00,,THPTQG,2020,,daniele15,
TDM,7510601,Quản lý công nghiệp,A16,15.00,,THPTQG,2020,,daniele15,
TDM,7510601,Quản lý công nghiệp,C01,15.00,,THPTQG,2020,,daniele15,
TDM,7510605,Logistics và Quản lý chuỗi cung ứng,A00,15.50,,THPTQG,2020,,daniele15,
TDM,7510605,Logistics và Quản lý chuỗi cung ứng,A01,15.50,,THPTQG,2020,,daniele15,
TDM,7510605,Logistics và Quản lý chuỗi cung ứng,D01,15.50,,THPTQG,2020,,daniele15,
TDM,7510605,Logistics và Quản lý chuỗi cung ứng,D90,15.50,,THPTQG,2020,,daniele15,
TDM,7520114,Kỹ thuật cơ điện tử,A00,15.00,,THPTQG,2020,,daniele15,
TDM,7520114,Kỹ thuật cơ điện tử,A01,15.00,,THPTQG,2020,,daniele15,
TDM,7520114,Kỹ thuật cơ điện tử,C01,15.00,,THPTQG,2020,,daniele15,
TDM,7520114,Kỹ thuật cơ điện tử,D90,15.00,,THPTQG,2020,,daniele15,
TDM,7520201,Kỹ thuật điện,A00,15.00,,THPTQG,2020,,daniele15,
TDM,7520201,Kỹ thuật điện,A01,15.00,,THPTQG,2020,,daniele15,
TDM,7520201,Kỹ thuật điện,C01,15.00,,THPTQG,2020,,daniele15,
TDM,7520201,Kỹ thuật điện,D90,15.00,,THPTQG,2020,,daniele15,
TDM,7520207,Kỹ thuật điện tử - viễn thông,A00,15.00,,THPTQG,2020,,daniele15,
TDM,7520207,Kỹ thuật điện tử - viễn thông,A01,15.00,,THPTQG,2020,,daniele15,
TDM,7520207,Kỹ thuật điện tử - viễn thông,C01,15.00,,THPTQG,2020,,daniele15,
TDM,7520207,Kỹ thuật điện tử - viễn thông,D90,15.00,,THPTQG,2020,,daniele15,
TDM,7520216,Kỹ thuật điều khiển và tự động hoá,A00,15.00,,THPTQG,2020,,daniele15,
TDM,7520216,Kỹ thuật điều khiển và tự động hoá,A01,15.00,,THPTQG,2020,,daniele15,
TDM,7520216,Kỹ thuật điều khiển và tự động hoá,C01,15.00,,THPTQG,2020,,daniele15,
TDM,7520216,Kỹ thuật điều khiển và tự động hoá,D90,15.00,,THPTQG,2020,,daniele15,
TDM,7540101,Công nghệ thực phẩm,A00,15.00,,THPTQG,2020,,daniele15,
TDM,7540101,Công nghệ thực phẩm,A02,15.00,,THPTQG,2020,,daniele15,
TDM,7540101,Công nghệ thực phẩm,B00,15.00,,THPTQG,2020,,daniele15,
TDM,7540101,Công nghệ thực phẩm,B08,15.00,,THPTQG,2020,,daniele15,
TDM,7540106,Đảm bảo chất lượng và an toàn thực phẩm,A00,15.00,,THPTQG,2020,,daniele15,
TDM,7540106,Đảm bảo chất lượng và an toàn thực phẩm,A02,15.00,,THPTQG,2020,,daniele15,
TDM,7540106,Đảm bảo chất lượng và an toàn thực phẩm,B00,15.00,,THPTQG,2020,,daniele15,
TDM,7540106,Đảm bảo chất lượng và an toàn thực phẩm,B08,15.00,,THPTQG,2020,,daniele15,
TDM,7549001,Công nghệ chế biến lâm sản,A00,15.00,,THPTQG,2020,,daniele15,
TDM,7549001,Công nghệ chế biến lâm sản,A01,15.00,,THPTQG,2020,,daniele15,
TDM,7549001,Công nghệ chế biến lâm sản,B00,15.00,,THPTQG,2020,,daniele15,
TDM,7549001,Công nghệ chế biến lâm sản,D01,15.00,,THPTQG,2020,,daniele15,
TDM,7580101,Kiến trúc,A00,15.00,,THPTQG,2020,,daniele15,
TDM,7580101,Kiến trúc,A16,15.00,,THPTQG,2020,,daniele15,
TDM,7580101,Kiến trúc,V00,15.00,,THPTQG,2020,,daniele15,
TDM,7580101,Kiến trúc,V01,15.00,,THPTQG,2020,,daniele15,
TDM,7580105,Quy hoạch vùng và đô thị,A00,15.00,,THPTQG,2020,,daniele15,
TDM,7580105,Quy hoạch vùng và đô thị,A16,15.00,,THPTQG,2020,,daniele15,
TDM,7580105,Quy hoạch vùng và đô thị,V00,15.00,,THPTQG,2020,,daniele15,
TDM,7580105,Quy hoạch vùng và đô thị,V01,15.00,,THPTQG,2020,,daniele15,
TDM,7580107,Quản lý Đô thị và Công trình,A00,15.00,,THPTQG,2020,Quản lý đô thị,daniele15,
TDM,7580107,Quản lý Đô thị và Công trình,A16,15.00,,THPTQG,2020,Quản lý đô thị,daniele15,
TDM,7580107,Quản lý Đô thị và Công trình,D01,15.00,,THPTQG,2020,Quản lý đô thị,daniele15,
TDM,7580107,Quản lý Đô thị và Công trình,V00,15.00,,THPTQG,2020,Quản lý đô thị,daniele15,
TDM,7580201,Kỹ thuật xây dựng,A00,15.00,,THPTQG,2020,,daniele15,
TDM,7580201,Kỹ thuật xây dựng,A01,15.00,,THPTQG,2020,,daniele15,
TDM,7580201,Kỹ thuật xây dựng,C01,15.00,,THPTQG,2020,,daniele15,
TDM,7580201,Kỹ thuật xây dựng,D90,15.00,,THPTQG,2020,,daniele15,
TDM,7760101,Công tác xã hội,C00,15.00,,THPTQG,2020,,daniele15,
TDM,7760101,Công tác xã hội,C14,15.00,,THPTQG,2020,,daniele15,
TDM,7760101,Công tác xã hội,D14,15.00,,THPTQG,2020,,daniele15,
TDM,7760101,Công tác xã hội,D78,15.00,,THPTQG,2020,,daniele15,
TDM,7810101,Du lịch,D01,15.00,,THPTQG,2020,,daniele15,
TDM,7810101,Du lịch,D14,15.00,,THPTQG,2020,,daniele15,
TDM,7810101,Du lịch,D15,15.00,,THPTQG,2020,,daniele15,
TDM,7810101,Du lịch,D78,15.00,,THPTQG,2020,,daniele15,
TDM,7850101,Quản lý tài nguyên và môi trường,A00,15.00,,THPTQG,2020,,daniele15,
TDM,7850101,Quản lý tài nguyên và môi trường,B00,15.00,,THPTQG,2020,,daniele15,
TDM,7850101,Quản lý tài nguyên và môi trường,B05,15.00,,THPTQG,2020,,daniele15,
TDM,7850101,Quản lý tài nguyên và môi trường,D01,15.00,,THPTQG,2020,,daniele15,
TDM,7850103,Quản lý đất đai,A00,15.00,,THPTQG,2020,,daniele15,
TDM,7850103,Quản lý đất đai,B00,15.00,,THPTQG,2020,,daniele15,
TDM,7850103,Quản lý đất đai,B05,15.00,,THPTQG,2020,,daniele15,
TDM,7850103,Quản lý đất đai,D01,15.00,,THPTQG,2020,,daniele15,
TGH,7860206,Chỉ huy tham mưu Tăng - Thiết giáp,A00,22.50,,THPTQG,2020,Thí sinh Nam miền Nam,daniele15,
TGH,7860206,Chỉ huy tham mưu Tăng - Thiết giáp,A01,22.50,,THPTQG,2020,Thí sinh Nam miền Nam,daniele15,
TGH,7860206,Chỉ huy tham mưu Tăng - Thiết giáp,A00,24.05,,THPTQG,2020,Thí sinh Nam miềm Bắc,daniele15,
TGH,7860206,Chỉ huy tham mưu Tăng - Thiết giáp,A01,24.05,,THPTQG,2020,Thí sinh Nam miềm Bắc,daniele15,
THU,7720301,Điều dưỡng,A00,19.00,,THPTQG,2020,,daniele15,
THU,7720301,Điều dưỡng,A01,19.00,,THPTQG,2020,,daniele15,
THU,7720301,Điều dưỡng,B00,19.00,,THPTQG,2020,,daniele15,
THU,7720301,Điều dưỡng,D08,19.00,,THPTQG,2020,,daniele15,
THU,7720399,Dụng cụ chỉnh hình chân tay giả,A00,19.00,,THPTQG,2020,,daniele15,
THU,7720399,Dụng cụ chỉnh hình chân tay giả,A01,19.00,,THPTQG,2020,,daniele15,
THU,7720399,Dụng cụ chỉnh hình chân tay giả,B00,19.00,,THPTQG,2020,,daniele15,
THU,7720399,Dụng cụ chỉnh hình chân tay giả,D08,19.00,,THPTQG,2020,,daniele15,
THU,7720601,Kỹ thuật xét nghiệm y học,A00,19.00,,THPTQG,2020,,daniele15,
THU,7720601,Kỹ thuật xét nghiệm y học,A01,19.00,,THPTQG,2020,,daniele15,
THU,7720601,Kỹ thuật xét nghiệm y học,B00,19.00,,THPTQG,2020,,daniele15,
THU,7720601,Kỹ thuật xét nghiệm y học,D08,19.00,,THPTQG,2020,,daniele15,
THU,7720602,Kỹ thuật hình ảnh y học,A00,19.00,,THPTQG,2020,,daniele15,
THU,7720602,Kỹ thuật hình ảnh y học,A01,19.00,,THPTQG,2020,,daniele15,
THU,7720602,Kỹ thuật hình ảnh y học,B00,19.00,,THPTQG,2020,,daniele15,
THU,7720602,Kỹ thuật hình ảnh y học,D08,19.00,,THPTQG,2020,,daniele15,
THU,7720603,Kỹ thuật phục hồi chức năng,A00,19.00,,THPTQG,2020,,daniele15,
THU,7720603,Kỹ thuật phục hồi chức năng,A01,19.00,,THPTQG,2020,,daniele15,
THU,7720603,Kỹ thuật phục hồi chức năng,B00,19.00,,THPTQG,2020,,daniele15,
THU,7720603,Kỹ thuật phục hồi chức năng,D08,19.00,,THPTQG,2020,,daniele15,
THV,7140201,Giáo dục Mầm non,,25.00,,THPTQG,2020,"điểm học tập THPT 32, HL 12 giỏi, môn năng khiếu nhân 2",daniele15,
THV,7140202,Giáo dục Tiểu học,A00,18.50,,THPTQG,2020,HL 12 giỏi,daniele15,
THV,7140202,Giáo dục Tiểu học,C00,18.50,,THPTQG,2020,HL 12 giỏi,daniele15,
THV,7140202,Giáo dục Tiểu học,C19,18.50,,THPTQG,2020,HL 12 giỏi,daniele15,
THV,7140202,Giáo dục Tiểu học,D01,18.50,,THPTQG,2020,HL 12 giỏi,daniele15,
THV,7140206,Giáo dục Thể chất,T00,23.50,,THPTQG,2020,"điểm học tập THPT 26, HL 12 giỏi, môn năng khiếu nhân 2",daniele15,
THV,7140206,Giáo dục Thể chất,T02,23.50,,THPTQG,2020,"điểm học tập THPT 26, HL 12 giỏi, môn năng khiếu nhân 2",daniele15,
THV,7140206,Giáo dục Thể chất,T05,23.50,,THPTQG,2020,"điểm học tập THPT 26, HL 12 giỏi, môn năng khiếu nhân 2",daniele15,
THV,7140206,Giáo dục Thể chất,T07,23.50,,THPTQG,2020,"điểm học tập THPT 26, HL 12 giỏi, môn năng khiếu nhân 2",daniele15,
THV,7140209,Sư phạm Toán học,A00,18.50,,THPTQG,2020,HL 12 giỏi,daniele15,
THV,7140209,Sư phạm Toán học,A01,18.50,,THPTQG,2020,HL 12 giỏi,daniele15,
THV,7140209,Sư phạm Toán học,B00,18.50,,THPTQG,2020,HL 12 giỏi,daniele15,
THV,7140209,Sư phạm Toán học,D07,18.50,,THPTQG,2020,HL 12 giỏi,daniele15,
THV,7140217,Sư phạm Ngữ văn,C00,18.50,,THPTQG,2020,HL 12 giỏi,daniele15,
THV,7140217,Sư phạm Ngữ văn,C19,18.50,,THPTQG,2020,HL 12 giỏi,daniele15,
THV,7140217,Sư phạm Ngữ văn,D14,18.50,,THPTQG,2020,HL 12 giỏi,daniele15,
THV,7140217,Sư phạm Ngữ văn,D15,18.50,,THPTQG,2020,HL 12 giỏi,daniele15,
THV,7140221,Sư phạm Âm nhạc,N00,23.50,,THPTQG,2020,"điểm học tập THPT 26, HL 12 giỏi, môn năng khiếu nhân 2",daniele15,
THV,7140221,Sư phạm Âm nhạc,N01,23.50,,THPTQG,2020,"điểm học tập THPT 26, HL 12 giỏi, môn năng khiếu nhân 2",daniele15,
THV,7140222,Sư phạm Mỹ thuật,V00,23.50,,THPTQG,2020,"điểm học tập THPT 26, HL 12 giỏi, môn năng khiếu nhân 2",daniele15,
THV,7140222,Sư phạm Mỹ thuật,V01,23.50,,THPTQG,2020,"điểm học tập THPT 26, HL 12 giỏi, môn năng khiếu nhân 2",daniele15,
THV,7140222,Sư phạm Mỹ thuật,V02,23.50,,THPTQG,2020,"điểm học tập THPT 26, HL 12 giỏi, môn năng khiếu nhân 2",daniele15,
THV,7140222,Sư phạm Mỹ thuật,V03,23.50,,THPTQG,2020,"điểm học tập THPT 26, HL 12 giỏi, môn năng khiếu nhân 2",daniele15,
THV,7140231,Sư phạm Tiếng Anh,D01,18.50,,THPTQG,2020,HL 12 giỏi,daniele15,
THV,7140231,Sư phạm Tiếng Anh,D11,18.50,,THPTQG,2020,HL 12 giỏi,daniele15,
THV,7140231,Sư phạm Tiếng Anh,D14,18.50,,THPTQG,2020,HL 12 giỏi,daniele15,
THV,7140231,Sư phạm Tiếng Anh,D15,18.50,,THPTQG,2020,HL 12 giỏi,daniele15,
THV,7220201,Ngôn ngữ Anh,D01,15.00,,THPTQG,2020,điểm học tập THPT 18,daniele15,
THV,7220201,Ngôn ngữ Anh,D11,15.00,,THPTQG,2020,điểm học tập THPT 18,daniele15,
THV,7220201,Ngôn ngữ Anh,D14,15.00,,THPTQG,2020,điểm học tập THPT 18,daniele15,
THV,7220201,Ngôn ngữ Anh,D15,15.00,,THPTQG,2020,điểm học tập THPT 18,daniele15,
THV,7220204,Ngôn ngữ Trung Quốc,D01,15.00,,THPTQG,2020,điểm học tập THPT 18,daniele15,
THV,7220204,Ngôn ngữ Trung Quốc,D04,15.00,,THPTQG,2020,điểm học tập THPT 18,daniele15,
THV,7220204,Ngôn ngữ Trung Quốc,D14,15.00,,THPTQG,2020,điểm học tập THPT 18,daniele15,
THV,7220204,Ngôn ngữ Trung Quốc,D15,15.00,,THPTQG,2020,điểm học tập THPT 18,daniele15,
THV,7340101,Quản trị kinh doanh,A00,15.00,,THPTQG,2020,điểm học tập THPT 18,daniele15,
THV,7340101,Quản trị kinh doanh,A01,15.00,,THPTQG,2020,điểm học tập THPT 18,daniele15,
THV,7340101,Quản trị kinh doanh,B00,15.00,,THPTQG,2020,điểm học tập THPT 18,daniele15,
THV,7340101,Quản trị kinh doanh,D01,15.00,,THPTQG,2020,điểm học tập THPT 18,daniele15,
THV,7340201,Tài chính - Ngân hàng,A00,15.00,,THPTQG,2020,điểm học tập THPT 18,daniele15,
THV,7340201,Tài chính - Ngân hàng,A01,15.00,,THPTQG,2020,điểm học tập THPT 18,daniele15,
THV,7340201,Tài chính - Ngân hàng,B00,15.00,,THPTQG,2020,điểm học tập THPT 18,daniele15,
THV,7340201,Tài chính - Ngân hàng,D01,15.00,,THPTQG,2020,điểm học tập THPT 18,daniele15,
THV,7340301,Kế toán,A00,15.00,,THPTQG,2020,điểm học tập THPT 18,daniele15,
THV,7340301,Kế toán,A01,15.00,,THPTQG,2020,điểm học tập THPT 18,daniele15,
THV,7340301,Kế toán,B00,15.00,,THPTQG,2020,điểm học tập THPT 18,daniele15,
THV,7340301,Kế toán,D01,15.00,,THPTQG,2020,điểm học tập THPT 18,daniele15,
THV,7480201,Công nghệ thông tin,A00,15.00,,THPTQG,2020,điểm học tập THPT 18,daniele15,
THV,7480201,Công nghệ thông tin,A01,15.00,,THPTQG,2020,điểm học tập THPT 18,daniele15,
THV,7480201,Công nghệ thông tin,B00,15.00,,THPTQG,2020,điểm học tập THPT 18,daniele15,
THV,7480201,Công nghệ thông tin,D01,15.00,,THPTQG,2020,điểm học tập THPT 18,daniele15,
THV,7510301,"Công nghệ kỹ thuật điện, điện tử",A00,15.00,,THPTQG,2020,điểm học tập THPT 18,daniele15,
THV,7510301,"Công nghệ kỹ thuật điện, điện tử",A01,15.00,,THPTQG,2020,điểm học tập THPT 18,daniele15,
THV,7510301,"Công nghệ kỹ thuật điện, điện tử",B00,15.00,,THPTQG,2020,điểm học tập THPT 18,daniele15,
THV,7510301,"Công nghệ kỹ thuật điện, điện tử",D01,15.00,,THPTQG,2020,điểm học tập THPT 18,daniele15,
THV,7620105,Chăn nuôi,A00,15.00,,THPTQG,2020,điểm học tập THPT 18,daniele15,
THV,7620105,Chăn nuôi,B00,15.00,,THPTQG,2020,điểm học tập THPT 18,daniele15,
THV,7620105,Chăn nuôi,D07,15.00,,THPTQG,2020,điểm học tập THPT 18,daniele15,
THV,7620105,Chăn nuôi,D08,15.00,,THPTQG,2020,điểm học tập THPT 18,daniele15,
THV,7620110,Khoa học cây trồng,A00,15.00,,THPTQG,2020,điểm học tập THPT 18,daniele15,
THV,7620110,Khoa học cây trồng,B00,15.00,,THPTQG,2020,điểm học tập THPT 18,daniele15,
THV,7620110,Khoa học cây trồng,D07,15.00,,THPTQG,2020,điểm học tập THPT 18,daniele15,
THV,7620110,Khoa học cây trồng,D08,15.00,,THPTQG,2020,điểm học tập THPT 18,daniele15,
THV,7640101,Thú y,A00,15.00,,THPTQG,2020,điểm học tập THPT 18,daniele15,
THV,7640101,Thú y,B00,15.00,,THPTQG,2020,điểm học tập THPT 18,daniele15,
THV,7640101,Thú y,D07,15.00,,THPTQG,2020,điểm học tập THPT 18,daniele15,
THV,7640101,Thú y,D08,15.00,,THPTQG,2020,điểm học tập THPT 18,daniele15,
THV,7760101,Công tác xã hội,C00,15.00,,THPTQG,2020,điểm học tập THPT 18,daniele15,
THV,7760101,Công tác xã hội,C20,15.00,,THPTQG,2020,điểm học tập THPT 18,daniele15,
THV,7760101,Công tác xã hội,D01,15.00,,THPTQG,2020,điểm học tập THPT 18,daniele15,
THV,7760101,Công tác xã hội,D15,15.00,,THPTQG,2020,điểm học tập THPT 18,daniele15,
THV,7810101,Du lịch,C00,15.00,,THPTQG,2020,điểm học tập THPT 18,daniele15,
THV,7810101,Du lịch,C20,15.00,,THPTQG,2020,điểm học tập THPT 18,daniele15,
THV,7810101,Du lịch,D01,15.00,,THPTQG,2020,điểm học tập THPT 18,daniele15,
THV,7810101,Du lịch,D15,15.00,,THPTQG,2020,điểm học tập THPT 18,daniele15,
THV,7810103,Quản trị dịch vụ du lịch và lữ hành,C00,15.00,,THPTQG,2020,điểm học tập THPT 18,daniele15,
THV,7810103,Quản trị dịch vụ du lịch và lữ hành,C20,15.00,,THPTQG,2020,điểm học tập THPT 18,daniele15,
THV,7810103,Quản trị dịch vụ du lịch và lữ hành,D01,15.00,,THPTQG,2020,điểm học tập THPT 18,daniele15,
THV,7810103,Quản trị dịch vụ du lịch và lữ hành,D15,15.00,,THPTQG,2020,điểm học tập THPT 18,daniele15,
TKG,7140209,Sư phạm Toán học,A00,18.50,,THPTQG,2020,,daniele15,
TKG,7140209,Sư phạm Toán học,A01,18.50,,THPTQG,2020,,daniele15,
TKG,7140209,Sư phạm Toán học,D01,18.50,,THPTQG,2020,,daniele15,
TKG,7140209,Sư phạm Toán học,D07,18.50,,THPTQG,2020,,daniele15,
TKG,7220101,Tiếng Việt và văn hoá Việt Nam,C00,14.00,,THPTQG,2020,,daniele15,
TKG,7220101,Tiếng Việt và văn hoá Việt Nam,D01,14.00,,THPTQG,2020,,daniele15,
TKG,7220101,Tiếng Việt và văn hoá Việt Nam,D14,14.00,,THPTQG,2020,,daniele15,
TKG,7220101,Tiếng Việt và văn hoá Việt Nam,D15,14.00,,THPTQG,2020,,daniele15,
TKG,7220201,Ngôn ngữ Anh,D01,14.00,,THPTQG,2020,,daniele15,
TKG,7220201,Ngôn ngữ Anh,D14,14.00,,THPTQG,2020,,daniele15,
TKG,7220201,Ngôn ngữ Anh,D15,14.00,,THPTQG,2020,,daniele15,
TKG,7340101,Quản trị kinh doanh,A00,17.00,,THPTQG,2020,,daniele15,
TKG,7340101,Quản trị kinh doanh,A01,17.00,,THPTQG,2020,,daniele15,
TKG,7340101,Quản trị kinh doanh,D01,17.00,,THPTQG,2020,,daniele15,
TKG,7340101,Quản trị kinh doanh,D07,17.00,,THPTQG,2020,,daniele15,
TKG,7340201,Tài chính - Ngân hàng,A00,14.00,,THPTQG,2020,,daniele15,
TKG,7340201,Tài chính - Ngân hàng,A01,14.00,,THPTQG,2020,,daniele15,
TKG,7340201,Tài chính - Ngân hàng,C01,14.00,,THPTQG,2020,,daniele15,
TKG,7340201,Tài chính - Ngân hàng,D01,14.00,,THPTQG,2020,,daniele15,
TKG,7340301,Kế toán,A00,14.00,,THPTQG,2020,,daniele15,
TKG,7340301,Kế toán,A01,14.00,,THPTQG,2020,,daniele15,
TKG,7340301,Kế toán,D01,14.00,,THPTQG,2020,,daniele15,
TKG,7340301,Kế toán,D07,14.00,,THPTQG,2020,,daniele15,
TKG,7380101,Luật,A00,14.00,,THPTQG,2020,,daniele15,
TKG,7380101,Luật,C00,14.00,,THPTQG,2020,,daniele15,
TKG,7380101,Luật,D01,14.00,,THPTQG,2020,,daniele15,
TKG,7380101,Luật,D14,14.00,,THPTQG,2020,,daniele15,
TKG,7420201,Công nghệ sinh học,A00,14.00,,THPTQG,2020,,daniele15,
TKG,7420201,Công nghệ sinh học,A01,14.00,,THPTQG,2020,,daniele15,
TKG,7420201,Công nghệ sinh học,B00,14.00,,THPTQG,2020,,daniele15,
TKG,7420201,Công nghệ sinh học,D07,14.00,,THPTQG,2020,,daniele15,
TKG,7480201,Công nghệ thông tin,A00,14.00,,THPTQG,2020,,daniele15,
TKG,7480201,Công nghệ thông tin,A01,14.00,,THPTQG,2020,,daniele15,
TKG,7480201,Công nghệ thông tin,D01,14.00,,THPTQG,2020,,daniele15,
TKG,7480201,Công nghệ thông tin,D07,14.00,,THPTQG,2020,,daniele15,
TKG,7510103,Công nghệ kỹ thuật xây dựng,A00,14.00,,THPTQG,2020,,daniele15,
TKG,7510103,Công nghệ kỹ thuật xây dựng,A01,14.00,,THPTQG,2020,,daniele15,
TKG,7510103,Công nghệ kỹ thuật xây dựng,D07,14.00,,THPTQG,2020,,daniele15,
TKG,7510406,Công nghệ kỹ thuật môi trường,A00,14.00,,THPTQG,2020,,daniele15,
TKG,7510406,Công nghệ kỹ thuật môi trường,A01,14.00,,THPTQG,2020,,daniele15,
TKG,7510406,Công nghệ kỹ thuật môi trường,B00,14.00,,THPTQG,2020,,daniele15,
TKG,7510406,Công nghệ kỹ thuật môi trường,D07,14.00,,THPTQG,2020,,daniele15,
TKG,7540101,Công nghệ thực phẩm,A00,14.00,,THPTQG,2020,,daniele15,
TKG,7540101,Công nghệ thực phẩm,A01,14.00,,THPTQG,2020,,daniele15,
TKG,7540101,Công nghệ thực phẩm,B00,14.00,,THPTQG,2020,,daniele15,
TKG,7540101,Công nghệ thực phẩm,D07,14.00,,THPTQG,2020,,daniele15,
TKG,7620105,Chăn nuôi,A00,14.00,,THPTQG,2020,,daniele15,
TKG,7620105,Chăn nuôi,A01,14.00,,THPTQG,2020,,daniele15,
TKG,7620105,Chăn nuôi,B00,14.00,,THPTQG,2020,,daniele15,
TKG,7620105,Chăn nuôi,D07,14.00,,THPTQG,2020,,daniele15,
TKG,7620110,Khoa học cây trồng,A00,14.00,,THPTQG,2020,,daniele15,
TKG,7620110,Khoa học cây trồng,A01,14.00,,THPTQG,2020,,daniele15,
TKG,7620110,Khoa học cây trồng,B00,14.00,,THPTQG,2020,,daniele15,
TKG,7620110,Khoa học cây trồng,D07,14.00,,THPTQG,2020,,daniele15,
TKG,7620301,Nuôi trồng thuỷ sản,A00,14.00,,THPTQG,2020,,daniele15,
TKG,7620301,Nuôi trồng thuỷ sản,A01,14.00,,THPTQG,2020,,daniele15,
TKG,7620301,Nuôi trồng thuỷ sản,B00,14.00,,THPTQG,2020,,daniele15,
TKG,7620301,Nuôi trồng thuỷ sản,D07,14.00,,THPTQG,2020,,daniele15,
TKG,7850101,Quản lý tài nguyên và môi trường,A00,14.00,,THPTQG,2020,,daniele15,
TKG,7850101,Quản lý tài nguyên và môi trường,A01,14.00,,THPTQG,2020,,daniele15,
TKG,7850101,Quản lý tài nguyên và môi trường,B00,14.00,,THPTQG,2020,,daniele15,
TKG,7850101,Quản lý tài nguyên và môi trường,D07,14.00,,THPTQG,2020,,daniele15,
TMA,TM01,Quản trị kinh doanh,A00,25.80,,THPTQG,2020,Quản trị kinh doanh,daniele15,
TMA,TM01,Quản trị kinh doanh,A01,25.80,,THPTQG,2020,Quản trị kinh doanh,daniele15,
TMA,TM01,Quản trị kinh doanh,D01,25.80,,THPTQG,2020,Quản trị kinh doanh,daniele15,
TMA,TM04,Marketing,A00,26.70,,THPTQG,2020,marketing thương mại,daniele15,
TMA,TM04,Marketing,A01,26.70,,THPTQG,2020,marketing thương mại,daniele15,
TMA,TM04,Marketing,D01,26.70,,THPTQG,2020,marketing thương mại,daniele15,
TMA,TM05,Marketing,A00,26.15,,THPTQG,2020,Marketing quản trị thương hiệu,daniele15,
TMA,TM05,Marketing,A01,26.15,,THPTQG,2020,Marketing quản trị thương hiệu,daniele15,
TMA,TM05,Marketing,D01,26.15,,THPTQG,2020,Marketing quản trị thương hiệu,daniele15,
TMA,TM06,Logistics và Quản lý chuỗi cung ứng,A00,26.50,,THPTQG,2020,Quản trị logistic và chuỗi cung ứng,daniele15,
TMA,TM06,Logistics và Quản lý chuỗi cung ứng,A01,26.50,,THPTQG,2020,Quản trị logistic và chuỗi cung ứng,daniele15,
TMA,TM06,Logistics và Quản lý chuỗi cung ứng,D01,26.50,,THPTQG,2020,Quản trị logistic và chuỗi cung ứng,daniele15,
TMA,TM07,Kế toán,A00,26.00,,THPTQG,2020,Kế toán doanh nghiệp,daniele15,
TMA,TM07,Kế toán,A01,26.00,,THPTQG,2020,Kế toán doanh nghiệp,daniele15,
TMA,TM07,Kế toán,D01,26.00,,THPTQG,2020,Kế toán doanh nghiệp,daniele15,
TMA,TM08,Kế toán,A00,24.00,,THPTQG,2020,Kế toán doanh nghiệp chất lượng cao,daniele15,
TMA,TM08,Kế toán,A01,24.00,,THPTQG,2020,Kế toán doanh nghiệp chất lượng cao,daniele15,
TMA,TM08,Kế toán,D01,24.00,,THPTQG,2020,Kế toán doanh nghiệp chất lượng cao,daniele15,
TMA,TM09,Kế toán,A00,24.90,,THPTQG,2020,Kế toán công,daniele15,
TMA,TM09,Kế toán,A01,24.90,,THPTQG,2020,Kế toán công,daniele15,
TMA,TM09,Kế toán,D01,24.90,,THPTQG,2020,Kế toán công,daniele15,
TMA,TM10,Kiểm toán,A00,25.70,,THPTQG,2020,Kiểm toán,daniele15,
TMA,TM10,Kiểm toán,A01,25.70,,THPTQG,2020,Kiểm toán,daniele15,
TMA,TM10,Kiểm toán,D01,25.70,,THPTQG,2020,Kiểm toán,daniele15,
TMA,TM11,Kinh doanh quốc tế,A00,26.30,,THPTQG,2020,Thương mại quốc tế,daniele15,
TMA,TM11,Kinh doanh quốc tế,A01,26.30,,THPTQG,2020,Thương mại quốc tế,daniele15,
TMA,TM11,Kinh doanh quốc tế,D01,26.30,,THPTQG,2020,Thương mại quốc tế,daniele15,
TMA,TM12,Kinh tế,A00,26.30,,THPTQG,2020,Kinh tế quốc tế,daniele15,
TMA,TM12,Kinh tế,A01,26.30,,THPTQG,2020,Kinh tế quốc tế,daniele15,
TMA,TM12,Kinh tế,D01,26.30,,THPTQG,2020,Kinh tế quốc tế,daniele15,
TMA,TM14,Tài chính - Ngân hàng,A00,25.30,,THPTQG,2020,,daniele15,
TMA,TM14,Tài chính - Ngân hàng,A01,25.30,,THPTQG,2020,,daniele15,
TMA,TM14,Tài chính - Ngân hàng,D01,25.30,,THPTQG,2020,,daniele15,
TMA,TM15,Tài chính - Ngân hàng,A01,24.00,,THPTQG,2020,Tài chính - Ngân hàng (chất lượng cao),daniele15,
TMA,TM15,Tài chính - Ngân hàng,D01,24.00,,THPTQG,2020,Tài chính - Ngân hàng (chất lượng cao),daniele15,
TMA,TM15,Tài chính - Ngân hàng,D07,24.00,,THPTQG,2020,Tài chính - Ngân hàng (chất lượng cao),daniele15,
TMA,TM16,Tài chính - Ngân hàng,A00,24.30,,THPTQG,2020,Tài chính công,daniele15,
TMA,TM16,Tài chính - Ngân hàng,A01,24.30,,THPTQG,2020,Tài chính công,daniele15,
TMA,TM16,Tài chính - Ngân hàng,D01,24.30,,THPTQG,2020,Tài chính công,daniele15,
TMA,TM17,Thương mại điện tử,A00,26.25,,THPTQG,2020,Quản trị thương mại điện tử,daniele15,
TMA,TM17,Thương mại điện tử,A01,26.25,,THPTQG,2020,Quản trị thương mại điện tử,daniele15,
TMA,TM17,Thương mại điện tử,D01,26.25,,THPTQG,2020,Quản trị thương mại điện tử,daniele15,
TMA,TM18,Ngôn ngữ Anh,D01,25.40,,THPTQG,2020,Tiếng Anh thương mại,daniele15,
TMA,TM19,Luật,A00,24.70,,THPTQG,2020,Luật kinh tế,daniele15,
TMA,TM19,Luật,A01,24.70,,THPTQG,2020,Luật kinh tế,daniele15,
TMA,TM19,Luật,D01,24.70,,THPTQG,2020,Luật kinh tế,daniele15,
TMA,TM20,Quản trị kinh doanh,A00,24.05,,THPTQG,2020,Tiếng Pháp thương mại,daniele15,
TMA,TM20,Quản trị kinh doanh,A01,24.05,,THPTQG,2020,Tiếng Pháp thương mại,daniele15,
TMA,TM20,Quản trị kinh doanh,D01,24.05,,THPTQG,2020,Tiếng Pháp thương mại,daniele15,
TMA,TM20,Quản trị kinh doanh,D03,24.05,,THPTQG,2020,Tiếng Pháp thương mại,daniele15,
TMA,TM21,Quản trị kinh doanh,A00,25.90,,THPTQG,2020,Tiếng Trung thương mại,daniele15,
TMA,TM21,Quản trị kinh doanh,A01,25.90,,THPTQG,2020,Tiếng Trung thương mại,daniele15,
TMA,TM21,Quản trị kinh doanh,D01,25.90,,THPTQG,2020,Tiếng Trung thương mại,daniele15,
TMA,TM21,Quản trị kinh doanh,D04,25.90,,THPTQG,2020,Tiếng Trung thương mại,daniele15,
TMA,TM22,Hệ thống thông tin quản lý,A00,25.25,,THPTQG,2020,Quản trị hệ thống thông tin,daniele15,
TMA,TM22,Hệ thống thông tin quản lý,A01,25.25,,THPTQG,2020,Quản trị hệ thống thông tin,daniele15,
TMA,TM22,Hệ thống thông tin quản lý,D01,25.25,,THPTQG,2020,Quản trị hệ thống thông tin,daniele15,
TMA,TM23,Quản trị nhân lực,A00,25.55,,THPTQG,2020,Quản trị nhân lực doanh nghiệp,daniele15,
TMA,TM23,Quản trị nhân lực,A01,25.55,,THPTQG,2020,Quản trị nhân lực doanh nghiệp,daniele15,
TMA,TM23,Quản trị nhân lực,D01,25.55,,THPTQG,2020,Quản trị nhân lực doanh nghiệp,daniele15,
TMA,TM24,Quản trị khách sạn,A00,24.60,,THPTQG,2020,Cơ chế đặc thù,daniele15,
TMA,TM24,Quản trị khách sạn,D01,24.60,,THPTQG,2020,Cơ chế đặc thù,daniele15,
TMA,TM24,Quản trị khách sạn,D07,24.60,,THPTQG,2020,Cơ chế đặc thù,daniele15,
TMA,TM25,Quản trị dịch vụ du lịch và lữ hành,A00,24.25,,THPTQG,2020,Cơ chế đặc thù,daniele15,
TMA,TM25,Quản trị dịch vụ du lịch và lữ hành,A01,24.25,,THPTQG,2020,Cơ chế đặc thù,daniele15,
TMA,TM25,Quản trị dịch vụ du lịch và lữ hành,D01,24.25,,THPTQG,2020,Cơ chế đặc thù,daniele15,
TMA,TM25,Quản trị dịch vụ du lịch và lữ hành,A00,25.15,,THPTQG,2020,Quản lý kinh tế,daniele15,
TMA,TM25,Quản trị dịch vụ du lịch và lữ hành,A01,25.15,,THPTQG,2020,Quản lý kinh tế,daniele15,
TMA,TM25,Quản trị dịch vụ du lịch và lữ hành,D01,25.15,,THPTQG,2020,Quản lý kinh tế,daniele15,
TMA,TM25,Quản trị dịch vụ du lịch và lữ hành,A00,25.40,,THPTQG,2020,Quản trị dịch vụ du lịch và lữ hành,daniele15,
TMA,TM25,Quản trị dịch vụ du lịch và lữ hành,A01,25.40,,THPTQG,2020,Quản trị dịch vụ du lịch và lữ hành,daniele15,
TMA,TM25,Quản trị dịch vụ du lịch và lữ hành,D01,25.40,,THPTQG,2020,Quản trị dịch vụ du lịch và lữ hành,daniele15,
TMA,TM26,Hệ thống thông tin quản lý,A00,24.25,,THPTQG,2020,Cơ chế đặc thù,daniele15,
TMA,TM26,Hệ thống thông tin quản lý,A01,24.25,,THPTQG,2020,Cơ chế đặc thù,daniele15,
TMA,TM26,Hệ thống thông tin quản lý,D01,24.25,,THPTQG,2020,Cơ chế đặc thù,daniele15,
TMA,TM26,Hệ thống thông tin quản lý,D07,24.25,,THPTQG,2020,Cơ chế đặc thù,daniele15,
TMA,TM31,Quản trị khách sạn,A00,25.05,,THPTQG,2020,Quản trị khách sạn,daniele15,
TMA,TM31,Quản trị khách sạn,A01,25.05,,THPTQG,2020,Quản trị khách sạn,daniele15,
TMA,TM31,Quản trị khách sạn,D01,25.05,,THPTQG,2020,Quản trị khách sạn,daniele15,
TNU,7140201,Giáo dục Mầm non,,18.50,,THPTQG,2020,Điểm môn năng khiếu >=5Điểm môn văn hóa + (điểm ưu tiên * 1/3) >=6.17,daniele15,
TNU,7140202,Giáo dục Tiểu học,A00,21.50,,THPTQG,2020,Tiếng J'rai,daniele15,
TNU,7140202,Giáo dục Tiểu học,C00,21.50,,THPTQG,2020,Tiếng J'rai,daniele15,
TNU,7140202,Giáo dục Tiểu học,C03,21.50,,THPTQG,2020,Tiếng J'rai,daniele15,
TNU,7140202JR,Giáo dục Tiểu học,A00,18.50,,THPTQG,2020,,daniele15,
TNU,7140202JR,Giáo dục Tiểu học,C00,18.50,,THPTQG,2020,,daniele15,
TNU,7140202JR,Giáo dục Tiểu học,D01,18.50,,THPTQG,2020,,daniele15,
TNU,7140205,Giáo dục Chính trị,C00,18.50,,THPTQG,2020,,daniele15,
TNU,7140205,Giáo dục Chính trị,C19,18.50,,THPTQG,2020,,daniele15,
TNU,7140205,Giáo dục Chính trị,C20,18.50,,THPTQG,2020,,daniele15,
TNU,7140205,Giáo dục Chính trị,D66,18.50,,THPTQG,2020,,daniele15,
TNU,7140206,Giáo dục Thể chất,T00,17.50,,THPTQG,2020,Điểm môn năng khiếu >=5Điểm môn văn hóa + (điểm ưu tiên * 1/3) >=5.83,daniele15,
TNU,7140206,Giáo dục Thể chất,T02,17.50,,THPTQG,2020,Điểm môn năng khiếu >=5Điểm môn văn hóa + (điểm ưu tiên * 1/3) >=5.83,daniele15,
TNU,7140206,Giáo dục Thể chất,T03,17.50,,THPTQG,2020,Điểm môn năng khiếu >=5Điểm môn văn hóa + (điểm ưu tiên * 1/3) >=5.83,daniele15,
TNU,7140206,Giáo dục Thể chất,T07,17.50,,THPTQG,2020,Điểm môn năng khiếu >=5Điểm môn văn hóa + (điểm ưu tiên * 1/3) >=5.83,daniele15,
TNU,7140209,Sư phạm Toán học,A00,18.50,,THPTQG,2020,,daniele15,
TNU,7140209,Sư phạm Toán học,A01,18.50,,THPTQG,2020,,daniele15,
TNU,7140209,Sư phạm Toán học,A02,18.50,,THPTQG,2020,,daniele15,
TNU,7140211,Sư phạm Vật lý,A00,18.50,,THPTQG,2020,,daniele15,
TNU,7140211,Sư phạm Vật lý,A01,18.50,,THPTQG,2020,,daniele15,
TNU,7140211,Sư phạm Vật lý,A02,18.50,,THPTQG,2020,,daniele15,
TNU,7140212,Sư phạm Hóa học,A00,18.50,,THPTQG,2020,,daniele15,
TNU,7140212,Sư phạm Hóa học,B00,18.50,,THPTQG,2020,,daniele15,
TNU,7140212,Sư phạm Hóa học,D07,18.50,,THPTQG,2020,,daniele15,
TNU,7140213,Sư phạm Sinh học,A02,18.50,,THPTQG,2020,,daniele15,
TNU,7140213,Sư phạm Sinh học,B00,18.50,,THPTQG,2020,,daniele15,
TNU,7140213,Sư phạm Sinh học,B02,18.50,,THPTQG,2020,,daniele15,
TNU,7140213,Sư phạm Sinh học,D08,18.50,,THPTQG,2020,,daniele15,
TNU,7140217,Sư phạm Ngữ văn,C00,18.50,,THPTQG,2020,,daniele15,
TNU,7140217,Sư phạm Ngữ văn,C19,18.50,,THPTQG,2020,,daniele15,
TNU,7140217,Sư phạm Ngữ văn,C20,18.50,,THPTQG,2020,,daniele15,
TNU,7140231,Sư phạm Tiếng Anh,D01,18.50,,THPTQG,2020,,daniele15,
TNU,7140231,Sư phạm Tiếng Anh,D14,18.50,,THPTQG,2020,,daniele15,
TNU,7140231,Sư phạm Tiếng Anh,D15,18.50,,THPTQG,2020,,daniele15,
TNU,7220201,Ngôn ngữ Anh,D01,16.00,,THPTQG,2020,,daniele15,
TNU,7220201,Ngôn ngữ Anh,D14,16.00,,THPTQG,2020,,daniele15,
TNU,7220201,Ngôn ngữ Anh,D15,16.00,,THPTQG,2020,,daniele15,
TNU,7220201,Ngôn ngữ Anh,D66,16.00,,THPTQG,2020,,daniele15,
TNU,7229001,Triết học,C00,15.00,,THPTQG,2020,,daniele15,
TNU,7229001,Triết học,C19,15.00,,THPTQG,2020,,daniele15,
TNU,7229001,Triết học,C20,15.00,,THPTQG,2020,,daniele15,
TNU,7229001,Triết học,D66,15.00,,THPTQG,2020,,daniele15,
TNU,7229030,Văn học,C00,15.00,,THPTQG,2020,,daniele15,
TNU,7229030,Văn học,C19,15.00,,THPTQG,2020,,daniele15,
TNU,7229030,Văn học,C20,15.00,,THPTQG,2020,,daniele15,
TNU,7310101,Kinh tế,A00,15.00,,THPTQG,2020,,daniele15,
TNU,7310101,Kinh tế,A01,15.00,,THPTQG,2020,,daniele15,
TNU,7310101,Kinh tế,D01,15.00,,THPTQG,2020,,daniele15,
TNU,7310105,Kinh tế,A00,15.00,,THPTQG,2020,,daniele15,
TNU,7310105,Kinh tế,A01,15.00,,THPTQG,2020,,daniele15,
TNU,7310105,Kinh tế,D01,15.00,,THPTQG,2020,,daniele15,
TNU,7340101,Quản trị kinh doanh,A00,16.00,,THPTQG,2020,,daniele15,
TNU,7340101,Quản trị kinh doanh,A01,16.00,,THPTQG,2020,,daniele15,
TNU,7340101,Quản trị kinh doanh,D01,16.00,,THPTQG,2020,,daniele15,
TNU,7340121,Kinh doanh thương mại,A00,15.00,,THPTQG,2020,,daniele15,
TNU,7340121,Kinh doanh thương mại,A01,15.00,,THPTQG,2020,,daniele15,
TNU,7340121,Kinh doanh thương mại,D01,15.00,,THPTQG,2020,,daniele15,
TNU,7340201,Tài chính - Ngân hàng,A00,15.00,,THPTQG,2020,,daniele15,
TNU,7340201,Tài chính - Ngân hàng,A01,15.00,,THPTQG,2020,,daniele15,
TNU,7340201,Tài chính - Ngân hàng,D01,15.00,,THPTQG,2020,,daniele15,
TNU,7340301,Kế toán,A00,15.00,,THPTQG,2020,,daniele15,
TNU,7340301,Kế toán,A01,15.00,,THPTQG,2020,,daniele15,
TNU,7340301,Kế toán,D01,15.00,,THPTQG,2020,,daniele15,
TNU,7420201,Công nghệ sinh học,A00,15.00,,THPTQG,2020,,daniele15,
TNU,7420201,Công nghệ sinh học,A02,15.00,,THPTQG,2020,,daniele15,
TNU,7420201,Công nghệ sinh học,B00,15.00,,THPTQG,2020,,daniele15,
TNU,7420201,Công nghệ sinh học,D08,15.00,,THPTQG,2020,,daniele15,
TNU,7480201,Công nghệ thông tin,A00,15.00,,THPTQG,2020,,daniele15,
TNU,7480201,Công nghệ thông tin,A01,15.00,,THPTQG,2020,,daniele15,
TNU,7510406,Công nghệ kỹ thuật môi trường,A00,15.00,,THPTQG,2020,,daniele15,
TNU,7510406,Công nghệ kỹ thuật môi trường,A02,15.00,,THPTQG,2020,,daniele15,
TNU,7510406,Công nghệ kỹ thuật môi trường,B00,15.00,,THPTQG,2020,,daniele15,
TNU,7510406,Công nghệ kỹ thuật môi trường,D08,15.00,,THPTQG,2020,,daniele15,
TNU,7540101,Công nghệ thực phẩm,A00,15.00,,THPTQG,2020,,daniele15,
TNU,7540101,Công nghệ thực phẩm,A02,15.00,,THPTQG,2020,,daniele15,
TNU,7540101,Công nghệ thực phẩm,B00,15.00,,THPTQG,2020,,daniele15,
TNU,7540101,Công nghệ thực phẩm,D08,15.00,,THPTQG,2020,,daniele15,
TNU,7620105,Chăn nuôi,A00,15.00,,THPTQG,2020,,daniele15,
TNU,7620105,Chăn nuôi,B00,15.00,,THPTQG,2020,,daniele15,
TNU,7620105,Chăn nuôi,C02,15.00,,THPTQG,2020,,daniele15,
TNU,7620105,Chăn nuôi,D01,15.00,,THPTQG,2020,,daniele15,
TNU,7620110,Khoa học cây trồng,A00,15.00,,THPTQG,2020,,daniele15,
TNU,7620110,Khoa học cây trồng,B00,15.00,,THPTQG,2020,,daniele15,
TNU,7620110,Khoa học cây trồng,C02,15.00,,THPTQG,2020,,daniele15,
TNU,7620110,Khoa học cây trồng,D01,15.00,,THPTQG,2020,,daniele15,
TNU,7620112,Bảo vệ thực vật,A00,15.00,,THPTQG,2020,,daniele15,
TNU,7620112,Bảo vệ thực vật,A02,15.00,,THPTQG,2020,,daniele15,
TNU,7620112,Bảo vệ thực vật,B00,15.00,,THPTQG,2020,,daniele15,
TNU,7620112,Bảo vệ thực vật,D08,15.00,,THPTQG,2020,,daniele15,
TNU,7620115,Kinh tế,A00,15.00,,THPTQG,2020,,daniele15,
TNU,7620115,Kinh tế,A01,15.00,,THPTQG,2020,,daniele15,
TNU,7620115,Kinh tế,D01,15.00,,THPTQG,2020,,daniele15,
TNU,7620205,Lâm sinh,A00,15.00,,THPTQG,2020,,daniele15,
TNU,7620205,Lâm sinh,A02,15.00,,THPTQG,2020,,daniele15,
TNU,7620205,Lâm sinh,B00,15.00,,THPTQG,2020,,daniele15,
TNU,7620205,Lâm sinh,D08,15.00,,THPTQG,2020,,daniele15,
TNU,7640101,Thú y,A02,15.00,,THPTQG,2020,,daniele15,
TNU,7640101,Thú y,B00,15.00,,THPTQG,2020,,daniele15,
TNU,7640101,Thú y,D08,15.00,,THPTQG,2020,,daniele15,
TNU,7720101,Y khoa,B00,26.15,,THPTQG,2020,,daniele15,
TNU,7720301,Điều dưỡng,B00,19.00,,THPTQG,2020,,daniele15,
TNU,7720601,Kỹ thuật xét nghiệm y học,B00,21.50,,THPTQG,2020,,daniele15,
TNU,7810103,Quản trị dịch vụ du lịch và lữ hành,C00,15.00,,THPTQG,2020,,daniele15,
TNU,7810103,Quản trị dịch vụ du lịch và lữ hành,C03,15.00,,THPTQG,2020,,daniele15,
TNU,7810103,Quản trị dịch vụ du lịch và lữ hành,C04,15.00,,THPTQG,2020,,daniele15,
TNU,7810103,Quản trị dịch vụ du lịch và lữ hành,D01,15.00,,THPTQG,2020,,daniele15,
TNU,7850101,Quản lý tài nguyên và môi trường,A00,15.00,,THPTQG,2020,,daniele15,
TNU,7850101,Quản lý tài nguyên và môi trường,B00,15.00,,THPTQG,2020,,daniele15,
TNU,7850101,Quản lý tài nguyên và môi trường,C02,15.00,,THPTQG,2020,,daniele15,
TNU,7850101,Quản lý tài nguyên và môi trường,D01,15.00,,THPTQG,2020,,daniele15,
TNU,7850103,Quản lý đất đai,A00,15.00,,THPTQG,2020,,daniele15,
TNU,7850103,Quản lý đất đai,A01,15.00,,THPTQG,2020,,daniele15,
TNU,7850103,Quản lý đất đai,A02,15.00,,THPTQG,2020,,daniele15,
TNU,7850103,Quản lý đất đai,B00,15.00,,THPTQG,2020,,daniele15,
TQU,51140201,Giáo dục Mầm non,,17.00,,THPTQG,2020,Hệ cao đẳng,daniele15,
TQU,51140209,Sư phạm Toán học,A00,18.50,,THPTQG,2020,,daniele15,
TQU,51140209,Sư phạm Toán học,A01,18.50,,THPTQG,2020,,daniele15,
TQU,51140209,Sư phạm Toán học,B00,18.50,,THPTQG,2020,,daniele15,
TQU,51140213,Sư phạm Sinh học,A00,18.50,,THPTQG,2020,,daniele15,
TQU,51140213,Sư phạm Sinh học,B00,18.50,,THPTQG,2020,,daniele15,
TQU,51140213,Sư phạm Sinh học,B04,18.50,,THPTQG,2020,,daniele15,
TQU,7140101,Giáo dục học,C00,15.00,,THPTQG,2020,,daniele15,
TQU,7140101,Giáo dục học,C19,15.00,,THPTQG,2020,,daniele15,
TQU,7140101,Giáo dục học,D01,15.00,,THPTQG,2020,,daniele15,
TQU,7140201,Giáo dục Mầm non,,20.33,,THPTQG,2020,Hệ đại học,daniele15,
TQU,7140202,Giáo dục Tiểu học,A00,18.50,,THPTQG,2020,,daniele15,
TQU,7140202,Giáo dục Tiểu học,C00,18.50,,THPTQG,2020,,daniele15,
TQU,7140202,Giáo dục Tiểu học,D01,18.50,,THPTQG,2020,,daniele15,
TQU,7229030,Văn học,C00,15.00,,THPTQG,2020,,daniele15,
TQU,7229030,Văn học,C19,15.00,,THPTQG,2020,,daniele15,
TQU,7229030,Văn học,C20,15.00,,THPTQG,2020,,daniele15,
TQU,7229030,Văn học,D01,15.00,,THPTQG,2020,,daniele15,
TQU,7229042,Quản lý văn hoá,C00,15.00,,THPTQG,2020,,daniele15,
TQU,7229042,Quản lý văn hoá,C19,15.00,,THPTQG,2020,,daniele15,
TQU,7229042,Quản lý văn hoá,D01,15.00,,THPTQG,2020,,daniele15,
TQU,7310104,Kinh tế,A00,15.00,,THPTQG,2020,Kinh tế đầu tư,daniele15,
TQU,7310104,Kinh tế,A01,15.00,,THPTQG,2020,Kinh tế đầu tư,daniele15,
TQU,7310104,Kinh tế,D01,15.00,,THPTQG,2020,Kinh tế đầu tư,daniele15,
TQU,7310201,Chính trị học,C00,15.00,,THPTQG,2020,,daniele15,
TQU,7310201,Chính trị học,C19,15.00,,THPTQG,2020,,daniele15,
TQU,7310201,Chính trị học,D01,15.00,,THPTQG,2020,,daniele15,
TQU,7310401,Tâm lý học,C00,15.00,,THPTQG,2020,,daniele15,
TQU,7310401,Tâm lý học,C19,15.00,,THPTQG,2020,,daniele15,
TQU,7310401,Tâm lý học,D01,15.00,,THPTQG,2020,,daniele15,
TQU,7340301,Kế toán,A00,15.00,,THPTQG,2020,,daniele15,
TQU,7340301,Kế toán,A01,15.00,,THPTQG,2020,,daniele15,
TQU,7340301,Kế toán,D01,15.00,,THPTQG,2020,,daniele15,
TQU,7420203,Sinh học ứng dụng,A00,15.00,,THPTQG,2020,,daniele15,
TQU,7420203,Sinh học ứng dụng,A01,15.00,,THPTQG,2020,,daniele15,
TQU,7420203,Sinh học ứng dụng,B00,15.00,,THPTQG,2020,,daniele15,
TQU,7440102,Vật lý học,A00,15.00,,THPTQG,2020,,daniele15,
TQU,7440102,Vật lý học,A01,15.00,,THPTQG,2020,,daniele15,
TQU,7440102,Vật lý học,A10,15.00,,THPTQG,2020,,daniele15,
TQU,7440301,Khoa học môi trường,A00,15.00,,THPTQG,2020,,daniele15,
TQU,7440301,Khoa học môi trường,A01,15.00,,THPTQG,2020,,daniele15,
TQU,7440301,Khoa học môi trường,B00,15.00,,THPTQG,2020,,daniele15,
TQU,7480201,Công nghệ thông tin,A00,15.00,,THPTQG,2020,,daniele15,
TQU,7480201,Công nghệ thông tin,A01,15.00,,THPTQG,2020,,daniele15,
TQU,7480201,Công nghệ thông tin,B00,15.00,,THPTQG,2020,,daniele15,
TQU,7620105,Chăn nuôi,A00,15.00,,THPTQG,2020,,daniele15,
TQU,7620105,Chăn nuôi,A01,15.00,,THPTQG,2020,,daniele15,
TQU,7620105,Chăn nuôi,B00,15.00,,THPTQG,2020,,daniele15,
TQU,7620110,Khoa học cây trồng,A00,15.00,,THPTQG,2020,,daniele15,
TQU,7620110,Khoa học cây trồng,A01,15.00,,THPTQG,2020,,daniele15,
TQU,7620110,Khoa học cây trồng,B00,15.00,,THPTQG,2020,,daniele15,
TQU,7620115,Kinh tế,A00,15.00,,THPTQG,2020,Kinh tế nông nghiệp,daniele15,
TQU,7620115,Kinh tế,A01,15.00,,THPTQG,2020,Kinh tế nông nghiệp,daniele15,
TQU,7620115,Kinh tế,D01,15.00,,THPTQG,2020,Kinh tế nông nghiệp,daniele15,
TQU,7620205,Lâm sinh,A02,15.00,,THPTQG,2020,,daniele15,
TQU,7620205,Lâm sinh,B00,15.00,,THPTQG,2020,,daniele15,
TQU,7620205,Lâm sinh,B08,15.00,,THPTQG,2020,,daniele15,
TQU,7720201,Dược học,A00,21.00,,THPTQG,2020,,daniele15,
TQU,7720201,Dược học,B00,21.00,,THPTQG,2020,,daniele15,
TQU,7720201,Dược học,C05,21.00,,THPTQG,2020,,daniele15,
TQU,7720201,Dược học,D07,21.00,,THPTQG,2020,,daniele15,
TQU,7720301,Điều dưỡng,B00,19.00,,THPTQG,2020,,daniele15,
TQU,7720301,Điều dưỡng,B03,19.00,,THPTQG,2020,,daniele15,
TQU,7720301,Điều dưỡng,C08,19.00,,THPTQG,2020,,daniele15,
TQU,7720301,Điều dưỡng,D07,19.00,,THPTQG,2020,,daniele15,
TQU,7760101,Công tác xã hội,C00,15.00,,THPTQG,2020,,daniele15,
TQU,7760101,Công tác xã hội,C19,15.00,,THPTQG,2020,,daniele15,
TQU,7760101,Công tác xã hội,D01,15.00,,THPTQG,2020,,daniele15,
TQU,7810103,Quản trị dịch vụ du lịch và lữ hành,C00,15.00,,THPTQG,2020,,daniele15,
TQU,7810103,Quản trị dịch vụ du lịch và lữ hành,C19,15.00,,THPTQG,2020,,daniele15,
TQU,7810103,Quản trị dịch vụ du lịch và lữ hành,C20,15.00,,THPTQG,2020,,daniele15,
TQU,7810103,Quản trị dịch vụ du lịch và lữ hành,D01,15.00,,THPTQG,2020,,daniele15,
TQU,7850103,Quản lý đất đai,A00,15.00,,THPTQG,2020,,daniele15,
TQU,7850103,Quản lý đất đai,A01,15.00,,THPTQG,2020,,daniele15,
TQU,7850103,Quản lý đất đai,B00,15.00,,THPTQG,2020,,daniele15,
TTB,51140201,Giáo dục Mầm non,,16.50,,THPTQG,2020,điểm năng khiếu >=6.0,daniele15,
TTB,7140201,Giáo dục Mầm non,,23.00,,THPTQG,2020,điểm năng khiếu >=6.5,daniele15,
TTB,7140202,Giáo dục Tiểu học,A00,23.50,,THPTQG,2020,,daniele15,
TTB,7140202,Giáo dục Tiểu học,A01,23.50,,THPTQG,2020,,daniele15,
TTB,7140202,Giáo dục Tiểu học,C00,23.50,,THPTQG,2020,,daniele15,
TTB,7140202,Giáo dục Tiểu học,D01,23.50,,THPTQG,2020,,daniele15,
TTB,7140205,Giáo dục Chính trị,C00,20.50,,THPTQG,2020,,daniele15,
TTB,7140205,Giáo dục Chính trị,C19,20.50,,THPTQG,2020,,daniele15,
TTB,7140205,Giáo dục Chính trị,C20,20.50,,THPTQG,2020,,daniele15,
TTB,7140205,Giáo dục Chính trị,D01,20.50,,THPTQG,2020,,daniele15,
TTB,7140206,Giáo dục Thể chất,T00,18.50,,THPTQG,2020,điểm năng khiếu >=6.5,daniele15,
TTB,7140206,Giáo dục Thể chất,T03,18.50,,THPTQG,2020,điểm năng khiếu >=6.5,daniele15,
TTB,7140206,Giáo dục Thể chất,T04,18.50,,THPTQG,2020,điểm năng khiếu >=6.5,daniele15,
TTB,7140206,Giáo dục Thể chất,T05,18.50,,THPTQG,2020,điểm năng khiếu >=6.5,daniele15,
TTB,7140209,Sư phạm Toán học,A00,14.50,,THPTQG,2020,,daniele15,
TTB,7140209,Sư phạm Toán học,A01,14.50,,THPTQG,2020,,daniele15,
TTB,7140209,Sư phạm Toán học,A02,14.50,,THPTQG,2020,,daniele15,
TTB,7140209,Sư phạm Toán học,D01,14.50,,THPTQG,2020,,daniele15,
TTB,7140210,Sư phạm Tin học,A00,14.50,,THPTQG,2020,,daniele15,
TTB,7140210,Sư phạm Tin học,A01,14.50,,THPTQG,2020,,daniele15,
TTB,7140210,Sư phạm Tin học,A02,14.50,,THPTQG,2020,,daniele15,
TTB,7140210,Sư phạm Tin học,D01,14.50,,THPTQG,2020,,daniele15,
TTB,7140211,Sư phạm Vật lý,A00,14.50,,THPTQG,2020,,daniele15,
TTB,7140211,Sư phạm Vật lý,A01,14.50,,THPTQG,2020,,daniele15,
TTB,7140211,Sư phạm Vật lý,A10,14.50,,THPTQG,2020,,daniele15,
TTB,7140211,Sư phạm Vật lý,C01,14.50,,THPTQG,2020,,daniele15,
TTB,7140212,Sư phạm Hóa học,A00,14.50,,THPTQG,2020,,daniele15,
TTB,7140212,Sư phạm Hóa học,B00,14.50,,THPTQG,2020,,daniele15,
TTB,7140212,Sư phạm Hóa học,C02,14.50,,THPTQG,2020,,daniele15,
TTB,7140212,Sư phạm Hóa học,D07,14.50,,THPTQG,2020,,daniele15,
TTB,7140213,Sư phạm Sinh học,A02,14.50,,THPTQG,2020,,daniele15,
TTB,7140213,Sư phạm Sinh học,B00,14.50,,THPTQG,2020,,daniele15,
TTB,7140213,Sư phạm Sinh học,B03,14.50,,THPTQG,2020,,daniele15,
TTB,7140213,Sư phạm Sinh học,D08,14.50,,THPTQG,2020,,daniele15,
TTB,7140217,Sư phạm Ngữ văn,C00,14.50,,THPTQG,2020,,daniele15,
TTB,7140217,Sư phạm Ngữ văn,C19,14.50,,THPTQG,2020,,daniele15,
TTB,7140217,Sư phạm Ngữ văn,D01,14.50,,THPTQG,2020,,daniele15,
TTB,7140217,Sư phạm Ngữ văn,D14,14.50,,THPTQG,2020,,daniele15,
TTB,7140218,Sư phạm Lịch sử,C00,14.50,,THPTQG,2020,,daniele15,
TTB,7140218,Sư phạm Lịch sử,C03,14.50,,THPTQG,2020,,daniele15,
TTB,7140218,Sư phạm Lịch sử,C19,14.50,,THPTQG,2020,,daniele15,
TTB,7140218,Sư phạm Lịch sử,D14,14.50,,THPTQG,2020,,daniele15,
TTB,7140219,Sư phạm Địa lý,C00,14.50,,THPTQG,2020,,daniele15,
TTB,7140219,Sư phạm Địa lý,C20,14.50,,THPTQG,2020,,daniele15,
TTB,7140219,Sư phạm Địa lý,D10,14.50,,THPTQG,2020,,daniele15,
TTB,7140219,Sư phạm Địa lý,D15,14.50,,THPTQG,2020,,daniele15,
TTB,7140231,Sư phạm Tiếng Anh,A01,14.50,,THPTQG,2020,,daniele15,
TTB,7140231,Sư phạm Tiếng Anh,D01,14.50,,THPTQG,2020,,daniele15,
TTB,7140231,Sư phạm Tiếng Anh,D14,14.50,,THPTQG,2020,,daniele15,
TTB,7140231,Sư phạm Tiếng Anh,D15,14.50,,THPTQG,2020,,daniele15,
TTB,7340101,Quản trị kinh doanh,A00,14.50,,THPTQG,2020,,daniele15,
TTB,7340101,Quản trị kinh doanh,A01,14.50,,THPTQG,2020,,daniele15,
TTB,7340101,Quản trị kinh doanh,A02,14.50,,THPTQG,2020,,daniele15,
TTB,7340101,Quản trị kinh doanh,D01,14.50,,THPTQG,2020,,daniele15,
TTB,7340201,Tài chính - Ngân hàng,A00,14.50,,THPTQG,2020,,daniele15,
TTB,7340201,Tài chính - Ngân hàng,A01,14.50,,THPTQG,2020,,daniele15,
TTB,7340201,Tài chính - Ngân hàng,A02,14.50,,THPTQG,2020,,daniele15,
TTB,7340201,Tài chính - Ngân hàng,D01,14.50,,THPTQG,2020,,daniele15,
TTB,7340301,Kế toán,A00,14.50,,THPTQG,2020,,daniele15,
TTB,7340301,Kế toán,A01,14.50,,THPTQG,2020,,daniele15,
TTB,7340301,Kế toán,A02,14.50,,THPTQG,2020,,daniele15,
TTB,7340301,Kế toán,D01,14.50,,THPTQG,2020,,daniele15,
TTB,7480201,Công nghệ thông tin,A00,14.50,,THPTQG,2020,,daniele15,
TTB,7480201,Công nghệ thông tin,A01,14.50,,THPTQG,2020,,daniele15,
TTB,7480201,Công nghệ thông tin,A02,14.50,,THPTQG,2020,,daniele15,
TTB,7480201,Công nghệ thông tin,D01,14.50,,THPTQG,2020,,daniele15,
TTB,7620105,Chăn nuôi,A02,14.50,,THPTQG,2020,,daniele15,
TTB,7620105,Chăn nuôi,B00,14.50,,THPTQG,2020,,daniele15,
TTB,7620105,Chăn nuôi,B04,14.50,,THPTQG,2020,,daniele15,
TTB,7620105,Chăn nuôi,D08,14.50,,THPTQG,2020,,daniele15,
TTB,7620109,Nông học,A02,14.50,,THPTQG,2020,,daniele15,
TTB,7620109,Nông học,B00,14.50,,THPTQG,2020,,daniele15,
TTB,7620109,Nông học,B04,14.50,,THPTQG,2020,,daniele15,
TTB,7620109,Nông học,D08,14.50,,THPTQG,2020,,daniele15,
TTB,7620205,Lâm sinh,A02,14.50,,THPTQG,2020,,daniele15,
TTB,7620205,Lâm sinh,B00,14.50,,THPTQG,2020,,daniele15,
TTB,7620205,Lâm sinh,B04,14.50,,THPTQG,2020,,daniele15,
TTB,7620205,Lâm sinh,D08,14.50,,THPTQG,2020,,daniele15,
TTB,7810103,Quản trị dịch vụ du lịch và lữ hành,A00,14.50,,THPTQG,2020,,daniele15,
TTB,7810103,Quản trị dịch vụ du lịch và lữ hành,A01,14.50,,THPTQG,2020,,daniele15,
TTB,7810103,Quản trị dịch vụ du lịch và lữ hành,C00,14.50,,THPTQG,2020,,daniele15,
TTB,7810103,Quản trị dịch vụ du lịch và lữ hành,D01,14.50,,THPTQG,2020,,daniele15,
TTB,7850101,Quản lí tài nguyên và môi trường,A00,14.50,,THPTQG,2020,,daniele15,
TTB,7850101,Quản lí tài nguyên và môi trường,A01,14.50,,THPTQG,2020,,daniele15,
TTB,7850101,Quản lí tài nguyên và môi trường,A02,14.50,,THPTQG,2020,,daniele15,
TTB,7850101,Quản lí tài nguyên và môi trường,B00,14.50,,THPTQG,2020,,daniele15,
TTH,7860221,Chỉ huy tham mưu thông tin,A00,23.95,,THPTQG,2020,Thí sinh Nam miền Bắc,daniele15,
TTH,7860221,Chỉ huy tham mưu thông tin,A01,23.95,,THPTQG,2020,Thí sinh Nam miền Bắc,daniele15,
TTH,7860221,Chỉ huy tham mưu thông tin,A00,24.20,,THPTQG,2020,Thí sinh Nam miền Nam,daniele15,
TTH,7860221,Chỉ huy tham mưu thông tin,A01,24.20,,THPTQG,2020,Thí sinh Nam miền Nam,daniele15,
TTQ,7220201,Ngôn ngữ Anh,D01,17.00,,THPTQG,2020,,daniele15,
TTQ,7220201,Ngôn ngữ Anh,D15,17.00,,THPTQG,2020,,daniele15,
TTQ,7220201,Ngôn ngữ Anh,D72,17.00,,THPTQG,2020,,daniele15,
TTQ,7220201,Ngôn ngữ Anh,D78,17.00,,THPTQG,2020,,daniele15,
TTQ,7340101,Quản trị kinh doanh,A00,17.00,,THPTQG,2020,Gồm 8 chuyên ngành: Quản trị kinh doanh; Thương mại quốc tế; Quản trị du lịch; Kinh tế đối ngoại; Marketing; Quản trị nhà hàng - Khách sạn; Logistics và Quản trị chuỗi cung ứng; Thương mại điện tử.,daniele15,
TTQ,7340101,Quản trị kinh doanh,A01,17.00,,THPTQG,2020,Gồm 8 chuyên ngành: Quản trị kinh doanh; Thương mại quốc tế; Quản trị du lịch; Kinh tế đối ngoại; Marketing; Quản trị nhà hàng - Khách sạn; Logistics và Quản trị chuỗi cung ứng; Thương mại điện tử.,daniele15,
TTQ,7340101,Quản trị kinh doanh,C00,17.00,,THPTQG,2020,Gồm 8 chuyên ngành: Quản trị kinh doanh; Thương mại quốc tế; Quản trị du lịch; Kinh tế đối ngoại; Marketing; Quản trị nhà hàng - Khách sạn; Logistics và Quản trị chuỗi cung ứng; Thương mại điện tử.,daniele15,
TTQ,7340101,Quản trị kinh doanh,D01,17.00,,THPTQG,2020,Gồm 8 chuyên ngành: Quản trị kinh doanh; Thương mại quốc tế; Quản trị du lịch; Kinh tế đối ngoại; Marketing; Quản trị nhà hàng - Khách sạn; Logistics và Quản trị chuỗi cung ứng; Thương mại điện tử.,daniele15,
TTQ,7380107,Luật,A00,18.00,,THPTQG,2020,Luật kinh tế quốc tế,daniele15,
TTQ,7380107,Luật,A01,18.00,,THPTQG,2020,Luật kinh tế quốc tế,daniele15,
TTQ,7380107,Luật,D01,18.00,,THPTQG,2020,Luật kinh tế quốc tế,daniele15,
TTQ,7380107,Luật,D96,18.00,,THPTQG,2020,Luật kinh tế quốc tế,daniele15,
TTQ,7480101,Khoa học máy tính,A00,18.00,,THPTQG,2020,Gồm 4 chuyên ngành:Khoa học máy tínhKỹ thuật phần mềmMạng máy tínhAn ninh mạng,daniele15,
TTQ,7480101,Khoa học máy tính,A01,18.00,,THPTQG,2020,Gồm 4 chuyên ngành:Khoa học máy tínhKỹ thuật phần mềmMạng máy tínhAn ninh mạng,daniele15,
TTQ,7480101,Khoa học máy tính,D01,18.00,,THPTQG,2020,Gồm 4 chuyên ngành:Khoa học máy tínhKỹ thuật phần mềmMạng máy tínhAn ninh mạng,daniele15,
TTQ,7480101,Khoa học máy tính,D90,18.00,,THPTQG,2020,Gồm 4 chuyên ngành:Khoa học máy tínhKỹ thuật phần mềmMạng máy tínhAn ninh mạng,daniele15,
TYS,7720101TP,Y khoa,B00,26.35,,THPTQG,2020,NN >= 0;DTB12 >= 0;VA >=0;TTNV <= 2,daniele15,
TYS,7720101TQ,Y khoa,B00,27.50,,THPTQG,2020,NN >= 0;DTB12 >= 0;VA >=0;TTNV <= 2,daniele15,
TYS,7720201TP,Dược học,B00,26.05,,THPTQG,2020,NN >= 5.8;DTB12 >= 8.2;VA>= 5.5;TTNV <= 4,daniele15,
TYS,7720201TQ,Dược học,B00,26.60,,THPTQG,2020,NN >= 6.2;DTB12 >= 8.3;VA>= 5;TTNV <= 5,daniele15,
TYS,7720301TP,Điều dưỡng,B00,23.70,,THPTQG,2020,NN >= 5.8;DTB12 >= 9.1;VA>= 6.25;TTNV <= 1,daniele15,
TYS,7720301TQ,Điều dưỡng,B00,23.45,,THPTQG,2020,NN >= 5.8;DTB12 >= 7.8;VA>= 5.25;TTNV <= 3,daniele15,
TYS,7720401TP,Dinh dưỡng,B00,23.00,,THPTQG,2020,NN >= 7;DTB12 >= 8.3;VA >=7.25;TTNV <= 3,daniele15,
TYS,7720401TQ,Dinh dưỡng,B00,22.45,,THPTQG,2020,NN >= 0;DTB12 >= 0;VA >=0;TTNV <= 2,daniele15,
TYS,7720501TP,Răng - Hàm - Mặt,B00,26.50,,THPTQG,2020,NN >= 6;DTB12 >= 8.2;VA >=7.25;TTNV <= 1,daniele15,
TYS,7720501TQ,Răng - Hàm - Mặt,B00,27.55,,THPTQG,2020,NN >= 8.2;DTB12 >= 0;VA >=0;TTNV <= 4,daniele15,
TYS,7720601TP,Kỹ thuật xét nghiệm y học,B00,25.60,,THPTQG,2020,NN >= 7;DTB12 >= 8;VA >=5.5;TTNV <= 3,daniele15,
TYS,7720601TQ,Kỹ thuật xét nghiệm y học,B00,25.70,,THPTQG,2020,NN >= 4.6;DTB12 >= 8.4;VA>= 6.25;TTNV <= 4,daniele15,
TYS,7720602TP,Kỹ thuật hình ảnh y học,B00,24.65,,THPTQG,2020,NN >= 5.4;DTB12 >= 8.3;VA>= 7;TTNV <= 1,daniele15,
TYS,7720602TQ,Kỹ thuật hình ảnh y học,B00,24.75,,THPTQG,2020,NN >= 4.6;DTB12 >= 8.2;VA>= 7.25;TTNV <= 2,daniele15,
TYS,7720699TP,Khúc xạ nhãn khoa,B00,24.50,,THPTQG,2020,NN >= 7.2;DTB12 >= 9.1;VA>= 7.75;TTNV <= 3,daniele15,
TYS,7720699TQ,Khúc xạ nhãn khoa,B00,21.15,,THPTQG,2020,NN >= 10;DTB12 >= 8.2;VA>= 6.75;TTNV <= 5,daniele15,
TYS,7720701TP,Y tế công cộng,B00,20.40,,THPTQG,2020,NN >= 7.8;DTB12 >= 9;VA >=8;TTNV <= 5,daniele15,
TYS,7720701TQ,Y tế công cộng,B00,19.00,,THPTQG,2020,NN >= 6.8;DTB12 >= 7.6;VA>= 6;TTNV <= 3,daniele15,
UKB,7220201,Ngôn ngữ Anh,A01,6.00,,HocBa,2020,,daniele15,
UKB,7220201,Ngôn ngữ Anh,D01,6.00,,HocBa,2020,,daniele15,
UKB,7220201,Ngôn ngữ Anh,D10,6.00,,HocBa,2020,,daniele15,
UKB,7220201,Ngôn ngữ Anh,D14,6.00,,HocBa,2020,,daniele15,
UKB,7220201,Ngôn ngữ Anh,A01,15.00,,THPTQG,2020,,daniele15,
UKB,7220201,Ngôn ngữ Anh,D01,15.00,,THPTQG,2020,,daniele15,
UKB,7220201,Ngôn ngữ Anh,D10,15.00,,THPTQG,2020,,daniele15,
UKB,7220201,Ngôn ngữ Anh,D14,15.00,,THPTQG,2020,,daniele15,
UKB,7310205,Quản lý nhà nước,A00,6.00,,HocBa,2020,,daniele15,
UKB,7310205,Quản lý nhà nước,A01,6.00,,HocBa,2020,,daniele15,
UKB,7310205,Quản lý nhà nước,C00,6.00,,HocBa,2020,,daniele15,
UKB,7310205,Quản lý nhà nước,D01,6.00,,HocBa,2020,,daniele15,
UKB,7310205,Quản lý nhà nước,A00,15.00,,THPTQG,2020,,daniele15,
UKB,7310205,Quản lý nhà nước,A01,15.00,,THPTQG,2020,,daniele15,
UKB,7310205,Quản lý nhà nước,C00,15.00,,THPTQG,2020,,daniele15,
UKB,7310205,Quản lý nhà nước,D01,15.00,,THPTQG,2020,,daniele15,
UKB,7340101,Quản trị kinh doanh,A00,6.00,,HocBa,2020,,daniele15,
UKB,7340101,Quản trị kinh doanh,A01,6.00,,HocBa,2020,,daniele15,
UKB,7340101,Quản trị kinh doanh,C04,6.00,,HocBa,2020,,daniele15,
UKB,7340101,Quản trị kinh doanh,D01,6.00,,HocBa,2020,,daniele15,
UKB,7340101,Quản trị kinh doanh,A00,15.00,,THPTQG,2020,,daniele15,
UKB,7340101,Quản trị kinh doanh,A01,15.00,,THPTQG,2020,,daniele15,
UKB,7340101,Quản trị kinh doanh,C04,15.00,,THPTQG,2020,,daniele15,
UKB,7340101,Quản trị kinh doanh,D01,15.00,,THPTQG,2020,,daniele15,
UKB,7340201,Tài chính - Ngân hàng,A00,6.00,,HocBa,2020,,daniele15,
UKB,7340201,Tài chính - Ngân hàng,A01,6.00,,HocBa,2020,,daniele15,
UKB,7340201,Tài chính - Ngân hàng,C04,6.00,,HocBa,2020,,daniele15,
UKB,7340201,Tài chính - Ngân hàng,D01,6.00,,HocBa,2020,,daniele15,
UKB,7340201,Tài chính - Ngân hàng,A00,15.00,,THPTQG,2020,,daniele15,
UKB,7340201,Tài chính - Ngân hàng,A01,15.00,,THPTQG,2020,,daniele15,
UKB,7340201,Tài chính - Ngân hàng,C04,15.00,,THPTQG,2020,,daniele15,
UKB,7340201,Tài chính - Ngân hàng,D01,15.00,,THPTQG,2020,,daniele15,
UKB,7340301,Kế toán,A00,6.00,,HocBa,2020,,daniele15,
UKB,7340301,Kế toán,A01,6.00,,HocBa,2020,,daniele15,
UKB,7340301,Kế toán,C04,6.00,,HocBa,2020,,daniele15,
UKB,7340301,Kế toán,D01,6.00,,HocBa,2020,,daniele15,
UKB,7340301,Kế toán,A00,15.00,,THPTQG,2020,,daniele15,
UKB,7340301,Kế toán,A01,15.00,,THPTQG,2020,,daniele15,
UKB,7340301,Kế toán,C04,15.00,,THPTQG,2020,,daniele15,
UKB,7340301,Kế toán,D01,15.00,,THPTQG,2020,,daniele15,
UKB,7380107,Luật,A00,6.00,,HocBa,2020,,daniele15,
UKB,7380107,Luật,A01,6.00,,HocBa,2020,,daniele15,
UKB,7380107,Luật,C00,6.00,,HocBa,2020,,daniele15,
UKB,7380107,Luật,D01,6.00,,HocBa,2020,,daniele15,
UKB,7380107,Luật,A00,15.00,,THPTQG,2020,,daniele15,
UKB,7380107,Luật,A01,15.00,,THPTQG,2020,,daniele15,
UKB,7380107,Luật,C00,15.00,,THPTQG,2020,,daniele15,
UKB,7380107,Luật,D01,15.00,,THPTQG,2020,,daniele15,
UKB,7480201,Công nghệ thông tin,A00,6.00,,HocBa,2020,,daniele15,
UKB,7480201,Công nghệ thông tin,A01,6.00,,HocBa,2020,,daniele15,
UKB,7480201,Công nghệ thông tin,C04,6.00,,HocBa,2020,,daniele15,
UKB,7480201,Công nghệ thông tin,D01,6.00,,HocBa,2020,,daniele15,
UKB,7480201,Công nghệ thông tin,A00,15.00,,THPTQG,2020,,daniele15,
UKB,7480201,Công nghệ thông tin,A01,15.00,,THPTQG,2020,,daniele15,
UKB,7480201,Công nghệ thông tin,C04,15.00,,THPTQG,2020,,daniele15,
UKB,7480201,Công nghệ thông tin,D01,15.00,,THPTQG,2020,,daniele15,
UKB,7510302,Công nghệ kỹ thuật điện tử - viễn thông,A00,6.00,,HocBa,2020,,daniele15,
UKB,7510302,Công nghệ kỹ thuật điện tử - viễn thông,A01,6.00,,HocBa,2020,,daniele15,
UKB,7510302,Công nghệ kỹ thuật điện tử - viễn thông,C04,6.00,,HocBa,2020,,daniele15,
UKB,7510302,Công nghệ kỹ thuật điện tử - viễn thông,D01,6.00,,HocBa,2020,,daniele15,
UKB,7510302,Công nghệ kỹ thuật điện tử - viễn thông,A00,15.00,,THPTQG,2020,,daniele15,
UKB,7510302,Công nghệ kỹ thuật điện tử - viễn thông,A01,15.00,,THPTQG,2020,,daniele15,
UKB,7510302,Công nghệ kỹ thuật điện tử - viễn thông,C04,15.00,,THPTQG,2020,,daniele15,
UKB,7510302,Công nghệ kỹ thuật điện tử - viễn thông,D01,15.00,,THPTQG,2020,,daniele15,
UKB,7580101,Kiến trúc,V00,6.00,,HocBa,2020,,daniele15,
UKB,7580101,Kiến trúc,V01,6.00,,HocBa,2020,,daniele15,
UKB,7580101,Kiến trúc,V02,6.00,,HocBa,2020,,daniele15,
UKB,7580101,Kiến trúc,V03,6.00,,HocBa,2020,,daniele15,
UKB,7580101,Kiến trúc,V00,15.00,,THPTQG,2020,,daniele15,
UKB,7580101,Kiến trúc,V01,15.00,,THPTQG,2020,,daniele15,
UKB,7580101,Kiến trúc,V02,15.00,,THPTQG,2020,,daniele15,
UKB,7580101,Kiến trúc,V03,15.00,,THPTQG,2020,,daniele15,
UKB,7580302,Quản lý xây dựng,A00,6.00,,HocBa,2020,,daniele15,
UKB,7580302,Quản lý xây dựng,A01,6.00,,HocBa,2020,,daniele15,
UKB,7580302,Quản lý xây dựng,C04,6.00,,HocBa,2020,,daniele15,
UKB,7580302,Quản lý xây dựng,D01,6.00,,HocBa,2020,,daniele15,
UKB,7580302,Quản lý xây dựng,A00,15.00,,THPTQG,2020,,daniele15,
UKB,7580302,Quản lý xây dựng,A01,15.00,,THPTQG,2020,,daniele15,
UKB,7580302,Quản lý xây dựng,C04,15.00,,THPTQG,2020,,daniele15,
UKB,7580302,Quản lý xây dựng,D01,15.00,,THPTQG,2020,,daniele15,
UKB,7810103,Quản trị dịch vụ du lịch và lữ hành,A00,6.00,,HocBa,2020,,daniele15,
UKB,7810103,Quản trị dịch vụ du lịch và lữ hành,A01,6.00,,HocBa,2020,,daniele15,
UKB,7810103,Quản trị dịch vụ du lịch và lữ hành,C00,6.00,,HocBa,2020,,daniele15,
UKB,7810103,Quản trị dịch vụ du lịch và lữ hành,D01,6.00,,HocBa,2020,,daniele15,
UKB,7810103,Quản trị dịch vụ du lịch và lữ hành,A00,15.00,,THPTQG,2020,,daniele15,
UKB,7810103,Quản trị dịch vụ du lịch và lữ hành,A01,15.00,,THPTQG,2020,,daniele15,
UKB,7810103,Quản trị dịch vụ du lịch và lữ hành,C00,15.00,,THPTQG,2020,,daniele15,
UKB,7810103,Quản trị dịch vụ du lịch và lữ hành,D01,15.00,,THPTQG,2020,,daniele15,
UKH,51140209,Sư phạm Toán học,A00,18.50,,THPTQG,2020,,daniele15,
UKH,51140209,Sư phạm Toán học,A01,18.50,,THPTQG,2020,,daniele15,
UKH,51140209,Sư phạm Toán học,B00,18.50,,THPTQG,2020,,daniele15,
UKH,51140209,Sư phạm Toán học,D07,18.50,,THPTQG,2020,,daniele15,
UKH,7140211,Sư phạm Vật lý,A00,18.50,,THPTQG,2020,,daniele15,
UKH,7140211,Sư phạm Vật lý,A01,18.50,,THPTQG,2020,,daniele15,
UKH,7140211,Sư phạm Vật lý,B00,18.50,,THPTQG,2020,,daniele15,
UKH,7140211,Sư phạm Vật lý,D07,18.50,,THPTQG,2020,,daniele15,
UKH,7140217,Sư phạm Ngữ văn,C00,18.50,,THPTQG,2020,,daniele15,
UKH,7140217,Sư phạm Ngữ văn,D01,18.50,,THPTQG,2020,,daniele15,
UKH,7140217,Sư phạm Ngữ văn,D14,18.50,,THPTQG,2020,,daniele15,
UKH,7140217,Sư phạm Ngữ văn,D15,18.50,,THPTQG,2020,,daniele15,
UKH,7220201,Ngôn ngữ Anh,A01,17.50,,THPTQG,2020,Điểm sàn môn tiếng Anh là 4.5,daniele15,
UKH,7220201,Ngôn ngữ Anh,D01,17.50,,THPTQG,2020,Điểm sàn môn tiếng Anh là 4.5,daniele15,
UKH,7220201,Ngôn ngữ Anh,D14,17.50,,THPTQG,2020,Điểm sàn môn tiếng Anh là 4.5,daniele15,
UKH,7220201,Ngôn ngữ Anh,D15,17.50,,THPTQG,2020,Điểm sàn môn tiếng Anh là 4.5,daniele15,
UKH,7220201A,Ngôn ngữ Anh,A01,17.00,,THPTQG,2020,Điểm sàn môn tiếng Anh là 4.5,daniele15,
UKH,7220201A,Ngôn ngữ Anh,D01,17.00,,THPTQG,2020,Điểm sàn môn tiếng Anh là 4.5,daniele15,
UKH,7220201A,Ngôn ngữ Anh,D14,17.00,,THPTQG,2020,Điểm sàn môn tiếng Anh là 4.5,daniele15,
UKH,7220201A,Ngôn ngữ Anh,D15,17.00,,THPTQG,2020,Điểm sàn môn tiếng Anh là 4.5,daniele15,
UKH,7310630,Việt Nam học,C00,15.00,,THPTQG,2020,Hướng dẫn du lịch,daniele15,
UKH,7310630,Việt Nam học,C19,15.00,,THPTQG,2020,Hướng dẫn du lịch,daniele15,
UKH,7310630,Việt Nam học,C20,15.00,,THPTQG,2020,Hướng dẫn du lịch,daniele15,
UKH,7310630,Việt Nam học,D01,15.00,,THPTQG,2020,Hướng dẫn du lịch,daniele15,
UKH,7340101,Quản trị kinh doanh,A01,17.00,,THPTQG,2020,Quản lí bán lẻ,daniele15,
UKH,7340101,Quản trị kinh doanh,D01,17.00,,THPTQG,2020,Quản lí bán lẻ,daniele15,
UKH,7340101,Quản trị kinh doanh,D14,17.00,,THPTQG,2020,Quản lí bán lẻ,daniele15,
UKH,7340101,Quản trị kinh doanh,D15,17.00,,THPTQG,2020,Quản lí bán lẻ,daniele15,
UKH,7420203,Sinh học ứng dụng,A00,15.00,,THPTQG,2020,Nông nghiệp công nghệ cao,daniele15,
UKH,7420203,Sinh học ứng dụng,A01,15.00,,THPTQG,2020,Nông nghiệp công nghệ cao,daniele15,
UKH,7420203,Sinh học ứng dụng,B00,15.00,,THPTQG,2020,Nông nghiệp công nghệ cao,daniele15,
UKH,7420203,Sinh học ứng dụng,D07,15.00,,THPTQG,2020,Nông nghiệp công nghệ cao,daniele15,
UKH,7420203A,Sinh học ứng dụng,A00,15.00,,THPTQG,2020,Dược liệu,daniele15,
UKH,7420203A,Sinh học ứng dụng,A01,15.00,,THPTQG,2020,Dược liệu,daniele15,
UKH,7420203A,Sinh học ứng dụng,B00,15.00,,THPTQG,2020,Dược liệu,daniele15,
UKH,7420203A,Sinh học ứng dụng,D07,15.00,,THPTQG,2020,Dược liệu,daniele15,
UKH,7440112,Hoá học,A00,15.00,,THPTQG,2020,Hóa dược - sản phẩm thiên nhiên,daniele15,
UKH,7440112,Hoá học,A01,15.00,,THPTQG,2020,Hóa dược - sản phẩm thiên nhiên,daniele15,
UKH,7440112,Hoá học,B00,15.00,,THPTQG,2020,Hóa dược - sản phẩm thiên nhiên,daniele15,
UKH,7440112,Hoá học,D07,15.00,,THPTQG,2020,Hóa dược - sản phẩm thiên nhiên,daniele15,
UKH,7440112A,Hoá học,A00,15.00,,THPTQG,2020,Hóa phân tích môi trường,daniele15,
UKH,7440112A,Hoá học,A01,15.00,,THPTQG,2020,Hóa phân tích môi trường,daniele15,
UKH,7440112A,Hoá học,B00,15.00,,THPTQG,2020,Hóa phân tích môi trường,daniele15,
UKH,7440112A,Hoá học,D07,15.00,,THPTQG,2020,Hóa phân tích môi trường,daniele15,
UKH,7810103,Quản trị dịch vụ du lịch và lữ hành,A01,16.50,,THPTQG,2020,,daniele15,
UKH,7810103,Quản trị dịch vụ du lịch và lữ hành,D01,16.50,,THPTQG,2020,,daniele15,
UKH,7810103,Quản trị dịch vụ du lịch và lữ hành,D14,16.50,,THPTQG,2020,,daniele15,
UKH,7810103,Quản trị dịch vụ du lịch và lữ hành,D15,16.50,,THPTQG,2020,,daniele15,
VHH,7220112A,Văn hoá các dân tộc thiểu số Việt Nam,C00,15.00,,THPTQG,2020,,daniele15,
VHH,7220112A,Văn hoá các dân tộc thiểu số Việt Nam,C00,16.00,,THPTQG,2020,,daniele15,
VHH,7220112B,Văn hoá các dân tộc thiểu số Việt Nam,C00,19.25,,THPTQG,2020,,daniele15,
VHH,7220112B,Văn hoá các dân tộc thiểu số Việt Nam,C00,20.25,,THPTQG,2020,,daniele15,
VHH,7220201,Ngôn ngữ Anh,D01,31.75,40,THPTQG,2020,thang 40 (suy ra),daniele15,
VHH,7220201,Ngôn ngữ Anh,D78,31.75,40,THPTQG,2020,thang 40 (suy ra),daniele15,
VHH,7220201,Ngôn ngữ Anh,D96,31.75,40,THPTQG,2020,thang 40 (suy ra),daniele15,
VHH,7229040A,Văn hoá học,C00,22.00,,THPTQG,2020,,daniele15,
VHH,7229040A,Văn hoá học,C00,23.00,,THPTQG,2020,,daniele15,
VHH,7229040B,Văn hoá học,C00,24.25,,THPTQG,2020,,daniele15,
VHH,7229040B,Văn hoá học,C00,25.25,,THPTQG,2020,,daniele15,
VHH,7229040C,Văn hoá học,C00,23.00,,THPTQG,2020,,daniele15,
VHH,7229040C,Văn hoá học,C00,24.00,,THPTQG,2020,,daniele15,
VHH,7229042A,Quản lý văn hoá,C00,19.75,,THPTQG,2020,,daniele15,
VHH,7229042A,Quản lý văn hoá,C00,20.75,,THPTQG,2020,,daniele15,
VHH,7229042B,Quản lý văn hoá,C00,15.00,,THPTQG,2020,,daniele15,
VHH,7229042B,Quản lý văn hoá,C00,16.00,,THPTQG,2020,,daniele15,
VHH,7229042C,Quản lý văn hoá,C00,20.00,,THPTQG,2020,,daniele15,
VHH,7229042C,Quản lý văn hoá,C00,21.00,,THPTQG,2020,,daniele15,
VHH,7229042E,Quản lý văn hoá,C00,24.75,,THPTQG,2020,,daniele15,
VHH,7229042E,Quản lý văn hoá,D01,24.75,,THPTQG,2020,,daniele15,
VHH,7229042E,Quản lý văn hoá,D78,24.75,,THPTQG,2020,,daniele15,
VHH,7229042E,Quản lý văn hoá,D96,24.75,,THPTQG,2020,,daniele15,
VHH,7320101,Báo chí,C00,24.50,,THPTQG,2020,,daniele15,
VHH,7320101,Báo chí,C00,25.50,,THPTQG,2020,,daniele15,
VHH,7320201,Thông tin - thư viện,C00,17.00,,THPTQG,2020,,daniele15,
VHH,7320201,Thông tin - thư viện,C00,18.00,,THPTQG,2020,,daniele15,
VHH,7320205,Quản lý thông tin,C00,23.50,,THPTQG,2020,,daniele15,
VHH,7320205,Quản lý thông tin,C00,24.50,,THPTQG,2020,,daniele15,
VHH,7320305,Bảo tàng học,C00,15.00,,THPTQG,2020,,daniele15,
VHH,7320305,Bảo tàng học,C00,16.00,,THPTQG,2020,,daniele15,
VHH,7320402,Kinh doanh xuất bản phẩm,C00,15.00,,THPTQG,2020,,daniele15,
VHH,7320402,Kinh doanh xuất bản phẩm,C00,16.00,,THPTQG,2020,,daniele15,
VHH,7380101,Luật,C00,25.25,,THPTQG,2020,,daniele15,
VHH,7380101,Luật,C00,26.25,,THPTQG,2020,,daniele15,
VHH,7810101A,Du lịch,C00,24.50,,THPTQG,2020,,daniele15,
VHH,7810101A,Du lịch,C00,25.50,,THPTQG,2020,,daniele15,
VHH,7810101B,Du lịch,C00,25.50,,THPTQG,2020,,daniele15,
VHH,7810101B,Du lịch,C00,26.50,,THPTQG,2020,,daniele15,
VHH,7810101C,Du lịch,D01,30.25,40,THPTQG,2020,thang 40 (suy ra),daniele15,
VHH,7810101C,Du lịch,D78,30.25,40,THPTQG,2020,thang 40 (suy ra),daniele15,
VHH,7810101C,Du lịch,D96,30.25,40,THPTQG,2020,thang 40 (suy ra),daniele15,
VHH,7810103,Quản trị dịch vụ du lịch và lữ hành,C00,26.50,,THPTQG,2020,,daniele15,
VHH,7810103,Quản trị dịch vụ du lịch và lữ hành,C00,27.50,,THPTQG,2020,,daniele15,
VHS,7220112,Văn hoá các dân tộc thiểu số Việt Nam,C00,15.00,,THPTQG,2020,,daniele15,
VHS,7220112,Văn hoá các dân tộc thiểu số Việt Nam,D01,15.00,,THPTQG,2020,,daniele15,
VHS,7220112,Văn hoá các dân tộc thiểu số Việt Nam,D09,15.00,,THPTQG,2020,,daniele15,
VHS,7220112,Văn hoá các dân tộc thiểu số Việt Nam,D15,15.00,,THPTQG,2020,,daniele15,
VHS,7229040A,Văn hoá học,C00,16.50,,THPTQG,2020,Chuyên ngành Văn hóa Việt Nam,daniele15,
VHS,7229040A,Văn hoá học,D01,16.50,,THPTQG,2020,Chuyên ngành Văn hóa Việt Nam,daniele15,
VHS,7229040A,Văn hoá học,D09,16.50,,THPTQG,2020,Chuyên ngành Văn hóa Việt Nam,daniele15,
VHS,7229040A,Văn hoá học,D15,16.50,,THPTQG,2020,Chuyên ngành Văn hóa Việt Nam,daniele15,
VHS,7229040B,Văn hoá học,C00,15.00,,THPTQG,2020,Chuyên ngành Công nghiệp Văn hóa,daniele15,
VHS,7229040B,Văn hoá học,D01,15.00,,THPTQG,2020,Chuyên ngành Công nghiệp Văn hóa,daniele15,
VHS,7229040B,Văn hoá học,D09,15.00,,THPTQG,2020,Chuyên ngành Công nghiệp Văn hóa,daniele15,
VHS,7229040B,Văn hoá học,D15,15.00,,THPTQG,2020,Chuyên ngành Công nghiệp Văn hóa,daniele15,
VHS,7229040C,Văn hoá học,C00,20.00,,THPTQG,2020,Chuyên ngành Truyền thông Văn hóa,daniele15,
VHS,7229040C,Văn hoá học,D01,20.00,,THPTQG,2020,Chuyên ngành Truyền thông Văn hóa,daniele15,
VHS,7229040C,Văn hoá học,D09,20.00,,THPTQG,2020,Chuyên ngành Truyền thông Văn hóa,daniele15,
VHS,7229040C,Văn hoá học,D15,20.00,,THPTQG,2020,Chuyên ngành Truyền thông Văn hóa,daniele15,
VHS,7229042A,Quản lý văn hoá,C00,15.00,,THPTQG,2020,Chuyên ngành Quản lý hoạt động văn hóa xã hội,daniele15,
VHS,7229042A,Quản lý văn hoá,D01,15.00,,THPTQG,2020,Chuyên ngành Quản lý hoạt động văn hóa xã hội,daniele15,
VHS,7229042A,Quản lý văn hoá,D09,15.00,,THPTQG,2020,Chuyên ngành Quản lý hoạt động văn hóa xã hội,daniele15,
VHS,7229042A,Quản lý văn hoá,D15,15.00,,THPTQG,2020,Chuyên ngành Quản lý hoạt động văn hóa xã hội,daniele15,
VHS,7229042B,Quản lý văn hoá,C00,15.00,,THPTQG,2020,Chuyên ngành Quản lý Di sản văn hóa và phát triển du lịch,daniele15,
VHS,7229042B,Quản lý văn hoá,D01,15.00,,THPTQG,2020,Chuyên ngành Quản lý Di sản văn hóa và phát triển du lịch,daniele15,
VHS,7229042B,Quản lý văn hoá,D09,15.00,,THPTQG,2020,Chuyên ngành Quản lý Di sản văn hóa và phát triển du lịch,daniele15,
VHS,7229042B,Quản lý văn hoá,D15,15.00,,THPTQG,2020,Chuyên ngành Quản lý Di sản văn hóa và phát triển du lịch,daniele15,
VHS,7229042C,Quản lý văn hoá,,15.00,,THPTQG,2020,"Chuyên ngành Tổ chức, dàn dựng chương trình Văn hóa Nghệ thuật",daniele15,
VHS,7229042D,Quản lý văn hoá,C00,15.00,,THPTQG,2020,"Chuyên ngành Tổ chức sự kiện Văn hóa, Thể thao, Du lịch",daniele15,
VHS,7229042D,Quản lý văn hoá,D01,15.00,,THPTQG,2020,"Chuyên ngành Tổ chức sự kiện Văn hóa, Thể thao, Du lịch",daniele15,
VHS,7229042D,Quản lý văn hoá,D09,15.00,,THPTQG,2020,"Chuyên ngành Tổ chức sự kiện Văn hóa, Thể thao, Du lịch",daniele15,
VHS,7229042D,Quản lý văn hoá,D15,15.00,,THPTQG,2020,"Chuyên ngành Tổ chức sự kiện Văn hóa, Thể thao, Du lịch",daniele15,
VHS,7320201,Thông tin - thư viện,C00,15.00,,THPTQG,2020,,daniele15,
VHS,7320201,Thông tin - thư viện,D01,15.00,,THPTQG,2020,,daniele15,
VHS,7320201,Thông tin - thư viện,D09,15.00,,THPTQG,2020,,daniele15,
VHS,7320201,Thông tin - thư viện,D15,15.00,,THPTQG,2020,,daniele15,
VHS,7320305,Bảo tàng học,C00,15.00,,THPTQG,2020,,daniele15,
VHS,7320305,Bảo tàng học,D01,15.00,,THPTQG,2020,,daniele15,
VHS,7320305,Bảo tàng học,D09,15.00,,THPTQG,2020,,daniele15,
VHS,7320305,Bảo tàng học,D15,15.00,,THPTQG,2020,,daniele15,
VHS,7320402,Kinh doanh xuất bản phẩm,C00,15.00,,THPTQG,2020,,daniele15,
VHS,7320402,Kinh doanh xuất bản phẩm,D01,15.00,,THPTQG,2020,,daniele15,
VHS,7320402,Kinh doanh xuất bản phẩm,D10,15.00,,THPTQG,2020,,daniele15,
VHS,7320402,Kinh doanh xuất bản phẩm,D15,15.00,,THPTQG,2020,,daniele15,
VHS,7810101,Du lịch,C00,24.00,,THPTQG,2020,,daniele15,
VHS,7810101,Du lịch,D01,24.00,,THPTQG,2020,,daniele15,
VHS,7810101,Du lịch,D10,24.00,,THPTQG,2020,,daniele15,
VHS,7810101,Du lịch,D15,24.00,,THPTQG,2020,,daniele15,
VHS,7810103A,Quản trị dịch vụ du lịch và lữ hành,C00,25.00,,THPTQG,2020,,daniele15,
VHS,7810103A,Quản trị dịch vụ du lịch và lữ hành,D01,25.00,,THPTQG,2020,,daniele15,
VHS,7810103A,Quản trị dịch vụ du lịch và lữ hành,D10,25.00,,THPTQG,2020,,daniele15,
VHS,7810103A,Quản trị dịch vụ du lịch và lữ hành,D15,25.00,,THPTQG,2020,,daniele15,
VHS,7810103B,Quản trị dịch vụ du lịch và lữ hành,C00,24.00,,THPTQG,2020,,daniele15,
VHS,7810103B,Quản trị dịch vụ du lịch và lữ hành,D01,24.00,,THPTQG,2020,,daniele15,
VHS,7810103B,Quản trị dịch vụ du lịch và lữ hành,D10,24.00,,THPTQG,2020,,daniele15,
VHS,7810103B,Quản trị dịch vụ du lịch và lữ hành,D15,24.00,,THPTQG,2020,,daniele15,
VKU,7340101,Quản trị kinh doanh,A00,18.00,,HocBa,2020,TO >= 6TTNV <= 3,daniele15,
VKU,7340101,Quản trị kinh doanh,A01,18.00,,HocBa,2020,TO >= 6TTNV <= 3,daniele15,
VKU,7340101,Quản trị kinh doanh,D01,18.00,,HocBa,2020,TO >= 6TTNV <= 3,daniele15,
VKU,7340101,Quản trị kinh doanh,D90,18.00,,HocBa,2020,TO >= 6TTNV <= 3,daniele15,
VKU,7480108,Công nghệ kỹ thuật máy tính,A00,18.00,,HocBa,2020,TO >= 6.4TTNV <=1,daniele15,
VKU,7480108,Công nghệ kỹ thuật máy tính,A01,18.00,,HocBa,2020,TO >= 6.4TTNV <=1,daniele15,
VKU,7480108,Công nghệ kỹ thuật máy tính,D01,18.00,,HocBa,2020,TO >= 6.4TTNV <=1,daniele15,
VKU,7480108,Công nghệ kỹ thuật máy tính,D90,18.00,,HocBa,2020,TO >= 6.4TTNV <=1,daniele15,
VKU,7480201,Công nghệ thông tin,A00,18.00,,HocBa,2020,TO >= 7.2TTNV <=2,daniele15,
VKU,7480201,Công nghệ thông tin,A01,18.00,,HocBa,2020,TO >= 7.2TTNV <=2,daniele15,
VKU,7480201,Công nghệ thông tin,D01,18.00,,HocBa,2020,TO >= 7.2TTNV <=2,daniele15,
VKU,7480201,Công nghệ thông tin,D90,18.00,,HocBa,2020,TO >= 7.2TTNV <=2,daniele15,
VLU,7140246,Sư phạm công nghệ,A01,18.50,,THPTQG,2020,,daniele15,
VLU,7140246,Sư phạm công nghệ,C04,18.50,,THPTQG,2020,,daniele15,
VLU,7140246,Sư phạm công nghệ,C14,18.50,,THPTQG,2020,,daniele15,
VLU,7140246,Sư phạm công nghệ,D01,18.50,,THPTQG,2020,,daniele15,
VLU,7310101,Kinh tế,A00,15.00,,THPTQG,2020,,daniele15,
VLU,7310101,Kinh tế,A01,15.00,,THPTQG,2020,,daniele15,
VLU,7310101,Kinh tế,C04,15.00,,THPTQG,2020,,daniele15,
VLU,7310101,Kinh tế,D01,15.00,,THPTQG,2020,,daniele15,
VLU,7380101,Luật,A00,15.00,,THPTQG,2020,,daniele15,
VLU,7380101,Luật,C00,15.00,,THPTQG,2020,,daniele15,
VLU,7380101,Luật,C19,15.00,,THPTQG,2020,,daniele15,
VLU,7380101,Luật,D01,15.00,,THPTQG,2020,,daniele15,
VLU,7420201,Công nghệ sinh học,A01,15.00,,THPTQG,2020,,daniele15,
VLU,7420201,Công nghệ sinh học,B00,15.00,,THPTQG,2020,,daniele15,
VLU,7420201,Công nghệ sinh học,C04,15.00,,THPTQG,2020,,daniele15,
VLU,7420201,Công nghệ sinh học,D01,15.00,,THPTQG,2020,,daniele15,
VLU,7480201,Công nghệ thông tin,A00,15.00,,THPTQG,2020,,daniele15,
VLU,7480201,Công nghệ thông tin,A01,15.00,,THPTQG,2020,,daniele15,
VLU,7480201,Công nghệ thông tin,C04,15.00,,THPTQG,2020,,daniele15,
VLU,7480201,Công nghệ thông tin,D01,15.00,,THPTQG,2020,,daniele15,
VLU,7510104,Công nghệ kỹ thuật giao thông,A00,15.00,,THPTQG,2020,,daniele15,
VLU,7510104,Công nghệ kỹ thuật giao thông,A01,15.00,,THPTQG,2020,,daniele15,
VLU,7510104,Công nghệ kỹ thuật giao thông,C04,15.00,,THPTQG,2020,,daniele15,
VLU,7510104,Công nghệ kỹ thuật giao thông,D01,15.00,,THPTQG,2020,,daniele15,
VLU,7510201,Công nghệ kỹ thuật cơ khí,A00,15.00,,THPTQG,2020,,daniele15,
VLU,7510201,Công nghệ kỹ thuật cơ khí,A01,15.00,,THPTQG,2020,,daniele15,
VLU,7510201,Công nghệ kỹ thuật cơ khí,C04,15.00,,THPTQG,2020,,daniele15,
VLU,7510201,Công nghệ kỹ thuật cơ khí,D01,15.00,,THPTQG,2020,,daniele15,
VLU,7510202,Công nghệ chế tạo máy,A00,15.00,,THPTQG,2020,,daniele15,
VLU,7510202,Công nghệ chế tạo máy,A01,15.00,,THPTQG,2020,,daniele15,
VLU,7510202,Công nghệ chế tạo máy,C04,15.00,,THPTQG,2020,,daniele15,
VLU,7510202,Công nghệ chế tạo máy,D01,15.00,,THPTQG,2020,,daniele15,
VLU,7510203,Công nghệ kỹ thuật cơ điện tử,A00,15.00,,THPTQG,2020,,daniele15,
VLU,7510203,Công nghệ kỹ thuật cơ điện tử,A01,15.00,,THPTQG,2020,,daniele15,
VLU,7510203,Công nghệ kỹ thuật cơ điện tử,C04,15.00,,THPTQG,2020,,daniele15,
VLU,7510203,Công nghệ kỹ thuật cơ điện tử,D01,15.00,,THPTQG,2020,,daniele15,
VLU,7510205,Công nghệ kỹ thuật ô tô,A00,18.00,,THPTQG,2020,,daniele15,
VLU,7510205,Công nghệ kỹ thuật ô tô,A01,18.00,,THPTQG,2020,,daniele15,
VLU,7510205,Công nghệ kỹ thuật ô tô,C04,18.00,,THPTQG,2020,,daniele15,
VLU,7510205,Công nghệ kỹ thuật ô tô,D01,18.00,,THPTQG,2020,,daniele15,
VLU,7510206,Công nghệ kỹ thuật máy tính,A00,15.00,,THPTQG,2020,(Điện lạnh),daniele15,
VLU,7510206,Công nghệ kỹ thuật máy tính,A01,15.00,,THPTQG,2020,(Điện lạnh),daniele15,
VLU,7510206,Công nghệ kỹ thuật máy tính,C04,15.00,,THPTQG,2020,(Điện lạnh),daniele15,
VLU,7510206,Công nghệ kỹ thuật máy tính,D01,15.00,,THPTQG,2020,(Điện lạnh),daniele15,
VLU,7510301,"Công nghệ kỹ thuật điện, điện tử",A00,15.00,,THPTQG,2020,,daniele15,
VLU,7510301,"Công nghệ kỹ thuật điện, điện tử",A01,15.00,,THPTQG,2020,,daniele15,
VLU,7510301,"Công nghệ kỹ thuật điện, điện tử",C04,15.00,,THPTQG,2020,,daniele15,
VLU,7510301,"Công nghệ kỹ thuật điện, điện tử",D01,15.00,,THPTQG,2020,,daniele15,
VLU,7510303,Công nghệ kỹ thuật điều khiển và tự động hóa,A00,15.00,,THPTQG,2020,,daniele15,
VLU,7510303,Công nghệ kỹ thuật điều khiển và tự động hóa,A01,15.00,,THPTQG,2020,,daniele15,
VLU,7510303,Công nghệ kỹ thuật điều khiển và tự động hóa,C04,15.00,,THPTQG,2020,,daniele15,
VLU,7510303,Công nghệ kỹ thuật điều khiển và tự động hóa,D01,15.00,,THPTQG,2020,,daniele15,
VLU,7520116,Kỹ thuật cơ khí động lực,A00,15.00,,THPTQG,2020,,daniele15,
VLU,7520116,Kỹ thuật cơ khí động lực,A01,15.00,,THPTQG,2020,,daniele15,
VLU,7520116,Kỹ thuật cơ khí động lực,C04,15.00,,THPTQG,2020,,daniele15,
VLU,7520116,Kỹ thuật cơ khí động lực,D01,15.00,,THPTQG,2020,,daniele15,
VLU,7520301,Kỹ thuật hoá học,A00,15.00,,THPTQG,2020,,daniele15,
VLU,7520301,Kỹ thuật hoá học,A01,15.00,,THPTQG,2020,,daniele15,
VLU,7520301,Kỹ thuật hoá học,C04,15.00,,THPTQG,2020,,daniele15,
VLU,7520301,Kỹ thuật hoá học,D01,15.00,,THPTQG,2020,,daniele15,
VLU,7540101,Công nghệ thực phẩm,A01,15.00,,THPTQG,2020,,daniele15,
VLU,7540101,Công nghệ thực phẩm,B00,15.00,,THPTQG,2020,,daniele15,
VLU,7540101,Công nghệ thực phẩm,C04,15.00,,THPTQG,2020,,daniele15,
VLU,7540101,Công nghệ thực phẩm,D01,15.00,,THPTQG,2020,,daniele15,
VLU,7640101,Thú y,A01,15.00,,THPTQG,2020,,daniele15,
VLU,7640101,Thú y,B00,15.00,,THPTQG,2020,,daniele15,
VLU,7640101,Thú y,C04,15.00,,THPTQG,2020,,daniele15,
VLU,7640101,Thú y,D01,15.00,,THPTQG,2020,,daniele15,
VLU,7760101,Công tác xã hội,A01,15.00,,THPTQG,2020,,daniele15,
VLU,7760101,Công tác xã hội,C00,15.00,,THPTQG,2020,,daniele15,
VLU,7760101,Công tác xã hội,C19,15.00,,THPTQG,2020,,daniele15,
VLU,7760101,Công tác xã hội,D01,15.00,,THPTQG,2020,,daniele15,
VLU,7810101,Du lịch,A01,15.00,,THPTQG,2020,,daniele15,
VLU,7810101,Du lịch,C00,15.00,,THPTQG,2020,,daniele15,
VLU,7810101,Du lịch,C19,15.00,,THPTQG,2020,,daniele15,
VLU,7810101,Du lịch,D01,15.00,,THPTQG,2020,,daniele15,
VTT,7340101,Quản trị kinh doanh,A00,14.00,,THPTQG,2020,,daniele15,
VTT,7340101,Quản trị kinh doanh,B00,14.00,,THPTQG,2020,,daniele15,
VTT,7340101,Quản trị kinh doanh,C02,14.00,,THPTQG,2020,,daniele15,
VTT,7340101,Quản trị kinh doanh,D07,14.00,,THPTQG,2020,,daniele15,
VTT,7340201LT,Tài chính - Ngân hàng,A00,14.00,,THPTQG,2020,,daniele15,
VTT,7340201LT,Tài chính - Ngân hàng,A01,14.00,,THPTQG,2020,,daniele15,
VTT,7340201LT,Tài chính - Ngân hàng,D01,14.00,,THPTQG,2020,,daniele15,
VTT,7340201LT,Tài chính - Ngân hàng,D07,14.00,,THPTQG,2020,,daniele15,
VTT,7340301LT,Kế toán,A00,14.00,,THPTQG,2020,,daniele15,
VTT,7340301LT,Kế toán,A01,14.00,,THPTQG,2020,,daniele15,
VTT,7340301LT,Kế toán,D01,14.00,,THPTQG,2020,,daniele15,
VTT,7340301LT,Kế toán,D07,14.00,,THPTQG,2020,,daniele15,
VTT,7720101,Y khoa,A02,21.00,,THPTQG,2020,,daniele15,
VTT,7720101,Y khoa,B00,21.00,,THPTQG,2020,,daniele15,
VTT,7720101,Y khoa,B03,21.00,,THPTQG,2020,,daniele15,
VTT,7720101,Y khoa,D08,21.00,,THPTQG,2020,,daniele15,
VTT,7720201,Dược học,A00,20.00,,THPTQG,2020,,daniele15,
VTT,7720201,Dược học,B00,20.00,,THPTQG,2020,,daniele15,
VTT,7720201,Dược học,C02,20.00,,THPTQG,2020,,daniele15,
VTT,7720201,Dược học,D07,20.00,,THPTQG,2020,,daniele15,
XDA,7480101,Kỹ thuật xây dựng,A00,23.00,,THPTQG,2020,,daniele15,
XDA,7480101,Kỹ thuật xây dựng,A01,23.00,,THPTQG,2020,,daniele15,
XDA,7480101,Kỹ thuật xây dựng,D07,23.00,,THPTQG,2020,,daniele15,
XDA,7480201,Công nghệ thông tin,A00,24.25,,THPTQG,2020,,daniele15,
XDA,7480201,Công nghệ thông tin,A01,24.25,,THPTQG,2020,,daniele15,
XDA,7480201,Công nghệ thông tin,D07,24.25,,THPTQG,2020,,daniele15,
XDA,7510105,Công nghệ kỹ thuật vật liệu xây dựng,A00,16.00,,THPTQG,2020,,daniele15,
XDA,7510105,Công nghệ kỹ thuật vật liệu xây dựng,D07,16.00,,THPTQG,2020,,daniele15,
XDA,7510406,Công nghệ kỹ thuật môi trường,A00,16.00,,THPTQG,2020,,daniele15,
XDA,7510406,Công nghệ kỹ thuật môi trường,B00,16.00,,THPTQG,2020,,daniele15,
XDA,7510406,Công nghệ kỹ thuật môi trường,D07,16.00,,THPTQG,2020,,daniele15,
XDA,7520103,Kỹ thuật cơ khí,A00,16.00,,THPTQG,2020,,daniele15,
XDA,7520103,Kỹ thuật cơ khí,A01,16.00,,THPTQG,2020,,daniele15,
XDA,7520103,Kỹ thuật cơ khí,D07,16.00,,THPTQG,2020,,daniele15,
XDA,7520309,Kỹ thuật vật liệu,A00,16.00,,THPTQG,2020,,daniele15,
XDA,7520309,Kỹ thuật vật liệu,B00,16.00,,THPTQG,2020,,daniele15,
XDA,7520309,Kỹ thuật vật liệu,D07,16.00,,THPTQG,2020,,daniele15,
XDA,7520320,Kỹ thuật môi trường,A00,16.00,,THPTQG,2020,,daniele15,
XDA,7520320,Kỹ thuật môi trường,B00,16.00,,THPTQG,2020,,daniele15,
XDA,7520320,Kỹ thuật môi trường,D07,16.00,,THPTQG,2020,,daniele15,
XDA,7580101,Kiến trúc,V00,20.75,,THPTQG,2020,Chuyên ngành: Kiến trúc công nghệ,daniele15,
XDA,7580101,Kiến trúc,V02,20.75,,THPTQG,2020,Chuyên ngành: Kiến trúc công nghệ,daniele15,
XDA,7580101,Kiến trúc,V00,21.75,,THPTQG,2020,,daniele15,
XDA,7580101,Kiến trúc,V02,21.75,,THPTQG,2020,,daniele15,
XDA,7580101,Kiến trúc,V10,21.75,,THPTQG,2020,,daniele15,
XDA,7580101,Kiến trúc,V00,22.50,,THPTQG,2020,Chuyên ngành: Kiến trúc nội thất,daniele15,
XDA,7580101,Kiến trúc,V02,22.50,,THPTQG,2020,Chuyên ngành: Kiến trúc nội thất,daniele15,
XDA,7580105,Quy hoạch vùng và đô thị,V00,16.00,,THPTQG,2020,,daniele15,
XDA,7580105,Quy hoạch vùng và đô thị,V01,16.00,,THPTQG,2020,,daniele15,
XDA,7580105,Quy hoạch vùng và đô thị,V02,16.00,,THPTQG,2020,,daniele15,
XDA,7580201,Kỹ thuật xây dựng,A00,16.00,,THPTQG,2020,,daniele15,
XDA,7580201,Kỹ thuật xây dựng,A01,16.00,,THPTQG,2020,,daniele15,
XDA,7580201,Kỹ thuật xây dựng,D07,16.00,,THPTQG,2020,,daniele15,
XDA,7580201,Kỹ thuật xây dựng,A00,19.00,,THPTQG,2020,Chuyên ngành: Tin học xây dựng,daniele15,
XDA,7580201,Kỹ thuật xây dựng,A01,19.00,,THPTQG,2020,Chuyên ngành: Tin học xây dựng,daniele15,
XDA,7580201,Kỹ thuật xây dựng,D07,19.00,,THPTQG,2020,Chuyên ngành: Tin học xây dựng,daniele15,
XDA,7580201,Kỹ thuật xây dựng,A00,19.75,,THPTQG,2020,Chuyên ngành: Hệ thống kỹ thuật trong công trình,daniele15,
XDA,7580201,Kỹ thuật xây dựng,A01,19.75,,THPTQG,2020,Chuyên ngành: Hệ thống kỹ thuật trong công trình,daniele15,
XDA,7580201,Kỹ thuật xây dựng,D07,19.75,,THPTQG,2020,Chuyên ngành: Hệ thống kỹ thuật trong công trình,daniele15,
XDA,7580201,Kỹ thuật xây dựng,A00,21.75,,THPTQG,2020,Chuyên ngành: Xây dựng Dân dụng và Công nghiệp,daniele15,
XDA,7580201,Kỹ thuật xây dựng,A01,21.75,,THPTQG,2020,Chuyên ngành: Xây dựng Dân dụng và Công nghiệp,daniele15,
XDA,7580201,Kỹ thuật xây dựng,D07,21.75,,THPTQG,2020,Chuyên ngành: Xây dựng Dân dụng và Công nghiệp,daniele15,
XDA,7580201,Kỹ thuật xây dựng,D24,21.75,,THPTQG,2020,Chuyên ngành: Xây dựng Dân dụng và Công nghiệp,daniele15,
XDA,7580201,Kỹ thuật xây dựng,D29,21.75,,THPTQG,2020,Chuyên ngành: Xây dựng Dân dụng và Công nghiệp,daniele15,
XDA,7580205,Xây dựng cầu đường,A00,16.00,,THPTQG,2020,,daniele15,
XDA,7580205,Xây dựng cầu đường,A01,16.00,,THPTQG,2020,,daniele15,
XDA,7580205,Xây dựng cầu đường,D07,16.00,,THPTQG,2020,,daniele15,
XDA,7580213,Kỹ thuật cấp thoát nước,A00,16.00,,THPTQG,2020,Chuyên ngành: Kỹ thuật nước - Môi trường nước,daniele15,
XDA,7580213,Kỹ thuật cấp thoát nước,A01,16.00,,THPTQG,2020,Chuyên ngành: Kỹ thuật nước - Môi trường nước,daniele15,
XDA,7580213,Kỹ thuật cấp thoát nước,B00,16.00,,THPTQG,2020,Chuyên ngành: Kỹ thuật nước - Môi trường nước,daniele15,
XDA,7580213,Kỹ thuật cấp thoát nước,D07,16.00,,THPTQG,2020,Chuyên ngành: Kỹ thuật nước - Môi trường nước,daniele15,
XDA,7580302,Quản lý xây dựng,A00,19.50,,THPTQG,2020,Chuyên ngành: Kinh tế và quản lý bất động sản,daniele15,
XDA,7580302,Quản lý xây dựng,A01,19.50,,THPTQG,2020,Chuyên ngành: Kinh tế và quản lý bất động sản,daniele15,
XDA,7580302,Quản lý xây dựng,D07,19.50,,THPTQG,2020,Chuyên ngành: Kinh tế và quản lý bất động sản,daniele15,
XDA,7580302,Quản lý xây dựng,A00,20.00,,THPTQG,2020,Kinh tế và quản lý đô thị,daniele15,
XDA,7580302,Quản lý xây dựng,A01,20.00,,THPTQG,2020,Kinh tế và quản lý đô thị,daniele15,
XDA,7580302,Quản lý xây dựng,D07,20.00,,THPTQG,2020,Kinh tế và quản lý đô thị,daniele15,
XDA,XDA19,Kỹ thuật cơ khí,A00,16.00,,THPTQG,2020,Chuyên ngành máy xây dựng,daniele15,
XDA,XDA19,Kỹ thuật cơ khí,A01,16.00,,THPTQG,2020,Chuyên ngành máy xây dựng,daniele15,
XDA,XDA19,Kỹ thuật cơ khí,D01,16.00,,THPTQG,2020,Chuyên ngành máy xây dựng,daniele15,
XDA,XDA23,Kinh tế xây dựng,A00,24.00,,THPTQG,2020,,daniele15,
XDA,XDA23,Kinh tế xây dựng,A01,24.00,,THPTQG,2020,,daniele15,
XDA,XDA23,Kinh tế xây dựng,D07,24.00,,THPTQG,2020,,daniele15,
XDT,7340301,Kế toán,A00,18.00,,THPTQG,2020,,daniele15,
XDT,7340301,Kế toán,A01,18.00,,THPTQG,2020,,daniele15,
XDT,7340301,Kế toán,C01,18.00,,THPTQG,2020,,daniele15,
XDT,7340301,Kế toán,D01,18.00,,THPTQG,2020,,daniele15,
XDT,7520320,Kỹ thuật môi trường,A00,18.00,,THPTQG,2020,,daniele15,
XDT,7520320,Kỹ thuật môi trường,A01,18.00,,THPTQG,2020,,daniele15,
XDT,7520320,Kỹ thuật môi trường,C01,18.00,,THPTQG,2020,,daniele15,
XDT,7520320,Kỹ thuật môi trường,D01,18.00,,THPTQG,2020,,daniele15,
XDT,7580101,Kiến trúc,V00,18.00,,THPTQG,2020,,daniele15,
XDT,7580101,Kiến trúc,V01,18.00,,THPTQG,2020,,daniele15,
XDT,7580101,Kiến trúc,V02,18.00,,THPTQG,2020,,daniele15,
XDT,7580101,Kiến trúc,V03,18.00,,THPTQG,2020,,daniele15,
XDT,7580201,Kỹ thuật xây dựng,A00,18.00,,THPTQG,2020,,daniele15,
XDT,7580201,Kỹ thuật xây dựng,A01,18.00,,THPTQG,2020,,daniele15,
XDT,7580201,Kỹ thuật xây dựng,C01,18.00,,THPTQG,2020,,daniele15,
XDT,7580201,Kỹ thuật xây dựng,D01,18.00,,THPTQG,2020,,daniele15,
XDT,7580205,Kỹ thuật xây dựng,A00,18.00,,THPTQG,2020,,daniele15,
XDT,7580205,Kỹ thuật xây dựng,A01,18.00,,THPTQG,2020,,daniele15,
XDT,7580205,Kỹ thuật xây dựng,C01,18.00,,THPTQG,2020,,daniele15,
XDT,7580205,Kỹ thuật xây dựng,D01,18.00,,THPTQG,2020,,daniele15,
XDT,7580213,Kỹ thuật cấp thoát nước,A00,18.00,,THPTQG,2020,,daniele15,
XDT,7580213,Kỹ thuật cấp thoát nước,A01,18.00,,THPTQG,2020,,daniele15,
XDT,7580213,Kỹ thuật cấp thoát nước,C01,18.00,,THPTQG,2020,,daniele15,
XDT,7580213,Kỹ thuật cấp thoát nước,D01,18.00,,THPTQG,2020,,daniele15,
XDT,7580301,Kinh tế,A00,18.00,,THPTQG,2020,Kinh tế xây dựng,daniele15,
XDT,7580301,Kinh tế,A01,18.00,,THPTQG,2020,Kinh tế xây dựng,daniele15,
XDT,7580301,Kinh tế,C01,18.00,,THPTQG,2020,Kinh tế xây dựng,daniele15,
XDT,7580301,Kinh tế,D01,18.00,,THPTQG,2020,Kinh tế xây dựng,daniele15,
XDT,7580302,Quản lý xây dựng,A00,18.00,,THPTQG,2020,,daniele15,
XDT,7580302,Quản lý xây dựng,A01,18.00,,THPTQG,2020,,daniele15,
XDT,7580302,Quản lý xây dựng,C01,18.00,,THPTQG,2020,,daniele15,
XDT,7580302,Quản lý xây dựng,D01,18.00,,THPTQG,2020,,daniele15,
YCT,7720101,Y khoa,B00,26.95,,THPTQG,2020,Theo nhu cầu xã hội: 25.95,daniele15,
YCT,7720101H,Y khoa phục vụ ngành hiếm,B00,24.00,,THPTQG,2020,Theo nhu cầu xã hội,daniele15,
YCT,7720110,Y học dự phòng,B00,23.40,,THPTQG,2020,Theo nhu cầu xã hội: 22.4,daniele15,
YCT,7720115,Y học cổ truyền,B00,25.20,,THPTQG,2020,Theo nhu cầu xã hội: 24.2,daniele15,
YCT,7720201,Dược học,B00,26.10,,THPTQG,2020,Theo nhu cầu xã hội: 25.1,daniele15,
YCT,7720301,Điều dưỡng,B00,24.30,,THPTQG,2020,Theo nhu cầu xã hội: 23.3,daniele15,
YCT,7720302,Hộ sinh,B00,22.00,,THPTQG,2020,Theo nhu cầu xã hội: 21,daniele15,
YCT,7720501,Răng - Hàm - Mặt,B00,26.75,,THPTQG,2020,Theo nhu cầu xã hội: 25.75,daniele15,
YCT,7720601,Kỹ thuật xét nghiệm y học,B00,25.20,,THPTQG,2020,Theo nhu cầu xã hội: 24.2,daniele15,
YCT,7720701,Y tế công cộng,B00,19.00,,THPTQG,2020,,daniele15,
YDD,7720301,Điều dưỡng,B00,19.00,,THPTQG,2020,,daniele15,
YDD,7720301,Điều dưỡng,D07,19.00,,THPTQG,2020,,daniele15,
YDD,7720301,Điều dưỡng,D08,19.00,,THPTQG,2020,,daniele15,
YDD,7720302,Hộ sinh,B00,19.00,,THPTQG,2020,,daniele15,
YDD,7720302,Hộ sinh,D07,19.00,,THPTQG,2020,,daniele15,
YDD,7720302,Hộ sinh,D08,19.00,,THPTQG,2020,,daniele15,
YDD,7720401,Dinh dưỡng,B00,15.00,,THPTQG,2020,,daniele15,
YDD,7720401,Dinh dưỡng,D07,15.00,,THPTQG,2020,,daniele15,
YDD,7720401,Dinh dưỡng,D08,15.00,,THPTQG,2020,,daniele15,
YDN,7720101,Y khoa,B00,26.80,,THPTQG,2020,SI>=8TTNV<=1,daniele15,
YDN,7720201,Dược học,B00,25.60,,THPTQG,2020,HO>=7.5TTNV<=3,daniele15,
YDN,7720301A,Điều dưỡng đa khoa,B00,19.00,,THPTQG,2020,SI>=4.75TTNV<=2,daniele15,
YDN,7720301B,Điều dưỡng nha khoa,B00,19.20,,THPTQG,2020,SI>=6.25TTNV<=3,daniele15,
YDN,7720301C,Điều dưỡng gây mê hồi sức,B00,19.20,,THPTQG,2020,SI>=5TTNV<=1,daniele15,
YDN,7720301D,Điều dưỡng phụ sản,B00,19.00,,THPTQG,2020,SI>=5.25TTNV<=2,daniele15,
YDN,7720601,Kỹ thuật xét nghiệm y học,B00,24.30,,THPTQG,2020,SI>=6.75TTNV<=4,daniele15,
YDN,7720602,Kỹ thuật hình ảnh y học,B00,22.20,,THPTQG,2020,SI>=5.5TTNV<=10,daniele15,
YDN,7720603,Kỹ thuật phục hồi chức năng,B00,23.00,,THPTQG,2020,SI>=6TTNV<=3,daniele15,
YDS,7720101,Y khoa,B00,27.70,,XTKH,2020,Kết hợp chứng chỉ Tiếng Anh quốc tế,daniele15,
YDS,7720101,Y khoa,B00,28.45,,THPTQG,2020,,daniele15,
YDS,7720110,Y học dự phòng,B00,21.95,,THPTQG,2020,,daniele15,
YDS,7720115,Y học cổ truyền,B00,25.00,,THPTQG,2020,,daniele15,
YDS,7720201,Dược học,A00,24.20,,XTKH,2020,Kết hợp chứng chỉ Tiếng Anh quốc tế,daniele15,
YDS,7720201,Dược học,B00,24.20,,XTKH,2020,Kết hợp chứng chỉ Tiếng Anh quốc tế,daniele15,
YDS,7720201,Dược học,A00,26.25,,THPTQG,2020,,daniele15,
YDS,7720201,Dược học,B00,26.25,,THPTQG,2020,,daniele15,
YDS,7720301,Điều dưỡng,B00,22.50,,THPTQG,2020,Chỉ tuyển NỮ,daniele15,
YDS,7720301,Điều dưỡng,B00,23.50,,THPTQG,2020,,daniele15,
YDS,7720301,Điều dưỡng,B00,23.65,,THPTQG,2020,,daniele15,
YDS,7720401,Dinh dưỡng,B00,23.40,,THPTQG,2020,,daniele15,
YDS,7720501,Răng - Hàm - Mặt,B00,27.10,,XTKH,2020,Kết hợp chứng chỉ Tiếng Anh quốc tế,daniele15,
YDS,7720501,Răng - Hàm - Mặt,B00,28.00,,THPTQG,2020,,daniele15,
YDS,7720502,Kỹ thuật phục hình răng,B00,24.85,,THPTQG,2020,,daniele15,
YDS,7720601,Kỹ thuật xét nghiệm y học,B00,25.35,,THPTQG,2020,,daniele15,
YDS,7720602,Kỹ thuật hình ảnh y học,B00,24.45,,THPTQG,2020,,daniele15,
YDS,7720603,Kỹ thuật phục hồi chức năng,B00,23.50,,THPTQG,2020,,daniele15,
YDS,7720701,Y tế công cộng,B00,19.00,,THPTQG,2020,,daniele15,
YPB,7720101A,Y khoa,A00,26.00,,THPTQG,2020,,daniele15,
YPB,7720101B,Y khoa,B00,27.00,,THPTQG,2020,,daniele15,
YPB,7720110B,Y học dự phòng,B00,21.40,,THPTQG,2020,,daniele15,
YPB,7720115,Y học cổ truyền,B00,23.90,,THPTQG,2020,,daniele15,
YPB,7720201A,Dược học,A00,25.65,,THPTQG,2020,,daniele15,
YPB,7720201B,Dược học,B00,26.00,,THPTQG,2020,,daniele15,
YPB,7720201D,Dược học,D07,23.85,,THPTQG,2020,"Tổng điểm 3 môn chưa làm tròn: Môn 1- Hóa học, Môn 2 - Toán học, Môn 3 Tiếng Anh",daniele15,
YPB,7720301B,Điều dưỡng,B00,22.85,,THPTQG,2020,,daniele15,
YPB,7720501,Răng - Hàm - Mặt,B00,26.80,,THPTQG,2020,,daniele15,
YPB,7720601,Kỹ thuật xét nghiệm y học,B00,24.60,,THPTQG,2020,,daniele15,
YQH,7720101,Y khoa,A00,23.35,,THPTQG,2020,Xét tuyển HSG bậc THPT thí sinh Nam khu vực miền Bắc,daniele15,
YQH,7720101,Y khoa,B00,23.35,,THPTQG,2020,Xét tuyển HSG bậc THPT thí sinh Nam khu vực miền Bắc,daniele15,
YQH,7720101,Y khoa,A00,24.75,,THPTQG,2020,Xét HSG bậc THPT thí sinh Nữ miền Bắc,daniele15,
YQH,7720101,Y khoa,B00,24.75,,THPTQG,2020,Xét HSG bậc THPT thí sinh Nữ miền Bắc,daniele15,
YQH,7720101,Y khoa,A00,25.00,,THPTQG,2020,Xét tuyển  HSG bậc THPT thí sinh Nữ khu vực miền Nam,daniele15,
YQH,7720101,Y khoa,B00,25.00,,THPTQG,2020,Xét tuyển  HSG bậc THPT thí sinh Nữ khu vực miền Nam,daniele15,
YQH,7720101,Y khoa,A00,25.50,,THPTQG,2020,Áp dụng cho thí sinh Nam xét điểm thi TN THPT khu vực miền Nam,daniele15,
YQH,7720101,Y khoa,B00,25.50,,THPTQG,2020,Áp dụng cho thí sinh Nam xét điểm thi TN THPT khu vực miền Nam,daniele15,
YQH,7720101,Y khoa,A00,25.55,,THPTQG,2020,Ưu tiên xét tuyển thí sinh Nữ miền Bắc,daniele15,
YQH,7720101,Y khoa,B00,25.55,,THPTQG,2020,Ưu tiên xét tuyển thí sinh Nữ miền Bắc,daniele15,
YQH,7720101,Y khoa,A00,26.50,,THPTQG,2020,"Áp dụng cho thí sinh Nam xét điểm thi TN THPT khu vực miền BắcThí sinh mức 26.5, tiêu chí phụ 1- Toán >=9 (A00)- Sinh >=9 (B00)",daniele15,
YQH,7720101,Y khoa,B00,26.50,,THPTQG,2020,"Áp dụng cho thí sinh Nam xét điểm thi TN THPT khu vực miền BắcThí sinh mức 26.5, tiêu chí phụ 1- Toán >=9 (A00)- Sinh >=9 (B00)",daniele15,
YQH,7720101,Y khoa,A00,26.70,,THPTQG,2020,Ưu tiên xét tuyển thí sinh Nữ khu vực miền Nam,daniele15,
YQH,7720101,Y khoa,B00,26.70,,THPTQG,2020,Ưu tiên xét tuyển thí sinh Nữ khu vực miền Nam,daniele15,
YQH,7720101,Y khoa,A00,28.30,,THPTQG,2020,Áp dụng cho thí sinh Nữ xét điểm thi TN THPT khu vực Miền Nam,daniele15,
YQH,7720101,Y khoa,B00,28.30,,THPTQG,2020,Áp dụng cho thí sinh Nữ xét điểm thi TN THPT khu vực Miền Nam,daniele15,
YQH,7720101,Y khoa,A00,28.65,,THPTQG,2020,"Áp dụng cho thí sinh Nữ xét điểm thi TN THPT khu vực miền BắcThí sinh ở mức điểm 28.65, tiêu chí phụ 1Toán >=9.4 (A00)Sinh >=8.5 (B00)",daniele15,
YQH,7720101,Y khoa,B00,28.65,,THPTQG,2020,"Áp dụng cho thí sinh Nữ xét điểm thi TN THPT khu vực miền BắcThí sinh ở mức điểm 28.65, tiêu chí phụ 1Toán >=9.4 (A00)Sinh >=8.5 (B00)",daniele15,
YTB,7720101,Y khoa,B00,27.15,,THPTQG,2020,Thứ tự nguyện vọng không lớn hơn 3,daniele15,
YTB,7720110,Y học dự phòng,B00,19.75,,THPTQG,2020,,daniele15,
YTB,7720201,Dược học,A00,25.75,,THPTQG,2020,Thứ tự nguyện vọng không lớn hơn 3,daniele15,
YTB,7720301,Điều dưỡng,B00,24.40,,THPTQG,2020,,daniele15,
YTB,7720701,Y tế công cộng,B00,16.00,,THPTQG,2020,,daniele15,
YTC,7510406,Công nghệ kỹ thuật môi trường,A00,14.00,,HocBa,2020,Xét học bạ: 15 điểm,daniele15,
YTC,7510406,Công nghệ kỹ thuật môi trường,A01,14.00,,HocBa,2020,Xét học bạ: 15 điểm,daniele15,
YTC,7510406,Công nghệ kỹ thuật môi trường,B00,14.00,,HocBa,2020,Xét học bạ: 15 điểm,daniele15,
YTC,7510406,Công nghệ kỹ thuật môi trường,D01,14.00,,HocBa,2020,Xét học bạ: 15 điểm,daniele15,
YTC,7720401,Dinh dưỡng,B00,15.50,,HocBa,2020,"Xét học bạ: 19,86 điểm",daniele15,
YTC,7720401,Dinh dưỡng,D01,15.50,,HocBa,2020,"Xét học bạ: 19,86 điểm",daniele15,
YTC,7720401,Dinh dưỡng,D08,15.50,,HocBa,2020,"Xét học bạ: 19,86 điểm",daniele15,
YTC,7720601,Kỹ thuật xét nghiệm y học,A00,19.00,,HocBa,2020,"Xét học bạ 24,9 điểm",daniele15,
YTC,7720601,Kỹ thuật xét nghiệm y học,A02,19.00,,HocBa,2020,"Xét học bạ 24,9 điểm",daniele15,
YTC,7720601,Kỹ thuật xét nghiệm y học,B00,19.00,,HocBa,2020,"Xét học bạ 24,9 điểm",daniele15,
YTC,7720603,Kỹ thuật phục hồi chức năng,A00,19.00,,HocBa,2020,"Xét học bạ: 37,17 điểm",daniele15,
YTC,7720603,Kỹ thuật phục hồi chức năng,A01,19.00,,HocBa,2020,"Xét học bạ: 37,17 điểm",daniele15,
YTC,7720603,Kỹ thuật phục hồi chức năng,B00,19.00,,HocBa,2020,"Xét học bạ: 37,17 điểm",daniele15,
YTC,7720603,Kỹ thuật phục hồi chức năng,D01,19.00,,HocBa,2020,"Xét học bạ: 37,17 điểm",daniele15,
YTC,7720701,Y tế công cộng,A00,15.50,,HocBa,2020,"Xét học bạ: 19,5 điểm",daniele15,
YTC,7720701,Y tế công cộng,B00,15.50,,HocBa,2020,"Xét học bạ: 19,5 điểm",daniele15,
YTC,7720701,Y tế công cộng,D01,15.50,,HocBa,2020,"Xét học bạ: 19,5 điểm",daniele15,
YTC,7720701,Y tế công cộng,D08,15.50,,HocBa,2020,"Xét học bạ: 19,5 điểm",daniele15,
YTC,7760101,Công tác xã hội,B00,14.00,,HocBa,2020,Xét học bạ: 15 điểm,daniele15,
YTC,7760101,Công tác xã hội,C03,14.00,,HocBa,2020,Xét học bạ: 15 điểm,daniele15,
YTC,7760101,Công tác xã hội,C04,14.00,,HocBa,2020,Xét học bạ: 15 điểm,daniele15,
YTC,7760101,Công tác xã hội,D01,14.00,,HocBa,2020,Xét học bạ: 15 điểm,daniele15,
