ma_truong,ma_nganh,ten_nganh,to_hop,diem,diem_thang,phuong_thuc,nam,ghi_chu,nguon,source_url
ANH,7860100,Nghiệp vụ An ninh,A01,26.10,,THPTQG,2018,Đối với nữ,daniele15,
ANH,7860100,Nghiệp vụ An ninh,B00,26.10,,THPTQG,2018,Đối với nữ,daniele15,
ANH,7860100,Nghiệp vụ An ninh,C03,26.10,,THPTQG,2018,Đối với nữ,daniele15,
ANH,7860100,Nghiệp vụ An ninh,D01,26.10,,THPTQG,2018,Đối với nữ,daniele15,
ANH,7860100,Nghiệp vụ An ninh,A01,25.80,,THPTQG,2018,Đối với nữ,daniele15,
ANH,7860100,Nghiệp vụ An ninh,B00,25.80,,THPTQG,2018,Đối với nữ,daniele15,
ANH,7860100,Nghiệp vụ An ninh,C03,25.80,,THPTQG,2018,Đối với nữ,daniele15,
ANH,7860100,Nghiệp vụ An ninh,D01,25.80,,THPTQG,2018,Đối với nữ,daniele15,
ANH,7860100,Nghiệp vụ An ninh,A01,25.50,,THPTQG,2018,Đối với nữ,daniele15,
ANH,7860100,Nghiệp vụ An ninh,B00,25.50,,THPTQG,2018,Đối với nữ,daniele15,
ANH,7860100,Nghiệp vụ An ninh,C03,25.50,,THPTQG,2018,Đối với nữ,daniele15,
ANH,7860100,Nghiệp vụ An ninh,D01,25.50,,THPTQG,2018,Đối với nữ,daniele15,
ANH,7860100,Nghiệp vụ An ninh,A01,24.70,,THPTQG,2018,Đối với namTiêu chí phụ:  tổng điểm 3 môn 24.45,daniele15,
ANH,7860100,Nghiệp vụ An ninh,B00,24.70,,THPTQG,2018,Đối với namTiêu chí phụ:  tổng điểm 3 môn 24.45,daniele15,
ANH,7860100,Nghiệp vụ An ninh,C03,24.70,,THPTQG,2018,Đối với namTiêu chí phụ:  tổng điểm 3 môn 24.45,daniele15,
ANH,7860100,Nghiệp vụ An ninh,D01,24.70,,THPTQG,2018,Đối với namTiêu chí phụ:  tổng điểm 3 môn 24.45,daniele15,
ANH,7860100,Nghiệp vụ An ninh,A01,24.20,,THPTQG,2018,Đối với namTiêu chí phụ:  tổng điểm 3 môn 21.7,daniele15,
ANH,7860100,Nghiệp vụ An ninh,B00,24.20,,THPTQG,2018,Đối với namTiêu chí phụ:  tổng điểm 3 môn 21.7,daniele15,
ANH,7860100,Nghiệp vụ An ninh,C03,24.20,,THPTQG,2018,Đối với namTiêu chí phụ:  tổng điểm 3 môn 21.7,daniele15,
ANH,7860100,Nghiệp vụ An ninh,D01,24.20,,THPTQG,2018,Đối với namTiêu chí phụ:  tổng điểm 3 môn 21.7,daniele15,
ANH,7860100,Nghiệp vụ An ninh,A01,18.45,,THPTQG,2018,,daniele15,
ANH,7860100,Nghiệp vụ An ninh,B00,18.45,,THPTQG,2018,,daniele15,
ANH,7860100,Nghiệp vụ An ninh,C03,18.45,,THPTQG,2018,,daniele15,
ANH,7860100,Nghiệp vụ An ninh,D01,18.45,,THPTQG,2018,,daniele15,
BKA,BF1,Kỹ thuật Sinh học,A00,21.10,,THPTQG,2018,,daniele15,
BKA,BF1,Kỹ thuật Sinh học,B00,21.10,,THPTQG,2018,,daniele15,
BKA,BF1,Kỹ thuật Sinh học,D07,21.10,,THPTQG,2018,,daniele15,
BKA,BF2,Kỹ thuật Thực phẩm,A00,21.70,,THPTQG,2018,,daniele15,
BKA,BF2,Kỹ thuật Thực phẩm,B00,21.70,,THPTQG,2018,,daniele15,
BKA,BF2,Kỹ thuật Thực phẩm,D07,21.70,,THPTQG,2018,,daniele15,
BKA,CH1,Kỹ thuật hoá học,A00,20.00,,THPTQG,2018,,daniele15,
BKA,CH1,Kỹ thuật hoá học,B00,20.00,,THPTQG,2018,,daniele15,
BKA,CH1,Kỹ thuật hoá học,D07,20.00,,THPTQG,2018,,daniele15,
BKA,CH2,Hoá học,A00,20.00,,THPTQG,2018,,daniele15,
BKA,CH2,Hoá học,B00,20.00,,THPTQG,2018,,daniele15,
BKA,CH2,Hoá học,D07,20.00,,THPTQG,2018,,daniele15,
BKA,CH3,Kỹ thuật in,A00,20.00,,THPTQG,2018,,daniele15,
BKA,CH3,Kỹ thuật in,B00,20.00,,THPTQG,2018,,daniele15,
BKA,CH3,Kỹ thuật in,D07,20.00,,THPTQG,2018,,daniele15,
BKA,EE-E8,Điều khiển - Tự động hóa và Hệ thống điện,A00,23.00,,THPTQG,2018,Chương trình tiên tiến,daniele15,
BKA,EE-E8,Điều khiển - Tự động hóa và Hệ thống điện,A01,23.00,,THPTQG,2018,Chương trình tiên tiến,daniele15,
BKA,EE1,Kỹ thuật điện,A00,21.00,,THPTQG,2018,,daniele15,
BKA,EE1,Kỹ thuật điện,A01,21.00,,THPTQG,2018,,daniele15,
BKA,EE2,Kỹ thuật Điều khiển - Tự động hóa,A00,23.90,,THPTQG,2018,,daniele15,
BKA,EE2,Kỹ thuật Điều khiển - Tự động hóa,A01,23.90,,THPTQG,2018,,daniele15,
BKA,EM-NU,Quản lý công nghiệp,A00,20.00,,THPTQG,2018,Logistics và Quản lý chuỗi cung ứng - ĐH Northampton (Anh),daniele15,
BKA,EM-NU,Quản lý công nghiệp,A01,20.00,,THPTQG,2018,Logistics và Quản lý chuỗi cung ứng - ĐH Northampton (Anh),daniele15,
BKA,EM-NU,Quản lý công nghiệp,D01,20.00,,THPTQG,2018,Logistics và Quản lý chuỗi cung ứng - ĐH Northampton (Anh),daniele15,
BKA,EM-NU,Quản lý công nghiệp,D07,20.00,,THPTQG,2018,Logistics và Quản lý chuỗi cung ứng - ĐH Northampton (Anh),daniele15,
BKA,EM-VUW,Quản trị kinh doanh,A00,18.00,,THPTQG,2018,ĐH Victoria (New Zealand),daniele15,
BKA,EM-VUW,Quản trị kinh doanh,A01,18.00,,THPTQG,2018,ĐH Victoria (New Zealand),daniele15,
BKA,EM-VUW,Quản trị kinh doanh,D01,18.00,,THPTQG,2018,ĐH Victoria (New Zealand),daniele15,
BKA,EM-VUW,Quản trị kinh doanh,D07,18.00,,THPTQG,2018,ĐH Victoria (New Zealand),daniele15,
BKA,EM1,Kinh tế,A00,20.00,,THPTQG,2018,Kinh tế công nghiệp,daniele15,
BKA,EM1,Kinh tế,A01,20.00,,THPTQG,2018,Kinh tế công nghiệp,daniele15,
BKA,EM1,Kinh tế,D01,20.00,,THPTQG,2018,Kinh tế công nghiệp,daniele15,
BKA,EM2,Quản lý công nghiệp,A00,20.00,,THPTQG,2018,,daniele15,
BKA,EM2,Quản lý công nghiệp,A01,20.00,,THPTQG,2018,,daniele15,
BKA,EM2,Quản lý công nghiệp,D01,20.00,,THPTQG,2018,,daniele15,
BKA,EM3,Quản trị kinh doanh,A00,20.70,,THPTQG,2018,,daniele15,
BKA,EM3,Quản trị kinh doanh,A01,20.70,,THPTQG,2018,,daniele15,
BKA,EM3,Quản trị kinh doanh,D01,20.70,,THPTQG,2018,,daniele15,
BKA,EM4,Kế toán,A00,20.50,,THPTQG,2018,,daniele15,
BKA,EM4,Kế toán,A01,20.50,,THPTQG,2018,,daniele15,
BKA,EM4,Kế toán,D01,20.50,,THPTQG,2018,,daniele15,
BKA,EM5,Tài chính - Ngân hàng,A00,20.00,,THPTQG,2018,,daniele15,
BKA,EM5,Tài chính - Ngân hàng,A01,20.00,,THPTQG,2018,,daniele15,
BKA,EM5,Tài chính - Ngân hàng,D01,20.00,,THPTQG,2018,,daniele15,
BKA,ET-E4,Điện tử viễn thông,A00,21.70,,THPTQG,2018,Chương trình tiên tiến,daniele15,
BKA,ET-E4,Điện tử viễn thông,A01,21.70,,THPTQG,2018,Chương trình tiên tiến,daniele15,
BKA,ET-E5,Kỹ thuật y sinh,A00,21.70,,THPTQG,2018,Chương trình tiên tiến,daniele15,
BKA,ET-E5,Kỹ thuật y sinh,A01,21.70,,THPTQG,2018,Chương trình tiên tiến,daniele15,
BKA,ET-LUH,Điện tử viễn thông,A00,18.00,,THPTQG,2018,ĐH Leibniz Hannover (Đức),daniele15,
BKA,ET-LUH,Điện tử viễn thông,A01,18.00,,THPTQG,2018,ĐH Leibniz Hannover (Đức),daniele15,
BKA,ET-LUH,Điện tử viễn thông,D07,18.00,,THPTQG,2018,ĐH Leibniz Hannover (Đức),daniele15,
BKA,ET1,Kỹ thuật điện tử - viễn thông,A00,22.00,,THPTQG,2018,,daniele15,
BKA,ET1,Kỹ thuật điện tử - viễn thông,A01,22.00,,THPTQG,2018,,daniele15,
BKA,EV1,Kỹ thuật môi trường,A00,20.00,,THPTQG,2018,,daniele15,
BKA,EV1,Kỹ thuật môi trường,B00,20.00,,THPTQG,2018,,daniele15,
BKA,EV1,Kỹ thuật môi trường,D07,20.00,,THPTQG,2018,,daniele15,
BKA,FL1,Tiếng Anh Khoa học kỹ thuật và Công nghệ,D01,21.00,,THPTQG,2018,tiếng anh,daniele15,
BKA,FL2,Tiếng Anh chuyên nghiệp quốc tế,D01,21.00,,THPTQG,2018,,daniele15,
BKA,HE1,Công nghệ Kỹ thuật Nhiệt (Cơ điện lạnh),A00,20.00,,THPTQG,2018,Kỹ thuật nhiệt,daniele15,
BKA,HE1,Công nghệ Kỹ thuật Nhiệt (Cơ điện lạnh),A01,20.00,,THPTQG,2018,Kỹ thuật nhiệt,daniele15,
BKA,IT-E6,Công nghệ thông tin,A00,23.10,,THPTQG,2018,Việt-Nhật,daniele15,
BKA,IT-E6,Công nghệ thông tin,A01,23.10,,THPTQG,2018,Việt-Nhật,daniele15,
BKA,IT-E7,Công nghệ thông tin,A00,24.00,,THPTQG,2018,ICT,daniele15,
BKA,IT-E7,Công nghệ thông tin,A01,24.00,,THPTQG,2018,ICT,daniele15,
BKA,IT-GINP,Hệ thống thông tin,A00,18.80,,THPTQG,2018,ĐH Grenoble (Pháp),daniele15,
BKA,IT-GINP,Hệ thống thông tin,A01,18.80,,THPTQG,2018,ĐH Grenoble (Pháp),daniele15,
BKA,IT-GINP,Hệ thống thông tin,D07,18.80,,THPTQG,2018,ĐH Grenoble (Pháp),daniele15,
BKA,IT-GINP,Hệ thống thông tin,D29,18.80,,THPTQG,2018,ĐH Grenoble (Pháp),daniele15,
BKA,IT-LTU,Công nghệ thông tin,A00,20.50,,THPTQG,2018,ĐH La Trobe (Úc),daniele15,
BKA,IT-LTU,Công nghệ thông tin,A01,20.50,,THPTQG,2018,ĐH La Trobe (Úc),daniele15,
BKA,IT-LTU,Công nghệ thông tin,D07,20.50,,THPTQG,2018,ĐH La Trobe (Úc),daniele15,
BKA,IT-VUW,Công nghệ thông tin,A00,19.60,,THPTQG,2018,ĐH Victoria (New Zealand),daniele15,
BKA,IT-VUW,Công nghệ thông tin,A01,19.60,,THPTQG,2018,ĐH Victoria (New Zealand),daniele15,
BKA,IT-VUW,Công nghệ thông tin,D07,19.60,,THPTQG,2018,ĐH Victoria (New Zealand),daniele15,
BKA,IT1,Khoa học máy tính,A00,25.00,,THPTQG,2018,,daniele15,
BKA,IT1,Khoa học máy tính,A01,25.00,,THPTQG,2018,,daniele15,
BKA,IT2,Kỹ thuật máy tính,A00,23.50,,THPTQG,2018,,daniele15,
BKA,IT2,Kỹ thuật máy tính,A01,23.50,,THPTQG,2018,,daniele15,
BKA,ME-E1,Kỹ thuật cơ điện tử,A00,21.55,,THPTQG,2018,Chương trình tiên tiến,daniele15,
BKA,ME-E1,Kỹ thuật cơ điện tử,A01,21.55,,THPTQG,2018,Chương trình tiên tiến,daniele15,
BKA,ME-GU,Cơ khí - Chế tạo máy,A00,18.00,,THPTQG,2018,ĐH Griffith (Úc),daniele15,
BKA,ME-GU,Cơ khí - Chế tạo máy,A01,18.00,,THPTQG,2018,ĐH Griffith (Úc),daniele15,
BKA,ME-GU,Cơ khí - Chế tạo máy,D07,18.00,,THPTQG,2018,ĐH Griffith (Úc),daniele15,
BKA,ME-NUT,Cơ điện tử,A00,20.35,,THPTQG,2018,ĐH Nagaoka (Nhật Bản),daniele15,
BKA,ME-NUT,Cơ điện tử,A01,20.35,,THPTQG,2018,ĐH Nagaoka (Nhật Bản),daniele15,
BKA,ME-NUT,Cơ điện tử,D07,20.35,,THPTQG,2018,ĐH Nagaoka (Nhật Bản),daniele15,
BKA,ME1,Kỹ thuật cơ điện tử,A00,23.25,,THPTQG,2018,,daniele15,
BKA,ME1,Kỹ thuật cơ điện tử,A01,23.25,,THPTQG,2018,,daniele15,
BKA,ME2,Kỹ thuật cơ khí,A00,21.30,,THPTQG,2018,,daniele15,
BKA,ME2,Kỹ thuật cơ khí,A01,21.30,,THPTQG,2018,,daniele15,
BKA,MI1,Khoa học máy tính,A00,22.30,,THPTQG,2018,,daniele15,
BKA,MI1,Khoa học máy tính,A01,22.30,,THPTQG,2018,,daniele15,
BKA,MI2,Hệ thống thông tin quản lý,A00,21.60,,THPTQG,2018,,daniele15,
BKA,MI2,Hệ thống thông tin quản lý,A01,21.60,,THPTQG,2018,,daniele15,
BKA,MS-E3,Khoa học kỹ thuật Vật liệu,A00,20.00,,THPTQG,2018,Chương trình tiên tiến,daniele15,
BKA,MS-E3,Khoa học kỹ thuật Vật liệu,A01,20.00,,THPTQG,2018,Chương trình tiên tiến,daniele15,
BKA,MS1,Kỹ thuật vật liệu,A00,20.00,,THPTQG,2018,,daniele15,
BKA,MS1,Kỹ thuật vật liệu,A01,20.00,,THPTQG,2018,,daniele15,
BKA,PH1,Vật lý kỹ thuật,A00,20.00,,THPTQG,2018,,daniele15,
BKA,PH1,Vật lý kỹ thuật,A01,20.00,,THPTQG,2018,,daniele15,
BKA,PH2,Kỹ thuật hạt nhân,A00,20.00,,THPTQG,2018,,daniele15,
BKA,PH2,Kỹ thuật hạt nhân,A01,20.00,,THPTQG,2018,,daniele15,
BKA,TE-E2,Kỹ thuật ô tô,A00,21.35,,THPTQG,2018,Chương trình tiên tiến,daniele15,
BKA,TE-E2,Kỹ thuật ô tô,A01,21.35,,THPTQG,2018,Chương trình tiên tiến,daniele15,
BKA,TE1,Kỹ thuật ô tô,A00,22.60,,THPTQG,2018,,daniele15,
BKA,TE1,Kỹ thuật ô tô,A01,22.60,,THPTQG,2018,,daniele15,
BKA,TE2,Kỹ thuật cơ khí,A00,22.20,,THPTQG,2018,Kỹ thuật cơ khí động lực,daniele15,
BKA,TE2,Kỹ thuật cơ khí,A01,22.20,,THPTQG,2018,Kỹ thuật cơ khí động lực,daniele15,
BKA,TE3,Kỹ thuật Hàng không,A00,22.00,,THPTQG,2018,,daniele15,
BKA,TE3,Kỹ thuật Hàng không,A01,22.00,,THPTQG,2018,,daniele15,
BKA,TE4,Kỹ thuật tàu thuỷ,A00,20.00,,THPTQG,2018,,daniele15,
BKA,TE4,Kỹ thuật tàu thuỷ,A01,20.00,,THPTQG,2018,,daniele15,
BKA,TROY-BA,Quản trị kinh doanh,A00,18.00,,THPTQG,2018,ĐH Troy (Hoa Kỳ),daniele15,
BKA,TROY-BA,Quản trị kinh doanh,A01,18.00,,THPTQG,2018,ĐH Troy (Hoa Kỳ),daniele15,
BKA,TROY-BA,Quản trị kinh doanh,D01,18.00,,THPTQG,2018,ĐH Troy (Hoa Kỳ),daniele15,
BKA,TROY-BA,Quản trị kinh doanh,D07,18.00,,THPTQG,2018,ĐH Troy (Hoa Kỳ),daniele15,
BKA,TROY-IT,Kỹ thuật xây dựng,A00,18.00,,THPTQG,2018,ĐH Troy (Hoa Kỳ),daniele15,
BKA,TROY-IT,Kỹ thuật xây dựng,A01,18.00,,THPTQG,2018,ĐH Troy (Hoa Kỳ),daniele15,
BKA,TROY-IT,Kỹ thuật xây dựng,D01,18.00,,THPTQG,2018,ĐH Troy (Hoa Kỳ),daniele15,
BKA,TROY-IT,Kỹ thuật xây dựng,D07,18.00,,THPTQG,2018,ĐH Troy (Hoa Kỳ),daniele15,
BKA,TX1,Kỹ thuật Dệt - May,A00,20.00,,THPTQG,2018,,daniele15,
BKA,TX1,Kỹ thuật Dệt - May,A01,20.00,,THPTQG,2018,,daniele15,
BKA,TX2,Công nghệ may,A00,20.50,,THPTQG,2018,,daniele15,
BKA,TX2,Công nghệ may,A01,20.50,,THPTQG,2018,,daniele15,
BMU,7720101,Y khoa,A02,18.50,,THPTQG,2018,,daniele15,
BMU,7720101,Y khoa,B00,18.50,,THPTQG,2018,,daniele15,
BMU,7720101,Y khoa,D08,18.50,,THPTQG,2018,,daniele15,
BMU,7720201,Dược học,A00,16.00,,THPTQG,2018,,daniele15,
BMU,7720201,Dược học,B00,16.00,,THPTQG,2018,,daniele15,
BMU,7720201,Dược học,D07,16.00,,THPTQG,2018,,daniele15,
BPH,7380101,Luật,A01,27.75,,THPTQG,2018,Ngành luật Thí sinh Nam Quân khu 4 (Quảng Trị và TT-Huế),daniele15,
BPH,7380101,Luật,A01,24.50,,THPTQG,2018,"Ngành luật Thí sinh Nam miền BắcThí sinh mức 24,50 điểm: - Thí sinh có điểm môn Văn ≥ 7,50 trúng tuyển. - Thí sinh có điểm môn Văn ≥ 6,75, điểm môn Sử ≥ 8,25, điểm môn Địa ≥ 9,00 trúng tuyển.",daniele15,
BPH,7380101,Luật,A01,20.00,,THPTQG,2018,luật Thí sinh Nam Quân khu 7,daniele15,
BPH,7380101,Luật,A01,19.25,,THPTQG,2018,luật Thí sinh Nam Quân khu 5,daniele15,
BPH,7380101,Luật,A01,18.75,,THPTQG,2018,luật Thí sinh Nam Quân khu 9,daniele15,
BPH,7380101,Luật,A01,18.00,,THPTQG,2018,Luật Thí sinh Nam Quân khu 7,daniele15,
BPH,7380101,Luật,A01,17.65,,THPTQG,2018,Ngành luật Thí sinh Nam Quân khu 4 (Quảng Trị và TT-Huế),daniele15,
BPH,7380101,Luật,A01,17.00,,THPTQG,2018,Ngành luật Thí sinh Nam miền Bắc,daniele15,
BPH,7380101,Luật,A01,16.50,,THPTQG,2018,luật Thí sinh Nam Quân khu 9,daniele15,
BPH,7860214,Biên phòng,A01,26.00,,THPTQG,2018,"Thí sinh Nam miền BắcThí sinh mức 26,00 điểm: - Thí sinh có điểm môn Văn ≥ 7,50 trúng tuyển. - Thí sinh có điểm môn Văn ≥ 7,00, điểm môn Sử ≥ 7,25, điểm môn Địa ≥ 9,00 trúng tuyển.",daniele15,
BPH,7860214,Biên phòng,A01,25.25,,THPTQG,2018,Thí sinh Nam Quân khu 4 (Quảng Trị và TT-Huế),daniele15,
BPH,7860214,Biên phòng,A01,24.00,,THPTQG,2018,"Thí sinh Nam Quân khu 5Thí sinh mức 24,00 điểm: Điểm môn Văn ≥ 8,50",daniele15,
BPH,7860214,Biên phòng,A01,23.25,,THPTQG,2018,Thí sinh Nam Quân khu 7,daniele15,
BPH,7860214,Biên phòng,A01,21.15,,THPTQG,2018,Thí sinh Nam miền Bắc,daniele15,
BPH,7860214,Biên phòng,A01,20.60,,THPTQG,2018,Thí sinh Nam Quân khu 7,daniele15,
BPH,7860214,Biên phòng,A01,19.00,,THPTQG,2018,Thí sinh Nam Quân khu 5,daniele15,
BPH,7860214,Biên phòng,A01,18.35,,THPTQG,2018,Thí sinh Nam Quân khu 9,daniele15,
BPH,7860214,Biên phòng,A01,16.85,,THPTQG,2018,Thí sinh Nam Quân khu 4 (Quảng Trị và TT-Huế),daniele15,
BVH,7320104,Truyền thông đa phương tiện,A00,20.90,,THPTQG,2018,(Cơ sở phía Bắc) TTNV = 1,daniele15,
BVH,7320104,Truyền thông đa phương tiện,A01,20.90,,THPTQG,2018,(Cơ sở phía Bắc) TTNV = 1,daniele15,
BVH,7320104,Truyền thông đa phương tiện,D01,20.90,,THPTQG,2018,(Cơ sở phía Bắc) TTNV = 1,daniele15,
BVH,7329001,Công nghệ đa phương tiện,A00,20.75,,THPTQG,2018,(Cơ sở phía Bắc) TTNV = 1,daniele15,
BVH,7329001,Công nghệ đa phương tiện,A01,20.75,,THPTQG,2018,(Cơ sở phía Bắc) TTNV = 1,daniele15,
BVH,7329001,Công nghệ đa phương tiện,D01,20.75,,THPTQG,2018,(Cơ sở phía Bắc) TTNV = 1,daniele15,
BVH,7329001,Công nghệ đa phương tiện,A00,19.25,,THPTQG,2018,(Cơ sở đào tạo phía Nam) TTNV <= 8,daniele15,
BVH,7329001,Công nghệ đa phương tiện,A01,19.25,,THPTQG,2018,(Cơ sở đào tạo phía Nam) TTNV <= 8,daniele15,
BVH,7329001,Công nghệ đa phương tiện,D01,19.25,,THPTQG,2018,(Cơ sở đào tạo phía Nam) TTNV <= 8,daniele15,
BVH,7340101,Quản trị kinh doanh,A00,19.65,,THPTQG,2018,(Cơ sở phía Bắc) TTNV <= 2,daniele15,
BVH,7340101,Quản trị kinh doanh,A01,19.65,,THPTQG,2018,(Cơ sở phía Bắc) TTNV <= 2,daniele15,
BVH,7340101,Quản trị kinh doanh,D01,19.65,,THPTQG,2018,(Cơ sở phía Bắc) TTNV <= 2,daniele15,
BVH,7340101,Quản trị kinh doanh,A00,18.20,,THPTQG,2018,(Cơ sở đào tạo phía Nam) TTNV <= 9,daniele15,
BVH,7340101,Quản trị kinh doanh,A01,18.20,,THPTQG,2018,(Cơ sở đào tạo phía Nam) TTNV <= 9,daniele15,
BVH,7340101,Quản trị kinh doanh,D01,18.20,,THPTQG,2018,(Cơ sở đào tạo phía Nam) TTNV <= 9,daniele15,
BVH,7340115,Marketing,A00,20.30,,THPTQG,2018,(Cơ sở phía Bắc)  TTNV = 1,daniele15,
BVH,7340115,Marketing,A01,20.30,,THPTQG,2018,(Cơ sở phía Bắc)  TTNV = 1,daniele15,
BVH,7340115,Marketing,D01,20.30,,THPTQG,2018,(Cơ sở phía Bắc)  TTNV = 1,daniele15,
BVH,7340115,Marketing,A00,19.30,,THPTQG,2018,(Cơ sở đào tạo phía Nam)  TTNV <= 7,daniele15,
BVH,7340115,Marketing,A01,19.30,,THPTQG,2018,(Cơ sở đào tạo phía Nam)  TTNV <= 7,daniele15,
BVH,7340115,Marketing,D01,19.30,,THPTQG,2018,(Cơ sở đào tạo phía Nam)  TTNV <= 7,daniele15,
BVH,7340122,Thương mại điện tử,A00,20.05,,THPTQG,2018,(Cơ sở phía Bắc) TTNV = 1,daniele15,
BVH,7340122,Thương mại điện tử,A01,20.05,,THPTQG,2018,(Cơ sở phía Bắc) TTNV = 1,daniele15,
BVH,7340122,Thương mại điện tử,D01,20.05,,THPTQG,2018,(Cơ sở phía Bắc) TTNV = 1,daniele15,
BVH,7340301,Kế toán,A00,19.65,,THPTQG,2018,(Cơ sở phía Bắc) TTNV <= 12,daniele15,
BVH,7340301,Kế toán,A01,19.65,,THPTQG,2018,(Cơ sở phía Bắc) TTNV <= 12,daniele15,
BVH,7340301,Kế toán,D01,19.65,,THPTQG,2018,(Cơ sở phía Bắc) TTNV <= 12,daniele15,
BVH,7340301,Kế toán,A00,17.00,,THPTQG,2018,(Cơ sở đào tạo phía Nam)  TTNV <= 12,daniele15,
BVH,7340301,Kế toán,A01,17.00,,THPTQG,2018,(Cơ sở đào tạo phía Nam)  TTNV <= 12,daniele15,
BVH,7340301,Kế toán,D01,17.00,,THPTQG,2018,(Cơ sở đào tạo phía Nam)  TTNV <= 12,daniele15,
BVH,7480201,Công nghệ thông tin,A00,22.00,,THPTQG,2018,(Cơ sở phía Bắc) TTNV = 1,daniele15,
BVH,7480201,Công nghệ thông tin,A01,22.00,,THPTQG,2018,(Cơ sở phía Bắc) TTNV = 1,daniele15,
BVH,7480201,Công nghệ thông tin,A00,20.25,,THPTQG,2018,(Cơ sở đào tạo phía Nam) TTNV <= 8,daniele15,
BVH,7480201,Công nghệ thông tin,A01,20.25,,THPTQG,2018,(Cơ sở đào tạo phía Nam) TTNV <= 8,daniele15,
BVH,7480202,An toàn thông tin,A00,20.80,,THPTQG,2018,(Cơ sở phía Bắc) TTNV <= 2,daniele15,
BVH,7480202,An toàn thông tin,A01,20.80,,THPTQG,2018,(Cơ sở phía Bắc) TTNV <= 2,daniele15,
BVH,7480202,An toàn thông tin,A00,19.00,,THPTQG,2018,(Cơ sở đào tạo phía Nam) TTNV <= 7,daniele15,
BVH,7480202,An toàn thông tin,A01,19.00,,THPTQG,2018,(Cơ sở đào tạo phía Nam) TTNV <= 7,daniele15,
BVH,7510301,"Công nghệ kỹ thuật điện, điện tử",A00,19.05,,THPTQG,2018,(Cơ sở phía Bắc) TTNV = 1,daniele15,
BVH,7510301,"Công nghệ kỹ thuật điện, điện tử",A01,19.05,,THPTQG,2018,(Cơ sở phía Bắc) TTNV = 1,daniele15,
BVH,7510301,"Công nghệ kỹ thuật điện, điện tử",A00,16.50,,THPTQG,2018,(Cơ sở đào tạo phía Nam)TTNV <= 10,daniele15,
BVH,7510301,"Công nghệ kỹ thuật điện, điện tử",A01,16.50,,THPTQG,2018,(Cơ sở đào tạo phía Nam)TTNV <= 10,daniele15,
BVH,7520207,Kỹ thuật điện tử - viễn thông,A00,19.10,,THPTQG,2018,(Cơ sở phía Bắc) TTNV <= 3,daniele15,
BVH,7520207,Kỹ thuật điện tử - viễn thông,A01,19.10,,THPTQG,2018,(Cơ sở phía Bắc) TTNV <= 3,daniele15,
BVH,7520207,Kỹ thuật điện tử - viễn thông,A00,17.00,,THPTQG,2018,(Cơ sở đào tạo phía Nam) TTNV <= 7,daniele15,
BVH,7520207,Kỹ thuật điện tử - viễn thông,A01,17.00,,THPTQG,2018,(Cơ sở đào tạo phía Nam) TTNV <= 7,daniele15,
CCM,51140201,Giáo dục Mầm non,,15.00,,HocBa,2018,"Điểm chuẩn học bạ: Có học lực lớp 12 xếp loại Khá, tổng điểm 3 môn theo tổ hợp từ 18 điểm trở lên",daniele15,
CCM,51140202,Giáo dục Tiểu học,C01,15.00,,HocBa,2018,"Hệ cao đẳngĐiểm chuẩn học bạ: Có học lực lớp 12 xếp loại Khá, tổng điểm 3 môn theo tổ hợp từ 18 điểm trở lên",daniele15,
CCM,51140202,Giáo dục Tiểu học,C03,15.00,,HocBa,2018,"Hệ cao đẳngĐiểm chuẩn học bạ: Có học lực lớp 12 xếp loại Khá, tổng điểm 3 môn theo tổ hợp từ 18 điểm trở lên",daniele15,
CCM,51140202,Giáo dục Tiểu học,C20,15.00,,HocBa,2018,"Hệ cao đẳngĐiểm chuẩn học bạ: Có học lực lớp 12 xếp loại Khá, tổng điểm 3 môn theo tổ hợp từ 18 điểm trở lên",daniele15,
CCM,51140202,Giáo dục Tiểu học,D01,15.00,,HocBa,2018,"Hệ cao đẳngĐiểm chuẩn học bạ: Có học lực lớp 12 xếp loại Khá, tổng điểm 3 môn theo tổ hợp từ 18 điểm trở lên",daniele15,
CCM,7140201,Giáo dục Mầm non,,17.00,,HocBa,2018,"Điểm chuẩn học bạ: Có học lực lớp 12 xếp loại giỏi, tổng điểm 3 môn theo tổ hợp từ 18 điểm trở lên",daniele15,
CCM,7140202,Giáo dục Tiểu học,C20,17.00,,HocBa,2018,"Điểm chuẩn học bạ: Có học lực lớp 12 xếp loại giỏi, tổng điểm 3 môn theo tổ hợp từ 18 điểm trở lên",daniele15,
CCM,7140205,Giáo dục Chính trị,A00,17.00,,HocBa,2018,"Điểm chuẩn học bạ: Có học lực lớp 12 xếp loại giỏi, tổng điểm 3 môn theo tổ hợp từ 18 điểm trở lên",daniele15,
CCM,7140205,Giáo dục Chính trị,C00,17.00,,HocBa,2018,"Điểm chuẩn học bạ: Có học lực lớp 12 xếp loại giỏi, tổng điểm 3 môn theo tổ hợp từ 18 điểm trở lên",daniele15,
CCM,7140205,Giáo dục Chính trị,C04,17.00,,HocBa,2018,"Điểm chuẩn học bạ: Có học lực lớp 12 xếp loại giỏi, tổng điểm 3 môn theo tổ hợp từ 18 điểm trở lên",daniele15,
CCM,7140205,Giáo dục Chính trị,D01,17.00,,HocBa,2018,"Điểm chuẩn học bạ: Có học lực lớp 12 xếp loại giỏi, tổng điểm 3 môn theo tổ hợp từ 18 điểm trở lên",daniele15,
CCM,7140209,Sư phạm Toán học,A00,17.00,,HocBa,2018,"Điểm chuẩn học bạ: Có học lực lớp 12 xếp loại giỏi, tổng điểm 3 môn theo tổ hợp từ 18 điểm trở lên",daniele15,
CCM,7140209,Sư phạm Toán học,C01,17.00,,HocBa,2018,"Điểm chuẩn học bạ: Có học lực lớp 12 xếp loại giỏi, tổng điểm 3 môn theo tổ hợp từ 18 điểm trở lên",daniele15,
CCM,7140209,Sư phạm Toán học,C02,17.00,,HocBa,2018,"Điểm chuẩn học bạ: Có học lực lớp 12 xếp loại giỏi, tổng điểm 3 môn theo tổ hợp từ 18 điểm trở lên",daniele15,
CCM,7140209,Sư phạm Toán học,D01,17.00,,HocBa,2018,"Điểm chuẩn học bạ: Có học lực lớp 12 xếp loại giỏi, tổng điểm 3 môn theo tổ hợp từ 18 điểm trở lên",daniele15,
CCM,7140211,Sư phạm Vật lý,A00,17.00,,HocBa,2018,"Điểm chuẩn học bạ: Có học lực lớp 12 xếp loại giỏi, tổng điểm 3 môn theo tổ hợp từ 18 điểm trở lên",daniele15,
CCM,7140211,Sư phạm Vật lý,A01,17.00,,HocBa,2018,"Điểm chuẩn học bạ: Có học lực lớp 12 xếp loại giỏi, tổng điểm 3 môn theo tổ hợp từ 18 điểm trở lên",daniele15,
CCM,7140211,Sư phạm Vật lý,C01,17.00,,HocBa,2018,"Điểm chuẩn học bạ: Có học lực lớp 12 xếp loại giỏi, tổng điểm 3 môn theo tổ hợp từ 18 điểm trở lên",daniele15,
CCM,7140211,Sư phạm Vật lý,D11,17.00,,HocBa,2018,"Điểm chuẩn học bạ: Có học lực lớp 12 xếp loại giỏi, tổng điểm 3 môn theo tổ hợp từ 18 điểm trở lên",daniele15,
CCM,7140212,Sư phạm Hóa học,A00,17.00,,HocBa,2018,"Điểm chuẩn học bạ: Có học lực lớp 12 xếp loại giỏi, tổng điểm 3 môn theo tổ hợp từ 18 điểm trở lên",daniele15,
CCM,7140212,Sư phạm Hóa học,B00,17.00,,HocBa,2018,"Điểm chuẩn học bạ: Có học lực lớp 12 xếp loại giỏi, tổng điểm 3 môn theo tổ hợp từ 18 điểm trở lên",daniele15,
CCM,7140212,Sư phạm Hóa học,C02,17.00,,HocBa,2018,"Điểm chuẩn học bạ: Có học lực lớp 12 xếp loại giỏi, tổng điểm 3 môn theo tổ hợp từ 18 điểm trở lên",daniele15,
CCM,7140212,Sư phạm Hóa học,D07,17.00,,HocBa,2018,"Điểm chuẩn học bạ: Có học lực lớp 12 xếp loại giỏi, tổng điểm 3 môn theo tổ hợp từ 18 điểm trở lên",daniele15,
CCM,7140231,Sư phạm Tiếng Anh,A01,17.00,,HocBa,2018,"Điểm chuẩn học bạ: Có học lực lớp 12 xếp loại giỏi, tổng điểm 3 môn theo tổ hợp từ 18 điểm trở lên",daniele15,
CCM,7140231,Sư phạm Tiếng Anh,D01,17.00,,HocBa,2018,"Điểm chuẩn học bạ: Có học lực lớp 12 xếp loại giỏi, tổng điểm 3 môn theo tổ hợp từ 18 điểm trở lên",daniele15,
CCM,7140231,Sư phạm Tiếng Anh,D09,17.00,,HocBa,2018,"Điểm chuẩn học bạ: Có học lực lớp 12 xếp loại giỏi, tổng điểm 3 môn theo tổ hợp từ 18 điểm trở lên",daniele15,
CCM,7140231,Sư phạm Tiếng Anh,D14,17.00,,HocBa,2018,"Điểm chuẩn học bạ: Có học lực lớp 12 xếp loại giỏi, tổng điểm 3 môn theo tổ hợp từ 18 điểm trở lên",daniele15,
CCM,7210404,Thiết kế thời trang,D01,15.00,,THPTQG,2018,,daniele15,
CCM,7210404,Thiết kế thời trang,H00,15.00,,THPTQG,2018,,daniele15,
CCM,7210404,Thiết kế thời trang,V00,15.00,,THPTQG,2018,,daniele15,
CCM,7210404,Thiết kế thời trang,V01,15.00,,THPTQG,2018,,daniele15,
CCM,7220201,Ngôn ngữ Anh,D15,13.50,,HocBa,2018,Điểm chuẩn học bạ lấy 18 điểm,daniele15,
CCM,7220204,Ngôn ngữ Trung Quốc,D01,13.50,,HocBa,2018,Điểm chuẩn học bạ lấy 18 điểm,daniele15,
CCM,7220204,Ngôn ngữ Trung Quốc,D04,13.50,,HocBa,2018,Điểm chuẩn học bạ lấy 18 điểm,daniele15,
CCM,7220204,Ngôn ngữ Trung Quốc,D14,13.50,,HocBa,2018,Điểm chuẩn học bạ lấy 18 điểm,daniele15,
CCM,7220204,Ngôn ngữ Trung Quốc,D15,13.50,,HocBa,2018,Điểm chuẩn học bạ lấy 18 điểm,daniele15,
CCM,7310201,Chính trị học,A00,13.50,,HocBa,2018,Điểm chuẩn học bạ lấy 18 điểm,daniele15,
CCM,7310201,Chính trị học,C00,13.50,,HocBa,2018,Điểm chuẩn học bạ lấy 18 điểm,daniele15,
CCM,7310201,Chính trị học,C14,13.50,,HocBa,2018,Điểm chuẩn học bạ lấy 18 điểm,daniele15,
CCM,7310201,Chính trị học,C15,13.50,,HocBa,2018,Điểm chuẩn học bạ lấy 18 điểm,daniele15,
CCM,7340101,Quản trị kinh doanh,C14,13.50,,HocBa,2018,Điểm chuẩn học bạ lấy 18 điểm,daniele15,
CCM,7340101,Quản trị kinh doanh,C20,13.50,,HocBa,2018,Điểm chuẩn học bạ lấy 18 điểm,daniele15,
CCM,7340115,Marketing,A00,14.00,,THPTQG,2018,,daniele15,
CCM,7340115,Marketing,A01,14.00,,THPTQG,2018,,daniele15,
CCM,7340115,Marketing,D01,14.00,,THPTQG,2018,,daniele15,
CCM,7340115,Marketing,D07,14.00,,THPTQG,2018,,daniele15,
CCM,7340201,Tài chính - Ngân hàng,C20,13.50,,HocBa,2018,Điểm chuẩn học bạ lấy 18 điểm,daniele15,
CCM,7340301,Kế toán,C14,13.50,,HocBa,2018,Điểm chuẩn học bạ lấy 18 điểm,daniele15,
CCM,7340301,Kế toán,C20,13.50,,HocBa,2018,Điểm chuẩn học bạ lấy 18 điểm,daniele15,
CCM,7380101,Luật,C14,13.50,,HocBa,2018,Điểm chuẩn học bạ lấy 18 điểm,daniele15,
CCM,7440301,Khoa học môi trường,A00,13.50,,HocBa,2018,Điểm chuẩn học bạ lấy 18 điểm,daniele15,
CCM,7440301,Khoa học môi trường,B00,13.50,,HocBa,2018,Điểm chuẩn học bạ lấy 18 điểm,daniele15,
CCM,7440301,Khoa học môi trường,B03,13.50,,HocBa,2018,Điểm chuẩn học bạ lấy 18 điểm,daniele15,
CCM,7440301,Khoa học môi trường,D07,13.50,,HocBa,2018,Điểm chuẩn học bạ lấy 18 điểm,daniele15,
CCM,7480201,Công nghệ thông tin,A00,13.50,,HocBa,2018,Điểm chuẩn học bạ lấy 18 điểm,daniele15,
CCM,7480201,Công nghệ thông tin,A01,13.50,,HocBa,2018,Điểm chuẩn học bạ lấy 18 điểm,daniele15,
CCM,7480201,Công nghệ thông tin,A04,13.50,,HocBa,2018,Điểm chuẩn học bạ lấy 18 điểm,daniele15,
CCM,7480201,Công nghệ thông tin,C01,13.50,,HocBa,2018,Điểm chuẩn học bạ lấy 18 điểm,daniele15,
CCM,7510201,Công nghệ kỹ thuật cơ khí,A00,14.00,,THPTQG,2018,,daniele15,
CCM,7510201,Công nghệ kỹ thuật cơ khí,A01,14.00,,THPTQG,2018,,daniele15,
CCM,7510201,Công nghệ kỹ thuật cơ khí,D01,14.00,,THPTQG,2018,,daniele15,
CCM,7510201,Công nghệ kỹ thuật cơ khí,D07,14.00,,THPTQG,2018,,daniele15,
CCM,7510301,"Công nghệ kỹ thuật điện, điện tử",A00,14.00,,THPTQG,2018,,daniele15,
CCM,7510301,"Công nghệ kỹ thuật điện, điện tử",A01,14.00,,THPTQG,2018,,daniele15,
CCM,7510301,"Công nghệ kỹ thuật điện, điện tử",D01,14.00,,THPTQG,2018,,daniele15,
CCM,7510301,"Công nghệ kỹ thuật điện, điện tử",D07,14.00,,THPTQG,2018,,daniele15,
CCM,7510601,Quản lý công nghiệp,A00,15.00,,THPTQG,2018,,daniele15,
CCM,7510601,Quản lý công nghiệp,A01,15.00,,THPTQG,2018,,daniele15,
CCM,7510601,Quản lý công nghiệp,D01,15.00,,THPTQG,2018,,daniele15,
CCM,7510601,Quản lý công nghiệp,D07,15.00,,THPTQG,2018,,daniele15,
CCM,7540202,"Công nghệ sợi, dệt",A00,14.00,,THPTQG,2018,,daniele15,
CCM,7540202,"Công nghệ sợi, dệt",A01,14.00,,THPTQG,2018,,daniele15,
CCM,7540202,"Công nghệ sợi, dệt",D01,14.00,,THPTQG,2018,,daniele15,
CCM,7540202,"Công nghệ sợi, dệt",D07,14.00,,THPTQG,2018,,daniele15,
CCM,7540209,Công nghệ may,A00,16.50,,THPTQG,2018,,daniele15,
CCM,7540209,Công nghệ may,A01,16.50,,THPTQG,2018,,daniele15,
CCM,7540209,Công nghệ may,D01,16.50,,THPTQG,2018,,daniele15,
CCM,7540209,Công nghệ may,D07,16.50,,THPTQG,2018,,daniele15,
CCM,7580201,Kỹ thuật xây dựng,A02,13.50,,HocBa,2018,Điểm chuẩn học bạ lấy 18 điểm,daniele15,
CCM,7620110,Khoa học cây trồng,A00,13.50,,HocBa,2018,Điểm chuẩn học bạ lấy 18 điểm,daniele15,
CCM,7620110,Khoa học cây trồng,B00,13.50,,HocBa,2018,Điểm chuẩn học bạ lấy 18 điểm,daniele15,
CCM,7620110,Khoa học cây trồng,B03,13.50,,HocBa,2018,Điểm chuẩn học bạ lấy 18 điểm,daniele15,
CCM,7620110,Khoa học cây trồng,D07,13.50,,HocBa,2018,Điểm chuẩn học bạ lấy 18 điểm,daniele15,
CCM,7810103,Quản trị dịch vụ du lịch và lữ hành,A00,13.50,,HocBa,2018,Điểm chuẩn học bạ lấy 18 điểm,daniele15,
CCM,7810103,Quản trị dịch vụ du lịch và lữ hành,D01,13.50,,HocBa,2018,Điểm chuẩn học bạ lấy 18 điểm,daniele15,
CEA,7310101,Kinh tế,A00,14.00,,THPTQG,2018,,daniele15,
CEA,7310101,Kinh tế,A01,14.00,,THPTQG,2018,,daniele15,
CEA,7310101,Kinh tế,B00,14.00,,THPTQG,2018,,daniele15,
CEA,7310101,Kinh tế,D01,14.00,,THPTQG,2018,,daniele15,
CEA,7340101,Quản trị kinh doanh,A00,14.00,,THPTQG,2018,,daniele15,
CEA,7340101,Quản trị kinh doanh,A01,14.00,,THPTQG,2018,,daniele15,
CEA,7340101,Quản trị kinh doanh,B00,14.00,,THPTQG,2018,,daniele15,
CEA,7340101,Quản trị kinh doanh,D01,14.00,,THPTQG,2018,,daniele15,
CEA,7340201,Tài chính - Ngân hàng,A00,14.00,,THPTQG,2018,,daniele15,
CEA,7340201,Tài chính - Ngân hàng,A01,14.00,,THPTQG,2018,,daniele15,
CEA,7340201,Tài chính - Ngân hàng,B00,14.00,,THPTQG,2018,,daniele15,
CEA,7340201,Tài chính - Ngân hàng,D01,14.00,,THPTQG,2018,,daniele15,
CEA,7340301,Kế toán,A00,14.00,,THPTQG,2018,,daniele15,
CEA,7340301,Kế toán,A01,14.00,,THPTQG,2018,,daniele15,
CEA,7340301,Kế toán,B00,14.00,,THPTQG,2018,,daniele15,
CEA,7340301,Kế toán,D01,14.00,,THPTQG,2018,,daniele15,
CEA,7620110,Khoa học cây trồng,A00,14.00,,THPTQG,2018,,daniele15,
CEA,7620110,Khoa học cây trồng,A01,14.00,,THPTQG,2018,,daniele15,
CEA,7620110,Khoa học cây trồng,B00,14.00,,THPTQG,2018,,daniele15,
CEA,7620110,Khoa học cây trồng,D01,14.00,,THPTQG,2018,,daniele15,
CEA,7620201,Lâm học,A00,14.00,,THPTQG,2018,,daniele15,
CEA,7620201,Lâm học,A01,14.00,,THPTQG,2018,,daniele15,
CEA,7620201,Lâm học,B00,14.00,,THPTQG,2018,,daniele15,
CEA,7620201,Lâm học,D01,14.00,,THPTQG,2018,,daniele15,
CEA,7640101,Thú y,A00,14.00,,THPTQG,2018,,daniele15,
CEA,7640101,Thú y,A01,14.00,,THPTQG,2018,,daniele15,
CEA,7640101,Thú y,B00,14.00,,THPTQG,2018,,daniele15,
CEA,7640101,Thú y,D01,14.00,,THPTQG,2018,,daniele15,
CEA,7850103,Quản lý đất đai,A00,14.00,,THPTQG,2018,,daniele15,
CEA,7850103,Quản lý đất đai,A01,14.00,,THPTQG,2018,,daniele15,
CEA,7850103,Quản lý đất đai,B00,14.00,,THPTQG,2018,,daniele15,
CEA,7850103,Quản lý đất đai,D01,14.00,,THPTQG,2018,,daniele15,
CSH,7860100,Nghiệp vụ cảnh sát,B00,27.15,,THPTQG,2018,nam,daniele15,
CSH,7860100,Nghiệp vụ cảnh sát,B00,25.40,,THPTQG,2018,nữ,daniele15,
CSH,7860100,Nghiệp vụ cảnh sát,B00,25.25,,THPTQG,2018,nữ,daniele15,
CSH,7860100,Nghiệp vụ cảnh sát,B00,24.90,,THPTQG,2018,nữ,daniele15,
CSH,7860100,Nghiệp vụ cảnh sát,B00,24.65,,THPTQG,2018,nam,daniele15,
CSH,7860100,Nghiệp vụ cảnh sát,B00,24.15,,THPTQG,2018,namTổng điểm 3 môn: 21.40 và Điểm môn Ngữ Văn 7.75,daniele15,
CSH,7860100,Nghiệp vụ cảnh sát,B00,18.45,,THPTQG,2018,,daniele15,
CSS,7860100,Nghiệp vụ cảnh sát,D01,24.40,,THPTQG,2018,Nữ,daniele15,
CSS,7860100,Nghiệp vụ cảnh sát,D01,24.20,,THPTQG,2018,Nữ,daniele15,
CSS,7860100,Nghiệp vụ cảnh sát,D01,23.90,,THPTQG,2018,Namtổng điểm 03 môn: 21.4 điểm và môn Văn: 7.25 điểm,daniele15,
CSS,7860100,Nghiệp vụ cảnh sát,D01,23.85,,THPTQG,2018,Nam,daniele15,
CSS,7860100,Nghiệp vụ cảnh sát,D01,23.60,,THPTQG,2018,Nữ,daniele15,
CSS,7860100,Nghiệp vụ cảnh sát,D01,22.95,,THPTQG,2018,Namtổng điểm 03 môn: 22.2 điểm,daniele15,
DBD,7140206,Giáo dục Thể chất,B00,17.00,,THPTQG,2018,,daniele15,
DBD,7140206,Giáo dục Thể chất,T00,17.00,,THPTQG,2018,,daniele15,
DBD,7220201,Ngôn ngữ Anh,A01,13.50,,THPTQG,2018,,daniele15,
DBD,7220201,Ngôn ngữ Anh,A10,13.50,,THPTQG,2018,,daniele15,
DBD,7220201,Ngôn ngữ Anh,D01,13.50,,THPTQG,2018,,daniele15,
DBD,7220201,Ngôn ngữ Anh,D66,13.50,,THPTQG,2018,,daniele15,
DBD,7229030,Văn học,A01,14.00,,THPTQG,2018,,daniele15,
DBD,7229030,Văn học,A09,14.00,,THPTQG,2018,,daniele15,
DBD,7229030,Văn học,C00,14.00,,THPTQG,2018,,daniele15,
DBD,7229030,Văn học,D01,14.00,,THPTQG,2018,,daniele15,
DBD,7310301,Xã hội học,A01,14.00,,THPTQG,2018,,daniele15,
DBD,7310301,Xã hội học,A09,14.00,,THPTQG,2018,,daniele15,
DBD,7310301,Xã hội học,C00,14.00,,THPTQG,2018,,daniele15,
DBD,7310301,Xã hội học,D01,14.00,,THPTQG,2018,,daniele15,
DBD,7310630,Việt Nam học,A01,13.50,,THPTQG,2018,Chuyên ngành du lịch,daniele15,
DBD,7310630,Việt Nam học,A09,13.50,,THPTQG,2018,Chuyên ngành du lịch,daniele15,
DBD,7310630,Việt Nam học,C00,13.50,,THPTQG,2018,Chuyên ngành du lịch,daniele15,
DBD,7310630,Việt Nam học,D01,13.50,,THPTQG,2018,Chuyên ngành du lịch,daniele15,
DBD,7340101,Quản trị kinh doanh,A00,13.50,,THPTQG,2018,,daniele15,
DBD,7340101,Quản trị kinh doanh,A01,13.50,,THPTQG,2018,,daniele15,
DBD,7340101,Quản trị kinh doanh,C00,13.50,,THPTQG,2018,,daniele15,
DBD,7340101,Quản trị kinh doanh,D01,13.50,,THPTQG,2018,,daniele15,
DBD,7340201,Tài chính - Ngân hàng,A01,13.50,,THPTQG,2018,,daniele15,
DBD,7340201,Tài chính - Ngân hàng,A09,13.50,,THPTQG,2018,,daniele15,
DBD,7340201,Tài chính - Ngân hàng,C00,13.50,,THPTQG,2018,,daniele15,
DBD,7340201,Tài chính - Ngân hàng,D01,13.50,,THPTQG,2018,,daniele15,
DBD,7340301,Kế toán,A00,13.50,,THPTQG,2018,,daniele15,
DBD,7340301,Kế toán,A01,13.50,,THPTQG,2018,,daniele15,
DBD,7340301,Kế toán,C00,13.50,,THPTQG,2018,,daniele15,
DBD,7340301,Kế toán,D01,13.50,,THPTQG,2018,,daniele15,
DBD,7380107,Luật,A00,13.50,,THPTQG,2018,Luật kinh tế,daniele15,
DBD,7380107,Luật,A01,13.50,,THPTQG,2018,Luật kinh tế,daniele15,
DBD,7380107,Luật,C00,13.50,,THPTQG,2018,Luật kinh tế,daniele15,
DBD,7380107,Luật,D01,13.50,,THPTQG,2018,Luật kinh tế,daniele15,
DBD,7420201,Công nghệ sinh học,A00,14.00,,THPTQG,2018,,daniele15,
DBD,7420201,Công nghệ sinh học,A01,14.00,,THPTQG,2018,,daniele15,
DBD,7420201,Công nghệ sinh học,B00,14.00,,THPTQG,2018,,daniele15,
DBD,7420201,Công nghệ sinh học,D01,14.00,,THPTQG,2018,,daniele15,
DBD,7480201,Công nghệ thông tin,A00,13.50,,THPTQG,2018,,daniele15,
DBD,7480201,Công nghệ thông tin,A01,13.50,,THPTQG,2018,,daniele15,
DBD,7480201,Công nghệ thông tin,A02,13.50,,THPTQG,2018,,daniele15,
DBD,7480201,Công nghệ thông tin,D01,13.50,,THPTQG,2018,,daniele15,
DBD,7510102,Công nghệ kỹ thuật công trình xây dựng,A00,14.00,,THPTQG,2018,,daniele15,
DBD,7510102,Công nghệ kỹ thuật công trình xây dựng,A01,14.00,,THPTQG,2018,,daniele15,
DBD,7510102,Công nghệ kỹ thuật công trình xây dựng,V00,14.00,,THPTQG,2018,,daniele15,
DBD,7510102,Công nghệ kỹ thuật công trình xây dựng,V01,14.00,,THPTQG,2018,,daniele15,
DBD,7510301,"Công nghệ kỹ thuật điện, điện tử",A00,13.50,,THPTQG,2018,,daniele15,
DBD,7510301,"Công nghệ kỹ thuật điện, điện tử",A01,13.50,,THPTQG,2018,,daniele15,
DBD,7510301,"Công nghệ kỹ thuật điện, điện tử",A02,13.50,,THPTQG,2018,,daniele15,
DBD,7510301,"Công nghệ kỹ thuật điện, điện tử",D01,13.50,,THPTQG,2018,,daniele15,
DBD,7580101,Kiến trúc,A00,14.00,,THPTQG,2018,,daniele15,
DBD,7580101,Kiến trúc,A09,14.00,,THPTQG,2018,,daniele15,
DBD,7580101,Kiến trúc,V00,14.00,,THPTQG,2018,,daniele15,
DBD,7580101,Kiến trúc,V01,14.00,,THPTQG,2018,,daniele15,
DBD,7720201,Dược học,A00,16.00,,THPTQG,2018,,daniele15,
DBD,7720201,Dược học,B00,16.00,,THPTQG,2018,,daniele15,
DBD,7720201,Dược học,C08,16.00,,THPTQG,2018,,daniele15,
DBD,7720201,Dược học,D07,16.00,,THPTQG,2018,,daniele15,
DBG,7140215,Sư phạm Kỹ thuật nông nghiệp,A00,17.00,,THPTQG,2018,Cơ sở TPHCM,daniele15,
DBG,7140215,Sư phạm Kỹ thuật nông nghiệp,A01,17.00,,THPTQG,2018,Cơ sở TPHCM,daniele15,
DBG,7140215,Sư phạm Kỹ thuật nông nghiệp,B00,17.00,,THPTQG,2018,Cơ sở TPHCM,daniele15,
DBG,7140215,Sư phạm Kỹ thuật nông nghiệp,D08,17.00,,THPTQG,2018,Cơ sở TPHCM,daniele15,
DBG,7220201,Ngôn ngữ Anh,A01,20.00,,THPTQG,2018,Cơ sở TPHCM,daniele15,
DBG,7220201,Ngôn ngữ Anh,D01,20.00,,THPTQG,2018,Cơ sở TPHCM,daniele15,
DBG,7220201,Ngôn ngữ Anh,D14,20.00,,THPTQG,2018,Cơ sở TPHCM,daniele15,
DBG,7220201,Ngôn ngữ Anh,D15,20.00,,THPTQG,2018,Cơ sở TPHCM,daniele15,
DBG,7220201,Ngôn ngữ Anh,A01,15.00,,THPTQG,2018,Phân hiệu tại Ninh Thuận,daniele15,
DBG,7220201,Ngôn ngữ Anh,D01,15.00,,THPTQG,2018,Phân hiệu tại Ninh Thuận,daniele15,
DBG,7220201,Ngôn ngữ Anh,D14,15.00,,THPTQG,2018,Phân hiệu tại Ninh Thuận,daniele15,
DBG,7220201,Ngôn ngữ Anh,D15,15.00,,THPTQG,2018,Phân hiệu tại Ninh Thuận,daniele15,
DBG,7310101,Kinh tế,A00,17.50,,THPTQG,2018,Cơ sở TPHCM,daniele15,
DBG,7310101,Kinh tế,A01,17.50,,THPTQG,2018,Cơ sở TPHCM,daniele15,
DBG,7310101,Kinh tế,D01,17.50,,THPTQG,2018,Cơ sở TPHCM,daniele15,
DBG,7310101,Kinh tế,A00,13.00,,THPTQG,2018,,daniele15,
DBG,7310101,Kinh tế,A01,13.00,,THPTQG,2018,,daniele15,
DBG,7310101,Kinh tế,D01,13.00,,THPTQG,2018,,daniele15,
DBG,7340101,Quản trị kinh doanh,A00,18.50,,THPTQG,2018,Cơ sở TPHCM,daniele15,
DBG,7340101,Quản trị kinh doanh,A01,18.50,,THPTQG,2018,Cơ sở TPHCM,daniele15,
DBG,7340101,Quản trị kinh doanh,D01,18.50,,THPTQG,2018,Cơ sở TPHCM,daniele15,
DBG,7340101,Quản trị kinh doanh,A00,15.00,,THPTQG,2018,Phân hiệu tại Ninh Thuận,daniele15,
DBG,7340101,Quản trị kinh doanh,A01,15.00,,THPTQG,2018,Phân hiệu tại Ninh Thuận,daniele15,
DBG,7340101,Quản trị kinh doanh,D01,15.00,,THPTQG,2018,Phân hiệu tại Ninh Thuận,daniele15,
DBG,7340101C,Quản trị kinh doanh,A00,18.00,,THPTQG,2018,Chương trình đào tạo chất lượng cao,daniele15,
DBG,7340101C,Quản trị kinh doanh,A01,18.00,,THPTQG,2018,Chương trình đào tạo chất lượng cao,daniele15,
DBG,7340101C,Quản trị kinh doanh,D01,18.00,,THPTQG,2018,Chương trình đào tạo chất lượng cao,daniele15,
DBG,7340120Q,Kinh doanh,A00,16.75,,THPTQG,2018,Chương trình đào tạo cử nhân quốc tế,daniele15,
DBG,7340120Q,Kinh doanh,A01,16.75,,THPTQG,2018,Chương trình đào tạo cử nhân quốc tế,daniele15,
DBG,7340120Q,Kinh doanh,D01,16.75,,THPTQG,2018,Chương trình đào tạo cử nhân quốc tế,daniele15,
DBG,7340121Q,Thương mại,A00,16.75,,THPTQG,2018,Chương trình đào tạo cử nhân quốc tế,daniele15,
DBG,7340121Q,Thương mại,A01,16.75,,THPTQG,2018,Chương trình đào tạo cử nhân quốc tế,daniele15,
DBG,7340121Q,Thương mại,D01,16.75,,THPTQG,2018,Chương trình đào tạo cử nhân quốc tế,daniele15,
DBG,7340121Q,Thương mại,D07,16.75,,THPTQG,2018,Chương trình đào tạo cử nhân quốc tế,daniele15,
DBG,7340301,Kế toán,A00,18.25,,THPTQG,2018,Cơ sở TPHCM,daniele15,
DBG,7340301,Kế toán,A01,18.25,,THPTQG,2018,Cơ sở TPHCM,daniele15,
DBG,7340301,Kế toán,D01,18.25,,THPTQG,2018,Cơ sở TPHCM,daniele15,
DBG,7340301,Kế toán,A00,15.00,,THPTQG,2018,Phân hiệu tại Gia Lai,daniele15,
DBG,7340301,Kế toán,A01,15.00,,THPTQG,2018,Phân hiệu tại Gia Lai,daniele15,
DBG,7340301,Kế toán,D01,15.00,,THPTQG,2018,Phân hiệu tại Gia Lai,daniele15,
DBG,7340301,Kế toán,A00,13.00,,THPTQG,2018,,daniele15,
DBG,7340301,Kế toán,A01,13.00,,THPTQG,2018,,daniele15,
DBG,7340301,Kế toán,D01,13.00,,THPTQG,2018,,daniele15,
DBG,7420201,Công nghệ sinh học,A00,19.15,,THPTQG,2018,Cơ sở TPHCM,daniele15,
DBG,7420201,Công nghệ sinh học,A01,19.15,,THPTQG,2018,Cơ sở TPHCM,daniele15,
DBG,7420201,Công nghệ sinh học,B00,19.15,,THPTQG,2018,Cơ sở TPHCM,daniele15,
DBG,7420201,Công nghệ sinh học,D01,19.15,,THPTQG,2018,Cơ sở TPHCM,daniele15,
DBG,7420201,Công nghệ sinh học,A00,13.00,,THPTQG,2018,,daniele15,
DBG,7420201,Công nghệ sinh học,A01,13.00,,THPTQG,2018,,daniele15,
DBG,7420201,Công nghệ sinh học,B00,13.00,,THPTQG,2018,,daniele15,
DBG,7420201,Công nghệ sinh học,D01,13.00,,THPTQG,2018,,daniele15,
DBG,7420201Q (LKQT),Công nghệ sinh học,A00,16.00,,THPTQG,2018,Chương trình đào tạo cử nhân quốc tế,daniele15,
DBG,7420201Q (LKQT),Công nghệ sinh học,A02,16.00,,THPTQG,2018,Chương trình đào tạo cử nhân quốc tế,daniele15,
DBG,7420201Q (LKQT),Công nghệ sinh học,B00,16.00,,THPTQG,2018,Chương trình đào tạo cử nhân quốc tế,daniele15,
DBG,7440212,Bản đồ học,A00,18.00,,THPTQG,2018,Cơ sở TPHCM,daniele15,
DBG,7440212,Bản đồ học,A01,18.00,,THPTQG,2018,Cơ sở TPHCM,daniele15,
DBG,7440212,Bản đồ học,D07,18.00,,THPTQG,2018,Cơ sở TPHCM,daniele15,
DBG,7440301,Khoa học môi trường,A00,17.00,,THPTQG,2018,Cơ sở TPHCM,daniele15,
DBG,7440301,Khoa học môi trường,A01,17.00,,THPTQG,2018,Cơ sở TPHCM,daniele15,
DBG,7440301,Khoa học môi trường,B00,17.00,,THPTQG,2018,Cơ sở TPHCM,daniele15,
DBG,7440301,Khoa học môi trường,D07,17.00,,THPTQG,2018,Cơ sở TPHCM,daniele15,
DBG,7480201,Công nghệ thông tin,A00,18.15,,THPTQG,2018,Cơ sở TPHCM,daniele15,
DBG,7480201,Công nghệ thông tin,A01,18.15,,THPTQG,2018,Cơ sở TPHCM,daniele15,
DBG,7480201,Công nghệ thông tin,D07,18.15,,THPTQG,2018,Cơ sở TPHCM,daniele15,
DBG,7510201,Công nghệ kỹ thuật cơ khí,A00,17.50,,THPTQG,2018,Cơ sở TPHCM,daniele15,
DBG,7510201,Công nghệ kỹ thuật cơ khí,A01,17.50,,THPTQG,2018,Cơ sở TPHCM,daniele15,
DBG,7510201,Công nghệ kỹ thuật cơ khí,D07,17.50,,THPTQG,2018,Cơ sở TPHCM,daniele15,
DBG,7510201C,Công nghệ kỹ thuật cơ khí,A00,17.00,,THPTQG,2018,Chương trình đào tạo chất lượng cao,daniele15,
DBG,7510201C,Công nghệ kỹ thuật cơ khí,A01,17.00,,THPTQG,2018,Chương trình đào tạo chất lượng cao,daniele15,
DBG,7510201C,Công nghệ kỹ thuật cơ khí,D07,17.00,,THPTQG,2018,Chương trình đào tạo chất lượng cao,daniele15,
DBG,7510203,Công nghệ kỹ thuật cơ điện tử,A00,18.00,,THPTQG,2018,Cơ sở TPHCM,daniele15,
DBG,7510203,Công nghệ kỹ thuật cơ điện tử,A01,18.00,,THPTQG,2018,Cơ sở TPHCM,daniele15,
DBG,7510203,Công nghệ kỹ thuật cơ điện tử,D07,18.00,,THPTQG,2018,Cơ sở TPHCM,daniele15,
DBG,7510205,Công nghệ kỹ thuật ô tô,A00,19.00,,THPTQG,2018,Cơ sở TPHCM,daniele15,
DBG,7510205,Công nghệ kỹ thuật ô tô,A01,19.00,,THPTQG,2018,Cơ sở TPHCM,daniele15,
DBG,7510205,Công nghệ kỹ thuật ô tô,D07,19.00,,THPTQG,2018,Cơ sở TPHCM,daniele15,
DBG,7510206,Công nghệ Kỹ thuật Nhiệt (Cơ điện lạnh),A00,17.00,,THPTQG,2018,Cơ sở TPHCM,daniele15,
DBG,7510206,Công nghệ Kỹ thuật Nhiệt (Cơ điện lạnh),A01,17.00,,THPTQG,2018,Cơ sở TPHCM,daniele15,
DBG,7510206,Công nghệ Kỹ thuật Nhiệt (Cơ điện lạnh),D07,17.00,,THPTQG,2018,Cơ sở TPHCM,daniele15,
DBG,7510401,Công nghệ kỹ thuật hoá học,A00,18.25,,THPTQG,2018,Cơ sở TPHCM,daniele15,
DBG,7510401,Công nghệ kỹ thuật hoá học,A01,18.25,,THPTQG,2018,Cơ sở TPHCM,daniele15,
DBG,7510401,Công nghệ kỹ thuật hoá học,B00,18.25,,THPTQG,2018,Cơ sở TPHCM,daniele15,
DBG,7510401,Công nghệ kỹ thuật hoá học,D07,18.25,,THPTQG,2018,Cơ sở TPHCM,daniele15,
DBG,7520216,Kỹ thuật điều khiển và tự động hoá,A00,17.50,,THPTQG,2018,Cơ sở TPHCM,daniele15,
DBG,7520216,Kỹ thuật điều khiển và tự động hoá,A01,17.50,,THPTQG,2018,Cơ sở TPHCM,daniele15,
DBG,7520216,Kỹ thuật điều khiển và tự động hoá,D07,17.50,,THPTQG,2018,Cơ sở TPHCM,daniele15,
DBG,7520320C,Kỹ thuật môi trường,A00,17.00,,THPTQG,2018,Chương trình đào tạo chất lượng cao,daniele15,
DBG,7520320C,Kỹ thuật môi trường,A01,17.00,,THPTQG,2018,Chương trình đào tạo chất lượng cao,daniele15,
DBG,7520320C,Kỹ thuật môi trường,B00,17.00,,THPTQG,2018,Chương trình đào tạo chất lượng cao,daniele15,
DBG,7520320C,Kỹ thuật môi trường,D07,17.00,,THPTQG,2018,Chương trình đào tạo chất lượng cao,daniele15,
DBG,7540101,Công nghệ thực phẩm,A00,18.75,,THPTQG,2018,Cơ sở TPHCM,daniele15,
DBG,7540101,Công nghệ thực phẩm,A01,18.75,,THPTQG,2018,Cơ sở TPHCM,daniele15,
DBG,7540101,Công nghệ thực phẩm,B00,18.75,,THPTQG,2018,Cơ sở TPHCM,daniele15,
DBG,7540101,Công nghệ thực phẩm,D01,18.75,,THPTQG,2018,Cơ sở TPHCM,daniele15,
DBG,7540101,Công nghệ thực phẩm,A00,15.00,,THPTQG,2018,Phân hiệu tại Gia Lai,daniele15,
DBG,7540101,Công nghệ thực phẩm,A01,15.00,,THPTQG,2018,Phân hiệu tại Gia Lai,daniele15,
DBG,7540101,Công nghệ thực phẩm,B00,15.00,,THPTQG,2018,Phân hiệu tại Gia Lai,daniele15,
DBG,7540101,Công nghệ thực phẩm,D01,15.00,,THPTQG,2018,Phân hiệu tại Gia Lai,daniele15,
DBG,7540101,Công nghệ thực phẩm,A00,13.00,,THPTQG,2018,,daniele15,
DBG,7540101,Công nghệ thực phẩm,A01,13.00,,THPTQG,2018,,daniele15,
DBG,7540101,Công nghệ thực phẩm,B00,13.00,,THPTQG,2018,,daniele15,
DBG,7540101,Công nghệ thực phẩm,D01,13.00,,THPTQG,2018,,daniele15,
DBG,7540101C,Công nghệ thực phẩm,A00,18.00,,THPTQG,2018,Chương trình đào tạo chất lượng cao,daniele15,
DBG,7540101C,Công nghệ thực phẩm,A01,18.00,,THPTQG,2018,Chương trình đào tạo chất lượng cao,daniele15,
DBG,7540101C,Công nghệ thực phẩm,B00,18.00,,THPTQG,2018,Chương trình đào tạo chất lượng cao,daniele15,
DBG,7540101C,Công nghệ thực phẩm,D08,18.00,,THPTQG,2018,Chương trình đào tạo chất lượng cao,daniele15,
DBG,7540105,Công nghệ chế biến thuỷ sản,A00,17.00,,THPTQG,2018,Cơ sở TPHCM,daniele15,
DBG,7540105,Công nghệ chế biến thuỷ sản,B00,17.00,,THPTQG,2018,Cơ sở TPHCM,daniele15,
DBG,7540105,Công nghệ chế biến thuỷ sản,D07,17.00,,THPTQG,2018,Cơ sở TPHCM,daniele15,
DBG,7540105,Công nghệ chế biến thuỷ sản,D08,17.00,,THPTQG,2018,Cơ sở TPHCM,daniele15,
DBG,7540106,Đảm bảo chất lượng và an toàn thực phẩm,A00,13.00,,THPTQG,2018,,daniele15,
DBG,7540106,Đảm bảo chất lượng và an toàn thực phẩm,A01,13.00,,THPTQG,2018,,daniele15,
DBG,7540106,Đảm bảo chất lượng và an toàn thực phẩm,B00,13.00,,THPTQG,2018,,daniele15,
DBG,7540106,Đảm bảo chất lượng và an toàn thực phẩm,D01,13.00,,THPTQG,2018,,daniele15,
DBG,7549001,Công nghệ chế biến lâm sản,A00,16.00,,THPTQG,2018,Cơ sở TPHCM,daniele15,
DBG,7549001,Công nghệ chế biến lâm sản,A01,16.00,,THPTQG,2018,Cơ sở TPHCM,daniele15,
DBG,7549001,Công nghệ chế biến lâm sản,B00,16.00,,THPTQG,2018,Cơ sở TPHCM,daniele15,
DBG,7549001,Công nghệ chế biến lâm sản,D01,16.00,,THPTQG,2018,Cơ sở TPHCM,daniele15,
DBG,7549001,Công nghệ chế biến lâm sản,A00,15.00,,THPTQG,2018,Phân hiệu tại Ninh Thuận,daniele15,
DBG,7549001,Công nghệ chế biến lâm sản,A01,15.00,,THPTQG,2018,Phân hiệu tại Ninh Thuận,daniele15,
DBG,7549001,Công nghệ chế biến lâm sản,B00,15.00,,THPTQG,2018,Phân hiệu tại Ninh Thuận,daniele15,
DBG,7549001,Công nghệ chế biến lâm sản,D01,15.00,,THPTQG,2018,Phân hiệu tại Ninh Thuận,daniele15,
DBG,7620105,Chăn nuôi,A00,17.00,,THPTQG,2018,Cơ sở TPHCM,daniele15,
DBG,7620105,Chăn nuôi,A01,17.00,,THPTQG,2018,Cơ sở TPHCM,daniele15,
DBG,7620105,Chăn nuôi,B00,17.00,,THPTQG,2018,Cơ sở TPHCM,daniele15,
DBG,7620105,Chăn nuôi,D01,17.00,,THPTQG,2018,Cơ sở TPHCM,daniele15,
DBG,7620105,Chăn nuôi,A00,15.00,,THPTQG,2018,Phân hiệu tại Ninh Thuận,daniele15,
DBG,7620105,Chăn nuôi,A01,15.00,,THPTQG,2018,Phân hiệu tại Ninh Thuận,daniele15,
DBG,7620105,Chăn nuôi,B00,15.00,,THPTQG,2018,Phân hiệu tại Ninh Thuận,daniele15,
DBG,7620105,Chăn nuôi,D01,15.00,,THPTQG,2018,Phân hiệu tại Ninh Thuận,daniele15,
DBG,7620105,Chăn nuôi,A00,13.00,,THPTQG,2018,,daniele15,
DBG,7620105,Chăn nuôi,A01,13.00,,THPTQG,2018,,daniele15,
DBG,7620105,Chăn nuôi,B00,13.00,,THPTQG,2018,,daniele15,
DBG,7620105,Chăn nuôi,D01,13.00,,THPTQG,2018,,daniele15,
DBG,7620109,Nông học,A00,18.00,,THPTQG,2018,Cơ sở TPHCM,daniele15,
DBG,7620109,Nông học,B00,18.00,,THPTQG,2018,Cơ sở TPHCM,daniele15,
DBG,7620109,Nông học,D08,18.00,,THPTQG,2018,Cơ sở TPHCM,daniele15,
DBG,7620109,Nông học,A00,15.00,,THPTQG,2018,Phân hiệu tại Gia Lai,daniele15,
DBG,7620109,Nông học,B00,15.00,,THPTQG,2018,Phân hiệu tại Gia Lai,daniele15,
DBG,7620109,Nông học,D08,15.00,,THPTQG,2018,Phân hiệu tại Gia Lai,daniele15,
DBG,7620110,Khoa học cây trồng,A00,13.00,,THPTQG,2018,,daniele15,
DBG,7620110,Khoa học cây trồng,A01,13.00,,THPTQG,2018,,daniele15,
DBG,7620110,Khoa học cây trồng,B00,13.00,,THPTQG,2018,,daniele15,
DBG,7620110,Khoa học cây trồng,D01,13.00,,THPTQG,2018,,daniele15,
DBG,7620112,Bảo vệ thực vật,A00,18.00,,THPTQG,2018,Cơ sở TPHCM,daniele15,
DBG,7620112,Bảo vệ thực vật,A01,18.00,,THPTQG,2018,Cơ sở TPHCM,daniele15,
DBG,7620112,Bảo vệ thực vật,B00,18.00,,THPTQG,2018,Cơ sở TPHCM,daniele15,
DBG,7620112,Bảo vệ thực vật,D01,18.00,,THPTQG,2018,Cơ sở TPHCM,daniele15,
DBG,7620112,Bảo vệ thực vật,A00,13.00,,THPTQG,2018,,daniele15,
DBG,7620112,Bảo vệ thực vật,A01,13.00,,THPTQG,2018,,daniele15,
DBG,7620112,Bảo vệ thực vật,B00,13.00,,THPTQG,2018,,daniele15,
DBG,7620112,Bảo vệ thực vật,D01,13.00,,THPTQG,2018,,daniele15,
DBG,7620113,Công nghệ rau hoa quả và cảnh quan,A00,17.00,,THPTQG,2018,Cơ sở TPHCM,daniele15,
DBG,7620113,Công nghệ rau hoa quả và cảnh quan,B00,17.00,,THPTQG,2018,Cơ sở TPHCM,daniele15,
DBG,7620113,Công nghệ rau hoa quả và cảnh quan,D07,17.00,,THPTQG,2018,Cơ sở TPHCM,daniele15,
DBG,7620113,Công nghệ rau hoa quả và cảnh quan,D08,17.00,,THPTQG,2018,Cơ sở TPHCM,daniele15,
DBG,7620114,Kinh doanh nông nghiệp,A00,16.50,,THPTQG,2018,Cơ sở TPHCM,daniele15,
DBG,7620114,Kinh doanh nông nghiệp,A01,16.50,,THPTQG,2018,Cơ sở TPHCM,daniele15,
DBG,7620114,Kinh doanh nông nghiệp,D01,16.50,,THPTQG,2018,Cơ sở TPHCM,daniele15,
DBG,7620114Q (LKQT),Quản lý và kinh doanh nông nghiệp,A00,16.00,,THPTQG,2018,Chương trình đào tạo cử nhân quốc tế,daniele15,
DBG,7620114Q (LKQT),Quản lý và kinh doanh nông nghiệp,A01,16.00,,THPTQG,2018,Chương trình đào tạo cử nhân quốc tế,daniele15,
DBG,7620114Q (LKQT),Quản lý và kinh doanh nông nghiệp,D01,16.00,,THPTQG,2018,Chương trình đào tạo cử nhân quốc tế,daniele15,
DBG,7620116,Phát triển nông thôn,A00,16.00,,THPTQG,2018,Cơ sở TPHCM,daniele15,
DBG,7620116,Phát triển nông thôn,A01,16.00,,THPTQG,2018,Cơ sở TPHCM,daniele15,
DBG,7620116,Phát triển nông thôn,D01,16.00,,THPTQG,2018,Cơ sở TPHCM,daniele15,
DBG,7620201,Lâm học,A00,16.00,,THPTQG,2018,Cơ sở TPHCM,daniele15,
DBG,7620201,Lâm học,B00,16.00,,THPTQG,2018,Cơ sở TPHCM,daniele15,
DBG,7620201,Lâm học,D01,16.00,,THPTQG,2018,Cơ sở TPHCM,daniele15,
DBG,7620201,Lâm học,D08,16.00,,THPTQG,2018,Cơ sở TPHCM,daniele15,
DBG,7620201,Lâm học,A00,15.00,,THPTQG,2018,Phân hiệu tại Gia Lai,daniele15,
DBG,7620201,Lâm học,B00,15.00,,THPTQG,2018,Phân hiệu tại Gia Lai,daniele15,
DBG,7620201,Lâm học,D01,15.00,,THPTQG,2018,Phân hiệu tại Gia Lai,daniele15,
DBG,7620201,Lâm học,D08,15.00,,THPTQG,2018,Phân hiệu tại Gia Lai,daniele15,
DBG,7620205,Lâm sinh,A00,13.00,,THPTQG,2018,,daniele15,
DBG,7620205,Lâm sinh,A01,13.00,,THPTQG,2018,,daniele15,
DBG,7620205,Lâm sinh,B00,13.00,,THPTQG,2018,,daniele15,
DBG,7620205,Lâm sinh,D01,13.00,,THPTQG,2018,,daniele15,
DBG,7620211,Quản lý tài nguyên rừng,A00,16.00,,THPTQG,2018,Cơ sở TPHCM,daniele15,
DBG,7620211,Quản lý tài nguyên rừng,A01,16.00,,THPTQG,2018,Cơ sở TPHCM,daniele15,
DBG,7620211,Quản lý tài nguyên rừng,B00,16.00,,THPTQG,2018,Cơ sở TPHCM,daniele15,
DBG,7620211,Quản lý tài nguyên rừng,D01,16.00,,THPTQG,2018,Cơ sở TPHCM,daniele15,
DBG,7620211,Quản lý tài nguyên rừng,A00,13.00,,THPTQG,2018,,daniele15,
DBG,7620211,Quản lý tài nguyên rừng,A01,13.00,,THPTQG,2018,,daniele15,
DBG,7620211,Quản lý tài nguyên rừng,B00,13.00,,THPTQG,2018,,daniele15,
DBG,7620211,Quản lý tài nguyên rừng,D01,13.00,,THPTQG,2018,,daniele15,
DBG,7620301,Nuôi trồng thuỷ sản,A00,17.00,,THPTQG,2018,Cơ sở TPHCM,daniele15,
DBG,7620301,Nuôi trồng thuỷ sản,B00,17.00,,THPTQG,2018,Cơ sở TPHCM,daniele15,
DBG,7620301,Nuôi trồng thuỷ sản,D07,17.00,,THPTQG,2018,Cơ sở TPHCM,daniele15,
DBG,7620301,Nuôi trồng thuỷ sản,D08,17.00,,THPTQG,2018,Cơ sở TPHCM,daniele15,
DBG,7620301,Nuôi trồng thuỷ sản,A00,15.00,,THPTQG,2018,Phân hiệu tại Ninh Thuận,daniele15,
DBG,7620301,Nuôi trồng thuỷ sản,B00,15.00,,THPTQG,2018,Phân hiệu tại Ninh Thuận,daniele15,
DBG,7620301,Nuôi trồng thuỷ sản,D07,15.00,,THPTQG,2018,Phân hiệu tại Ninh Thuận,daniele15,
DBG,7620301,Nuôi trồng thuỷ sản,D08,15.00,,THPTQG,2018,Phân hiệu tại Ninh Thuận,daniele15,
DBG,7640101,Thú y,A00,19.60,,THPTQG,2018,Cơ sở TPHCM,daniele15,
DBG,7640101,Thú y,A01,19.60,,THPTQG,2018,Cơ sở TPHCM,daniele15,
DBG,7640101,Thú y,B00,19.60,,THPTQG,2018,Cơ sở TPHCM,daniele15,
DBG,7640101,Thú y,D01,19.60,,THPTQG,2018,Cơ sở TPHCM,daniele15,
DBG,7640101,Thú y,A00,15.00,,THPTQG,2018,Phân hiệu tại Gia Lai,daniele15,
DBG,7640101,Thú y,A01,15.00,,THPTQG,2018,Phân hiệu tại Gia Lai,daniele15,
DBG,7640101,Thú y,B00,15.00,,THPTQG,2018,Phân hiệu tại Gia Lai,daniele15,
DBG,7640101,Thú y,D01,15.00,,THPTQG,2018,Phân hiệu tại Gia Lai,daniele15,
DBG,7640101,Thú y,A00,13.00,,THPTQG,2018,,daniele15,
DBG,7640101,Thú y,A01,13.00,,THPTQG,2018,,daniele15,
DBG,7640101,Thú y,B00,13.00,,THPTQG,2018,,daniele15,
DBG,7640101,Thú y,D01,13.00,,THPTQG,2018,,daniele15,
DBG,7850101,Quản lý tài nguyên và môi trường,A00,15.00,,THPTQG,2018,Phân hiệu tại Gia Lai,daniele15,
DBG,7850101,Quản lý tài nguyên và môi trường,A01,15.00,,THPTQG,2018,Phân hiệu tại Gia Lai,daniele15,
DBG,7850101,Quản lý tài nguyên và môi trường,B00,15.00,,THPTQG,2018,Phân hiệu tại Gia Lai,daniele15,
DBG,7850101,Quản lý tài nguyên và môi trường,D01,15.00,,THPTQG,2018,Phân hiệu tại Gia Lai,daniele15,
DBG,7850101,Quản lý tài nguyên và môi trường,A00,13.00,,THPTQG,2018,,daniele15,
DBG,7850101,Quản lý tài nguyên và môi trường,A01,13.00,,THPTQG,2018,,daniele15,
DBG,7850101,Quản lý tài nguyên và môi trường,B00,13.00,,THPTQG,2018,,daniele15,
DBG,7850101,Quản lý tài nguyên và môi trường,D01,13.00,,THPTQG,2018,,daniele15,
DBG,7850103,Quản lý đất đai,A00,17.00,,THPTQG,2018,Cơ sở TPHCM,daniele15,
DBG,7850103,Quản lý đất đai,A01,17.00,,THPTQG,2018,Cơ sở TPHCM,daniele15,
DBG,7850103,Quản lý đất đai,B00,17.00,,THPTQG,2018,Cơ sở TPHCM,daniele15,
DBG,7850103,Quản lý đất đai,D01,17.00,,THPTQG,2018,Cơ sở TPHCM,daniele15,
DBG,7850103,Quản lý đất đai,A00,15.00,,THPTQG,2018,Phân hiệu tại Gia Lai,daniele15,
DBG,7850103,Quản lý đất đai,A01,15.00,,THPTQG,2018,Phân hiệu tại Gia Lai,daniele15,
DBG,7850103,Quản lý đất đai,B00,15.00,,THPTQG,2018,Phân hiệu tại Gia Lai,daniele15,
DBG,7850103,Quản lý đất đai,D01,15.00,,THPTQG,2018,Phân hiệu tại Gia Lai,daniele15,
DBG,7850103,Quản lý đất đai,A00,13.00,,THPTQG,2018,,daniele15,
DBG,7850103,Quản lý đất đai,A01,13.00,,THPTQG,2018,,daniele15,
DBG,7850103,Quản lý đất đai,B00,13.00,,THPTQG,2018,,daniele15,
DBG,7850103,Quản lý đất đai,D01,13.00,,THPTQG,2018,,daniele15,
DBL,51140201,Giáo dục Mầm non,,20.50,,HocBa,2018,Xét học bạ lấy 15 điểmHệ cao đẳng,daniele15,
DBL,51140202,Giáo dục Tiểu học,C00,22.00,,HocBa,2018,Hệ cao đẳngXét học bạ lấy 19 điểm,daniele15,
DBL,51140202,Giáo dục Tiểu học,C15,22.00,,HocBa,2018,Hệ cao đẳngXét học bạ lấy 19 điểm,daniele15,
DBL,51140202,Giáo dục Tiểu học,D01,22.00,,HocBa,2018,Hệ cao đẳngXét học bạ lấy 19 điểm,daniele15,
DBL,51140202,Giáo dục Tiểu học,D78,22.00,,HocBa,2018,Hệ cao đẳngXét học bạ lấy 19 điểm,daniele15,
DBL,51140206,Giáo dục Thể chất,T00,12.00,,HocBa,2018,Xét học bạ lấy 15 điểmHệ cao đẳng,daniele15,
DBL,51220113,Việt Nam học,,12.00,,HocBa,2018,Cao đẳngXét học bạ lấy 10 điểm,daniele15,
DBL,51340301,Kế toán,A00,12.00,,HocBa,2018,Xét học bạ lấy 10 điểmHệ cao đẳng,daniele15,
DBL,51340301,Kế toán,A01,12.00,,HocBa,2018,Xét học bạ lấy 10 điểmHệ cao đẳng,daniele15,
DBL,51480201,Công nghệ thông tin,,12.00,,HocBa,2018,Cao đẳngXét học bạ lấy 10 điểm,daniele15,
DBL,51620301,Nuôi trồng thuỷ sản,,12.00,,HocBa,2018,Cao đẳngXét học bạ lấy 10 điểm,daniele15,
DBL,51640201,Dịch vụ thú y,,12.00,,HocBa,2018,Cao đẳngXét học bạ lấy 10 điểm,daniele15,
DBL,7220101,Tiếng Việt và văn hoá Việt Nam,C00,15.00,,HocBa,2018,Xét học bạ lấy 14 điểm,daniele15,
DBL,7220101,Tiếng Việt và văn hoá Việt Nam,C15,15.00,,HocBa,2018,Xét học bạ lấy 14 điểm,daniele15,
DBL,7220101,Tiếng Việt và văn hoá Việt Nam,D01,15.00,,HocBa,2018,Xét học bạ lấy 14 điểm,daniele15,
DBL,7220101,Tiếng Việt và văn hoá Việt Nam,D78,15.00,,HocBa,2018,Xét học bạ lấy 14 điểm,daniele15,
DBL,7220201,Ngôn ngữ Anh,D01,15.00,,HocBa,2018,Xét học bạ lấy 14 điểm,daniele15,
DBL,7220201,Ngôn ngữ Anh,D09,15.00,,HocBa,2018,Xét học bạ lấy 14 điểm,daniele15,
DBL,7220201,Ngôn ngữ Anh,D78,15.00,,HocBa,2018,Xét học bạ lấy 14 điểm,daniele15,
DBL,7340101,Quản trị kinh doanh,A00,15.00,,HocBa,2018,Xét học bạ lấy 14 điểm,daniele15,
DBL,7340101,Quản trị kinh doanh,A01,15.00,,HocBa,2018,Xét học bạ lấy 14 điểm,daniele15,
DBL,7340101,Quản trị kinh doanh,A16,15.00,,HocBa,2018,Xét học bạ lấy 14 điểm,daniele15,
DBL,7340101,Quản trị kinh doanh,D90,15.00,,HocBa,2018,Xét học bạ lấy 14 điểm,daniele15,
DBL,7340201,Tài chính - Ngân hàng,A00,15.00,,HocBa,2018,Xét học bạ lấy 14 điểm,daniele15,
DBL,7340201,Tài chính - Ngân hàng,A01,15.00,,HocBa,2018,Xét học bạ lấy 14 điểm,daniele15,
DBL,7340201,Tài chính - Ngân hàng,A16,15.00,,HocBa,2018,Xét học bạ lấy 14 điểm,daniele15,
DBL,7340201,Tài chính - Ngân hàng,D90,15.00,,HocBa,2018,Xét học bạ lấy 14 điểm,daniele15,
DBL,7340301,Kế toán,A00,15.00,,HocBa,2018,Xét học bạ lấy 14 điểm,daniele15,
DBL,7340301,Kế toán,A01,15.00,,HocBa,2018,Xét học bạ lấy 14 điểm,daniele15,
DBL,7340301,Kế toán,A16,15.00,,HocBa,2018,Xét học bạ lấy 14 điểm,daniele15,
DBL,7340301,Kế toán,D90,15.00,,HocBa,2018,Xét học bạ lấy 14 điểm,daniele15,
DBL,7440301,Khoa học môi trường,A00,15.00,,HocBa,2018,Xét học bạ lấy 14 điểm,daniele15,
DBL,7440301,Khoa học môi trường,A16,15.00,,HocBa,2018,Xét học bạ lấy 14 điểm,daniele15,
DBL,7440301,Khoa học môi trường,B00,15.00,,HocBa,2018,Xét học bạ lấy 14 điểm,daniele15,
DBL,7440301,Khoa học môi trường,D90,15.00,,HocBa,2018,Xét học bạ lấy 14 điểm,daniele15,
DBL,7480201,Công nghệ thông tin,A00,15.00,,HocBa,2018,Xét học bạ lấy 14 điểm,daniele15,
DBL,7480201,Công nghệ thông tin,A01,15.00,,HocBa,2018,Xét học bạ lấy 14 điểm,daniele15,
DBL,7480201,Công nghệ thông tin,A16,15.00,,HocBa,2018,Xét học bạ lấy 14 điểm,daniele15,
DBL,7480201,Công nghệ thông tin,D90,15.00,,HocBa,2018,Xét học bạ lấy 14 điểm,daniele15,
DBL,7620105,Chăn nuôi,A00,15.00,,HocBa,2018,Xét học bạ lấy 14 điểm,daniele15,
DBL,7620105,Chăn nuôi,A16,15.00,,HocBa,2018,Xét học bạ lấy 14 điểm,daniele15,
DBL,7620105,Chăn nuôi,B00,15.00,,HocBa,2018,Xét học bạ lấy 14 điểm,daniele15,
DBL,7620105,Chăn nuôi,D90,15.00,,HocBa,2018,Xét học bạ lấy 14 điểm,daniele15,
DBL,7620112,Bảo vệ thực vật,A00,15.00,,HocBa,2018,Xét học bạ lấy 14 điểm,daniele15,
DBL,7620112,Bảo vệ thực vật,A16,15.00,,HocBa,2018,Xét học bạ lấy 14 điểm,daniele15,
DBL,7620112,Bảo vệ thực vật,B00,15.00,,HocBa,2018,Xét học bạ lấy 14 điểm,daniele15,
DBL,7620112,Bảo vệ thực vật,D90,15.00,,HocBa,2018,Xét học bạ lấy 14 điểm,daniele15,
DBL,7620301,Nuôi trồng thuỷ sản,A00,15.00,,HocBa,2018,Xét học bạ lấy 14 điểm,daniele15,
DBL,7620301,Nuôi trồng thuỷ sản,A16,15.00,,HocBa,2018,Xét học bạ lấy 14 điểm,daniele15,
DBL,7620301,Nuôi trồng thuỷ sản,B00,15.00,,HocBa,2018,Xét học bạ lấy 14 điểm,daniele15,
DBL,7620301,Nuôi trồng thuỷ sản,D90,15.00,,HocBa,2018,Xét học bạ lấy 14 điểm,daniele15,
DCD,7220201,Ngôn ngữ Anh,A00,14.00,,THPTQG,2018,,daniele15,
DCD,7220201,Ngôn ngữ Anh,D01,14.00,,THPTQG,2018,,daniele15,
DCD,7220201,Ngôn ngữ Anh,D14,14.00,,THPTQG,2018,,daniele15,
DCD,7220201,Ngôn ngữ Anh,D15,14.00,,THPTQG,2018,,daniele15,
DCD,7340101,Quản trị kinh doanh,A01,14.00,,THPTQG,2018,,daniele15,
DCD,7340101,Quản trị kinh doanh,A07,14.00,,THPTQG,2018,,daniele15,
DCD,7340101,Quản trị kinh doanh,C04,14.00,,THPTQG,2018,,daniele15,
DCD,7340101,Quản trị kinh doanh,D01,14.00,,THPTQG,2018,,daniele15,
DCD,7340201,Tài chính - Ngân hàng,A00,14.00,,THPTQG,2018,,daniele15,
DCD,7340201,Tài chính - Ngân hàng,A04,14.00,,THPTQG,2018,,daniele15,
DCD,7340201,Tài chính - Ngân hàng,A07,14.00,,THPTQG,2018,,daniele15,
DCD,7340201,Tài chính - Ngân hàng,C04,14.00,,THPTQG,2018,,daniele15,
DCD,7340301,Kế toán,A00,14.00,,THPTQG,2018,,daniele15,
DCD,7340301,Kế toán,A04,14.00,,THPTQG,2018,,daniele15,
DCD,7340301,Kế toán,A07,14.00,,THPTQG,2018,,daniele15,
DCD,7340301,Kế toán,C04,14.00,,THPTQG,2018,,daniele15,
DCD,7420201,Công nghệ sinh học,A00,14.00,,THPTQG,2018,,daniele15,
DCD,7420201,Công nghệ sinh học,B00,14.00,,THPTQG,2018,,daniele15,
DCD,7420201,Công nghệ sinh học,C08,14.00,,THPTQG,2018,,daniele15,
DCD,7420201,Công nghệ sinh học,D01,14.00,,THPTQG,2018,,daniele15,
DCD,7480201,Công nghệ thông tin,A00,14.00,,THPTQG,2018,,daniele15,
DCD,7480201,Công nghệ thông tin,A01,14.00,,THPTQG,2018,,daniele15,
DCD,7480201,Công nghệ thông tin,A04,14.00,,THPTQG,2018,,daniele15,
DCD,7480201,Công nghệ thông tin,D11,14.00,,THPTQG,2018,,daniele15,
DCD,7510103,Công nghệ kỹ thuật xây dựng,A00,14.00,,THPTQG,2018,,daniele15,
DCD,7510103,Công nghệ kỹ thuật xây dựng,A04,14.00,,THPTQG,2018,,daniele15,
DCD,7510103,Công nghệ kỹ thuật xây dựng,C04,14.00,,THPTQG,2018,,daniele15,
DCD,7510103,Công nghệ kỹ thuật xây dựng,C17,14.00,,THPTQG,2018,,daniele15,
DCD,7510202,Công nghệ chế tạo máy,A00,14.00,,THPTQG,2018,,daniele15,
DCD,7510202,Công nghệ chế tạo máy,A04,14.00,,THPTQG,2018,,daniele15,
DCD,7510202,Công nghệ chế tạo máy,C04,14.00,,THPTQG,2018,,daniele15,
DCD,7510202,Công nghệ chế tạo máy,C09,14.00,,THPTQG,2018,,daniele15,
DCD,7510205,Công nghệ kỹ thuật ô tô,A00,17.00,,THPTQG,2018,,daniele15,
DCD,7510205,Công nghệ kỹ thuật ô tô,A04,17.00,,THPTQG,2018,,daniele15,
DCD,7510205,Công nghệ kỹ thuật ô tô,C04,17.00,,THPTQG,2018,,daniele15,
DCD,7510205,Công nghệ kỹ thuật ô tô,C09,17.00,,THPTQG,2018,,daniele15,
DCD,7510301,"Công nghệ kỹ thuật điện, điện tử",A00,14.00,,THPTQG,2018,,daniele15,
DCD,7510301,"Công nghệ kỹ thuật điện, điện tử",A04,14.00,,THPTQG,2018,,daniele15,
DCD,7510301,"Công nghệ kỹ thuật điện, điện tử",C04,14.00,,THPTQG,2018,,daniele15,
DCD,7510301,"Công nghệ kỹ thuật điện, điện tử",C16,14.00,,THPTQG,2018,,daniele15,
DCD,7510401,Công nghệ kỹ thuật hoá học,A00,14.00,,THPTQG,2018,,daniele15,
DCD,7510401,Công nghệ kỹ thuật hoá học,B00,14.00,,THPTQG,2018,,daniele15,
DCD,7510401,Công nghệ kỹ thuật hoá học,C11,14.00,,THPTQG,2018,,daniele15,
DCD,7510401,Công nghệ kỹ thuật hoá học,D01,14.00,,THPTQG,2018,,daniele15,
DCD,7510406,Công nghệ kỹ thuật môi trường,A00,14.00,,THPTQG,2018,,daniele15,
DCD,7510406,Công nghệ kỹ thuật môi trường,B00,14.00,,THPTQG,2018,,daniele15,
DCD,7510406,Công nghệ kỹ thuật môi trường,C10,14.00,,THPTQG,2018,,daniele15,
DCD,7510406,Công nghệ kỹ thuật môi trường,D01,14.00,,THPTQG,2018,,daniele15,
DCD,7540101,Công nghệ thực phẩm,A00,14.00,,THPTQG,2018,,daniele15,
DCD,7540101,Công nghệ thực phẩm,B00,14.00,,THPTQG,2018,,daniele15,
DCD,7540101,Công nghệ thực phẩm,C10,14.00,,THPTQG,2018,,daniele15,
DCD,7540101,Công nghệ thực phẩm,D01,14.00,,THPTQG,2018,,daniele15,
DCD,7720301,Điều dưỡng,A00,14.00,,THPTQG,2018,,daniele15,
DCD,7720301,Điều dưỡng,B00,14.00,,THPTQG,2018,,daniele15,
DCD,7720301,Điều dưỡng,C13,14.00,,THPTQG,2018,,daniele15,
DCD,7720301,Điều dưỡng,D01,14.00,,THPTQG,2018,,daniele15,
DCD,7720601,Kỹ thuật xét nghiệm y học,A00,15.00,,THPTQG,2018,,daniele15,
DCD,7720601,Kỹ thuật xét nghiệm y học,B00,15.00,,THPTQG,2018,,daniele15,
DCD,7720601,Kỹ thuật xét nghiệm y học,C12,15.00,,THPTQG,2018,,daniele15,
DCD,7720601,Kỹ thuật xét nghiệm y học,D01,15.00,,THPTQG,2018,,daniele15,
DCD,7810103,Quản trị dịch vụ du lịch và lữ hành,A07,14.50,,THPTQG,2018,,daniele15,
DCD,7810103,Quản trị dịch vụ du lịch và lữ hành,C00,14.50,,THPTQG,2018,,daniele15,
DCD,7810103,Quản trị dịch vụ du lịch và lữ hành,C19,14.50,,THPTQG,2018,,daniele15,
DCD,7810103,Quản trị dịch vụ du lịch và lữ hành,C20,14.50,,THPTQG,2018,,daniele15,
DCH,7860207,Chỉ huy tham mưu Đặc công,A00,21.05,,THPTQG,2018,Thí sinh Nam miền Bắc,daniele15,
DCH,7860207,Chỉ huy tham mưu Đặc công,A01,21.05,,THPTQG,2018,Thí sinh Nam miền Bắc,daniele15,
DCH,7860207,Chỉ huy tham mưu Đặc công,A00,19.45,,THPTQG,2018,Thí sinh Nam miền Nam,daniele15,
DCH,7860207,Chỉ huy tham mưu Đặc công,A01,19.45,,THPTQG,2018,Thí sinh Nam miền Nam,daniele15,
DCL,7220101,Tiếng Việt và văn hoá Việt Nam,C00,13.00,,THPTQG,2018,,daniele15,
DCL,7220101,Tiếng Việt và văn hoá Việt Nam,D01,13.00,,THPTQG,2018,,daniele15,
DCL,7220101,Tiếng Việt và văn hoá Việt Nam,D14,13.00,,THPTQG,2018,,daniele15,
DCL,7220101,Tiếng Việt và văn hoá Việt Nam,D15,13.00,,THPTQG,2018,,daniele15,
DCL,7220201,Ngôn ngữ Anh,A01,13.00,,THPTQG,2018,,daniele15,
DCL,7220201,Ngôn ngữ Anh,D01,13.00,,THPTQG,2018,,daniele15,
DCL,7220201,Ngôn ngữ Anh,D14,13.00,,THPTQG,2018,,daniele15,
DCL,7220201,Ngôn ngữ Anh,D15,13.00,,THPTQG,2018,,daniele15,
DCL,7310608,Đông phương học,A01,13.00,,THPTQG,2018,,daniele15,
DCL,7310608,Đông phương học,C00,13.00,,THPTQG,2018,,daniele15,
DCL,7310608,Đông phương học,D01,13.00,,THPTQG,2018,,daniele15,
DCL,7310608,Đông phương học,D14,13.00,,THPTQG,2018,,daniele15,
DCL,7340101,Quản trị kinh doanh,A00,13.00,,THPTQG,2018,,daniele15,
DCL,7340101,Quản trị kinh doanh,A01,13.00,,THPTQG,2018,,daniele15,
DCL,7340101,Quản trị kinh doanh,C04,13.00,,THPTQG,2018,,daniele15,
DCL,7340101,Quản trị kinh doanh,D01,13.00,,THPTQG,2018,,daniele15,
DCL,7340121,Kinh doanh thương mại,A00,13.00,,THPTQG,2018,,daniele15,
DCL,7340121,Kinh doanh thương mại,A01,13.00,,THPTQG,2018,,daniele15,
DCL,7340121,Kinh doanh thương mại,C04,13.00,,THPTQG,2018,,daniele15,
DCL,7340121,Kinh doanh thương mại,D01,13.00,,THPTQG,2018,,daniele15,
DCL,7340201,Tài chính - Ngân hàng,A00,13.00,,THPTQG,2018,,daniele15,
DCL,7340201,Tài chính - Ngân hàng,A01,13.00,,THPTQG,2018,,daniele15,
DCL,7340201,Tài chính - Ngân hàng,C04,13.00,,THPTQG,2018,,daniele15,
DCL,7340201,Tài chính - Ngân hàng,D01,13.00,,THPTQG,2018,,daniele15,
DCL,7340301,Kế toán,A00,13.00,,THPTQG,2018,,daniele15,
DCL,7340301,Kế toán,A01,13.00,,THPTQG,2018,,daniele15,
DCL,7340301,Kế toán,C04,13.00,,THPTQG,2018,,daniele15,
DCL,7340301,Kế toán,D01,13.00,,THPTQG,2018,,daniele15,
DCL,7380107,Luật,A00,13.00,,THPTQG,2018,Luật kinh tế,daniele15,
DCL,7380107,Luật,A01,13.00,,THPTQG,2018,Luật kinh tế,daniele15,
DCL,7380107,Luật,C00,13.00,,THPTQG,2018,Luật kinh tế,daniele15,
DCL,7380107,Luật,D01,13.00,,THPTQG,2018,Luật kinh tế,daniele15,
DCL,7420201,Công nghệ sinh học,A00,13.00,,THPTQG,2018,,daniele15,
DCL,7420201,Công nghệ sinh học,A01,13.00,,THPTQG,2018,,daniele15,
DCL,7420201,Công nghệ sinh học,B00,13.00,,THPTQG,2018,,daniele15,
DCL,7420201,Công nghệ sinh học,B03,13.00,,THPTQG,2018,,daniele15,
DCL,7480201,Công nghệ thông tin,A00,13.00,,THPTQG,2018,,daniele15,
DCL,7480201,Công nghệ thông tin,A01,13.00,,THPTQG,2018,,daniele15,
DCL,7480201,Công nghệ thông tin,D01,13.00,,THPTQG,2018,,daniele15,
DCL,7480201,Công nghệ thông tin,D07,13.00,,THPTQG,2018,,daniele15,
DCL,7510102,Công nghệ kỹ thuật công trình xây dựng,A00,13.00,,THPTQG,2018,,daniele15,
DCL,7510102,Công nghệ kỹ thuật công trình xây dựng,A01,13.00,,THPTQG,2018,,daniele15,
DCL,7510102,Công nghệ kỹ thuật công trình xây dựng,C01,13.00,,THPTQG,2018,,daniele15,
DCL,7510102,Công nghệ kỹ thuật công trình xây dựng,D01,13.00,,THPTQG,2018,,daniele15,
DCL,7510201,Công nghệ kỹ thuật cơ khí,A00,13.00,,THPTQG,2018,,daniele15,
DCL,7510201,Công nghệ kỹ thuật cơ khí,A01,13.00,,THPTQG,2018,,daniele15,
DCL,7510201,Công nghệ kỹ thuật cơ khí,C01,13.00,,THPTQG,2018,,daniele15,
DCL,7510201,Công nghệ kỹ thuật cơ khí,D01,13.00,,THPTQG,2018,,daniele15,
DCL,7510301,"Công nghệ kỹ thuật điện, điện tử",A00,13.00,,THPTQG,2018,,daniele15,
DCL,7510301,"Công nghệ kỹ thuật điện, điện tử",A01,13.00,,THPTQG,2018,,daniele15,
DCL,7510301,"Công nghệ kỹ thuật điện, điện tử",C01,13.00,,THPTQG,2018,,daniele15,
DCL,7510301,"Công nghệ kỹ thuật điện, điện tử",D01,13.00,,THPTQG,2018,,daniele15,
DCL,7540101,Công nghệ thực phẩm,A00,13.00,,THPTQG,2018,,daniele15,
DCL,7540101,Công nghệ thực phẩm,A01,13.00,,THPTQG,2018,,daniele15,
DCL,7540101,Công nghệ thực phẩm,B00,13.00,,THPTQG,2018,,daniele15,
DCL,7540101,Công nghệ thực phẩm,C01,13.00,,THPTQG,2018,,daniele15,
DCL,7580205,Kỹ thuật xây dựng,A00,13.00,,THPTQG,2018,Kỹ thuật xây dựng công trình giao thông,daniele15,
DCL,7580205,Kỹ thuật xây dựng,A01,13.00,,THPTQG,2018,Kỹ thuật xây dựng công trình giao thông,daniele15,
DCL,7580205,Kỹ thuật xây dựng,C01,13.00,,THPTQG,2018,Kỹ thuật xây dựng công trình giao thông,daniele15,
DCL,7580205,Kỹ thuật xây dựng,D01,13.00,,THPTQG,2018,Kỹ thuật xây dựng công trình giao thông,daniele15,
DCL,7620109,Nông học,A00,13.00,,THPTQG,2018,,daniele15,
DCL,7620109,Nông học,A01,13.00,,THPTQG,2018,,daniele15,
DCL,7620109,Nông học,B00,13.00,,THPTQG,2018,,daniele15,
DCL,7620109,Nông học,B03,13.00,,THPTQG,2018,,daniele15,
DCL,7620112,Bảo vệ thực vật,A00,13.00,,THPTQG,2018,,daniele15,
DCL,7620112,Bảo vệ thực vật,A01,13.00,,THPTQG,2018,,daniele15,
DCL,7620112,Bảo vệ thực vật,B00,13.00,,THPTQG,2018,,daniele15,
DCL,7620112,Bảo vệ thực vật,B03,13.00,,THPTQG,2018,,daniele15,
DCL,7720301,Điều dưỡng,A02,13.00,,THPTQG,2018,,daniele15,
DCL,7720301,Điều dưỡng,B00,13.00,,THPTQG,2018,,daniele15,
DCL,7720301,Điều dưỡng,B03,13.00,,THPTQG,2018,,daniele15,
DCL,7720301,Điều dưỡng,D08,13.00,,THPTQG,2018,,daniele15,
DCL,7720601,Kỹ thuật xét nghiệm y học,A02,13.00,,THPTQG,2018,,daniele15,
DCL,7720601,Kỹ thuật xét nghiệm y học,B00,13.00,,THPTQG,2018,,daniele15,
DCL,7720601,Kỹ thuật xét nghiệm y học,B03,13.00,,THPTQG,2018,,daniele15,
DCL,7720601,Kỹ thuật xét nghiệm y học,D07,13.00,,THPTQG,2018,,daniele15,
DCL,7760101,Công tác xã hội,A01,13.00,,THPTQG,2018,,daniele15,
DCL,7760101,Công tác xã hội,C00,13.00,,THPTQG,2018,,daniele15,
DCL,7760101,Công tác xã hội,C01,13.00,,THPTQG,2018,,daniele15,
DCL,7760101,Công tác xã hội,D01,13.00,,THPTQG,2018,,daniele15,
DCL,7810103,Quản trị dịch vụ du lịch và lữ hành,A00,13.00,,THPTQG,2018,,daniele15,
DCL,7810103,Quản trị dịch vụ du lịch và lữ hành,A01,13.00,,THPTQG,2018,,daniele15,
DCL,7810103,Quản trị dịch vụ du lịch và lữ hành,C00,13.00,,THPTQG,2018,,daniele15,
DCL,7810103,Quản trị dịch vụ du lịch và lữ hành,D01,13.00,,THPTQG,2018,,daniele15,
DCN,7210404,Thiết kế thời trang,A00,18.70,,THPTQG,2018,,daniele15,
DCN,7210404,Thiết kế thời trang,A01,18.70,,THPTQG,2018,,daniele15,
DCN,7210404,Thiết kế thời trang,D01,18.70,,THPTQG,2018,,daniele15,
DCN,7220201,Ngôn ngữ Anh,D01,18.91,,THPTQG,2018,,daniele15,
DCN,7220204,Ngôn ngữ Trung Quốc,D01,19.46,,THPTQG,2018,,daniele15,
DCN,7220204,Ngôn ngữ Trung Quốc,D04,19.46,,THPTQG,2018,,daniele15,
DCN,7310104,Kinh tế đầu tư,A00,16.00,,THPTQG,2018,Kinh tế đầu tư,daniele15,
DCN,7310104,Kinh tế đầu tư,A01,16.00,,THPTQG,2018,Kinh tế đầu tư,daniele15,
DCN,7310104,Kinh tế đầu tư,D01,16.00,,THPTQG,2018,Kinh tế đầu tư,daniele15,
DCN,7340101,Quản trị kinh doanh,A00,18.40,,THPTQG,2018,<=NV2,daniele15,
DCN,7340101,Quản trị kinh doanh,A01,18.40,,THPTQG,2018,<=NV2,daniele15,
DCN,7340101,Quản trị kinh doanh,D01,18.40,,THPTQG,2018,<=NV2,daniele15,
DCN,7340115,Marketing,A00,19.85,,THPTQG,2018,<=NV5,daniele15,
DCN,7340115,Marketing,A01,19.85,,THPTQG,2018,<=NV5,daniele15,
DCN,7340115,Marketing,D01,19.85,,THPTQG,2018,<=NV5,daniele15,
DCN,7340201,Tài chính - Ngân hàng,A00,18.25,,THPTQG,2018,<=NV3,daniele15,
DCN,7340201,Tài chính - Ngân hàng,A01,18.25,,THPTQG,2018,<=NV3,daniele15,
DCN,7340201,Tài chính - Ngân hàng,D01,18.25,,THPTQG,2018,<=NV3,daniele15,
DCN,7340301,Kế toán,A00,18.20,,THPTQG,2018,<=NV3,daniele15,
DCN,7340301,Kế toán,A01,18.20,,THPTQG,2018,<=NV3,daniele15,
DCN,7340301,Kế toán,D01,18.20,,THPTQG,2018,<=NV3,daniele15,
DCN,7340302,Kiểm toán,A00,17.05,,THPTQG,2018,<=NV2,daniele15,
DCN,7340302,Kiểm toán,A01,17.05,,THPTQG,2018,<=NV2,daniele15,
DCN,7340302,Kiểm toán,D01,17.05,,THPTQG,2018,<=NV2,daniele15,
DCN,7340404,Quản trị nhân lực,A00,18.80,,THPTQG,2018,<=NV2,daniele15,
DCN,7340404,Quản trị nhân lực,A01,18.80,,THPTQG,2018,<=NV2,daniele15,
DCN,7340404,Quản trị nhân lực,D01,18.80,,THPTQG,2018,<=NV2,daniele15,
DCN,7340406,Quản trị văn phòng,A00,17.45,,THPTQG,2018,,daniele15,
DCN,7340406,Quản trị văn phòng,A01,17.45,,THPTQG,2018,,daniele15,
DCN,7340406,Quản trị văn phòng,D01,17.45,,THPTQG,2018,,daniele15,
DCN,7480101,Khoa học máy tính,A00,18.75,,THPTQG,2018,<=NV5,daniele15,
DCN,7480101,Khoa học máy tính,A01,18.75,,THPTQG,2018,<=NV5,daniele15,
DCN,7480102,Mạng máy tính và Truyền thông dữ liệu,A00,16.60,,THPTQG,2018,,daniele15,
DCN,7480102,Mạng máy tính và Truyền thông dữ liệu,A01,16.60,,THPTQG,2018,,daniele15,
DCN,7480103,Kỹ thuật phần mềm,A00,18.95,,THPTQG,2018,<=NV3,daniele15,
DCN,7480103,Kỹ thuật phần mềm,A01,18.95,,THPTQG,2018,<=NV3,daniele15,
DCN,7480104,Hệ thống thông tin,A00,18.00,,THPTQG,2018,<=NV4,daniele15,
DCN,7480104,Hệ thống thông tin,A01,18.00,,THPTQG,2018,<=NV4,daniele15,
DCN,7480108,Công nghệ kỹ thuật máy tính,A00,18.30,,THPTQG,2018,<=NV3,daniele15,
DCN,7480108,Công nghệ kỹ thuật máy tính,A01,18.30,,THPTQG,2018,<=NV3,daniele15,
DCN,7480201,Công nghệ thông tin,A00,20.40,,THPTQG,2018,<=NV4,daniele15,
DCN,7480201,Công nghệ thông tin,A01,20.40,,THPTQG,2018,<=NV4,daniele15,
DCN,7510201,Công nghệ kỹ thuật cơ khí,A00,18.85,,THPTQG,2018,<=NV3,daniele15,
DCN,7510201,Công nghệ kỹ thuật cơ khí,A01,18.85,,THPTQG,2018,<=NV3,daniele15,
DCN,7510203,Công nghệ kỹ thuật cơ điện tử,A00,20.15,,THPTQG,2018,<=NV4,daniele15,
DCN,7510203,Công nghệ kỹ thuật cơ điện tử,A01,20.15,,THPTQG,2018,<=NV4,daniele15,
DCN,7510205,Công nghệ kỹ thuật ô tô,A00,19.50,,THPTQG,2018,,daniele15,
DCN,7510205,Công nghệ kỹ thuật ô tô,A01,19.50,,THPTQG,2018,,daniele15,
DCN,7510206,Công nghệ kỹ thuật máy tính,A00,17.05,,THPTQG,2018,,daniele15,
DCN,7510206,Công nghệ kỹ thuật máy tính,A01,17.05,,THPTQG,2018,,daniele15,
DCN,7510301,"Công nghệ kỹ thuật điện, điện tử",A00,18.90,,THPTQG,2018,,daniele15,
DCN,7510301,"Công nghệ kỹ thuật điện, điện tử",A01,18.90,,THPTQG,2018,,daniele15,
DCN,7510302,Công nghệ kỹ thuật điện tử - viễn thông,A00,17.35,,THPTQG,2018,,daniele15,
DCN,7510302,Công nghệ kỹ thuật điện tử - viễn thông,A01,17.35,,THPTQG,2018,,daniele15,
DCN,7510303,Công nghệ kỹ thuật điều khiển và tự động hóa,A00,20.45,,THPTQG,2018,,daniele15,
DCN,7510303,Công nghệ kỹ thuật điều khiển và tự động hóa,A01,20.45,,THPTQG,2018,,daniele15,
DCN,7510401,Công nghệ kỹ thuật hoá học,A00,16.10,,THPTQG,2018,<=NV3,daniele15,
DCN,7510401,Công nghệ kỹ thuật hoá học,B00,16.10,,THPTQG,2018,<=NV3,daniele15,
DCN,7510401,Công nghệ kỹ thuật hoá học,D07,16.10,,THPTQG,2018,<=NV3,daniele15,
DCN,7510406,Công nghệ kỹ thuật môi trường,A00,16.00,,THPTQG,2018,,daniele15,
DCN,7510406,Công nghệ kỹ thuật môi trường,B00,16.00,,THPTQG,2018,,daniele15,
DCN,7510406,Công nghệ kỹ thuật môi trường,D07,16.00,,THPTQG,2018,,daniele15,
DCN,7540101,Công nghệ thực phẩm,A00,17.00,,THPTQG,2018,<=NV2,daniele15,
DCN,7540101,Công nghệ thực phẩm,B00,17.00,,THPTQG,2018,<=NV2,daniele15,
DCN,7540101,Công nghệ thực phẩm,D07,17.00,,THPTQG,2018,<=NV2,daniele15,
DCN,7540204,"Công nghệ dệt, may",A00,19.30,,THPTQG,2018,,daniele15,
DCN,7540204,"Công nghệ dệt, may",A01,19.30,,THPTQG,2018,,daniele15,
DCN,7540204,"Công nghệ dệt, may",D01,19.30,,THPTQG,2018,,daniele15,
DCN,7810101,Du lịch,C00,20.00,,THPTQG,2018,,daniele15,
DCN,7810101,Du lịch,D01,20.00,,THPTQG,2018,,daniele15,
DCN,7810101,Du lịch,D14,20.00,,THPTQG,2018,,daniele15,
DCN,7810103,Quản trị dịch vụ du lịch và lữ hành,A00,18.50,,THPTQG,2018,<=NV2,daniele15,
DCN,7810103,Quản trị dịch vụ du lịch và lữ hành,A01,18.50,,THPTQG,2018,<=NV2,daniele15,
DCN,7810103,Quản trị dịch vụ du lịch và lữ hành,D01,18.50,,THPTQG,2018,<=NV2,daniele15,
DCN,7810201,Quản trị khách sạn,A00,19.00,,THPTQG,2018,,daniele15,
DCN,7810201,Quản trị khách sạn,A01,19.00,,THPTQG,2018,,daniele15,
DCN,7810201,Quản trị khách sạn,D01,19.00,,THPTQG,2018,,daniele15,
DCQ,52220201,Ngôn ngữ Anh,D01,13.00,,THPTQG,2018,,daniele15,
DCQ,52220201,Ngôn ngữ Anh,D07,13.00,,THPTQG,2018,,daniele15,
DCQ,52220201,Ngôn ngữ Anh,D11,13.00,,THPTQG,2018,,daniele15,
DCQ,52220201,Ngôn ngữ Anh,D14,13.00,,THPTQG,2018,,daniele15,
DCQ,52220202,Ngôn ngữ Nga,D01,13.00,,THPTQG,2018,,daniele15,
DCQ,52220202,Ngôn ngữ Nga,D07,13.00,,THPTQG,2018,,daniele15,
DCQ,52220202,Ngôn ngữ Nga,D11,13.00,,THPTQG,2018,,daniele15,
DCQ,52220202,Ngôn ngữ Nga,D14,13.00,,THPTQG,2018,,daniele15,
DCQ,52310205,Quản lý nhà nước,A00,13.00,,THPTQG,2018,,daniele15,
DCQ,52310205,Quản lý nhà nước,C00,13.00,,THPTQG,2018,,daniele15,
DCQ,52310205,Quản lý nhà nước,D01,13.00,,THPTQG,2018,,daniele15,
DCQ,52310205,Quản lý nhà nước,D11,13.00,,THPTQG,2018,,daniele15,
DCQ,52340101,Quản trị kinh doanh,A00,13.00,,THPTQG,2018,,daniele15,
DCQ,52340101,Quản trị kinh doanh,A01,13.00,,THPTQG,2018,,daniele15,
DCQ,52340101,Quản trị kinh doanh,D01,13.00,,THPTQG,2018,,daniele15,
DCQ,52340101,Quản trị kinh doanh,D07,13.00,,THPTQG,2018,,daniele15,
DCQ,52340103,Quản trị dịch vụ du lịch và lữ hành,A00,13.00,,THPTQG,2018,,daniele15,
DCQ,52340103,Quản trị dịch vụ du lịch và lữ hành,A01,13.00,,THPTQG,2018,,daniele15,
DCQ,52340103,Quản trị dịch vụ du lịch và lữ hành,C00,13.00,,THPTQG,2018,,daniele15,
DCQ,52340103,Quản trị dịch vụ du lịch và lữ hành,D01,13.00,,THPTQG,2018,,daniele15,
DCQ,52340201,Tài chính - Ngân hàng,A00,13.00,,THPTQG,2018,,daniele15,
DCQ,52340201,Tài chính - Ngân hàng,A01,13.00,,THPTQG,2018,,daniele15,
DCQ,52340201,Tài chính - Ngân hàng,D01,13.00,,THPTQG,2018,,daniele15,
DCQ,52340201,Tài chính - Ngân hàng,D07,13.00,,THPTQG,2018,,daniele15,
DCQ,52340301,Kế toán,A00,13.00,,THPTQG,2018,,daniele15,
DCQ,52340301,Kế toán,A01,13.00,,THPTQG,2018,,daniele15,
DCQ,52340301,Kế toán,D01,13.00,,THPTQG,2018,,daniele15,
DCQ,52340301,Kế toán,D07,13.00,,THPTQG,2018,,daniele15,
DCQ,52380107,Luật,A00,13.00,,THPTQG,2018,Luật kinh tế,daniele15,
DCQ,52380107,Luật,A01,13.00,,THPTQG,2018,Luật kinh tế,daniele15,
DCQ,52380107,Luật,C00,13.00,,THPTQG,2018,Luật kinh tế,daniele15,
DCQ,52380107,Luật,D01,13.00,,THPTQG,2018,Luật kinh tế,daniele15,
DCQ,5480103,Kỹ thuật phần mềm,A00,14.00,,THPTQG,2018,,daniele15,
DCQ,5480103,Kỹ thuật phần mềm,A01,14.00,,THPTQG,2018,,daniele15,
DCQ,5480103,Kỹ thuật phần mềm,D01,14.00,,THPTQG,2018,,daniele15,
DCQ,5480103,Kỹ thuật phần mềm,D07,14.00,,THPTQG,2018,,daniele15,
DCQ,5480201,Công nghệ thông tin,A00,14.00,,THPTQG,2018,,daniele15,
DCQ,5480201,Công nghệ thông tin,A01,14.00,,THPTQG,2018,,daniele15,
DCQ,5480201,Công nghệ thông tin,D01,14.00,,THPTQG,2018,,daniele15,
DCQ,5480201,Công nghệ thông tin,D07,14.00,,THPTQG,2018,,daniele15,
DCQ,5510205,Công nghệ kỹ thuật ô tô,A00,14.00,,THPTQG,2018,,daniele15,
DCQ,5510205,Công nghệ kỹ thuật ô tô,A01,14.00,,THPTQG,2018,,daniele15,
DCQ,5510205,Công nghệ kỹ thuật ô tô,D01,14.00,,THPTQG,2018,,daniele15,
DCQ,5510205,Công nghệ kỹ thuật ô tô,D07,14.00,,THPTQG,2018,,daniele15,
DCT,7210403,Thiết kế đồ họa,C04,13.00,,THPTQG,2018,,daniele15,
DCT,7210403,Thiết kế đồ họa,D01,13.00,,THPTQG,2018,,daniele15,
DCT,7210403,Thiết kế đồ họa,D10,13.00,,THPTQG,2018,,daniele15,
DCT,7210403,Thiết kế đồ họa,D15,13.00,,THPTQG,2018,,daniele15,
DCT,7320104,Truyền thông đa phương tiện,A01,13.00,,THPTQG,2018,,daniele15,
DCT,7320104,Truyền thông đa phương tiện,C01,13.00,,THPTQG,2018,,daniele15,
DCT,7320104,Truyền thông đa phương tiện,C02,13.00,,THPTQG,2018,,daniele15,
DCT,7320104,Truyền thông đa phương tiện,D01,13.00,,THPTQG,2018,,daniele15,
DCT,7320106,Công nghệ truyền thông,C04,14.00,,THPTQG,2018,,daniele15,
DCT,7320106,Công nghệ truyền thông,D01,14.00,,THPTQG,2018,,daniele15,
DCT,7320106,Công nghệ truyền thông,D10,14.00,,THPTQG,2018,,daniele15,
DCT,7320106,Công nghệ truyền thông,D15,14.00,,THPTQG,2018,,daniele15,
DCT,7340122,Thương mại điện tử,A00,14.00,,THPTQG,2018,,daniele15,
DCT,7340122,Thương mại điện tử,C00,14.00,,THPTQG,2018,,daniele15,
DCT,7340122,Thương mại điện tử,C04,14.00,,THPTQG,2018,,daniele15,
DCT,7340122,Thương mại điện tử,D01,14.00,,THPTQG,2018,,daniele15,
DCT,7340405,Hệ thống thông tin quản lý,A00,13.00,,THPTQG,2018,,daniele15,
DCT,7340405,Hệ thống thông tin quản lý,C00,13.00,,THPTQG,2018,,daniele15,
DCT,7340405,Hệ thống thông tin quản lý,C04,13.00,,THPTQG,2018,,daniele15,
DCT,7340405,Hệ thống thông tin quản lý,D01,13.00,,THPTQG,2018,,daniele15,
DCT,7340406,Quản trị văn phòng,A00,13.00,,THPTQG,2018,,daniele15,
DCT,7340406,Quản trị văn phòng,C00,13.00,,THPTQG,2018,,daniele15,
DCT,7340406,Quản trị văn phòng,C04,13.00,,THPTQG,2018,,daniele15,
DCT,7340406,Quản trị văn phòng,D01,13.00,,THPTQG,2018,,daniele15,
DCT,7480101,Khoa học máy tính,A00,13.00,,THPTQG,2018,,daniele15,
DCT,7480101,Khoa học máy tính,A01,13.00,,THPTQG,2018,,daniele15,
DCT,7480101,Khoa học máy tính,C02,13.00,,THPTQG,2018,,daniele15,
DCT,7480101,Khoa học máy tính,D01,13.00,,THPTQG,2018,,daniele15,
DCT,7480102,Mạng máy tính và Truyền thông dữ liệu,A00,13.00,,THPTQG,2018,,daniele15,
DCT,7480102,Mạng máy tính và Truyền thông dữ liệu,A01,13.00,,THPTQG,2018,,daniele15,
DCT,7480102,Mạng máy tính và Truyền thông dữ liệu,C02,13.00,,THPTQG,2018,,daniele15,
DCT,7480102,Mạng máy tính và Truyền thông dữ liệu,D01,13.00,,THPTQG,2018,,daniele15,
DCT,7480103,Kỹ thuật phần mềm,A00,13.00,,THPTQG,2018,,daniele15,
DCT,7480103,Kỹ thuật phần mềm,A01,13.00,,THPTQG,2018,,daniele15,
DCT,7480103,Kỹ thuật phần mềm,C02,13.00,,THPTQG,2018,,daniele15,
DCT,7480103,Kỹ thuật phần mềm,D01,13.00,,THPTQG,2018,,daniele15,
DCT,7480104,Hệ thống thông tin,A00,13.00,,THPTQG,2018,,daniele15,
DCT,7480104,Hệ thống thông tin,A01,13.00,,THPTQG,2018,,daniele15,
DCT,7480104,Hệ thống thông tin,C02,13.00,,THPTQG,2018,,daniele15,
DCT,7480104,Hệ thống thông tin,D01,13.00,,THPTQG,2018,,daniele15,
DCT,7480108,Công nghệ kỹ thuật máy tính,A00,13.00,,THPTQG,2018,,daniele15,
DCT,7480108,Công nghệ kỹ thuật máy tính,A01,13.00,,THPTQG,2018,,daniele15,
DCT,7480108,Công nghệ kỹ thuật máy tính,C01,13.00,,THPTQG,2018,,daniele15,
DCT,7480108,Công nghệ kỹ thuật máy tính,D01,13.00,,THPTQG,2018,,daniele15,
DCT,7480201,Công nghệ thông tin,A00,14.00,,THPTQG,2018,,daniele15,
DCT,7480201,Công nghệ thông tin,A01,14.00,,THPTQG,2018,,daniele15,
DCT,7480201,Công nghệ thông tin,C02,14.00,,THPTQG,2018,,daniele15,
DCT,7480201,Công nghệ thông tin,D01,14.00,,THPTQG,2018,,daniele15,
DCT,7480202,An toàn thông tin,A00,13.00,,THPTQG,2018,,daniele15,
DCT,7480202,An toàn thông tin,A01,13.00,,THPTQG,2018,,daniele15,
DCT,7480202,An toàn thông tin,C02,13.00,,THPTQG,2018,,daniele15,
DCT,7480202,An toàn thông tin,D01,13.00,,THPTQG,2018,,daniele15,
DCT,7510301,"Công nghệ kỹ thuật điện, điện tử",A00,13.00,,THPTQG,2018,,daniele15,
DCT,7510301,"Công nghệ kỹ thuật điện, điện tử",A01,13.00,,THPTQG,2018,,daniele15,
DCT,7510301,"Công nghệ kỹ thuật điện, điện tử",C01,13.00,,THPTQG,2018,,daniele15,
DCT,7510301,"Công nghệ kỹ thuật điện, điện tử",D01,13.00,,THPTQG,2018,,daniele15,
DCT,7510302,Công nghệ kỹ thuật điện tử - viễn thông,A00,14.00,,THPTQG,2018,,daniele15,
DCT,7510302,Công nghệ kỹ thuật điện tử - viễn thông,C01,14.00,,THPTQG,2018,,daniele15,
DCT,7510302,Công nghệ kỹ thuật điện tử - viễn thông,C04,14.00,,THPTQG,2018,,daniele15,
DCT,7510302,Công nghệ kỹ thuật điện tử - viễn thông,D01,14.00,,THPTQG,2018,,daniele15,
DCT,7510303,Công nghệ kỹ thuật điều khiển và tự động hóa,A00,13.00,,THPTQG,2018,,daniele15,
DCT,7510303,Công nghệ kỹ thuật điều khiển và tự động hóa,A01,13.00,,THPTQG,2018,,daniele15,
DCT,7510303,Công nghệ kỹ thuật điều khiển và tự động hóa,C01,13.00,,THPTQG,2018,,daniele15,
DCT,7510303,Công nghệ kỹ thuật điều khiển và tự động hóa,D01,13.00,,THPTQG,2018,,daniele15,
DCT,7520212,Kỹ thuật y sinh,A00,14.00,,THPTQG,2018,,daniele15,
DCT,7520212,Kỹ thuật y sinh,B00,14.00,,THPTQG,2018,,daniele15,
DCT,7520212,Kỹ thuật y sinh,D01,14.00,,THPTQG,2018,,daniele15,
DCT,7520212,Kỹ thuật y sinh,D07,14.00,,THPTQG,2018,,daniele15,
DCV,7340301,Kế toán,A00,13.50,,HocBa,2018,Điểm chuẩn học bạ lấy 15 điểm,daniele15,
DCV,7340301,Kế toán,A01,13.50,,HocBa,2018,Điểm chuẩn học bạ lấy 15 điểm,daniele15,
DCV,7340301,Kế toán,D01,13.50,,HocBa,2018,Điểm chuẩn học bạ lấy 15 điểm,daniele15,
DCV,7340301,Kế toán,D07,13.50,,HocBa,2018,Điểm chuẩn học bạ lấy 15 điểm,daniele15,
DCV,7480201,Công nghệ thông tin,A00,13.50,,HocBa,2018,Điểm chuẩn học bạ lấy 15 điểm,daniele15,
DCV,7480201,Công nghệ thông tin,A01,13.50,,HocBa,2018,Điểm chuẩn học bạ lấy 15 điểm,daniele15,
DCV,7480201,Công nghệ thông tin,D01,13.50,,HocBa,2018,Điểm chuẩn học bạ lấy 15 điểm,daniele15,
DCV,7480201,Công nghệ thông tin,D07,13.50,,HocBa,2018,Điểm chuẩn học bạ lấy 15 điểm,daniele15,
DCV,7510206,Công nghệ kỹ thuật máy tính,A00,13.50,,HocBa,2018,Điểm chuẩn học bạ lấy 15 điểm,daniele15,
DCV,7510206,Công nghệ kỹ thuật máy tính,A01,13.50,,HocBa,2018,Điểm chuẩn học bạ lấy 15 điểm,daniele15,
DCV,7510206,Công nghệ kỹ thuật máy tính,D01,13.50,,HocBa,2018,Điểm chuẩn học bạ lấy 15 điểm,daniele15,
DCV,7510206,Công nghệ kỹ thuật máy tính,D07,13.50,,HocBa,2018,Điểm chuẩn học bạ lấy 15 điểm,daniele15,
DCV,7510301,"Công nghệ kỹ thuật điện, điện tử",A00,13.50,,HocBa,2018,Điểm chuẩn học bạ lấy 15 điểm,daniele15,
DCV,7510301,"Công nghệ kỹ thuật điện, điện tử",A01,13.50,,HocBa,2018,Điểm chuẩn học bạ lấy 15 điểm,daniele15,
DCV,7510301,"Công nghệ kỹ thuật điện, điện tử",D01,13.50,,HocBa,2018,Điểm chuẩn học bạ lấy 15 điểm,daniele15,
DCV,7510301,"Công nghệ kỹ thuật điện, điện tử",D07,13.50,,HocBa,2018,Điểm chuẩn học bạ lấy 15 điểm,daniele15,
DCV,7510303,Công nghệ kỹ thuật điều khiển và tự động hóa,A00,13.50,,HocBa,2018,Điểm chuẩn học bạ lấy 15 điểm,daniele15,
DCV,7510303,Công nghệ kỹ thuật điều khiển và tự động hóa,A01,13.50,,HocBa,2018,Điểm chuẩn học bạ lấy 15 điểm,daniele15,
DCV,7510303,Công nghệ kỹ thuật điều khiển và tự động hóa,D01,13.50,,HocBa,2018,Điểm chuẩn học bạ lấy 15 điểm,daniele15,
DCV,7510303,Công nghệ kỹ thuật điều khiển và tự động hóa,D07,13.50,,HocBa,2018,Điểm chuẩn học bạ lấy 15 điểm,daniele15,
DCV,7510401,Công nghệ kỹ thuật hoá học,A00,13.50,,HocBa,2018,Điểm chuẩn học bạ lấy 15 điểm,daniele15,
DCV,7510401,Công nghệ kỹ thuật hoá học,A01,13.50,,HocBa,2018,Điểm chuẩn học bạ lấy 15 điểm,daniele15,
DCV,7510401,Công nghệ kỹ thuật hoá học,A02,13.50,,HocBa,2018,Điểm chuẩn học bạ lấy 15 điểm,daniele15,
DCV,7510401,Công nghệ kỹ thuật hoá học,B00,13.50,,HocBa,2018,Điểm chuẩn học bạ lấy 15 điểm,daniele15,
DCV,7510601,Quản lý công nghiệp,A00,13.50,,HocBa,2018,Điểm chuẩn học bạ lấy 15 điểm,daniele15,
DCV,7510601,Quản lý công nghiệp,A01,13.50,,HocBa,2018,Điểm chuẩn học bạ lấy 15 điểm,daniele15,
DCV,7510601,Quản lý công nghiệp,D01,13.50,,HocBa,2018,Điểm chuẩn học bạ lấy 15 điểm,daniele15,
DCV,7510601,Quản lý công nghiệp,D07,13.50,,HocBa,2018,Điểm chuẩn học bạ lấy 15 điểm,daniele15,
DCV,7540101,Công nghệ thực phẩm,A00,13.50,,HocBa,2018,Điểm chuẩn học bạ lấy 15 điểm,daniele15,
DCV,7540101,Công nghệ thực phẩm,A01,13.50,,HocBa,2018,Điểm chuẩn học bạ lấy 15 điểm,daniele15,
DCV,7540101,Công nghệ thực phẩm,A02,13.50,,HocBa,2018,Điểm chuẩn học bạ lấy 15 điểm,daniele15,
DCV,7540101,Công nghệ thực phẩm,B00,13.50,,HocBa,2018,Điểm chuẩn học bạ lấy 15 điểm,daniele15,
DCV,7810103,Quản trị dịch vụ du lịch và lữ hành,A00,13.50,,HocBa,2018,Điểm chuẩn học bạ lấy 15 điểm,daniele15,
DCV,7810103,Quản trị dịch vụ du lịch và lữ hành,C00,13.50,,HocBa,2018,Điểm chuẩn học bạ lấy 15 điểm,daniele15,
DCV,7810103,Quản trị dịch vụ du lịch và lữ hành,D01,13.50,,HocBa,2018,Điểm chuẩn học bạ lấy 15 điểm,daniele15,
DCV,7810103,Quản trị dịch vụ du lịch và lữ hành,D15,13.50,,HocBa,2018,Điểm chuẩn học bạ lấy 15 điểm,daniele15,
DCV,7810201,Quản trị khách sạn,A00,13.50,,HocBa,2018,Điểm chuẩn học bạ lấy 15 điểm,daniele15,
DCV,7810201,Quản trị khách sạn,C00,13.50,,HocBa,2018,Điểm chuẩn học bạ lấy 15 điểm,daniele15,
DCV,7810201,Quản trị khách sạn,D01,13.50,,HocBa,2018,Điểm chuẩn học bạ lấy 15 điểm,daniele15,
DCV,7810201,Quản trị khách sạn,D15,13.50,,HocBa,2018,Điểm chuẩn học bạ lấy 15 điểm,daniele15,
DDA,7340101,Quản trị kinh doanh,A00,15.00,,THPTQG,2018,,daniele15,
DDA,7340101,Quản trị kinh doanh,A01,15.00,,THPTQG,2018,,daniele15,
DDA,7340101,Quản trị kinh doanh,C00,15.00,,THPTQG,2018,,daniele15,
DDA,7340101,Quản trị kinh doanh,D01,15.00,,THPTQG,2018,,daniele15,
DDA,7340201,Tài chính - Ngân hàng,A00,14.00,,THPTQG,2018,,daniele15,
DDA,7340201,Tài chính - Ngân hàng,A01,14.00,,THPTQG,2018,,daniele15,
DDA,7340201,Tài chính - Ngân hàng,C00,14.00,,THPTQG,2018,,daniele15,
DDA,7340201,Tài chính - Ngân hàng,D01,14.00,,THPTQG,2018,,daniele15,
DDA,7340301,Kế toán,A00,14.00,,THPTQG,2018,,daniele15,
DDA,7340301,Kế toán,A01,14.00,,THPTQG,2018,,daniele15,
DDA,7340301,Kế toán,C00,14.00,,THPTQG,2018,,daniele15,
DDA,7340301,Kế toán,D01,14.00,,THPTQG,2018,,daniele15,
DDA,7480201,Công nghệ thông tin,A00,14.00,,THPTQG,2018,,daniele15,
DDA,7480201,Công nghệ thông tin,A01,14.00,,THPTQG,2018,,daniele15,
DDA,7480201,Công nghệ thông tin,A02,14.00,,THPTQG,2018,,daniele15,
DDA,7480201,Công nghệ thông tin,D01,14.00,,THPTQG,2018,,daniele15,
DDA,7510202,Công nghệ chế tạo máy,A00,14.00,,THPTQG,2018,,daniele15,
DDA,7510202,Công nghệ chế tạo máy,A01,14.00,,THPTQG,2018,,daniele15,
DDA,7510202,Công nghệ chế tạo máy,A02,14.00,,THPTQG,2018,,daniele15,
DDA,7510202,Công nghệ chế tạo máy,D01,14.00,,THPTQG,2018,,daniele15,
DDA,7510206,Công nghệ kỹ thuật máy tính,A00,14.00,,THPTQG,2018,,daniele15,
DDA,7510206,Công nghệ kỹ thuật máy tính,A01,14.00,,THPTQG,2018,,daniele15,
DDA,7510206,Công nghệ kỹ thuật máy tính,A02,14.00,,THPTQG,2018,,daniele15,
DDA,7510206,Công nghệ kỹ thuật máy tính,D01,14.00,,THPTQG,2018,,daniele15,
DDA,7510301,"Công nghệ kỹ thuật điện, điện tử",A00,14.00,,THPTQG,2018,,daniele15,
DDA,7510301,"Công nghệ kỹ thuật điện, điện tử",A01,14.00,,THPTQG,2018,,daniele15,
DDA,7510301,"Công nghệ kỹ thuật điện, điện tử",A02,14.00,,THPTQG,2018,,daniele15,
DDA,7510301,"Công nghệ kỹ thuật điện, điện tử",D01,14.00,,THPTQG,2018,,daniele15,
DDA,7510303,Công nghệ kỹ thuật điều khiển và tự động hóa,A00,14.00,,THPTQG,2018,,daniele15,
DDA,7510303,Công nghệ kỹ thuật điều khiển và tự động hóa,A01,14.00,,THPTQG,2018,,daniele15,
DDA,7510303,Công nghệ kỹ thuật điều khiển và tự động hóa,A02,14.00,,THPTQG,2018,,daniele15,
DDA,7510303,Công nghệ kỹ thuật điều khiển và tự động hóa,D01,14.00,,THPTQG,2018,,daniele15,
DDA,7540101,Công nghệ thực phẩm,A00,14.00,,THPTQG,2018,,daniele15,
DDA,7540101,Công nghệ thực phẩm,A01,14.00,,THPTQG,2018,,daniele15,
DDA,7540101,Công nghệ thực phẩm,A02,14.00,,THPTQG,2018,,daniele15,
DDA,7540101,Công nghệ thực phẩm,B00,14.00,,THPTQG,2018,,daniele15,
DDA,7580201,Kỹ thuật xây dựng,A00,14.00,,THPTQG,2018,,daniele15,
DDA,7580201,Kỹ thuật xây dựng,A01,14.00,,THPTQG,2018,,daniele15,
DDA,7580201,Kỹ thuật xây dựng,A02,14.00,,THPTQG,2018,,daniele15,
DDA,7580201,Kỹ thuật xây dựng,D01,14.00,,THPTQG,2018,,daniele15,
DDF,7140231,Sư phạm Tiếng Anh,D01,21.95,,THPTQG,2018,N1 >= 5.8;TTNV <= 2,daniele15,
DDF,7140233,Sư phạm Tiếng Pháp,D01,17.28,,THPTQG,2018,TTNV <= 6,daniele15,
DDF,7140233,Sư phạm Tiếng Pháp,D03,17.28,,THPTQG,2018,TTNV <= 6,daniele15,
DDF,7140233,Sư phạm Tiếng Pháp,D78,17.28,,THPTQG,2018,TTNV <= 6,daniele15,
DDF,7140233,Sư phạm Tiếng Pháp,D96,17.28,,THPTQG,2018,TTNV <= 6,daniele15,
DDF,7140234,Sư phạm Tiếng Trung Quốc,D01,20.11,,THPTQG,2018,TTNV <= 3,daniele15,
DDF,7140234,Sư phạm Tiếng Trung Quốc,D04,20.11,,THPTQG,2018,TTNV <= 3,daniele15,
DDF,7140234,Sư phạm Tiếng Trung Quốc,D78,20.11,,THPTQG,2018,TTNV <= 3,daniele15,
DDF,7140234,Sư phạm Tiếng Trung Quốc,D96,20.11,,THPTQG,2018,TTNV <= 3,daniele15,
DDF,7220201,Ngôn ngữ Anh,D01,20.10,,THPTQG,2018,N1 >= 5.6;TTNV <= 1,daniele15,
DDF,7220201CLC,Ngôn ngữ Anh,D01,17.89,,THPTQG,2018,Chất lượng caoN1 >= 6.6;TTNV <= 1,daniele15,
DDF,7220202,Ngôn ngữ Nga,D01,16.69,,THPTQG,2018,TTNV <= 2,daniele15,
DDF,7220202,Ngôn ngữ Nga,D02,16.69,,THPTQG,2018,TTNV <= 2,daniele15,
DDF,7220202,Ngôn ngữ Nga,D78,16.69,,THPTQG,2018,TTNV <= 2,daniele15,
DDF,7220202,Ngôn ngữ Nga,D96,16.69,,THPTQG,2018,TTNV <= 2,daniele15,
DDF,7220203,Ngôn ngữ Pháp,D01,17.48,,THPTQG,2018,TTNV <= 2,daniele15,
DDF,7220203,Ngôn ngữ Pháp,D03,17.48,,THPTQG,2018,TTNV <= 2,daniele15,
DDF,7220203,Ngôn ngữ Pháp,D78,17.48,,THPTQG,2018,TTNV <= 2,daniele15,
DDF,7220203,Ngôn ngữ Pháp,D96,17.48,,THPTQG,2018,TTNV <= 2,daniele15,
DDF,7220204,Ngôn ngữ Trung Quốc,D01,21.30,,THPTQG,2018,TTNV <= 3,daniele15,
DDF,7220204,Ngôn ngữ Trung Quốc,D04,21.30,,THPTQG,2018,TTNV <= 3,daniele15,
DDF,7220204,Ngôn ngữ Trung Quốc,D78,21.30,,THPTQG,2018,TTNV <= 3,daniele15,
DDF,7220204,Ngôn ngữ Trung Quốc,D96,21.30,,THPTQG,2018,TTNV <= 3,daniele15,
DDF,7220204CLC,Ngôn ngữ Trung Quốc,D01,19.39,,THPTQG,2018,Chất lượng caoTTNV <= 3,daniele15,
DDF,7220204CLC,Ngôn ngữ Trung Quốc,D04,19.39,,THPTQG,2018,Chất lượng caoTTNV <= 3,daniele15,
DDF,7220204CLC,Ngôn ngữ Trung Quốc,D78,19.39,,THPTQG,2018,Chất lượng caoTTNV <= 3,daniele15,
DDF,7220204CLC,Ngôn ngữ Trung Quốc,D96,19.39,,THPTQG,2018,Chất lượng caoTTNV <= 3,daniele15,
DDF,7220209,Ngôn ngữ Nhật,D01,21.63,,THPTQG,2018,TTNV <= 1,daniele15,
DDF,7220209,Ngôn ngữ Nhật,D06,21.63,,THPTQG,2018,TTNV <= 1,daniele15,
DDF,7220209CLC,Ngôn ngữ Nhật,D01,18.98,,THPTQG,2018,Chất lượng caoTTNV <= 4,daniele15,
DDF,7220209CLC,Ngôn ngữ Nhật,D06,18.98,,THPTQG,2018,Chất lượng caoTTNV <= 4,daniele15,
DDF,7220210,Ngôn ngữ Hàn Quốc,D01,21.71,,THPTQG,2018,N1 >= 6.6;TTNV <= 1,daniele15,
DDF,7220210,Ngôn ngữ Hàn Quốc,D78,21.71,,THPTQG,2018,N1 >= 6.6;TTNV <= 1,daniele15,
DDF,7220210,Ngôn ngữ Hàn Quốc,D96,21.71,,THPTQG,2018,N1 >= 6.6;TTNV <= 1,daniele15,
DDF,7220210CLC,Ngôn ngữ Hàn Quốc,D01,19.56,,THPTQG,2018,Chất lượng caoN1 >= 6.2;TTNV <= 3,daniele15,
DDF,7220210CLC,Ngôn ngữ Hàn Quốc,D78,19.56,,THPTQG,2018,Chất lượng caoN1 >= 6.2;TTNV <= 3,daniele15,
DDF,7220210CLC,Ngôn ngữ Hàn Quốc,D96,19.56,,THPTQG,2018,Chất lượng caoN1 >= 6.2;TTNV <= 3,daniele15,
DDF,7220214,Ngôn ngữ Thái Lan,D01,18.28,,THPTQG,2018,N1 >= 4.8;TTNV <= 3,daniele15,
DDF,7220214,Ngôn ngữ Thái Lan,D15,18.28,,THPTQG,2018,N1 >= 4.8;TTNV <= 3,daniele15,
DDF,7220214,Ngôn ngữ Thái Lan,D78,18.28,,THPTQG,2018,N1 >= 4.8;TTNV <= 3,daniele15,
DDF,7220214,Ngôn ngữ Thái Lan,D96,18.28,,THPTQG,2018,N1 >= 4.8;TTNV <= 3,daniele15,
DDF,7310601,Quốc tế học,D01,18.44,,THPTQG,2018,N1 >= 5.8;TTNV <= 1,daniele15,
DDF,7310601,Quốc tế học,D09,18.44,,THPTQG,2018,N1 >= 5.8;TTNV <= 1,daniele15,
DDF,7310601,Quốc tế học,D78,18.44,,THPTQG,2018,N1 >= 5.8;TTNV <= 1,daniele15,
DDF,7310601,Quốc tế học,D96,18.44,,THPTQG,2018,N1 >= 5.8;TTNV <= 1,daniele15,
DDF,7310601CLC,Quốc tế học,D01,17.46,,THPTQG,2018,Chất lượng caoN1 >= 6.6;TTNV <= 6,daniele15,
DDF,7310601CLC,Quốc tế học,D09,17.46,,THPTQG,2018,Chất lượng caoN1 >= 6.6;TTNV <= 6,daniele15,
DDF,7310601CLC,Quốc tế học,D78,17.46,,THPTQG,2018,Chất lượng caoN1 >= 6.6;TTNV <= 6,daniele15,
DDF,7310601CLC,Quốc tế học,D96,17.46,,THPTQG,2018,Chất lượng caoN1 >= 6.6;TTNV <= 6,daniele15,
DDF,7310608,Đông phương học,D01,18.85,,THPTQG,2018,TTNV <= 2,daniele15,
DDF,7310608,Đông phương học,D06,18.85,,THPTQG,2018,TTNV <= 2,daniele15,
DDF,7310608,Đông phương học,D78,18.85,,THPTQG,2018,TTNV <= 2,daniele15,
DDF,7310608,Đông phương học,D96,18.85,,THPTQG,2018,TTNV <= 2,daniele15,
DDG,7140206,Giáo dục Thể chất,T00,18.93,,THPTQG,2018,NK3 >= 6.25; TTNV <= 4,daniele15,
DDG,7140206,Giáo dục Thể chất,T02,18.93,,THPTQG,2018,NK3 >= 6.25; TTNV <= 4,daniele15,
DDK,7420201,Công nghệ sinh học,A00,19.50,,THPTQG,2018,,daniele15,
DDK,7420201,Công nghệ sinh học,B00,19.50,,THPTQG,2018,,daniele15,
DDK,7420201,Công nghệ sinh học,D07,19.50,,THPTQG,2018,,daniele15,
DDK,7480201CLC,Công nghệ thông tin,A00,20.60,,THPTQG,2018,Chất lượng cao - ngoại ngữ Nhật,daniele15,
DDK,7480201CLC,Công nghệ thông tin,A01,20.60,,THPTQG,2018,Chất lượng cao - ngoại ngữ Nhật,daniele15,
DDK,7480201DT,Công nghệ thông tin,A00,20.00,,THPTQG,2018,đào tạo theo cơ chế đặc thù,daniele15,
DDK,7480201DT,Công nghệ thông tin,A01,20.00,,THPTQG,2018,đào tạo theo cơ chế đặc thù,daniele15,
DDK,7510105,Công nghệ kỹ thuật vật liệu xây dựng,A00,16.50,,THPTQG,2018,,daniele15,
DDK,7510105,Công nghệ kỹ thuật vật liệu xây dựng,A01,16.50,,THPTQG,2018,,daniele15,
DDK,7510202,Công nghệ chế tạo máy,A00,19.00,,THPTQG,2018,,daniele15,
DDK,7510202,Công nghệ chế tạo máy,A01,19.00,,THPTQG,2018,,daniele15,
DDK,7510601,Quản lý công nghiệp,A00,18.50,,THPTQG,2018,,daniele15,
DDK,7510601,Quản lý công nghiệp,D07,18.50,,THPTQG,2018,,daniele15,
DDK,7510701CLC,Công nghệ dầu khí và khai thác dầu,A00,15.00,,THPTQG,2018,,daniele15,
DDK,7510701CLC,Công nghệ dầu khí và khai thác dầu,D07,15.00,,THPTQG,2018,,daniele15,
DDK,7520103CLC,Kỹ thuật cơ khí,A00,15.00,,THPTQG,2018,chuyên ngành Cơ khí động lực (CLC),daniele15,
DDK,7520103CLC,Kỹ thuật cơ khí,A01,15.00,,THPTQG,2018,chuyên ngành Cơ khí động lực (CLC),daniele15,
DDK,7520115CLC,Kỹ thuật nhiệt,A00,15.75,,THPTQG,2018,Chất lượng cao,daniele15,
DDK,7520115CLC,Kỹ thuật nhiệt,A01,15.75,,THPTQG,2018,Chất lượng cao,daniele15,
DDK,7520115CLC,Kỹ thuật nhiệt,A00,15.05,,THPTQG,2018,Chất lượng caoKỹ thuật nhiệt,daniele15,
DDK,7520115CLC,Kỹ thuật nhiệt,A01,15.05,,THPTQG,2018,Chất lượng caoKỹ thuật nhiệt,daniele15,
DDK,7520122,Kỹ thuật tàu thuỷ,A00,15.30,,THPTQG,2018,,daniele15,
DDK,7520122,Kỹ thuật tàu thuỷ,A01,15.30,,THPTQG,2018,,daniele15,
DDK,7520216CLC,Kỹ thuật điều khiển và tự động hoá,A00,17.75,,THPTQG,2018,Chât lượng cao,daniele15,
DDK,7520216CLC,Kỹ thuật điều khiển và tự động hoá,A01,17.75,,THPTQG,2018,Chât lượng cao,daniele15,
DDK,7520301,Kỹ thuật hoá học,A00,17.00,,THPTQG,2018,,daniele15,
DDK,7520301,Kỹ thuật hoá học,D07,17.00,,THPTQG,2018,,daniele15,
DDK,7540101CLC,Công nghệ thực phẩm,A00,16.00,,THPTQG,2018,Chất lượng cao,daniele15,
DDK,7540101CLC,Công nghệ thực phẩm,B00,16.00,,THPTQG,2018,Chất lượng cao,daniele15,
DDK,7540101CLC,Công nghệ thực phẩm,D07,16.00,,THPTQG,2018,Chất lượng cao,daniele15,
DDK,7580101CLC,Kiến trúc,V00,18.25,,THPTQG,2018,Chất lượng cao,daniele15,
DDK,7580101CLC,Kiến trúc,V01,18.25,,THPTQG,2018,Chất lượng cao,daniele15,
DDK,7580201A,Kỹ thuật xây dựng,A00,19.00,,THPTQG,2018,chuyên ngành xây dựng dân dụng và công nghiệp,daniele15,
DDK,7580201A,Kỹ thuật xây dựng,A01,19.00,,THPTQG,2018,chuyên ngành xây dựng dân dụng và công nghiệp,daniele15,
DDK,7580201CLC,Kỹ thuật xây dựng,A00,15.05,,THPTQG,2018,chuyên ngành xây dựng dân dụng và công nghiệp (chất lượng cao),daniele15,
DDK,7580201CLC,Kỹ thuật xây dựng,A01,15.05,,THPTQG,2018,chuyên ngành xây dựng dân dụng và công nghiệp (chất lượng cao),daniele15,
DDK,7580205CLC,Kỹ thuật xây dựng,A00,23.00,,THPTQG,2018,Kỹ thuật xây dựng công trình giao thông (Chất lượng cao),daniele15,
DDK,7580205CLC,Kỹ thuật xây dựng,A01,23.00,,THPTQG,2018,Kỹ thuật xây dựng công trình giao thông (Chất lượng cao),daniele15,
DDK,7580301CLC,Kinh tế xây dựng,A00,15.05,,THPTQG,2018,Kinh tế xây dựng (CLC),daniele15,
DDK,7580301CLC,Kinh tế xây dựng,A01,15.05,,THPTQG,2018,Kinh tế xây dựng (CLC),daniele15,
DDK,7850101,Quản lý tài nguyên và môi trường,A00,15.50,,THPTQG,2018,,daniele15,
DDK,7850101,Quản lý tài nguyên và môi trường,D07,15.50,,THPTQG,2018,,daniele15,
DDK,7905206,Điện tử viễn thông,A01,15.30,,THPTQG,2018,Chương trình tiên tiến,daniele15,
DDK,7905206,Điện tử viễn thông,D07,15.30,,THPTQG,2018,Chương trình tiên tiến,daniele15,
DDK,7905216,Chương trình tiên tiến ngành Hệ thống nhúng,A01,15.04,,THPTQG,2018,,daniele15,
DDK,7905216,Chương trình tiên tiến ngành Hệ thống nhúng,D07,15.04,,THPTQG,2018,,daniele15,
DDK,PFIEV,Chương trình đào tạo kỹ sư chất lượng cao Việt-Pháp,A01,15.23,,THPTQG,2018,,daniele15,
DDK,PFIEV,Chương trình đào tạo kỹ sư chất lượng cao Việt-Pháp,D07,15.23,,THPTQG,2018,,daniele15,
DDL,7340101,Quản trị kinh doanh,A00,15.50,,THPTQG,2018,"Gồm 2 chuyên ngành: Quản trị doanh nghiệp; Quản trị du lịch, khách sạn",daniele15,
DDL,7340101,Quản trị kinh doanh,A01,15.50,,THPTQG,2018,"Gồm 2 chuyên ngành: Quản trị doanh nghiệp; Quản trị du lịch, khách sạn",daniele15,
DDL,7340101,Quản trị kinh doanh,D01,15.50,,THPTQG,2018,"Gồm 2 chuyên ngành: Quản trị doanh nghiệp; Quản trị du lịch, khách sạn",daniele15,
DDL,7340101,Quản trị kinh doanh,D07,15.50,,THPTQG,2018,"Gồm 2 chuyên ngành: Quản trị doanh nghiệp; Quản trị du lịch, khách sạn",daniele15,
DDL,7340101 CLC,Quản trị kinh doanh,A00,15.00,,THPTQG,2018,Chất lượng cao,daniele15,
DDL,7340101 CLC,Quản trị kinh doanh,A01,15.00,,THPTQG,2018,Chất lượng cao,daniele15,
DDL,7340101 CLC,Quản trị kinh doanh,D01,15.00,,THPTQG,2018,Chất lượng cao,daniele15,
DDL,7340101 CLC,Quản trị kinh doanh,D07,15.00,,THPTQG,2018,Chất lượng cao,daniele15,
DDL,7340201,Tài chính - Ngân hàng,A00,15.00,,THPTQG,2018,Gồm 2 chuyên ngành: Tải chính doanh nghiệp; Ngân hàng,daniele15,
DDL,7340201,Tài chính - Ngân hàng,A01,15.00,,THPTQG,2018,Gồm 2 chuyên ngành: Tải chính doanh nghiệp; Ngân hàng,daniele15,
DDL,7340201,Tài chính - Ngân hàng,D01,15.00,,THPTQG,2018,Gồm 2 chuyên ngành: Tải chính doanh nghiệp; Ngân hàng,daniele15,
DDL,7340201,Tài chính - Ngân hàng,D07,15.00,,THPTQG,2018,Gồm 2 chuyên ngành: Tải chính doanh nghiệp; Ngân hàng,daniele15,
DDL,7340201 CLC,Tài chính - Ngân hàng,A00,15.00,,THPTQG,2018,Chất lượng cao,daniele15,
DDL,7340201 CLC,Tài chính - Ngân hàng,A01,15.00,,THPTQG,2018,Chất lượng cao,daniele15,
DDL,7340201 CLC,Tài chính - Ngân hàng,D01,15.00,,THPTQG,2018,Chất lượng cao,daniele15,
DDL,7340201 CLC,Tài chính - Ngân hàng,D07,15.00,,THPTQG,2018,Chất lượng cao,daniele15,
DDL,7340301,Kế toán,A00,15.50,,THPTQG,2018,Gồm 2 chuyên ngành: Kế toán doanh ighiệp; Kế toán và kiểm soát,daniele15,
DDL,7340301,Kế toán,A01,15.50,,THPTQG,2018,Gồm 2 chuyên ngành: Kế toán doanh ighiệp; Kế toán và kiểm soát,daniele15,
DDL,7340301,Kế toán,D01,15.50,,THPTQG,2018,Gồm 2 chuyên ngành: Kế toán doanh ighiệp; Kế toán và kiểm soát,daniele15,
DDL,7340301,Kế toán,D07,15.50,,THPTQG,2018,Gồm 2 chuyên ngành: Kế toán doanh ighiệp; Kế toán và kiểm soát,daniele15,
DDL,7340301 CLC,Kế toán,A00,15.00,,THPTQG,2018,Chất lượng cao,daniele15,
DDL,7340301 CLC,Kế toán,A01,15.00,,THPTQG,2018,Chất lượng cao,daniele15,
DDL,7340301 CLC,Kế toán,D01,15.00,,THPTQG,2018,Chất lượng cao,daniele15,
DDL,7340301 CLC,Kế toán,D07,15.00,,THPTQG,2018,Chất lượng cao,daniele15,
DDL,7340302,Kiểm toán,A00,14.00,,THPTQG,2018,,daniele15,
DDL,7340302,Kiểm toán,A01,14.00,,THPTQG,2018,,daniele15,
DDL,7340302,Kiểm toán,D01,14.00,,THPTQG,2018,,daniele15,
DDL,7340302,Kiểm toán,D07,14.00,,THPTQG,2018,,daniele15,
DDL,7480201,Công nghệ thông tin,A00,16.00,,THPTQG,2018,Gồm 3 chuyên ngành: Công nghệ phần mêm; Quản trị và an ninh •nạng; Hệ thông thương mại điện tử,daniele15,
DDL,7480201,Công nghệ thông tin,A01,16.00,,THPTQG,2018,Gồm 3 chuyên ngành: Công nghệ phần mêm; Quản trị và an ninh •nạng; Hệ thông thương mại điện tử,daniele15,
DDL,7480201,Công nghệ thông tin,D01,16.00,,THPTQG,2018,Gồm 3 chuyên ngành: Công nghệ phần mêm; Quản trị và an ninh •nạng; Hệ thông thương mại điện tử,daniele15,
DDL,7480201,Công nghệ thông tin,D07,16.00,,THPTQG,2018,Gồm 3 chuyên ngành: Công nghệ phần mêm; Quản trị và an ninh •nạng; Hệ thông thương mại điện tử,daniele15,
DDL,7510102,Công nghệ kỹ thuật công trình xây dựng,A00,14.00,,THPTQG,2018,chất luợng cao (Gồm 2 chuyên ngành: Hệ thống điện chất lượng cao; Điện công nghiệp vả dân dụng chất lượng cao),daniele15,
DDL,7510102,Công nghệ kỹ thuật công trình xây dựng,A01,14.00,,THPTQG,2018,chất luợng cao (Gồm 2 chuyên ngành: Hệ thống điện chất lượng cao; Điện công nghiệp vả dân dụng chất lượng cao),daniele15,
DDL,7510102,Công nghệ kỹ thuật công trình xây dựng,D07,14.00,,THPTQG,2018,chất luợng cao (Gồm 2 chuyên ngành: Hệ thống điện chất lượng cao; Điện công nghiệp vả dân dụng chất lượng cao),daniele15,
DDL,7510201,Công nghệ kỹ thuật cơ khí,A00,15.00,,THPTQG,2018,Gồm 2 chuyên ngành: Cơ khí chế tạo máy; Công nghệ chế tạo thiết bị điện,daniele15,
DDL,7510201,Công nghệ kỹ thuật cơ khí,A01,15.00,,THPTQG,2018,Gồm 2 chuyên ngành: Cơ khí chế tạo máy; Công nghệ chế tạo thiết bị điện,daniele15,
DDL,7510201,Công nghệ kỹ thuật cơ khí,D07,15.00,,THPTQG,2018,Gồm 2 chuyên ngành: Cơ khí chế tạo máy; Công nghệ chế tạo thiết bị điện,daniele15,
DDL,7510203,Công nghệ kỹ thuật cơ điện tử,A00,15.00,,THPTQG,2018,,daniele15,
DDL,7510203,Công nghệ kỹ thuật cơ điện tử,A01,15.00,,THPTQG,2018,,daniele15,
DDL,7510203,Công nghệ kỹ thuật cơ điện tử,D07,15.00,,THPTQG,2018,,daniele15,
DDL,7510301_CLC,"Công nghệ kỹ thuật điện, điện tử",A00,15.00,,THPTQG,2018,chất luợng cao (Gồm 2 chuyên ngành: Hệ thống điện chất lượng cao; Điện công nghiệp vả dân dụng chất lượng cao),daniele15,
DDL,7510301_CLC,"Công nghệ kỹ thuật điện, điện tử",A01,15.00,,THPTQG,2018,chất luợng cao (Gồm 2 chuyên ngành: Hệ thống điện chất lượng cao; Điện công nghiệp vả dân dụng chất lượng cao),daniele15,
DDL,7510301_CLC,"Công nghệ kỹ thuật điện, điện tử",D07,15.00,,THPTQG,2018,chất luợng cao (Gồm 2 chuyên ngành: Hệ thống điện chất lượng cao; Điện công nghiệp vả dân dụng chất lượng cao),daniele15,
DDL,7510302,Công nghệ kỹ thuật điện tử - viễn thông,A00,15.00,,THPTQG,2018,Gôm 2 chuyên ngành: Công nqhệ kỵ thuật điêu khiển; Tự động hóa và điều khiển thiết bị điện công nghiệp,daniele15,
DDL,7510302,Công nghệ kỹ thuật điện tử - viễn thông,A01,15.00,,THPTQG,2018,Gôm 2 chuyên ngành: Công nqhệ kỵ thuật điêu khiển; Tự động hóa và điều khiển thiết bị điện công nghiệp,daniele15,
DDL,7510302,Công nghệ kỹ thuật điện tử - viễn thông,D07,15.00,,THPTQG,2018,Gôm 2 chuyên ngành: Công nqhệ kỵ thuật điêu khiển; Tự động hóa và điều khiển thiết bị điện công nghiệp,daniele15,
DDL,7510302_CLC,Công nghệ kỹ thuật điện tử - viễn thông,A00,15.00,,THPTQG,2018,chất ượng cao,daniele15,
DDL,7510302_CLC,Công nghệ kỹ thuật điện tử - viễn thông,A01,15.00,,THPTQG,2018,chất ượng cao,daniele15,
DDL,7510302_CLC,Công nghệ kỹ thuật điện tử - viễn thông,D07,15.00,,THPTQG,2018,chất ượng cao,daniele15,
DDL,7510303,Công nghệ kỹ thuật điều khiển và tự động hóa,A00,16.00,,THPTQG,2018,Gôm 2 chuyên ngành: Công nqhệ kỵ thuật điêu khiển; Tự động hóa và điều khiển thiết bị điện công nghiệp,daniele15,
DDL,7510303,Công nghệ kỹ thuật điều khiển và tự động hóa,A01,16.00,,THPTQG,2018,Gôm 2 chuyên ngành: Công nqhệ kỵ thuật điêu khiển; Tự động hóa và điều khiển thiết bị điện công nghiệp,daniele15,
DDL,7510303,Công nghệ kỹ thuật điều khiển và tự động hóa,D07,16.00,,THPTQG,2018,Gôm 2 chuyên ngành: Công nqhệ kỵ thuật điêu khiển; Tự động hóa và điều khiển thiết bị điện công nghiệp,daniele15,
DDL,7510303_CLC,Công nghệ kỹ thuật điều khiển và tự động hóa,A00,15.00,,THPTQG,2018,chất lượng cao,daniele15,
DDL,7510303_CLC,Công nghệ kỹ thuật điều khiển và tự động hóa,A01,15.00,,THPTQG,2018,chất lượng cao,daniele15,
DDL,7510303_CLC,Công nghệ kỹ thuật điều khiển và tự động hóa,D07,15.00,,THPTQG,2018,chất lượng cao,daniele15,
DDL,7510403,Công nghệ kỹ thuật năng lượng,A00,14.00,,THPTQG,2018,,daniele15,
DDL,7510403,Công nghệ kỹ thuật năng lượng,A01,14.00,,THPTQG,2018,,daniele15,
DDL,7510403,Công nghệ kỹ thuật năng lượng,D07,14.00,,THPTQG,2018,,daniele15,
DDL,7510406,Công nghệ kỹ thuật môi trường,A00,14.00,,THPTQG,2018,,daniele15,
DDL,7510406,Công nghệ kỹ thuật môi trường,A01,14.00,,THPTQG,2018,,daniele15,
DDL,7510406,Công nghệ kỹ thuật môi trường,D07,14.00,,THPTQG,2018,,daniele15,
DDL,7510407,Công nghệ kỹ thuật hạt nhân,A00,14.00,,THPTQG,2018,,daniele15,
DDL,7510407,Công nghệ kỹ thuật hạt nhân,A01,14.00,,THPTQG,2018,,daniele15,
DDL,7510407,Công nghệ kỹ thuật hạt nhân,D07,14.00,,THPTQG,2018,,daniele15,
DDL,7510601,Quản lý công nghiệp,A00,15.00,,THPTQG,2018,,daniele15,
DDL,7510601,Quản lý công nghiệp,A01,15.00,,THPTQG,2018,,daniele15,
DDL,7510601,Quản lý công nghiệp,D01,15.00,,THPTQG,2018,,daniele15,
DDL,7510601,Quản lý công nghiệp,D07,15.00,,THPTQG,2018,,daniele15,
DDL,7510601 CLC,Quản lý công nghiệp,A00,15.00,,THPTQG,2018,chất lượng cao,daniele15,
DDL,7510601 CLC,Quản lý công nghiệp,A01,15.00,,THPTQG,2018,chất lượng cao,daniele15,
DDL,7510601 CLC,Quản lý công nghiệp,D01,15.00,,THPTQG,2018,chất lượng cao,daniele15,
DDL,7510601 CLC,Quản lý công nghiệp,D07,15.00,,THPTQG,2018,chất lượng cao,daniele15,
DDL,7510602,Quản lý năng lượng,A00,15.00,,THPTQG,2018,,daniele15,
DDL,7510602,Quản lý năng lượng,A01,15.00,,THPTQG,2018,,daniele15,
DDL,7510602,Quản lý năng lượng,D01,15.00,,THPTQG,2018,,daniele15,
DDL,7510602,Quản lý năng lượng,D07,15.00,,THPTQG,2018,,daniele15,
DDL,7510605,Logistics và Quản lý chuỗi cung ứng,A00,14.00,,THPTQG,2018,,daniele15,
DDL,7510605,Logistics và Quản lý chuỗi cung ứng,A01,14.00,,THPTQG,2018,,daniele15,
DDL,7510605,Logistics và Quản lý chuỗi cung ứng,D01,14.00,,THPTQG,2018,,daniele15,
DDL,7510605,Logistics và Quản lý chuỗi cung ứng,D07,14.00,,THPTQG,2018,,daniele15,
DDL,7520115,Kỹ thuật nhiệt,A00,14.00,,THPTQG,2018,Gồm 2 chuyên ngành: Nhiệt điện; Điện lạnh,daniele15,
DDL,7520115,Kỹ thuật nhiệt,A01,14.00,,THPTQG,2018,Gồm 2 chuyên ngành: Nhiệt điện; Điện lạnh,daniele15,
DDL,7520115,Kỹ thuật nhiệt,D07,14.00,,THPTQG,2018,Gồm 2 chuyên ngành: Nhiệt điện; Điện lạnh,daniele15,
DDM,7340101,Quản trị kinh doanh,A00,13.00,,HocBa,2018,Điểm trúng tuyển học bạ: 18 điểm,daniele15,
DDM,7340101,Quản trị kinh doanh,A01,13.00,,HocBa,2018,Điểm trúng tuyển học bạ: 18 điểm,daniele15,
DDM,7340101,Quản trị kinh doanh,D01,13.00,,HocBa,2018,Điểm trúng tuyển học bạ: 18 điểm,daniele15,
DDM,7340101,Quản trị kinh doanh,D07,13.00,,HocBa,2018,Điểm trúng tuyển học bạ: 18 điểm,daniele15,
DDM,7340201,Tài chính - Ngân hàng,A00,13.00,,HocBa,2018,Điểm trúng tuyển học bạ: 18 điểm,daniele15,
DDM,7340201,Tài chính - Ngân hàng,A01,13.00,,HocBa,2018,Điểm trúng tuyển học bạ: 18 điểm,daniele15,
DDM,7340201,Tài chính - Ngân hàng,D01,13.00,,HocBa,2018,Điểm trúng tuyển học bạ: 18 điểm,daniele15,
DDM,7340201,Tài chính - Ngân hàng,D07,13.00,,HocBa,2018,Điểm trúng tuyển học bạ: 18 điểm,daniele15,
DDM,7340301,Kế toán,A00,13.00,,HocBa,2018,Điểm trúng tuyển học bạ: 18 điểm,daniele15,
DDM,7340301,Kế toán,A01,13.00,,HocBa,2018,Điểm trúng tuyển học bạ: 18 điểm,daniele15,
DDM,7340301,Kế toán,D01,13.00,,HocBa,2018,Điểm trúng tuyển học bạ: 18 điểm,daniele15,
DDM,7340301,Kế toán,D07,13.00,,HocBa,2018,Điểm trúng tuyển học bạ: 18 điểm,daniele15,
DDM,7480201,Công nghệ thông tin,A00,13.00,,HocBa,2018,Điểm trúng tuyển học bạ: 18 điểm,daniele15,
DDM,7480201,Công nghệ thông tin,A01,13.00,,HocBa,2018,Điểm trúng tuyển học bạ: 18 điểm,daniele15,
DDM,7480201,Công nghệ thông tin,D01,13.00,,HocBa,2018,Điểm trúng tuyển học bạ: 18 điểm,daniele15,
DDM,7480201,Công nghệ thông tin,D07,13.00,,HocBa,2018,Điểm trúng tuyển học bạ: 18 điểm,daniele15,
DDM,7510102,Công nghệ kỹ thuật công trình xây dựng,A00,13.00,,HocBa,2018,Điểm trúng tuyển học bạ: 18 điểm,daniele15,
DDM,7510102,Công nghệ kỹ thuật công trình xây dựng,A01,13.00,,HocBa,2018,Điểm trúng tuyển học bạ: 18 điểm,daniele15,
DDM,7510102,Công nghệ kỹ thuật công trình xây dựng,D01,13.00,,HocBa,2018,Điểm trúng tuyển học bạ: 18 điểm,daniele15,
DDM,7510102,Công nghệ kỹ thuật công trình xây dựng,D07,13.00,,HocBa,2018,Điểm trúng tuyển học bạ: 18 điểm,daniele15,
DDM,7510201,Công nghệ kỹ thuật cơ khí,A00,13.00,,HocBa,2018,Điểm trúng tuyển học bạ: 18 điểm,daniele15,
DDM,7510201,Công nghệ kỹ thuật cơ khí,A01,13.00,,HocBa,2018,Điểm trúng tuyển học bạ: 18 điểm,daniele15,
DDM,7510201,Công nghệ kỹ thuật cơ khí,D01,13.00,,HocBa,2018,Điểm trúng tuyển học bạ: 18 điểm,daniele15,
DDM,7510201,Công nghệ kỹ thuật cơ khí,D07,13.00,,HocBa,2018,Điểm trúng tuyển học bạ: 18 điểm,daniele15,
DDM,7510301,"Công nghệ kỹ thuật điện, điện tử",A00,13.00,,HocBa,2018,Điểm trúng tuyển học bạ: 18 điểm,daniele15,
DDM,7510301,"Công nghệ kỹ thuật điện, điện tử",A01,13.00,,HocBa,2018,Điểm trúng tuyển học bạ: 18 điểm,daniele15,
DDM,7510301,"Công nghệ kỹ thuật điện, điện tử",D01,13.00,,HocBa,2018,Điểm trúng tuyển học bạ: 18 điểm,daniele15,
DDM,7510301,"Công nghệ kỹ thuật điện, điện tử",D07,13.00,,HocBa,2018,Điểm trúng tuyển học bạ: 18 điểm,daniele15,
DDM,7510303,Công nghệ kỹ thuật điều khiển và tự động hóa,A00,13.00,,HocBa,2018,Điểm trúng tuyển học bạ: 18 điểm,daniele15,
DDM,7510303,Công nghệ kỹ thuật điều khiển và tự động hóa,A01,13.00,,HocBa,2018,Điểm trúng tuyển học bạ: 18 điểm,daniele15,
DDM,7510303,Công nghệ kỹ thuật điều khiển và tự động hóa,D01,13.00,,HocBa,2018,Điểm trúng tuyển học bạ: 18 điểm,daniele15,
DDM,7510303,Công nghệ kỹ thuật điều khiển và tự động hóa,D07,13.00,,HocBa,2018,Điểm trúng tuyển học bạ: 18 điểm,daniele15,
DDM,7520501,Kỹ thuật địa chất,A00,13.00,,HocBa,2018,Điểm trúng tuyển học bạ: 18 điểm,daniele15,
DDM,7520501,Kỹ thuật địa chất,A01,13.00,,HocBa,2018,Điểm trúng tuyển học bạ: 18 điểm,daniele15,
DDM,7520501,Kỹ thuật địa chất,D01,13.00,,HocBa,2018,Điểm trúng tuyển học bạ: 18 điểm,daniele15,
DDM,7520501,Kỹ thuật địa chất,D07,13.00,,HocBa,2018,Điểm trúng tuyển học bạ: 18 điểm,daniele15,
DDM,7520503,Kỹ thuật trắc địa - bản đồ,A00,13.00,,HocBa,2018,Điểm trúng tuyển học bạ: 18 điểm,daniele15,
DDM,7520503,Kỹ thuật trắc địa - bản đồ,A01,13.00,,HocBa,2018,Điểm trúng tuyển học bạ: 18 điểm,daniele15,
DDM,7520503,Kỹ thuật trắc địa - bản đồ,D01,13.00,,HocBa,2018,Điểm trúng tuyển học bạ: 18 điểm,daniele15,
DDM,7520503,Kỹ thuật trắc địa - bản đồ,D07,13.00,,HocBa,2018,Điểm trúng tuyển học bạ: 18 điểm,daniele15,
DDM,7520601,Kỹ thuật mỏ,A00,13.00,,HocBa,2018,Điểm trúng tuyển học bạ: 18 điểm,daniele15,
DDM,7520601,Kỹ thuật mỏ,A01,13.00,,HocBa,2018,Điểm trúng tuyển học bạ: 18 điểm,daniele15,
DDM,7520601,Kỹ thuật mỏ,D01,13.00,,HocBa,2018,Điểm trúng tuyển học bạ: 18 điểm,daniele15,
DDM,7520601,Kỹ thuật mỏ,D07,13.00,,HocBa,2018,Điểm trúng tuyển học bạ: 18 điểm,daniele15,
DDM,7520607,Kỹ thuật tuyển khoáng,A00,13.00,,HocBa,2018,Điểm trúng tuyển học bạ: 18 điểm,daniele15,
DDM,7520607,Kỹ thuật tuyển khoáng,A01,13.00,,HocBa,2018,Điểm trúng tuyển học bạ: 18 điểm,daniele15,
DDM,7520607,Kỹ thuật tuyển khoáng,D01,13.00,,HocBa,2018,Điểm trúng tuyển học bạ: 18 điểm,daniele15,
DDM,7520607,Kỹ thuật tuyển khoáng,D07,13.00,,HocBa,2018,Điểm trúng tuyển học bạ: 18 điểm,daniele15,
DDN,51140201,Giáo dục Mầm non,,15.50,,THPTQG,2018,Điểm năng khiếu nhân 2 và được quy về thang điểm 30Hệ cao đẳng,daniele15,
DDN,51140202,Giáo dục Tiểu học,A00,15.50,,THPTQG,2018,hệ cao đẳng,daniele15,
DDN,51140202,Giáo dục Tiểu học,A01,15.50,,THPTQG,2018,hệ cao đẳng,daniele15,
DDN,51140202,Giáo dục Tiểu học,C00,15.50,,THPTQG,2018,hệ cao đẳng,daniele15,
DDN,51140202,Giáo dục Tiểu học,D01,15.50,,THPTQG,2018,hệ cao đẳng,daniele15,
DDN,51140210,Sư phạm Tin học,A00,17.25,,THPTQG,2018,Hệ cao đẳng,daniele15,
DDN,51140210,Sư phạm Tin học,A01,17.25,,THPTQG,2018,Hệ cao đẳng,daniele15,
DDN,51140210,Sư phạm Tin học,D01,17.25,,THPTQG,2018,Hệ cao đẳng,daniele15,
DDN,51140231,Sư phạm Tiếng Anh,A01,15.00,,THPTQG,2018,Hệ cao đẳngĐiểm tiếng Anh nhân 2 và được quy về thang điểm 30,daniele15,
DDN,51140231,Sư phạm Tiếng Anh,D01,15.00,,THPTQG,2018,Hệ cao đẳngĐiểm tiếng Anh nhân 2 và được quy về thang điểm 30,daniele15,
DDN,7140201,Giáo dục Mầm non,,17.00,,THPTQG,2018,Điểm năng khiếu nhân 2 và được quy về thang điểm 30,daniele15,
DDN,7140202,Giáo dục Tiểu học,A00,18.00,,THPTQG,2018,,daniele15,
DDN,7140202,Giáo dục Tiểu học,A01,18.00,,THPTQG,2018,,daniele15,
DDN,7140202,Giáo dục Tiểu học,C00,18.00,,THPTQG,2018,,daniele15,
DDN,7140202,Giáo dục Tiểu học,D01,18.00,,THPTQG,2018,,daniele15,
DDN,7140209,Sư phạm Toán học,A00,17.00,,THPTQG,2018,,daniele15,
DDN,7140209,Sư phạm Toán học,A01,17.00,,THPTQG,2018,,daniele15,
DDN,7140211,Sư phạm Vật lý,A00,17.00,,THPTQG,2018,,daniele15,
DDN,7140211,Sư phạm Vật lý,A01,17.00,,THPTQG,2018,,daniele15,
DDN,7140212,Sư phạm Hóa học,A00,17.00,,THPTQG,2018,,daniele15,
DDN,7140212,Sư phạm Hóa học,B00,17.00,,THPTQG,2018,,daniele15,
DDN,7140212,Sư phạm Hóa học,D07,17.00,,THPTQG,2018,,daniele15,
DDN,7140213,Sư phạm Sinh học,A02,22.25,,THPTQG,2018,,daniele15,
DDN,7140213,Sư phạm Sinh học,B00,22.25,,THPTQG,2018,,daniele15,
DDN,7140217,Sư phạm Ngữ văn,C00,17.00,,THPTQG,2018,,daniele15,
DDN,7140217,Sư phạm Ngữ văn,D01,17.00,,THPTQG,2018,,daniele15,
DDN,7140217,Sư phạm Ngữ văn,D14,17.00,,THPTQG,2018,,daniele15,
DDN,7140218,Sư phạm Lịch sử,C00,22.50,,THPTQG,2018,,daniele15,
DDN,7140218,Sư phạm Lịch sử,D14,22.50,,THPTQG,2018,,daniele15,
DDN,7140231,Sư phạm Tiếng Anh,A01,17.25,,THPTQG,2018,Điểm tiếng Anh nhân 2 và được quy về thang điểm 30,daniele15,
DDN,7140231,Sư phạm Tiếng Anh,D01,17.25,,THPTQG,2018,Điểm tiếng Anh nhân 2 và được quy về thang điểm 30,daniele15,
DDN,7220201,Ngôn ngữ Anh,D01,16.00,,THPTQG,2018,Điểm tiếng Anh nhân 2 và được quy về thang điểm 30,daniele15,
DDN,7220201,Ngôn ngữ Anh,D09,16.00,,THPTQG,2018,Điểm tiếng Anh nhân 2 và được quy về thang điểm 30,daniele15,
DDN,7220201,Ngôn ngữ Anh,D11,16.00,,THPTQG,2018,Điểm tiếng Anh nhân 2 và được quy về thang điểm 30,daniele15,
DDN,7220201,Ngôn ngữ Anh,D14,16.00,,THPTQG,2018,Điểm tiếng Anh nhân 2 và được quy về thang điểm 30,daniele15,
DDN,7220201,Ngôn ngữ Anh,D01,14.50,,THPTQG,2018,,daniele15,
DDN,7220201,Ngôn ngữ Anh,D09,14.50,,THPTQG,2018,,daniele15,
DDN,7220201,Ngôn ngữ Anh,D11,14.50,,THPTQG,2018,,daniele15,
DDN,7220201,Ngôn ngữ Anh,D14,14.50,,THPTQG,2018,,daniele15,
DDN,7220204,Ngôn ngữ Trung Quốc,D01,14.50,,THPTQG,2018,,daniele15,
DDN,7220204,Ngôn ngữ Trung Quốc,D09,14.50,,THPTQG,2018,,daniele15,
DDN,7220204,Ngôn ngữ Trung Quốc,D65,14.50,,THPTQG,2018,,daniele15,
DDN,7220204,Ngôn ngữ Trung Quốc,D71,14.50,,THPTQG,2018,,daniele15,
DDN,7320108,Quan hệ công chúng,C00,14.50,,THPTQG,2018,,daniele15,
DDN,7320108,Quan hệ công chúng,C19,14.50,,THPTQG,2018,,daniele15,
DDN,7320108,Quan hệ công chúng,C20,14.50,,THPTQG,2018,,daniele15,
DDN,7320108,Quan hệ công chúng,D15,14.50,,THPTQG,2018,,daniele15,
DDN,7340101,Quản trị kinh doanh,A00,15.00,,THPTQG,2018,,daniele15,
DDN,7340101,Quản trị kinh doanh,C03,15.00,,THPTQG,2018,,daniele15,
DDN,7340101,Quản trị kinh doanh,D01,15.00,,THPTQG,2018,,daniele15,
DDN,7340101,Quản trị kinh doanh,D10,15.00,,THPTQG,2018,,daniele15,
DDN,7340101,Quản trị kinh doanh,A00,14.50,,THPTQG,2018,,daniele15,
DDN,7340101,Quản trị kinh doanh,C03,14.50,,THPTQG,2018,,daniele15,
DDN,7340101,Quản trị kinh doanh,D01,14.50,,THPTQG,2018,,daniele15,
DDN,7340101,Quản trị kinh doanh,D10,14.50,,THPTQG,2018,,daniele15,
DDN,7340201,Tài chính - Ngân hàng,A01,14.50,,THPTQG,2018,,daniele15,
DDN,7340201,Tài chính - Ngân hàng,A10,14.50,,THPTQG,2018,,daniele15,
DDN,7340201,Tài chính - Ngân hàng,C14,14.50,,THPTQG,2018,,daniele15,
DDN,7340201,Tài chính - Ngân hàng,D01,14.50,,THPTQG,2018,,daniele15,
DDN,7340301,Kế toán,A01,15.00,,THPTQG,2018,,daniele15,
DDN,7340301,Kế toán,A10,15.00,,THPTQG,2018,,daniele15,
DDN,7340301,Kế toán,C14,15.00,,THPTQG,2018,,daniele15,
DDN,7340301,Kế toán,D01,15.00,,THPTQG,2018,,daniele15,
DDN,7340301,Kế toán,A01,14.50,,THPTQG,2018,,daniele15,
DDN,7340301,Kế toán,A10,14.50,,THPTQG,2018,,daniele15,
DDN,7340301,Kế toán,C14,14.50,,THPTQG,2018,,daniele15,
DDN,7340301,Kế toán,D01,14.50,,THPTQG,2018,,daniele15,
DDN,7380107,Luật,A08,14.50,,THPTQG,2018,Luật kinh tế,daniele15,
DDN,7380107,Luật,A09,14.50,,THPTQG,2018,Luật kinh tế,daniele15,
DDN,7380107,Luật,C00,14.50,,THPTQG,2018,Luật kinh tế,daniele15,
DDN,7380107,Luật,C19,14.50,,THPTQG,2018,Luật kinh tế,daniele15,
DDN,7480201,Công nghệ thông tin,A00,14.50,,THPTQG,2018,,daniele15,
DDN,7480201,Công nghệ thông tin,A15,14.50,,THPTQG,2018,,daniele15,
DDN,7480201,Công nghệ thông tin,D84,14.50,,THPTQG,2018,,daniele15,
DDN,7580102,Kiến trúc,H06,14.50,,THPTQG,2018,,daniele15,
DDN,7580102,Kiến trúc,H08,14.50,,THPTQG,2018,,daniele15,
DDN,7580102,Kiến trúc,V00,14.50,,THPTQG,2018,,daniele15,
DDN,7580102,Kiến trúc,V01,14.50,,THPTQG,2018,,daniele15,
DDN,7580201,Kỹ thuật xây dựng,A00,14.50,,THPTQG,2018,,daniele15,
DDN,7580201,Kỹ thuật xây dựng,A01,14.50,,THPTQG,2018,,daniele15,
DDN,7580201,Kỹ thuật xây dựng,A10,14.50,,THPTQG,2018,,daniele15,
DDN,7580201,Kỹ thuật xây dựng,C14,14.50,,THPTQG,2018,,daniele15,
DDN,7720201,Dược học,A00,16.00,,THPTQG,2018,,daniele15,
DDN,7720201,Dược học,A11,16.00,,THPTQG,2018,,daniele15,
DDN,7720201,Dược học,B00,16.00,,THPTQG,2018,,daniele15,
DDN,7720201,Dược học,D07,16.00,,THPTQG,2018,,daniele15,
DDN,7720301,Điều dưỡng,B00,15.00,,THPTQG,2018,,daniele15,
DDN,7720301,Điều dưỡng,C14,15.00,,THPTQG,2018,,daniele15,
DDN,7720301,Điều dưỡng,D07,15.00,,THPTQG,2018,,daniele15,
DDN,7720301,Điều dưỡng,D66,15.00,,THPTQG,2018,,daniele15,
DDN,7810103,Quản trị dịch vụ du lịch và lữ hành,A07,14.50,,THPTQG,2018,,daniele15,
DDN,7810103,Quản trị dịch vụ du lịch và lữ hành,A08,14.50,,THPTQG,2018,,daniele15,
DDN,7810103,Quản trị dịch vụ du lịch và lữ hành,C00,14.50,,THPTQG,2018,,daniele15,
DDN,7810103,Quản trị dịch vụ du lịch và lữ hành,D01,14.50,,THPTQG,2018,,daniele15,
DDP,7140202,Giáo dục Tiểu học,A00,17.50,,THPTQG,2018,TTNV <= 4,daniele15,
DDP,7140202,Giáo dục Tiểu học,A09,17.50,,THPTQG,2018,TTNV <= 4,daniele15,
DDP,7140202,Giáo dục Tiểu học,C00,17.50,,THPTQG,2018,TTNV <= 4,daniele15,
DDP,7140202,Giáo dục Tiểu học,D01,17.50,,THPTQG,2018,TTNV <= 4,daniele15,
DDP,7310105,Kinh tế phát triển,A00,14.50,,THPTQG,2018,TTNV <= 2,daniele15,
DDP,7310105,Kinh tế phát triển,A09,14.50,,THPTQG,2018,TTNV <= 2,daniele15,
DDP,7310105,Kinh tế phát triển,C00,14.50,,THPTQG,2018,TTNV <= 2,daniele15,
DDP,7310105,Kinh tế phát triển,D01,14.50,,THPTQG,2018,TTNV <= 2,daniele15,
DDP,7340101,Quản trị kinh doanh,A00,14.00,,THPTQG,2018,TTNV <= 1,daniele15,
DDP,7340101,Quản trị kinh doanh,A09,14.00,,THPTQG,2018,TTNV <= 1,daniele15,
DDP,7340101,Quản trị kinh doanh,C00,14.00,,THPTQG,2018,TTNV <= 1,daniele15,
DDP,7340101,Quản trị kinh doanh,D01,14.00,,THPTQG,2018,TTNV <= 1,daniele15,
DDP,7340121,Kinh doanh thương mại,A00,14.35,,THPTQG,2018,TTNV <= 1,daniele15,
DDP,7340121,Kinh doanh thương mại,A09,14.35,,THPTQG,2018,TTNV <= 1,daniele15,
DDP,7340121,Kinh doanh thương mại,C00,14.35,,THPTQG,2018,TTNV <= 1,daniele15,
DDP,7340121,Kinh doanh thương mại,D01,14.35,,THPTQG,2018,TTNV <= 1,daniele15,
DDP,7340201,Tài chính - Ngân hàng,A00,14.10,,THPTQG,2018,TTNV <= 5,daniele15,
DDP,7340201,Tài chính - Ngân hàng,A09,14.10,,THPTQG,2018,TTNV <= 5,daniele15,
DDP,7340201,Tài chính - Ngân hàng,C00,14.10,,THPTQG,2018,TTNV <= 5,daniele15,
DDP,7340201,Tài chính - Ngân hàng,D01,14.10,,THPTQG,2018,TTNV <= 5,daniele15,
DDP,7340301,Kế toán,A00,14.15,,THPTQG,2018,TTNV <= 5,daniele15,
DDP,7340301,Kế toán,A09,14.15,,THPTQG,2018,TTNV <= 5,daniele15,
DDP,7340301,Kế toán,C00,14.15,,THPTQG,2018,TTNV <= 5,daniele15,
DDP,7340301,Kế toán,D01,14.15,,THPTQG,2018,TTNV <= 5,daniele15,
DDP,7380107,Luật,A00,14.00,,THPTQG,2018,Luật kinh tếTTNV <= 2,daniele15,
DDP,7380107,Luật,A09,14.00,,THPTQG,2018,Luật kinh tếTTNV <= 2,daniele15,
DDP,7380107,Luật,C00,14.00,,THPTQG,2018,Luật kinh tếTTNV <= 2,daniele15,
DDP,7380107,Luật,D01,14.00,,THPTQG,2018,Luật kinh tếTTNV <= 2,daniele15,
DDP,7420201,Công nghệ sinh học,A00,19.00,,THPTQG,2018,,daniele15,
DDP,7420201,Công nghệ sinh học,A01,19.00,,THPTQG,2018,,daniele15,
DDP,7420201,Công nghệ sinh học,A04,19.00,,THPTQG,2018,,daniele15,
DDP,7420201,Công nghệ sinh học,B00,19.00,,THPTQG,2018,,daniele15,
DDP,7480201,Công nghệ thông tin,A00,14.30,,THPTQG,2018,TTNV <= 2,daniele15,
DDP,7480201,Công nghệ thông tin,A01,14.30,,THPTQG,2018,TTNV <= 2,daniele15,
DDP,7480201,Công nghệ thông tin,A04,14.30,,THPTQG,2018,TTNV <= 2,daniele15,
DDP,7480201,Công nghệ thông tin,B00,14.30,,THPTQG,2018,TTNV <= 2,daniele15,
DDP,7520201,Kỹ thuật điện,A00,20.00,,THPTQG,2018,,daniele15,
DDP,7520201,Kỹ thuật điện,A01,20.00,,THPTQG,2018,,daniele15,
DDP,7520201,Kỹ thuật điện,A04,20.00,,THPTQG,2018,,daniele15,
DDP,7520201,Kỹ thuật điện,B00,20.00,,THPTQG,2018,,daniele15,
DDP,7580201,Kỹ thuật xây dựng,A00,15.65,,THPTQG,2018,TTNV <= 2,daniele15,
DDP,7580201,Kỹ thuật xây dựng,A01,15.65,,THPTQG,2018,TTNV <= 2,daniele15,
DDP,7580201,Kỹ thuật xây dựng,A04,15.65,,THPTQG,2018,TTNV <= 2,daniele15,
DDP,7580201,Kỹ thuật xây dựng,B00,15.65,,THPTQG,2018,TTNV <= 2,daniele15,
DDP,7620114,Kinh doanh nông nghiệp,A00,14.05,,THPTQG,2018,TTNV <= 3,daniele15,
DDP,7620114,Kinh doanh nông nghiệp,A09,14.05,,THPTQG,2018,TTNV <= 3,daniele15,
DDP,7620114,Kinh doanh nông nghiệp,C00,14.05,,THPTQG,2018,TTNV <= 3,daniele15,
DDP,7620114,Kinh doanh nông nghiệp,D01,14.05,,THPTQG,2018,TTNV <= 3,daniele15,
DDP,7810103,Quản trị dịch vụ du lịch và lữ hành,A00,14.00,,THPTQG,2018,TTNV <= 5,daniele15,
DDP,7810103,Quản trị dịch vụ du lịch và lữ hành,A09,14.00,,THPTQG,2018,TTNV <= 5,daniele15,
DDP,7810103,Quản trị dịch vụ du lịch và lữ hành,C00,14.00,,THPTQG,2018,TTNV <= 5,daniele15,
DDP,7810103,Quản trị dịch vụ du lịch và lữ hành,D01,14.00,,THPTQG,2018,TTNV <= 5,daniele15,
DDQ,7310101,Kinh tế,A00,18.50,,THPTQG,2018,,daniele15,
DDQ,7310101,Kinh tế,A01,18.50,,THPTQG,2018,,daniele15,
DDQ,7310101,Kinh tế,D01,18.50,,THPTQG,2018,,daniele15,
DDQ,7310101,Kinh tế,D90,18.50,,THPTQG,2018,,daniele15,
DDQ,7310107,Thống kê kinh tế,A00,17.50,,THPTQG,2018,,daniele15,
DDQ,7310107,Thống kê kinh tế,A01,17.50,,THPTQG,2018,,daniele15,
DDQ,7310107,Thống kê kinh tế,D01,17.50,,THPTQG,2018,,daniele15,
DDQ,7310107,Thống kê kinh tế,D90,17.50,,THPTQG,2018,,daniele15,
DDQ,7310205,Quản lý nhà nước,A00,17.50,,THPTQG,2018,,daniele15,
DDQ,7310205,Quản lý nhà nước,A01,17.50,,THPTQG,2018,,daniele15,
DDQ,7310205,Quản lý nhà nước,D01,17.50,,THPTQG,2018,,daniele15,
DDQ,7310205,Quản lý nhà nước,D96,17.50,,THPTQG,2018,,daniele15,
DDQ,7340101,Quản trị kinh doanh,A00,19.50,,THPTQG,2018,,daniele15,
DDQ,7340101,Quản trị kinh doanh,A01,19.50,,THPTQG,2018,,daniele15,
DDQ,7340101,Quản trị kinh doanh,D01,19.50,,THPTQG,2018,,daniele15,
DDQ,7340101,Quản trị kinh doanh,D90,19.50,,THPTQG,2018,,daniele15,
DDQ,7340115,Marketing,A00,19.75,,THPTQG,2018,,daniele15,
DDQ,7340115,Marketing,A01,19.75,,THPTQG,2018,,daniele15,
DDQ,7340115,Marketing,D01,19.75,,THPTQG,2018,,daniele15,
DDQ,7340115,Marketing,D90,19.75,,THPTQG,2018,,daniele15,
DDQ,7340120,Kinh doanh quốc tế,A00,21.25,,THPTQG,2018,,daniele15,
DDQ,7340120,Kinh doanh quốc tế,A01,21.25,,THPTQG,2018,,daniele15,
DDQ,7340120,Kinh doanh quốc tế,D01,21.25,,THPTQG,2018,,daniele15,
DDQ,7340120,Kinh doanh quốc tế,D90,21.25,,THPTQG,2018,,daniele15,
DDQ,7340121,Kinh doanh thương mại,A00,19.00,,THPTQG,2018,,daniele15,
DDQ,7340121,Kinh doanh thương mại,A01,19.00,,THPTQG,2018,,daniele15,
DDQ,7340121,Kinh doanh thương mại,D01,19.00,,THPTQG,2018,,daniele15,
DDQ,7340121,Kinh doanh thương mại,D90,19.00,,THPTQG,2018,,daniele15,
DDQ,7340122,Thương mại điện tử,A00,17.75,,THPTQG,2018,,daniele15,
DDQ,7340122,Thương mại điện tử,A01,17.75,,THPTQG,2018,,daniele15,
DDQ,7340122,Thương mại điện tử,D01,17.75,,THPTQG,2018,,daniele15,
DDQ,7340122,Thương mại điện tử,D90,17.75,,THPTQG,2018,,daniele15,
DDQ,7340201,Tài chính - Ngân hàng,A00,18.25,,THPTQG,2018,,daniele15,
DDQ,7340201,Tài chính - Ngân hàng,A01,18.25,,THPTQG,2018,,daniele15,
DDQ,7340201,Tài chính - Ngân hàng,D01,18.25,,THPTQG,2018,,daniele15,
DDQ,7340201,Tài chính - Ngân hàng,D90,18.25,,THPTQG,2018,,daniele15,
DDQ,7340301,Kế toán,A00,18.50,,THPTQG,2018,,daniele15,
DDQ,7340301,Kế toán,A01,18.50,,THPTQG,2018,,daniele15,
DDQ,7340301,Kế toán,D01,18.50,,THPTQG,2018,,daniele15,
DDQ,7340301,Kế toán,D90,18.50,,THPTQG,2018,,daniele15,
DDQ,7340302,Kiểm toán,A00,18.50,,THPTQG,2018,,daniele15,
DDQ,7340302,Kiểm toán,A01,18.50,,THPTQG,2018,,daniele15,
DDQ,7340302,Kiểm toán,D01,18.50,,THPTQG,2018,,daniele15,
DDQ,7340302,Kiểm toán,D90,18.50,,THPTQG,2018,,daniele15,
DDQ,7340404,Quản trị nhân lực,A00,18.75,,THPTQG,2018,,daniele15,
DDQ,7340404,Quản trị nhân lực,A01,18.75,,THPTQG,2018,,daniele15,
DDQ,7340404,Quản trị nhân lực,D01,18.75,,THPTQG,2018,,daniele15,
DDQ,7340404,Quản trị nhân lực,D90,18.75,,THPTQG,2018,,daniele15,
DDQ,7340405,Hệ thống thông tin quản lý,A00,17.50,,THPTQG,2018,,daniele15,
DDQ,7340405,Hệ thống thông tin quản lý,A01,17.50,,THPTQG,2018,,daniele15,
DDQ,7340405,Hệ thống thông tin quản lý,D01,17.50,,THPTQG,2018,,daniele15,
DDQ,7340405,Hệ thống thông tin quản lý,D90,17.50,,THPTQG,2018,,daniele15,
DDQ,7380101,Luật,A00,18.00,,THPTQG,2018,,daniele15,
DDQ,7380101,Luật,A01,18.00,,THPTQG,2018,,daniele15,
DDQ,7380101,Luật,D01,18.00,,THPTQG,2018,,daniele15,
DDQ,7380101,Luật,D96,18.00,,THPTQG,2018,,daniele15,
DDQ,7380107,Luật,A00,19.00,,THPTQG,2018,Luật kinh tế,daniele15,
DDQ,7380107,Luật,A01,19.00,,THPTQG,2018,Luật kinh tế,daniele15,
DDQ,7380107,Luật,D01,19.00,,THPTQG,2018,Luật kinh tế,daniele15,
DDQ,7380107,Luật,D96,19.00,,THPTQG,2018,Luật kinh tế,daniele15,
DDQ,7810103,Quản trị dịch vụ du lịch và lữ hành,A00,20.00,,THPTQG,2018,,daniele15,
DDQ,7810103,Quản trị dịch vụ du lịch và lữ hành,A01,20.00,,THPTQG,2018,,daniele15,
DDQ,7810103,Quản trị dịch vụ du lịch và lữ hành,D01,20.00,,THPTQG,2018,,daniele15,
DDQ,7810103,Quản trị dịch vụ du lịch và lữ hành,D90,20.00,,THPTQG,2018,,daniele15,
DDQ,7810201,Quản trị khách sạn,A00,20.25,,THPTQG,2018,,daniele15,
DDQ,7810201,Quản trị khách sạn,A01,20.25,,THPTQG,2018,,daniele15,
DDQ,7810201,Quản trị khách sạn,D01,20.25,,THPTQG,2018,,daniele15,
DDQ,7810201,Quản trị khách sạn,D90,20.25,,THPTQG,2018,,daniele15,
DDS,7140201,Giáo dục Mầm non,,19.25,,THPTQG,2018,NK2 >= 6.25;TO >= 6;VA >= 6.75;TTNV <= 1,daniele15,
DDS,7140202,Giáo dục Tiểu học,D01,17.75,,THPTQG,2018,TO >= 4.8;VA >= 7;N1 >= 5.2;TTNV <= 2,daniele15,
DDS,7140205,Giáo dục Chính trị,C00,19.00,,THPTQG,2018,VA >= 4.75;TTNV <= 3,daniele15,
DDS,7140205,Giáo dục Chính trị,C20,19.00,,THPTQG,2018,VA >= 4.75;TTNV <= 3,daniele15,
DDS,7140205,Giáo dục Chính trị,D66,19.00,,THPTQG,2018,VA >= 4.75;TTNV <= 3,daniele15,
DDS,7140209,Sư phạm Toán học,A00,19.50,,THPTQG,2018,TO >= 7;LI >= 5.5;TTNV <= 1,daniele15,
DDS,7140209,Sư phạm Toán học,A01,19.50,,THPTQG,2018,TO >= 7;LI >= 5.5;TTNV <= 1,daniele15,
DDS,7140210,Sư phạm Tin học,A00,21.00,,THPTQG,2018,,daniele15,
DDS,7140210,Sư phạm Tin học,A01,21.00,,THPTQG,2018,,daniele15,
DDS,7140211,Sư phạm Vật lý,A00,17.00,,THPTQG,2018,LI >= 6;TO >= 5;TTNV <= 2,daniele15,
DDS,7140211,Sư phạm Vật lý,A01,17.00,,THPTQG,2018,LI >= 6;TO >= 5;TTNV <= 2,daniele15,
DDS,7140211,Sư phạm Vật lý,A02,17.00,,THPTQG,2018,LI >= 6;TO >= 5;TTNV <= 2,daniele15,
DDS,7140212,Sư phạm Hóa học,A00,18.50,,THPTQG,2018,HO >= 6.25;TO >= 6;TTNV <= 3,daniele15,
DDS,7140212,Sư phạm Hóa học,B00,18.50,,THPTQG,2018,HO >= 6.25;TO >= 6;TTNV <= 3,daniele15,
DDS,7140212,Sư phạm Hóa học,D07,18.50,,THPTQG,2018,HO >= 6.25;TO >= 6;TTNV <= 3,daniele15,
DDS,7140213,Sư phạm Sinh học,B00,17.00,,THPTQG,2018,SI >= 5.25;TO >= 6;TTNV <= 5,daniele15,
DDS,7140213,Sư phạm Sinh học,D08,17.00,,THPTQG,2018,SI >= 5.25;TO >= 6;TTNV <= 5,daniele15,
DDS,7140217,Sư phạm Ngữ văn,C00,21.00,,THPTQG,2018,VA >= 6.25;TTNV <= 2,daniele15,
DDS,7140217,Sư phạm Ngữ văn,C14,21.00,,THPTQG,2018,VA >= 6.25;TTNV <= 2,daniele15,
DDS,7140217,Sư phạm Ngữ văn,D66,21.00,,THPTQG,2018,VA >= 6.25;TTNV <= 2,daniele15,
DDS,7140218,Sư phạm Lịch sử,C00,17.00,,THPTQG,2018,SU >= 2.25;VA >= 6;TTNV <= 3,daniele15,
DDS,7140218,Sư phạm Lịch sử,C19,17.00,,THPTQG,2018,SU >= 2.25;VA >= 6;TTNV <= 3,daniele15,
DDS,7140219,Sư phạm Địa lý,C00,17.50,,THPTQG,2018,DI >= 5.25;VA >= 5.5;TTNV <= 1,daniele15,
DDS,7140219,Sư phạm Địa lý,D15,17.50,,THPTQG,2018,DI >= 5.25;VA >= 5.5;TTNV <= 1,daniele15,
DDS,7140221,Sư phạm Âm nhạc,N00,20.65,,THPTQG,2018,NK4 >= 6;NK5 >= 8.5;VA >= 5;TTNV <= 1,daniele15,
DDS,7229010,Lịch sử,C00,15.25,,THPTQG,2018,SU >= 3.5;VA >= 6;TTNV <= 1,daniele15,
DDS,7229010,Lịch sử,C19,15.25,,THPTQG,2018,SU >= 3.5;VA >= 6;TTNV <= 1,daniele15,
DDS,7229010,Lịch sử,D14,15.25,,THPTQG,2018,SU >= 3.5;VA >= 6;TTNV <= 1,daniele15,
DDS,7229030,Văn học,C00,15.00,,THPTQG,2018,VA >= 4;TTNV <= 1,daniele15,
DDS,7229030,Văn học,C14,15.00,,THPTQG,2018,VA >= 4;TTNV <= 1,daniele15,
DDS,7229030,Văn học,D15,15.00,,THPTQG,2018,VA >= 4;TTNV <= 1,daniele15,
DDS,7229030,Văn học,D66,15.00,,THPTQG,2018,VA >= 4;TTNV <= 1,daniele15,
DDS,7229040,Văn hoá học,C00,15.25,,THPTQG,2018,VA >= 3;TTNV <= 2,daniele15,
DDS,7229040,Văn hoá học,C14,15.25,,THPTQG,2018,VA >= 3;TTNV <= 2,daniele15,
DDS,7229040,Văn hoá học,D15,15.25,,THPTQG,2018,VA >= 3;TTNV <= 2,daniele15,
DDS,7229040,Văn hoá học,D66,15.25,,THPTQG,2018,VA >= 3;TTNV <= 2,daniele15,
DDS,7310401,Tâm lý học,B00,15.00,,THPTQG,2018,TTNV <= 6,daniele15,
DDS,7310401,Tâm lý học,C00,15.00,,THPTQG,2018,TTNV <= 6,daniele15,
DDS,7310401,Tâm lý học,D01,15.00,,THPTQG,2018,TTNV <= 6,daniele15,
DDS,7310401CLC,Tâm lý học,B00,15.40,,THPTQG,2018,Chất lượng caoTTNV <= 6,daniele15,
DDS,7310401CLC,Tâm lý học,C00,15.40,,THPTQG,2018,Chất lượng caoTTNV <= 6,daniele15,
DDS,7310401CLC,Tâm lý học,D01,15.40,,THPTQG,2018,Chất lượng caoTTNV <= 6,daniele15,
DDS,7310501,Địa lý học,C00,15.00,,THPTQG,2018,DI >= 4.75;VA >= 4.5;TTNV <= 1,daniele15,
DDS,7310501,Địa lý học,D15,15.00,,THPTQG,2018,DI >= 4.75;VA >= 4.5;TTNV <= 1,daniele15,
DDS,7310630,Việt Nam học,C00,15.00,,THPTQG,2018,VA >= 3.75;TTNV <= 1,daniele15,
DDS,7310630,Việt Nam học,D14,15.00,,THPTQG,2018,VA >= 3.75;TTNV <= 1,daniele15,
DDS,7310630,Việt Nam học,D15,15.00,,THPTQG,2018,VA >= 3.75;TTNV <= 1,daniele15,
DDS,7310630CLC,Việt Nam học,C00,15.05,,THPTQG,2018,Chất lượng caoVA >= 5.25;TTNV <= 5,daniele15,
DDS,7310630CLC,Việt Nam học,D14,15.05,,THPTQG,2018,Chất lượng caoVA >= 5.25;TTNV <= 5,daniele15,
DDS,7310630CLC,Việt Nam học,D15,15.05,,THPTQG,2018,Chất lượng caoVA >= 5.25;TTNV <= 5,daniele15,
DDS,7320101,Báo chí,C00,17.00,,THPTQG,2018,VA >= 5;TTNV <= 1,daniele15,
DDS,7320101,Báo chí,C14,17.00,,THPTQG,2018,VA >= 5;TTNV <= 1,daniele15,
DDS,7320101,Báo chí,C15,17.00,,THPTQG,2018,VA >= 5;TTNV <= 1,daniele15,
DDS,7320101,Báo chí,D66,17.00,,THPTQG,2018,VA >= 5;TTNV <= 1,daniele15,
DDS,7320101CLC,Báo chí,C00,15.00,,THPTQG,2018,VA >= 4.5;TTNV <= 4Chất lượng cao,daniele15,
DDS,7320101CLC,Báo chí,C14,15.00,,THPTQG,2018,VA >= 4.5;TTNV <= 4Chất lượng cao,daniele15,
DDS,7320101CLC,Báo chí,C15,15.00,,THPTQG,2018,VA >= 4.5;TTNV <= 4Chất lượng cao,daniele15,
DDS,7320101CLC,Báo chí,D66,15.00,,THPTQG,2018,VA >= 4.5;TTNV <= 4Chất lượng cao,daniele15,
DDS,7420201,Công nghệ sinh học,A00,15.00,,THPTQG,2018,TO >= 5;TTNV <= 1,daniele15,
DDS,7420201,Công nghệ sinh học,B00,15.00,,THPTQG,2018,TO >= 5;TTNV <= 1,daniele15,
DDS,7420201,Công nghệ sinh học,D08,15.00,,THPTQG,2018,TO >= 5;TTNV <= 1,daniele15,
DDS,7440102,Vật lý học,A00,21.50,,THPTQG,2018,,daniele15,
DDS,7440102,Vật lý học,A01,21.50,,THPTQG,2018,,daniele15,
DDS,7440102,Vật lý học,A02,21.50,,THPTQG,2018,,daniele15,
DDS,7440112,Hoá học,A00,15.00,,THPTQG,2018,HO >= 4.5;TO >= 5;TTNV <= 3,daniele15,
DDS,7440112,Hoá học,B00,15.00,,THPTQG,2018,HO >= 4.5;TO >= 5;TTNV <= 3,daniele15,
DDS,7440112,Hoá học,D07,15.00,,THPTQG,2018,HO >= 4.5;TO >= 5;TTNV <= 3,daniele15,
DDS,7440112CLC,Hoá học,A00,15.70,,THPTQG,2018,Chuyên ngành Hóa Dược-Chất lượng caoHO >= 5.25;TO >= 5.2;TTNV <= 5,daniele15,
DDS,7440112CLC,Hoá học,B00,15.70,,THPTQG,2018,Chuyên ngành Hóa Dược-Chất lượng caoHO >= 5.25;TO >= 5.2;TTNV <= 5,daniele15,
DDS,7440112CLC,Hoá học,D07,15.70,,THPTQG,2018,Chuyên ngành Hóa Dược-Chất lượng caoHO >= 5.25;TO >= 5.2;TTNV <= 5,daniele15,
DDS,7440301,Khoa học môi trường,A00,21.50,,THPTQG,2018,,daniele15,
DDS,7440301,Khoa học môi trường,B00,21.50,,THPTQG,2018,,daniele15,
DDS,7440301,Khoa học môi trường,D07,21.50,,THPTQG,2018,,daniele15,
DDS,7460112,Toán ứng dụng,A00,21.00,,THPTQG,2018,,daniele15,
DDS,7460112,Toán ứng dụng,A01,21.00,,THPTQG,2018,,daniele15,
DDS,7480201,Công nghệ thông tin,A00,15.00,,THPTQG,2018,TO >= 6;LI >= 4;TTNV <= 3,daniele15,
DDS,7480201,Công nghệ thông tin,A01,15.00,,THPTQG,2018,TO >= 6;LI >= 4;TTNV <= 3,daniele15,
DDS,7480201CLC,Công nghệ thông tin,A00,15.10,,THPTQG,2018,Chất lượng caoTO >= 5.4;LI >= 4.5;TTNV <= 2,daniele15,
DDS,7480201CLC,Công nghệ thông tin,A01,15.10,,THPTQG,2018,Chất lượng caoTO >= 5.4;LI >= 4.5;TTNV <= 2,daniele15,
DDS,7480201DT,Công nghệ thông tin,A00,22.25,,THPTQG,2018,đặc thù,daniele15,
DDS,7480201DT,Công nghệ thông tin,A01,22.25,,THPTQG,2018,đặc thù,daniele15,
DDS,7760101,Công tác xã hội,C00,15.00,,THPTQG,2018,VA >= 3;TTNV <= 2,daniele15,
DDS,7760101,Công tác xã hội,D01,15.00,,THPTQG,2018,VA >= 3;TTNV <= 2,daniele15,
DDS,7850101,Quản lý tài nguyên và môi trường,A00,15.05,,THPTQG,2018,TO >= 4.8;TTNV <= 4,daniele15,
DDS,7850101,Quản lý tài nguyên và môi trường,B00,15.05,,THPTQG,2018,TO >= 4.8;TTNV <= 4,daniele15,
DDS,7850101,Quản lý tài nguyên và môi trường,D08,15.05,,THPTQG,2018,TO >= 4.8;TTNV <= 4,daniele15,
DDS,7850101CLC,Quản lý tài nguyên và môi trường,A00,21.05,,THPTQG,2018,Chất lượng cao,daniele15,
DDS,7850101CLC,Quản lý tài nguyên và môi trường,B00,21.05,,THPTQG,2018,Chất lượng cao,daniele15,
DDS,7850101CLC,Quản lý tài nguyên và môi trường,D08,21.05,,THPTQG,2018,Chất lượng cao,daniele15,
DDT,7220201,Ngôn ngữ Anh,D01,13.00,,THPTQG,2018,,daniele15,
DDT,7220201,Ngôn ngữ Anh,D14,13.00,,THPTQG,2018,,daniele15,
DDT,7220201,Ngôn ngữ Anh,D15,13.00,,THPTQG,2018,,daniele15,
DDT,7220201,Ngôn ngữ Anh,D72,13.00,,THPTQG,2018,,daniele15,
DDT,7229030,Văn học,C00,13.00,,THPTQG,2018,,daniele15,
DDT,7229030,Văn học,C15,13.00,,THPTQG,2018,,daniele15,
DDT,7229030,Văn học,D01,13.00,,THPTQG,2018,,daniele15,
DDT,7229030,Văn học,D15,13.00,,THPTQG,2018,,daniele15,
DDT,7310206,Quan hệ quốc tế,C00,13.00,,THPTQG,2018,,daniele15,
DDT,7310206,Quan hệ quốc tế,C15,13.00,,THPTQG,2018,,daniele15,
DDT,7310206,Quan hệ quốc tế,D01,13.00,,THPTQG,2018,,daniele15,
DDT,7310206,Quan hệ quốc tế,D15,13.00,,THPTQG,2018,,daniele15,
DDT,7310630,Việt Nam học,C00,13.00,,THPTQG,2018,,daniele15,
DDT,7310630,Việt Nam học,C15,13.00,,THPTQG,2018,,daniele15,
DDT,7310630,Việt Nam học,D01,13.00,,THPTQG,2018,,daniele15,
DDT,7310630,Việt Nam học,D15,13.00,,THPTQG,2018,,daniele15,
DDT,7320104,Truyền thông đa phương tiện,A00,13.00,,THPTQG,2018,,daniele15,
DDT,7320104,Truyền thông đa phương tiện,C00,13.00,,THPTQG,2018,,daniele15,
DDT,7320104,Truyền thông đa phương tiện,C15,13.00,,THPTQG,2018,,daniele15,
DDT,7320104,Truyền thông đa phương tiện,D01,13.00,,THPTQG,2018,,daniele15,
DDT,7340101,Quản trị kinh doanh,A00,13.00,,THPTQG,2018,,daniele15,
DDT,7340101,Quản trị kinh doanh,A16,13.00,,THPTQG,2018,,daniele15,
DDT,7340101,Quản trị kinh doanh,C01,13.00,,THPTQG,2018,,daniele15,
DDT,7340101,Quản trị kinh doanh,D01,13.00,,THPTQG,2018,,daniele15,
DDT,7340201,Tài chính - Ngân hàng,A00,13.00,,THPTQG,2018,,daniele15,
DDT,7340201,Tài chính - Ngân hàng,A16,13.00,,THPTQG,2018,,daniele15,
DDT,7340201,Tài chính - Ngân hàng,C01,13.00,,THPTQG,2018,,daniele15,
DDT,7340201,Tài chính - Ngân hàng,D01,13.00,,THPTQG,2018,,daniele15,
DDT,7340301,Kế toán,A00,13.00,,THPTQG,2018,,daniele15,
DDT,7340301,Kế toán,A16,13.00,,THPTQG,2018,,daniele15,
DDT,7340301,Kế toán,C01,13.00,,THPTQG,2018,,daniele15,
DDT,7340301,Kế toán,D01,13.00,,THPTQG,2018,,daniele15,
DDT,7340405,Hệ thống thông tin quản lý,A00,13.00,,THPTQG,2018,,daniele15,
DDT,7340405,Hệ thống thông tin quản lý,A16,13.00,,THPTQG,2018,,daniele15,
DDT,7340405,Hệ thống thông tin quản lý,C01,13.00,,THPTQG,2018,,daniele15,
DDT,7340405,Hệ thống thông tin quản lý,D01,13.00,,THPTQG,2018,,daniele15,
DDT,7380101,Luật,A00,13.00,,THPTQG,2018,,daniele15,
DDT,7380101,Luật,C00,13.00,,THPTQG,2018,,daniele15,
DDT,7380101,Luật,C15,13.00,,THPTQG,2018,,daniele15,
DDT,7380101,Luật,D01,13.00,,THPTQG,2018,,daniele15,
DDT,7380107,Luật,A00,13.00,,THPTQG,2018,Luật kinh tế,daniele15,
DDT,7380107,Luật,C00,13.00,,THPTQG,2018,Luật kinh tế,daniele15,
DDT,7380107,Luật,C15,13.00,,THPTQG,2018,Luật kinh tế,daniele15,
DDT,7380107,Luật,D01,13.00,,THPTQG,2018,Luật kinh tế,daniele15,
DDT,7480103,Kỹ thuật phần mềm,A00,13.00,,THPTQG,2018,,daniele15,
DDT,7480103,Kỹ thuật phần mềm,A16,13.00,,THPTQG,2018,,daniele15,
DDT,7480103,Kỹ thuật phần mềm,C01,13.00,,THPTQG,2018,,daniele15,
DDT,7480103,Kỹ thuật phần mềm,D01,13.00,,THPTQG,2018,,daniele15,
DDT,7510102,Công nghệ kỹ thuật công trình xây dựng,A00,13.00,,THPTQG,2018,,daniele15,
DDT,7510102,Công nghệ kỹ thuật công trình xây dựng,A16,13.00,,THPTQG,2018,,daniele15,
DDT,7510102,Công nghệ kỹ thuật công trình xây dựng,C01,13.00,,THPTQG,2018,,daniele15,
DDT,7510102,Công nghệ kỹ thuật công trình xây dựng,C02,13.00,,THPTQG,2018,,daniele15,
DDT,7510301,"Công nghệ kỹ thuật điện, điện tử",A00,13.00,,THPTQG,2018,,daniele15,
DDT,7510301,"Công nghệ kỹ thuật điện, điện tử",A16,13.00,,THPTQG,2018,,daniele15,
DDT,7510301,"Công nghệ kỹ thuật điện, điện tử",C01,13.00,,THPTQG,2018,,daniele15,
DDT,7510301,"Công nghệ kỹ thuật điện, điện tử",D01,13.00,,THPTQG,2018,,daniele15,
DDT,7510406,Công nghệ kỹ thuật môi trường,A00,13.00,,THPTQG,2018,,daniele15,
DDT,7510406,Công nghệ kỹ thuật môi trường,A16,13.00,,THPTQG,2018,,daniele15,
DDT,7510406,Công nghệ kỹ thuật môi trường,B00,13.00,,THPTQG,2018,,daniele15,
DDT,7510406,Công nghệ kỹ thuật môi trường,C02,13.00,,THPTQG,2018,,daniele15,
DDT,7540101,Công nghệ thực phẩm,A00,13.00,,THPTQG,2018,,daniele15,
DDT,7540101,Công nghệ thực phẩm,A16,13.00,,THPTQG,2018,,daniele15,
DDT,7540101,Công nghệ thực phẩm,B00,13.00,,THPTQG,2018,,daniele15,
DDT,7540101,Công nghệ thực phẩm,C01,13.00,,THPTQG,2018,,daniele15,
DDT,7580101,Kiến trúc,V00,15.00,,THPTQG,2018,,daniele15,
DDT,7580101,Kiến trúc,V01,15.00,,THPTQG,2018,,daniele15,
DDT,7580101,Kiến trúc,V02,15.00,,THPTQG,2018,,daniele15,
DDT,7580101,Kiến trúc,V03,15.00,,THPTQG,2018,,daniele15,
DDT,7580201,Kỹ thuật xây dựng,A00,13.00,,THPTQG,2018,,daniele15,
DDT,7580201,Kỹ thuật xây dựng,A16,13.00,,THPTQG,2018,,daniele15,
DDT,7580201,Kỹ thuật xây dựng,C01,13.00,,THPTQG,2018,,daniele15,
DDT,7580201,Kỹ thuật xây dựng,C02,13.00,,THPTQG,2018,,daniele15,
DDT,7720101,Y khoa,A16,19.00,,THPTQG,2018,,daniele15,
DDT,7720101,Y khoa,B00,19.00,,THPTQG,2018,,daniele15,
DDT,7720101,Y khoa,D08,19.00,,THPTQG,2018,,daniele15,
DDT,7720101,Y khoa,D90,19.00,,THPTQG,2018,,daniele15,
DDT,7720201,Dược học,A00,16.00,,THPTQG,2018,,daniele15,
DDT,7720201,Dược học,A16,16.00,,THPTQG,2018,,daniele15,
DDT,7720201,Dược học,B00,16.00,,THPTQG,2018,,daniele15,
DDT,7720201,Dược học,B03,16.00,,THPTQG,2018,,daniele15,
DDT,7720301,Điều dưỡng,A00,13.00,,THPTQG,2018,,daniele15,
DDT,7720301,Điều dưỡng,A16,13.00,,THPTQG,2018,,daniele15,
DDT,7720301,Điều dưỡng,B00,13.00,,THPTQG,2018,,daniele15,
DDT,7720301,Điều dưỡng,B03,13.00,,THPTQG,2018,,daniele15,
DDT,7720501,Răng - Hàm - Mặt,A00,19.00,,THPTQG,2018,,daniele15,
DDT,7720501,Răng - Hàm - Mặt,A16,19.00,,THPTQG,2018,,daniele15,
DDT,7720501,Răng - Hàm - Mặt,B00,19.00,,THPTQG,2018,,daniele15,
DDT,7720501,Răng - Hàm - Mặt,B03,19.00,,THPTQG,2018,,daniele15,
DDT,7810103,Quản trị dịch vụ du lịch và lữ hành,A00,13.00,,THPTQG,2018,,daniele15,
DDT,7810103,Quản trị dịch vụ du lịch và lữ hành,C00,13.00,,THPTQG,2018,,daniele15,
DDT,7810103,Quản trị dịch vụ du lịch và lữ hành,C15,13.00,,THPTQG,2018,,daniele15,
DDT,7810103,Quản trị dịch vụ du lịch và lữ hành,D01,13.00,,THPTQG,2018,,daniele15,
DDT,7850101,Quản lý tài nguyên và môi trường,A00,13.00,,THPTQG,2018,,daniele15,
DDT,7850101,Quản lý tài nguyên và môi trường,A16,13.00,,THPTQG,2018,,daniele15,
DDT,7850101,Quản lý tài nguyên và môi trường,B00,13.00,,THPTQG,2018,,daniele15,
DDT,7850101,Quản lý tài nguyên và môi trường,C15,13.00,,THPTQG,2018,,daniele15,
DDV,7340124,Quản trị và Kinh doanh Quốc tế,A00,19.30,,THPTQG,2018,,daniele15,
DDV,7340124,Quản trị và Kinh doanh Quốc tế,A01,19.30,,THPTQG,2018,,daniele15,
DDV,7340124,Quản trị và Kinh doanh Quốc tế,D01,19.30,,THPTQG,2018,,daniele15,
DDV,7340124,Quản trị và Kinh doanh Quốc tế,D10,19.30,,THPTQG,2018,,daniele15,
DDV,7420204,Khoa học Y sinh,A00,20.60,,THPTQG,2018,,daniele15,
DDV,7420204,Khoa học Y sinh,B00,20.60,,THPTQG,2018,,daniele15,
DDV,7420204,Khoa học Y sinh,B08,20.60,,THPTQG,2018,,daniele15,
DDV,7420204,Khoa học Y sinh,D07,20.60,,THPTQG,2018,,daniele15,
DDV,7480204,Khoa học và Kỹ thuật máy tính,A00,19.30,,THPTQG,2018,,daniele15,
DDV,7480204,Khoa học và Kỹ thuật máy tính,A01,19.30,,THPTQG,2018,,daniele15,
DDV,7480204,Khoa học và Kỹ thuật máy tính,D01,19.30,,THPTQG,2018,,daniele15,
DDV,7480204,Khoa học và Kỹ thuật máy tính,D90,19.30,,THPTQG,2018,,daniele15,
DDY,7720101,Y khoa,B00,22.15,,THPTQG,2018,TO >= 6.4;SI >= 7.75;HO >= 7.25; TTNV <= 3,daniele15,
DDY,7720201A,Dược học,A00,21.80,,THPTQG,2018,ổ hợp A00TO >= 7.8;HO >= 6.75;LI >= 6.5; TTNV <= 3,daniele15,
DDY,7720201B,Dược học,B00,21.45,,THPTQG,2018,tổ hợp B00TO >= 6.2;SI >= 7.75;HO >= 7.25; TTNV <= 1,daniele15,
DDY,7720301,Điều dưỡng,B00,18.15,,THPTQG,2018,TO >= 6.4;SI >= 6.5;HO >= 4.5;  TTNV <= 2,daniele15,
DDY,7720501,Răng - Hàm - Mặt,B00,22.05,,THPTQG,2018,TO >= 7.8;SI >= 6.75;HO >= 7.25; TTNV <= 4,daniele15,
DFA,7310101,Kinh tế,A00,14.00,,THPTQG,2018,,daniele15,
DFA,7310101,Kinh tế,A01,14.00,,THPTQG,2018,,daniele15,
DFA,7310101,Kinh tế,C04,14.00,,THPTQG,2018,,daniele15,
DFA,7310101,Kinh tế,D01,14.00,,THPTQG,2018,,daniele15,
DFA,7340101,Quản trị kinh doanh,A00,14.00,,THPTQG,2018,,daniele15,
DFA,7340101,Quản trị kinh doanh,A01,14.00,,THPTQG,2018,,daniele15,
DFA,7340101,Quản trị kinh doanh,C04,14.00,,THPTQG,2018,,daniele15,
DFA,7340101,Quản trị kinh doanh,D01,14.00,,THPTQG,2018,,daniele15,
DFA,7340120,Kinh doanh quốc tế,A00,14.00,,THPTQG,2018,,daniele15,
DFA,7340120,Kinh doanh quốc tế,A01,14.00,,THPTQG,2018,,daniele15,
DFA,7340120,Kinh doanh quốc tế,D01,14.00,,THPTQG,2018,,daniele15,
DFA,7340120,Kinh doanh quốc tế,D07,14.00,,THPTQG,2018,,daniele15,
DFA,7340201,Tài chính - Ngân hàng,A00,14.00,,THPTQG,2018,,daniele15,
DFA,7340201,Tài chính - Ngân hàng,C01,14.00,,THPTQG,2018,,daniele15,
DFA,7340201,Tài chính - Ngân hàng,C02,14.00,,THPTQG,2018,,daniele15,
DFA,7340201,Tài chính - Ngân hàng,D01,14.00,,THPTQG,2018,,daniele15,
DFA,7340301,Kế toán,A00,14.00,,THPTQG,2018,,daniele15,
DFA,7340301,Kế toán,A01,14.00,,THPTQG,2018,,daniele15,
DFA,7340301,Kế toán,C03,14.00,,THPTQG,2018,,daniele15,
DFA,7340301,Kế toán,D01,14.00,,THPTQG,2018,,daniele15,
DFA,7340302,Khoa học máy tính,A00,14.00,,THPTQG,2018,,daniele15,
DFA,7340302,Khoa học máy tính,A01,14.00,,THPTQG,2018,,daniele15,
DFA,7340302,Khoa học máy tính,C01,14.00,,THPTQG,2018,,daniele15,
DFA,7340302,Khoa học máy tính,D01,14.00,,THPTQG,2018,,daniele15,
DFA,7340405,Hệ thống thông tin quản lý,A00,14.00,,THPTQG,2018,,daniele15,
DFA,7340405,Hệ thống thông tin quản lý,A01,14.00,,THPTQG,2018,,daniele15,
DFA,7340405,Hệ thống thông tin quản lý,D01,14.00,,THPTQG,2018,,daniele15,
DFA,7340405,Hệ thống thông tin quản lý,D11,14.00,,THPTQG,2018,,daniele15,
DHA,7380101,Luật,C00,16.00,,THPTQG,2018,,daniele15,
DHA,7380101,Luật,D01,16.00,,THPTQG,2018,,daniele15,
DHA,7380101,Luật,D64,16.00,,THPTQG,2018,,daniele15,
DHA,7380101,Luật,D78,16.00,,THPTQG,2018,,daniele15,
DHA,7380107,Luật,C00,17.75,,THPTQG,2018,Luật kinh tế,daniele15,
DHA,7380107,Luật,C19,17.75,,THPTQG,2018,Luật kinh tế,daniele15,
DHA,7380107,Luật,D72,17.75,,THPTQG,2018,Luật kinh tế,daniele15,
DHA,7380107,Luật,D84,17.75,,THPTQG,2018,Luật kinh tế,daniele15,
DHC,7140206,Giáo dục Thể chất,T00,17.00,,THPTQG,2018,,daniele15,
DHC,7140208,Giáo dục Quốc phòng - An ninh,T00,21.50,,THPTQG,2018,,daniele15,
DHD,7310101,Kinh tế,A00,14.50,,THPTQG,2018,,daniele15,
DHD,7310101,Kinh tế,A01,14.50,,THPTQG,2018,,daniele15,
DHD,7310101,Kinh tế,D01,14.50,,THPTQG,2018,,daniele15,
DHD,7310101,Kinh tế,D10,14.50,,THPTQG,2018,,daniele15,
DHD,7340101,Quản trị kinh doanh,A00,14.50,,THPTQG,2018,,daniele15,
DHD,7340101,Quản trị kinh doanh,A01,14.50,,THPTQG,2018,,daniele15,
DHD,7340101,Quản trị kinh doanh,D01,14.50,,THPTQG,2018,,daniele15,
DHD,7340101,Quản trị kinh doanh,D10,14.50,,THPTQG,2018,,daniele15,
DHD,7810101,Du lịch,A00,15.00,,THPTQG,2018,,daniele15,
DHD,7810101,Du lịch,A01,15.00,,THPTQG,2018,,daniele15,
DHD,7810101,Du lịch,D01,15.00,,THPTQG,2018,,daniele15,
DHD,7810101,Du lịch,D10,15.00,,THPTQG,2018,,daniele15,
DHD,7810103,Quản trị dịch vụ du lịch và lữ hành,A00,17.50,,THPTQG,2018,,daniele15,
DHD,7810103,Quản trị dịch vụ du lịch và lữ hành,A01,17.50,,THPTQG,2018,,daniele15,
DHD,7810103,Quản trị dịch vụ du lịch và lữ hành,C01,17.50,,THPTQG,2018,,daniele15,
DHD,7810103,Quản trị dịch vụ du lịch và lữ hành,D01,17.50,,THPTQG,2018,,daniele15,
DHD,7810201,Quản trị khách sạn,A00,15.25,,THPTQG,2018,,daniele15,
DHD,7810201,Quản trị khách sạn,A01,15.25,,THPTQG,2018,,daniele15,
DHD,7810201,Quản trị khách sạn,D01,15.25,,THPTQG,2018,,daniele15,
DHD,7810201,Quản trị khách sạn,D10,15.25,,THPTQG,2018,,daniele15,
DHD,7810202,Quản trị nhà hàng và dịch vụ ăn uống,A00,15.25,,THPTQG,2018,,daniele15,
DHD,7810202,Quản trị nhà hàng và dịch vụ ăn uống,A01,15.25,,THPTQG,2018,,daniele15,
DHD,7810202,Quản trị nhà hàng và dịch vụ ăn uống,D01,15.25,,THPTQG,2018,,daniele15,
DHD,7810202,Quản trị nhà hàng và dịch vụ ăn uống,D10,15.25,,THPTQG,2018,,daniele15,
DHF,7140231,Sư phạm Tiếng Anh,D01,21.00,,THPTQG,2018,,daniele15,
DHF,7140231,Sư phạm Tiếng Anh,D14,21.00,,THPTQG,2018,,daniele15,
DHF,7140231,Sư phạm Tiếng Anh,D15,21.00,,THPTQG,2018,,daniele15,
DHF,7140233,Sư phạm Tiếng Pháp,D01,17.15,,THPTQG,2018,,daniele15,
DHF,7140233,Sư phạm Tiếng Pháp,D03,17.15,,THPTQG,2018,,daniele15,
DHF,7140233,Sư phạm Tiếng Pháp,D15,17.15,,THPTQG,2018,,daniele15,
DHF,7140233,Sư phạm Tiếng Pháp,D44,17.15,,THPTQG,2018,,daniele15,
DHF,7140234,Sư phạm Tiếng Trung Quốc,D01,18.50,,THPTQG,2018,,daniele15,
DHF,7140234,Sư phạm Tiếng Trung Quốc,D04,18.50,,THPTQG,2018,,daniele15,
DHF,7140234,Sư phạm Tiếng Trung Quốc,D15,18.50,,THPTQG,2018,,daniele15,
DHF,7140234,Sư phạm Tiếng Trung Quốc,D45,18.50,,THPTQG,2018,,daniele15,
DHF,7220201,Ngôn ngữ Anh,D01,17.00,,THPTQG,2018,,daniele15,
DHF,7220201,Ngôn ngữ Anh,D14,17.00,,THPTQG,2018,,daniele15,
DHF,7220201,Ngôn ngữ Anh,D15,17.00,,THPTQG,2018,,daniele15,
DHF,7220202,Ngôn ngữ Nga,D01,15.00,,THPTQG,2018,,daniele15,
DHF,7220202,Ngôn ngữ Nga,D02,15.00,,THPTQG,2018,,daniele15,
DHF,7220202,Ngôn ngữ Nga,D15,15.00,,THPTQG,2018,,daniele15,
DHF,7220202,Ngôn ngữ Nga,D42,15.00,,THPTQG,2018,,daniele15,
DHF,7220203,Ngôn ngữ Pháp,D01,16.25,,THPTQG,2018,,daniele15,
DHF,7220203,Ngôn ngữ Pháp,D03,16.25,,THPTQG,2018,,daniele15,
DHF,7220203,Ngôn ngữ Pháp,D15,16.25,,THPTQG,2018,,daniele15,
DHF,7220203,Ngôn ngữ Pháp,D44,16.25,,THPTQG,2018,,daniele15,
DHF,7220204,Ngôn ngữ Trung Quốc,D01,18.75,,THPTQG,2018,,daniele15,
DHF,7220204,Ngôn ngữ Trung Quốc,D04,18.75,,THPTQG,2018,,daniele15,
DHF,7220204,Ngôn ngữ Trung Quốc,D15,18.75,,THPTQG,2018,,daniele15,
DHF,7220204,Ngôn ngữ Trung Quốc,D45,18.75,,THPTQG,2018,,daniele15,
DHF,7220209,Ngôn ngữ Nhật,D01,18.75,,THPTQG,2018,,daniele15,
DHF,7220209,Ngôn ngữ Nhật,D06,18.75,,THPTQG,2018,,daniele15,
DHF,7220209,Ngôn ngữ Nhật,D15,18.75,,THPTQG,2018,,daniele15,
DHF,7220209,Ngôn ngữ Nhật,D43,18.75,,THPTQG,2018,,daniele15,
DHF,7220210,Ngôn ngữ Hàn Quốc,D01,20.00,,THPTQG,2018,,daniele15,
DHF,7220210,Ngôn ngữ Hàn Quốc,D14,20.00,,THPTQG,2018,,daniele15,
DHF,7220210,Ngôn ngữ Hàn Quốc,D15,20.00,,THPTQG,2018,,daniele15,
DHF,7310601,Quốc tế học,D01,17.25,,THPTQG,2018,,daniele15,
DHF,7310601,Quốc tế học,D14,17.25,,THPTQG,2018,,daniele15,
DHF,7310601,Quốc tế học,D15,17.25,,THPTQG,2018,,daniele15,
DHF,7310630,Việt Nam học,D01,15.00,,THPTQG,2018,,daniele15,
DHF,7310630,Việt Nam học,D14,15.00,,THPTQG,2018,,daniele15,
DHF,7310630,Việt Nam học,D15,15.00,,THPTQG,2018,,daniele15,
DHK,7310101,Kinh tế,A00,13.00,,THPTQG,2018,,daniele15,
DHK,7310101,Kinh tế,A01,13.00,,THPTQG,2018,,daniele15,
DHK,7310101,Kinh tế,A16,13.00,,THPTQG,2018,,daniele15,
DHK,7310101,Kinh tế,D01,13.00,,THPTQG,2018,,daniele15,
DHK,7310102,Kinh tế,A00,13.00,,THPTQG,2018,Kinh tế chính trị,daniele15,
DHK,7310102,Kinh tế,A01,13.00,,THPTQG,2018,Kinh tế chính trị,daniele15,
DHK,7310102,Kinh tế,C15,13.00,,THPTQG,2018,Kinh tế chính trị,daniele15,
DHK,7310102,Kinh tế,D01,13.00,,THPTQG,2018,Kinh tế chính trị,daniele15,
DHK,7310107,Thống kê kinh tế,A00,13.00,,THPTQG,2018,,daniele15,
DHK,7310107,Thống kê kinh tế,A01,13.00,,THPTQG,2018,,daniele15,
DHK,7310107,Thống kê kinh tế,A16,13.00,,THPTQG,2018,,daniele15,
DHK,7310107,Thống kê kinh tế,D01,13.00,,THPTQG,2018,,daniele15,
DHK,7340101,Quản trị kinh doanh,A00,16.50,,THPTQG,2018,,daniele15,
DHK,7340101,Quản trị kinh doanh,A01,16.50,,THPTQG,2018,,daniele15,
DHK,7340101,Quản trị kinh doanh,C15,16.50,,THPTQG,2018,,daniele15,
DHK,7340101,Quản trị kinh doanh,D01,16.50,,THPTQG,2018,,daniele15,
DHK,7340101CL,Quản trị kinh doanh,A00,14.50,,THPTQG,2018,,daniele15,
DHK,7340101CL,Quản trị kinh doanh,A01,14.50,,THPTQG,2018,,daniele15,
DHK,7340101CL,Quản trị kinh doanh,C15,14.50,,THPTQG,2018,,daniele15,
DHK,7340101CL,Quản trị kinh doanh,D01,14.50,,THPTQG,2018,,daniele15,
DHK,7340115,Marketing,A00,16.50,,THPTQG,2018,,daniele15,
DHK,7340115,Marketing,A01,16.50,,THPTQG,2018,,daniele15,
DHK,7340115,Marketing,C15,16.50,,THPTQG,2018,,daniele15,
DHK,7340115,Marketing,D01,16.50,,THPTQG,2018,,daniele15,
DHK,7340121,Kinh doanh thương mại,A00,14.50,,THPTQG,2018,,daniele15,
DHK,7340121,Kinh doanh thương mại,A01,14.50,,THPTQG,2018,,daniele15,
DHK,7340121,Kinh doanh thương mại,C15,14.50,,THPTQG,2018,,daniele15,
DHK,7340121,Kinh doanh thương mại,D01,14.50,,THPTQG,2018,,daniele15,
DHK,7340122,Thương mại điện tử,A00,14.50,,THPTQG,2018,,daniele15,
DHK,7340122,Thương mại điện tử,A01,14.50,,THPTQG,2018,,daniele15,
DHK,7340122,Thương mại điện tử,C15,14.50,,THPTQG,2018,,daniele15,
DHK,7340122,Thương mại điện tử,D01,14.50,,THPTQG,2018,,daniele15,
DHK,7340201,Tài chính - Ngân hàng,A00,14.50,,THPTQG,2018,,daniele15,
DHK,7340201,Tài chính - Ngân hàng,A01,14.50,,THPTQG,2018,,daniele15,
DHK,7340201,Tài chính - Ngân hàng,D01,14.50,,THPTQG,2018,,daniele15,
DHK,7340201,Tài chính - Ngân hàng,D03,14.50,,THPTQG,2018,,daniele15,
DHK,7340301,Kế toán,A00,15.50,,THPTQG,2018,,daniele15,
DHK,7340301,Kế toán,A01,15.50,,THPTQG,2018,,daniele15,
DHK,7340301,Kế toán,A16,15.50,,THPTQG,2018,,daniele15,
DHK,7340301,Kế toán,D01,15.50,,THPTQG,2018,,daniele15,
DHK,7340302,Kiểm toán,A00,15.50,,THPTQG,2018,,daniele15,
DHK,7340302,Kiểm toán,A01,15.50,,THPTQG,2018,,daniele15,
DHK,7340302,Kiểm toán,A16,15.50,,THPTQG,2018,,daniele15,
DHK,7340302,Kiểm toán,D01,15.50,,THPTQG,2018,,daniele15,
DHK,7340404,Quản trị nhân lực,A00,16.50,,THPTQG,2018,,daniele15,
DHK,7340404,Quản trị nhân lực,A01,16.50,,THPTQG,2018,,daniele15,
DHK,7340404,Quản trị nhân lực,C15,16.50,,THPTQG,2018,,daniele15,
DHK,7340404,Quản trị nhân lực,D01,16.50,,THPTQG,2018,,daniele15,
DHK,7340405CL,Hệ thống thông tin quản lý,A00,13.00,,THPTQG,2018,,daniele15,
DHK,7340405CL,Hệ thống thông tin quản lý,A01,13.00,,THPTQG,2018,,daniele15,
DHK,7340405CL,Hệ thống thông tin quản lý,C15,13.00,,THPTQG,2018,,daniele15,
DHK,7340405CL,Hệ thống thông tin quản lý,D01,13.00,,THPTQG,2018,,daniele15,
DHK,7349001,Tài chính - Ngân hàng,A00,13.00,,THPTQG,2018,Chất lượng cao,daniele15,
DHK,7349001,Tài chính - Ngân hàng,A01,13.00,,THPTQG,2018,Chất lượng cao,daniele15,
DHK,7349001,Tài chính - Ngân hàng,C15,13.00,,THPTQG,2018,Chất lượng cao,daniele15,
DHK,7349001,Tài chính - Ngân hàng,D01,13.00,,THPTQG,2018,Chất lượng cao,daniele15,
DHK,7349002,Quản trị kinh doanh,A00,13.00,,THPTQG,2018,Chất lượng cao,daniele15,
DHK,7349002,Quản trị kinh doanh,A01,13.00,,THPTQG,2018,Chất lượng cao,daniele15,
DHK,7349002,Quản trị kinh doanh,C15,13.00,,THPTQG,2018,Chất lượng cao,daniele15,
DHK,7349002,Quản trị kinh doanh,D01,13.00,,THPTQG,2018,Chất lượng cao,daniele15,
DHK,7620114,Kinh doanh nông nghiệp,A00,13.00,,THPTQG,2018,,daniele15,
DHK,7620114,Kinh doanh nông nghiệp,A01,13.00,,THPTQG,2018,,daniele15,
DHK,7620114,Kinh doanh nông nghiệp,A16,13.00,,THPTQG,2018,,daniele15,
DHK,7620114,Kinh doanh nông nghiệp,D01,13.00,,THPTQG,2018,,daniele15,
DHK,7620115,Kinh tế,A00,13.00,,THPTQG,2018,Kinh tế nông nghiệp,daniele15,
DHK,7620115,Kinh tế,A01,13.00,,THPTQG,2018,Kinh tế nông nghiệp,daniele15,
DHK,7620115,Kinh tế,A16,13.00,,THPTQG,2018,Kinh tế nông nghiệp,daniele15,
DHK,7620115,Kinh tế,D01,13.00,,THPTQG,2018,Kinh tế nông nghiệp,daniele15,
DHK,7903124,Song ngành Kinh tế - Tài chính,A00,13.00,,THPTQG,2018,,daniele15,
DHK,7903124,Song ngành Kinh tế - Tài chính,A01,13.00,,THPTQG,2018,,daniele15,
DHK,7903124,Song ngành Kinh tế - Tài chính,A16,13.00,,THPTQG,2018,,daniele15,
DHK,7903124,Song ngành Kinh tế - Tài chính,D01,13.00,,THPTQG,2018,,daniele15,
DHL,7340116,Bất động sản,A00,13.00,,THPTQG,2018,,daniele15,
DHL,7340116,Bất động sản,C00,13.00,,THPTQG,2018,,daniele15,
DHL,7340116,Bất động sản,C04,13.00,,THPTQG,2018,,daniele15,
DHL,7340116,Bất động sản,D01,13.00,,THPTQG,2018,,daniele15,
DHL,7510201,Công nghệ kỹ thuật cơ khí,A00,13.00,,THPTQG,2018,,daniele15,
DHL,7510201,Công nghệ kỹ thuật cơ khí,A01,13.00,,THPTQG,2018,,daniele15,
DHL,7510201,Công nghệ kỹ thuật cơ khí,A02,13.00,,THPTQG,2018,,daniele15,
DHL,7510201,Công nghệ kỹ thuật cơ khí,C01,13.00,,THPTQG,2018,,daniele15,
DHL,7520114,Kỹ thuật cơ điện tử,A00,13.00,,THPTQG,2018,,daniele15,
DHL,7520114,Kỹ thuật cơ điện tử,A01,13.00,,THPTQG,2018,,daniele15,
DHL,7520114,Kỹ thuật cơ điện tử,A02,13.00,,THPTQG,2018,,daniele15,
DHL,7520114,Kỹ thuật cơ điện tử,C01,13.00,,THPTQG,2018,,daniele15,
DHL,7540101,Công nghệ thực phẩm,A00,15.00,,THPTQG,2018,,daniele15,
DHL,7540101,Công nghệ thực phẩm,B00,15.00,,THPTQG,2018,,daniele15,
DHL,7540101,Công nghệ thực phẩm,C02,15.00,,THPTQG,2018,,daniele15,
DHL,7540101,Công nghệ thực phẩm,D07,15.00,,THPTQG,2018,,daniele15,
DHL,7540104,Công nghệ sau thu hoạch,A00,13.00,,THPTQG,2018,,daniele15,
DHL,7540104,Công nghệ sau thu hoạch,B00,13.00,,THPTQG,2018,,daniele15,
DHL,7540104,Công nghệ sau thu hoạch,D07,13.00,,THPTQG,2018,,daniele15,
DHL,7540104,Công nghệ sau thu hoạch,D08,13.00,,THPTQG,2018,,daniele15,
DHL,7540106,Đảm bảo chất lượng và an toàn thực phẩm,A00,13.00,,THPTQG,2018,,daniele15,
DHL,7540106,Đảm bảo chất lượng và an toàn thực phẩm,A01,13.00,,THPTQG,2018,,daniele15,
DHL,7540106,Đảm bảo chất lượng và an toàn thực phẩm,B00,13.00,,THPTQG,2018,,daniele15,
DHL,7540106,Đảm bảo chất lượng và an toàn thực phẩm,D01,13.00,,THPTQG,2018,,daniele15,
DHL,7549001,Công nghệ chế biến lâm sản,A00,13.00,,THPTQG,2018,,daniele15,
DHL,7549001,Công nghệ chế biến lâm sản,A02,13.00,,THPTQG,2018,,daniele15,
DHL,7549001,Công nghệ chế biến lâm sản,B00,13.00,,THPTQG,2018,,daniele15,
DHL,7549001,Công nghệ chế biến lâm sản,D07,13.00,,THPTQG,2018,,daniele15,
DHL,7580210,Kỹ thuật cơ sở hạ tầng,A00,13.00,,THPTQG,2018,,daniele15,
DHL,7580210,Kỹ thuật cơ sở hạ tầng,A01,13.00,,THPTQG,2018,,daniele15,
DHL,7580210,Kỹ thuật cơ sở hạ tầng,A02,13.00,,THPTQG,2018,,daniele15,
DHL,7580210,Kỹ thuật cơ sở hạ tầng,C01,13.00,,THPTQG,2018,,daniele15,
DHL,7620102,Khuyến nông,B00,13.00,,THPTQG,2018,,daniele15,
DHL,7620102,Khuyến nông,C00,13.00,,THPTQG,2018,,daniele15,
DHL,7620102,Khuyến nông,C04,13.00,,THPTQG,2018,,daniele15,
DHL,7620102,Khuyến nông,D15,13.00,,THPTQG,2018,,daniele15,
DHL,7620103,Khoa học đất,A00,13.00,,THPTQG,2018,,daniele15,
DHL,7620103,Khoa học đất,B00,13.00,,THPTQG,2018,,daniele15,
DHL,7620103,Khoa học đất,B02,13.00,,THPTQG,2018,,daniele15,
DHL,7620103,Khoa học đất,B04,13.00,,THPTQG,2018,,daniele15,
DHL,7620105,Chăn nuôi,A00,14.00,,THPTQG,2018,,daniele15,
DHL,7620105,Chăn nuôi,B00,14.00,,THPTQG,2018,,daniele15,
DHL,7620105,Chăn nuôi,B02,14.00,,THPTQG,2018,,daniele15,
DHL,7620105,Chăn nuôi,D08,14.00,,THPTQG,2018,,daniele15,
DHL,7620109,Nông học,A00,13.00,,THPTQG,2018,,daniele15,
DHL,7620109,Nông học,B00,13.00,,THPTQG,2018,,daniele15,
DHL,7620109,Nông học,B02,13.00,,THPTQG,2018,,daniele15,
DHL,7620109,Nông học,B04,13.00,,THPTQG,2018,,daniele15,
DHL,7620110,Khoa học cây trồng,A00,13.00,,THPTQG,2018,,daniele15,
DHL,7620110,Khoa học cây trồng,B00,13.00,,THPTQG,2018,,daniele15,
DHL,7620110,Khoa học cây trồng,B02,13.00,,THPTQG,2018,,daniele15,
DHL,7620110,Khoa học cây trồng,B04,13.00,,THPTQG,2018,,daniele15,
DHL,7620112,Bảo vệ thực vật,A00,13.00,,THPTQG,2018,,daniele15,
DHL,7620112,Bảo vệ thực vật,B00,13.00,,THPTQG,2018,,daniele15,
DHL,7620112,Bảo vệ thực vật,B02,13.00,,THPTQG,2018,,daniele15,
DHL,7620112,Bảo vệ thực vật,B04,13.00,,THPTQG,2018,,daniele15,
DHL,7620113,Công nghệ rau hoa quả và cảnh quan,A00,13.00,,THPTQG,2018,,daniele15,
DHL,7620113,Công nghệ rau hoa quả và cảnh quan,B00,13.00,,THPTQG,2018,,daniele15,
DHL,7620113,Công nghệ rau hoa quả và cảnh quan,B02,13.00,,THPTQG,2018,,daniele15,
DHL,7620113,Công nghệ rau hoa quả và cảnh quan,B04,13.00,,THPTQG,2018,,daniele15,
DHL,7620116,Phát triển nông thôn,C00,13.00,,THPTQG,2018,,daniele15,
DHL,7620116,Phát triển nông thôn,C04,13.00,,THPTQG,2018,,daniele15,
DHL,7620116,Phát triển nông thôn,D01,13.00,,THPTQG,2018,,daniele15,
DHL,7620116,Phát triển nông thôn,D15,13.00,,THPTQG,2018,,daniele15,
DHL,7620201,Lâm học,A02,13.00,,THPTQG,2018,,daniele15,
DHL,7620201,Lâm học,B00,13.00,,THPTQG,2018,,daniele15,
DHL,7620201,Lâm học,C13,13.00,,THPTQG,2018,,daniele15,
DHL,7620201,Lâm học,D08,13.00,,THPTQG,2018,,daniele15,
DHL,7620202,Lâm nghiệp đô thị,A02,13.00,,THPTQG,2018,,daniele15,
DHL,7620202,Lâm nghiệp đô thị,B00,13.00,,THPTQG,2018,,daniele15,
DHL,7620202,Lâm nghiệp đô thị,C13,13.00,,THPTQG,2018,,daniele15,
DHL,7620202,Lâm nghiệp đô thị,D08,13.00,,THPTQG,2018,,daniele15,
DHL,7620211,Quản lý tài nguyên rừng,A02,13.00,,THPTQG,2018,,daniele15,
DHL,7620211,Quản lý tài nguyên rừng,B00,13.00,,THPTQG,2018,,daniele15,
DHL,7620211,Quản lý tài nguyên rừng,C13,13.00,,THPTQG,2018,,daniele15,
DHL,7620211,Quản lý tài nguyên rừng,D08,13.00,,THPTQG,2018,,daniele15,
DHL,7620301,Nuôi trồng thuỷ sản,A00,13.00,,THPTQG,2018,,daniele15,
DHL,7620301,Nuôi trồng thuỷ sản,B00,13.00,,THPTQG,2018,,daniele15,
DHL,7620301,Nuôi trồng thuỷ sản,B04,13.00,,THPTQG,2018,,daniele15,
DHL,7620301,Nuôi trồng thuỷ sản,C13,13.00,,THPTQG,2018,,daniele15,
DHL,7620302,Bệnh học thủy sản,A00,13.00,,THPTQG,2018,,daniele15,
DHL,7620302,Bệnh học thủy sản,B00,13.00,,THPTQG,2018,,daniele15,
DHL,7620302,Bệnh học thủy sản,B04,13.00,,THPTQG,2018,,daniele15,
DHL,7620302,Bệnh học thủy sản,C13,13.00,,THPTQG,2018,,daniele15,
DHL,7620305,Quản lý thủy sản,A00,13.00,,THPTQG,2018,,daniele15,
DHL,7620305,Quản lý thủy sản,B00,13.00,,THPTQG,2018,,daniele15,
DHL,7620305,Quản lý thủy sản,B04,13.00,,THPTQG,2018,,daniele15,
DHL,7620305,Quản lý thủy sản,C13,13.00,,THPTQG,2018,,daniele15,
DHL,7640101,Thú y,A00,15.00,,THPTQG,2018,,daniele15,
DHL,7640101,Thú y,B00,15.00,,THPTQG,2018,,daniele15,
DHL,7640101,Thú y,D08,15.00,,THPTQG,2018,,daniele15,
DHL,7640101,Thú y,V02,15.00,,THPTQG,2018,,daniele15,
DHL,7850103,Quản lý đất đai,A00,13.00,,THPTQG,2018,,daniele15,
DHL,7850103,Quản lý đất đai,C00,13.00,,THPTQG,2018,,daniele15,
DHL,7850103,Quản lý đất đai,C04,13.00,,THPTQG,2018,,daniele15,
DHL,7850103,Quản lý đất đai,D01,13.00,,THPTQG,2018,,daniele15,
DHN,7140222,Sư phạm Mỹ thuật,H00,17.00,,THPTQG,2018,,daniele15,
DHN,7210103,Hội hoạ,H00,16.00,,THPTQG,2018,,daniele15,
DHN,7210105,Điêu khắc,H00,16.00,,THPTQG,2018,,daniele15,
DHN,7210403,Thiết kế đồ họa,H00,16.00,,THPTQG,2018,,daniele15,
DHN,7210404,Thiết kế thời trang,H00,16.00,,THPTQG,2018,,daniele15,
DHN,7580108,Thiết kế nội thất,H00,16.00,,THPTQG,2018,,daniele15,
DHP,7220201,Ngôn ngữ Anh,A00,15.00,,THPTQG,2018,,daniele15,
DHP,7220201,Ngôn ngữ Anh,D01,15.00,,THPTQG,2018,,daniele15,
DHP,7310630,Việt Nam học,A00,15.00,,THPTQG,2018,,daniele15,
DHP,7310630,Việt Nam học,C00,15.00,,THPTQG,2018,,daniele15,
DHP,7310630,Việt Nam học,D01,15.00,,THPTQG,2018,,daniele15,
DHP,7340101,Quản trị kinh doanh,A00,15.00,,THPTQG,2018,,daniele15,
DHP,7340101,Quản trị kinh doanh,C00,15.00,,THPTQG,2018,,daniele15,
DHP,7340101,Quản trị kinh doanh,D01,15.00,,THPTQG,2018,,daniele15,
DHP,7380101,Luật,A01,15.00,,THPTQG,2018,,daniele15,
DHP,7380101,Luật,C00,15.00,,THPTQG,2018,,daniele15,
DHP,7380101,Luật,D01,15.00,,THPTQG,2018,,daniele15,
DHP,7480201,Công nghệ thông tin,A00,15.00,,THPTQG,2018,,daniele15,
DHP,7480201,Công nghệ thông tin,A01,15.00,,THPTQG,2018,,daniele15,
DHP,7510102,Công nghệ kỹ thuật công trình xây dựng,A00,15.00,,THPTQG,2018,,daniele15,
DHP,7510102,Công nghệ kỹ thuật công trình xây dựng,A01,15.00,,THPTQG,2018,,daniele15,
DHP,7510102,Công nghệ kỹ thuật công trình xây dựng,V01,15.00,,THPTQG,2018,,daniele15,
DHP,7510301,"Công nghệ kỹ thuật điện, điện tử",A00,15.00,,THPTQG,2018,,daniele15,
DHP,7510301,"Công nghệ kỹ thuật điện, điện tử",A01,15.00,,THPTQG,2018,,daniele15,
DHP,7510301,"Công nghệ kỹ thuật điện, điện tử",B00,15.00,,THPTQG,2018,,daniele15,
DHP,7510301,"Công nghệ kỹ thuật điện, điện tử",D01,15.00,,THPTQG,2018,,daniele15,
DHP,7510406,Công nghệ kỹ thuật môi trường,A00,15.00,,THPTQG,2018,,daniele15,
DHP,7510406,Công nghệ kỹ thuật môi trường,A01,15.00,,THPTQG,2018,,daniele15,
DHP,7510406,Công nghệ kỹ thuật môi trường,B00,15.00,,THPTQG,2018,,daniele15,
DHP,7620101,Nông nghiệp,A00,15.00,,THPTQG,2018,,daniele15,
DHP,7620101,Nông nghiệp,A01,15.00,,THPTQG,2018,,daniele15,
DHP,7620101,Nông nghiệp,B00,15.00,,THPTQG,2018,,daniele15,
DHQ,7210403,Thiết kế đồ họa,H00,16.00,,THPTQG,2018,,daniele15,
DHQ,7220201,Ngôn ngữ Anh,D01,17.00,,THPTQG,2018,,daniele15,
DHQ,7220201,Ngôn ngữ Anh,D14,17.00,,THPTQG,2018,,daniele15,
DHQ,7220201,Ngôn ngữ Anh,D15,17.00,,THPTQG,2018,,daniele15,
DHQ,7340101,Quản trị kinh doanh,A00,16.50,,THPTQG,2018,,daniele15,
DHQ,7340101,Quản trị kinh doanh,A01,16.50,,THPTQG,2018,,daniele15,
DHQ,7340101,Quản trị kinh doanh,C15,16.50,,THPTQG,2018,,daniele15,
DHQ,7340101,Quản trị kinh doanh,D01,16.50,,THPTQG,2018,,daniele15,
DHQ,7480201,Công nghệ thông tin,A00,13.50,,THPTQG,2018,,daniele15,
DHQ,7480201,Công nghệ thông tin,A01,13.50,,THPTQG,2018,,daniele15,
DHQ,7510406,Công nghệ kỹ thuật môi trường,A00,13.00,,THPTQG,2018,,daniele15,
DHQ,7510406,Công nghệ kỹ thuật môi trường,A02,13.00,,THPTQG,2018,,daniele15,
DHQ,7510406,Công nghệ kỹ thuật môi trường,B00,13.00,,THPTQG,2018,,daniele15,
DHQ,7510406,Công nghệ kỹ thuật môi trường,D07,13.00,,THPTQG,2018,,daniele15,
DHQ,7520201,Kỹ thuật điện,A00,13.00,,THPTQG,2018,,daniele15,
DHQ,7520201,Kỹ thuật điện,A01,13.00,,THPTQG,2018,,daniele15,
DHQ,7520201,Kỹ thuật điện,D01,13.00,,THPTQG,2018,,daniele15,
DHQ,7520201,Kỹ thuật điện,D07,13.00,,THPTQG,2018,,daniele15,
DHQ,7580201,Kỹ thuật Xây dựng,A00,13.00,,THPTQG,2018,,daniele15,
DHQ,7580201,Kỹ thuật Xây dựng,A01,13.00,,THPTQG,2018,,daniele15,
DHQ,7580201,Kỹ thuật Xây dựng,C01,13.00,,THPTQG,2018,,daniele15,
DHQ,7580201,Kỹ thuật Xây dựng,D07,13.00,,THPTQG,2018,,daniele15,
DHQ,7580301,Kinh tế,A00,13.00,,THPTQG,2018,Kinh tế xây dựng,daniele15,
DHQ,7580301,Kinh tế,A01,13.00,,THPTQG,2018,Kinh tế xây dựng,daniele15,
DHQ,7580301,Kinh tế,C01,13.00,,THPTQG,2018,Kinh tế xây dựng,daniele15,
DHQ,7580301,Kinh tế,D07,13.00,,THPTQG,2018,Kinh tế xây dựng,daniele15,
DHQ,7810101,Du lịch,A00,15.00,,THPTQG,2018,,daniele15,
DHQ,7810101,Du lịch,A01,15.00,,THPTQG,2018,,daniele15,
DHQ,7810101,Du lịch,D01,15.00,,THPTQG,2018,,daniele15,
DHQ,7810101,Du lịch,D10,15.00,,THPTQG,2018,,daniele15,
DHS,7140201,Giáo dục Mầm non,,17.00,,THPTQG,2018,,daniele15,
DHS,7140202,Giáo dục Tiểu học,C00,17.00,,THPTQG,2018,,daniele15,
DHS,7140202,Giáo dục Tiểu học,D01,17.00,,THPTQG,2018,,daniele15,
DHS,7140205,Giáo dục Chính trị,C00,17.00,,THPTQG,2018,,daniele15,
DHS,7140205,Giáo dục Chính trị,C19,17.00,,THPTQG,2018,,daniele15,
DHS,7140205,Giáo dục Chính trị,C20,17.00,,THPTQG,2018,,daniele15,
DHS,7140208,Giáo dục Quốc phòng - An ninh,C00,17.00,,THPTQG,2018,,daniele15,
DHS,7140208,Giáo dục Quốc phòng - An ninh,C19,17.00,,THPTQG,2018,,daniele15,
DHS,7140208,Giáo dục Quốc phòng - An ninh,C20,17.00,,THPTQG,2018,,daniele15,
DHS,7140209,Sư phạm Toán học,A00,22.00,,THPTQG,2018,,daniele15,
DHS,7140209,Sư phạm Toán học,A01,22.00,,THPTQG,2018,,daniele15,
DHS,7140210,Sư phạm Tin học,A00,22.00,,THPTQG,2018,,daniele15,
DHS,7140210,Sư phạm Tin học,A01,22.00,,THPTQG,2018,,daniele15,
DHS,7140211,Sư phạm Vật lý,A00,22.00,,THPTQG,2018,,daniele15,
DHS,7140211,Sư phạm Vật lý,A01,22.00,,THPTQG,2018,,daniele15,
DHS,7140212,Sư phạm Hóa học,A00,22.00,,THPTQG,2018,,daniele15,
DHS,7140212,Sư phạm Hóa học,B00,22.00,,THPTQG,2018,,daniele15,
DHS,7140213,Sư phạm Sinh học,B00,22.00,,THPTQG,2018,,daniele15,
DHS,7140213,Sư phạm Sinh học,D08,22.00,,THPTQG,2018,,daniele15,
DHS,7140217,Sư phạm Ngữ văn,C00,22.00,,THPTQG,2018,,daniele15,
DHS,7140217,Sư phạm Ngữ văn,D14,22.00,,THPTQG,2018,,daniele15,
DHS,7140218,Sư phạm Lịch sử,C00,22.00,,THPTQG,2018,,daniele15,
DHS,7140218,Sư phạm Lịch sử,D14,22.00,,THPTQG,2018,,daniele15,
DHS,7140219,Sư phạm Địa lý,B00,17.00,,THPTQG,2018,,daniele15,
DHS,7140219,Sư phạm Địa lý,C00,17.00,,THPTQG,2018,,daniele15,
DHS,7310403,Tâm lý học,C00,17.00,,THPTQG,2018,Tâm lý học giáo dục,daniele15,
DHS,7310403,Tâm lý học,D01,17.00,,THPTQG,2018,Tâm lý học giáo dục,daniele15,
DHS,T140211,Vật lí,A00,22.00,,THPTQG,2018,,daniele15,
DHS,T140211,Vật lí,A01,22.00,,THPTQG,2018,,daniele15,
DHT,7220104,Hán Nôm,C00,18.50,,HocBa,2018,Xét học bạ,daniele15,
DHT,7220104,Hán Nôm,C19,18.50,,HocBa,2018,Xét học bạ,daniele15,
DHT,7220104,Hán Nôm,D14,18.50,,HocBa,2018,Xét học bạ,daniele15,
DHT,7220104,Hán Nôm,C00,15.50,,THPTQG,2018,Tốt nghiệp THPT,daniele15,
DHT,7220104,Hán Nôm,C19,15.50,,THPTQG,2018,Tốt nghiệp THPT,daniele15,
DHT,7220104,Hán Nôm,D14,15.50,,THPTQG,2018,Tốt nghiệp THPT,daniele15,
DHT,7220104,Hán Nôm,C00,13.00,,THPTQG,2018,,daniele15,
DHT,7220104,Hán Nôm,C19,13.00,,THPTQG,2018,,daniele15,
DHT,7220104,Hán Nôm,D14,13.00,,THPTQG,2018,,daniele15,
DHT,7229001,Triết học,C00,18.50,,HocBa,2018,Xét học bạ,daniele15,
DHT,7229001,Triết học,C19,18.50,,HocBa,2018,Xét học bạ,daniele15,
DHT,7229001,Triết học,C20,18.50,,HocBa,2018,Xét học bạ,daniele15,
DHT,7229001,Triết học,C00,15.50,,THPTQG,2018,Tốt nghiệp THPT,daniele15,
DHT,7229001,Triết học,C19,15.50,,THPTQG,2018,Tốt nghiệp THPT,daniele15,
DHT,7229001,Triết học,C20,15.50,,THPTQG,2018,Tốt nghiệp THPT,daniele15,
DHT,7229001,Triết học,C00,13.00,,THPTQG,2018,,daniele15,
DHT,7229001,Triết học,C19,13.00,,THPTQG,2018,,daniele15,
DHT,7229001,Triết học,C20,13.00,,THPTQG,2018,,daniele15,
DHT,7229010,Lịch sử,C00,18.00,,HocBa,2018,Xét học bạ,daniele15,
DHT,7229010,Lịch sử,C14,18.00,,HocBa,2018,Xét học bạ,daniele15,
DHT,7229010,Lịch sử,C19,18.00,,HocBa,2018,Xét học bạ,daniele15,
DHT,7229010,Lịch sử,C00,16.00,,THPTQG,2018,Tốt nghiệp THPT,daniele15,
DHT,7229010,Lịch sử,C14,16.00,,THPTQG,2018,Tốt nghiệp THPT,daniele15,
DHT,7229010,Lịch sử,C19,16.00,,THPTQG,2018,Tốt nghiệp THPT,daniele15,
DHT,7229010,Lịch sử,C00,13.00,,THPTQG,2018,,daniele15,
DHT,7229010,Lịch sử,C14,13.00,,THPTQG,2018,,daniele15,
DHT,7229010,Lịch sử,C19,13.00,,THPTQG,2018,,daniele15,
DHT,7229020,Ngôn ngữ học,C00,13.00,,THPTQG,2018,,daniele15,
DHT,7229020,Ngôn ngữ học,C19,13.00,,THPTQG,2018,,daniele15,
DHT,7229020,Ngôn ngữ học,D14,13.00,,THPTQG,2018,,daniele15,
DHT,7229030,Văn học,C00,18.50,,HocBa,2018,Xét học bạ,daniele15,
DHT,7229030,Văn học,C19,18.50,,HocBa,2018,Xét học bạ,daniele15,
DHT,7229030,Văn học,D14,18.50,,HocBa,2018,Xét học bạ,daniele15,
DHT,7229030,Văn học,C00,15.50,,THPTQG,2018,Tốt nghiệp THPT,daniele15,
DHT,7229030,Văn học,C19,15.50,,THPTQG,2018,Tốt nghiệp THPT,daniele15,
DHT,7229030,Văn học,D14,15.50,,THPTQG,2018,Tốt nghiệp THPT,daniele15,
DHT,7229030,Văn học,C00,13.00,,THPTQG,2018,,daniele15,
DHT,7229030,Văn học,C19,13.00,,THPTQG,2018,,daniele15,
DHT,7229030,Văn học,D14,13.00,,THPTQG,2018,,daniele15,
DHT,7310205,Quản lý nhà nước,C14,18.50,,HocBa,2018,Xét học bạ,daniele15,
DHT,7310205,Quản lý nhà nước,C19,18.50,,HocBa,2018,Xét học bạ,daniele15,
DHT,7310205,Quản lý nhà nước,D01,18.50,,HocBa,2018,Xét học bạ,daniele15,
DHT,7310205,Quản lý nhà nước,D66,18.50,,HocBa,2018,Xét học bạ,daniele15,
DHT,7310205,Quản lý nhà nước,C14,15.50,,THPTQG,2018,Tốt nghiệp THPT,daniele15,
DHT,7310205,Quản lý nhà nước,C19,15.50,,THPTQG,2018,Tốt nghiệp THPT,daniele15,
DHT,7310205,Quản lý nhà nước,D01,15.50,,THPTQG,2018,Tốt nghiệp THPT,daniele15,
DHT,7310205,Quản lý nhà nước,D66,15.50,,THPTQG,2018,Tốt nghiệp THPT,daniele15,
DHT,7310301,Xã hội học,C00,18.00,,HocBa,2018,Xét học bạ,daniele15,
DHT,7310301,Xã hội học,D01,18.00,,HocBa,2018,Xét học bạ,daniele15,
DHT,7310301,Xã hội học,D15,18.00,,HocBa,2018,Xét học bạ,daniele15,
DHT,7310301,Xã hội học,C00,15.50,,THPTQG,2018,Tốt nghiệp THPT,daniele15,
DHT,7310301,Xã hội học,D01,15.50,,THPTQG,2018,Tốt nghiệp THPT,daniele15,
DHT,7310301,Xã hội học,D15,15.50,,THPTQG,2018,Tốt nghiệp THPT,daniele15,
DHT,7310301,Xã hội học,C00,13.00,,THPTQG,2018,,daniele15,
DHT,7310301,Xã hội học,D01,13.00,,THPTQG,2018,,daniele15,
DHT,7310301,Xã hội học,D15,13.00,,THPTQG,2018,,daniele15,
DHT,7310608,Đông phương học,C00,18.50,,HocBa,2018,Xét học bạ,daniele15,
DHT,7310608,Đông phương học,C14,18.50,,HocBa,2018,Xét học bạ,daniele15,
DHT,7310608,Đông phương học,C19,18.50,,HocBa,2018,Xét học bạ,daniele15,
DHT,7310608,Đông phương học,C00,16.00,,THPTQG,2018,Tốt nghiệp THPT,daniele15,
DHT,7310608,Đông phương học,C14,16.00,,THPTQG,2018,Tốt nghiệp THPT,daniele15,
DHT,7310608,Đông phương học,C19,16.00,,THPTQG,2018,Tốt nghiệp THPT,daniele15,
DHT,7310608,Đông phương học,C00,13.00,,THPTQG,2018,,daniele15,
DHT,7310608,Đông phương học,C14,13.00,,THPTQG,2018,,daniele15,
DHT,7310608,Đông phương học,C19,13.00,,THPTQG,2018,,daniele15,
DHT,7320101,Báo chí,C00,21.00,,HocBa,2018,Xét học bạ,daniele15,
DHT,7320101,Báo chí,D01,21.00,,HocBa,2018,Xét học bạ,daniele15,
DHT,7320101,Báo chí,D15,21.00,,HocBa,2018,Xét học bạ,daniele15,
DHT,7320101,Báo chí,C00,17.50,,THPTQG,2018,Tốt nghiệp THPT,daniele15,
DHT,7320101,Báo chí,D01,17.50,,THPTQG,2018,Tốt nghiệp THPT,daniele15,
DHT,7320101,Báo chí,D15,17.50,,THPTQG,2018,Tốt nghiệp THPT,daniele15,
DHT,7320101,Báo chí,C00,13.75,,THPTQG,2018,,daniele15,
DHT,7320101,Báo chí,D01,13.75,,THPTQG,2018,,daniele15,
DHT,7320101,Báo chí,D15,13.75,,THPTQG,2018,,daniele15,
DHT,7320109,Truyền thông số,C00,19.00,,HocBa,2018,Xét học bạ,daniele15,
DHT,7320109,Truyền thông số,D01,19.00,,HocBa,2018,Xét học bạ,daniele15,
DHT,7320109,Truyền thông số,D15,19.00,,HocBa,2018,Xét học bạ,daniele15,
DHT,7320111,Truyền thông số,C00,16.50,,THPTQG,2018,Tốt nghiệp THPT,daniele15,
DHT,7320111,Truyền thông số,D01,16.50,,THPTQG,2018,Tốt nghiệp THPT,daniele15,
DHT,7320111,Truyền thông số,D15,16.50,,THPTQG,2018,Tốt nghiệp THPT,daniele15,
DHT,7420101,Sinh học,A00,13.00,,THPTQG,2018,,daniele15,
DHT,7420101,Sinh học,B00,13.00,,THPTQG,2018,,daniele15,
DHT,7420101,Sinh học,D08,13.00,,THPTQG,2018,,daniele15,
DHT,7420201,Công nghệ sinh học,A00,19.00,,HocBa,2018,Xét học bạ,daniele15,
DHT,7420201,Công nghệ sinh học,B00,19.00,,HocBa,2018,Xét học bạ,daniele15,
DHT,7420201,Công nghệ sinh học,D08,19.00,,HocBa,2018,Xét học bạ,daniele15,
DHT,7420201,Công nghệ sinh học,A00,16.00,,THPTQG,2018,Tốt nghiệp THPT,daniele15,
DHT,7420201,Công nghệ sinh học,B00,16.00,,THPTQG,2018,Tốt nghiệp THPT,daniele15,
DHT,7420201,Công nghệ sinh học,D08,16.00,,THPTQG,2018,Tốt nghiệp THPT,daniele15,
DHT,7420201,Công nghệ sinh học,A00,13.00,,THPTQG,2018,,daniele15,
DHT,7420201,Công nghệ sinh học,B00,13.00,,THPTQG,2018,,daniele15,
DHT,7420201,Công nghệ sinh học,D08,13.00,,THPTQG,2018,,daniele15,
DHT,7440102,Vật lí học,A00,13.00,,THPTQG,2018,,daniele15,
DHT,7440102,Vật lí học,A01,13.00,,THPTQG,2018,,daniele15,
DHT,7440112,Hoá học,A00,18.50,,HocBa,2018,Xét học bạ,daniele15,
DHT,7440112,Hoá học,B00,18.50,,HocBa,2018,Xét học bạ,daniele15,
DHT,7440112,Hoá học,D07,18.50,,HocBa,2018,Xét học bạ,daniele15,
DHT,7440112,Hoá học,A00,15.50,,THPTQG,2018,Tốt nghiệp THPT,daniele15,
DHT,7440112,Hoá học,B00,15.50,,THPTQG,2018,Tốt nghiệp THPT,daniele15,
DHT,7440112,Hoá học,D07,15.50,,THPTQG,2018,Tốt nghiệp THPT,daniele15,
DHT,7440112,Hoá học,A00,13.00,,THPTQG,2018,,daniele15,
DHT,7440112,Hoá học,B00,13.00,,THPTQG,2018,,daniele15,
DHT,7440112,Hoá học,D07,13.00,,THPTQG,2018,,daniele15,
DHT,7440201,Địa chất học,A00,13.00,,THPTQG,2018,,daniele15,
DHT,7440201,Địa chất học,B00,13.00,,THPTQG,2018,,daniele15,
DHT,7440201,Địa chất học,D07,13.00,,THPTQG,2018,,daniele15,
DHT,7440217,Địa lý tự nhiên,A00,13.00,,THPTQG,2018,,daniele15,
DHT,7440217,Địa lý tự nhiên,B00,13.00,,THPTQG,2018,,daniele15,
DHT,7440217,Địa lý tự nhiên,D07,13.00,,THPTQG,2018,,daniele15,
DHT,7440301,Khoa học môi trường,A00,18.50,,HocBa,2018,Xét học bạ,daniele15,
DHT,7440301,Khoa học môi trường,B00,18.50,,HocBa,2018,Xét học bạ,daniele15,
DHT,7440301,Khoa học môi trường,D07,18.50,,HocBa,2018,Xét học bạ,daniele15,
DHT,7440301,Khoa học môi trường,A00,15.00,,THPTQG,2018,Tốt nghiệp THPT,daniele15,
DHT,7440301,Khoa học môi trường,B00,15.00,,THPTQG,2018,Tốt nghiệp THPT,daniele15,
DHT,7440301,Khoa học môi trường,D07,15.00,,THPTQG,2018,Tốt nghiệp THPT,daniele15,
DHT,7440301,Khoa học môi trường,A00,13.00,,THPTQG,2018,,daniele15,
DHT,7440301,Khoa học môi trường,B00,13.00,,THPTQG,2018,,daniele15,
DHT,7440301,Khoa học môi trường,D07,13.00,,THPTQG,2018,,daniele15,
DHT,7460101,Toán học,A00,13.00,,THPTQG,2018,,daniele15,
DHT,7460101,Toán học,A01,13.00,,THPTQG,2018,,daniele15,
DHT,7460112,Toán ứng dụng,A00,13.00,,THPTQG,2018,,daniele15,
DHT,7460112,Toán ứng dụng,A01,13.00,,THPTQG,2018,,daniele15,
DHT,7480103,Kỹ thuật phần mềm,A00,19.00,,HocBa,2018,Xét học bạ,daniele15,
DHT,7480103,Kỹ thuật phần mềm,A01,19.00,,HocBa,2018,Xét học bạ,daniele15,
DHT,7480103,Kỹ thuật phần mềm,D01,19.00,,HocBa,2018,Xét học bạ,daniele15,
DHT,7480103,Kỹ thuật phần mềm,D07,19.00,,HocBa,2018,Xét học bạ,daniele15,
DHT,7480103,Kỹ thuật phần mềm,A00,16.50,,THPTQG,2018,Tốt nghiệp THPT,daniele15,
DHT,7480103,Kỹ thuật phần mềm,A01,16.50,,THPTQG,2018,Tốt nghiệp THPT,daniele15,
DHT,7480103,Kỹ thuật phần mềm,D01,16.50,,THPTQG,2018,Tốt nghiệp THPT,daniele15,
DHT,7480103,Kỹ thuật phần mềm,D07,16.50,,THPTQG,2018,Tốt nghiệp THPT,daniele15,
DHT,7480107,Quản trị và phân tích dữ liệu,A00,19.00,,HocBa,2018,Xét học bạ,daniele15,
DHT,7480107,Quản trị và phân tích dữ liệu,A01,19.00,,HocBa,2018,Xét học bạ,daniele15,
DHT,7480107,Quản trị và phân tích dữ liệu,D01,19.00,,HocBa,2018,Xét học bạ,daniele15,
DHT,7480107,Quản trị và phân tích dữ liệu,A00,16.00,,THPTQG,2018,Tốt nghiệp THPT,daniele15,
DHT,7480107,Quản trị và phân tích dữ liệu,A01,16.00,,THPTQG,2018,Tốt nghiệp THPT,daniele15,
DHT,7480107,Quản trị và phân tích dữ liệu,D01,16.00,,THPTQG,2018,Tốt nghiệp THPT,daniele15,
DHT,7480201,Công nghệ thông tin,A00,20.50,,HocBa,2018,Xét học bạ,daniele15,
DHT,7480201,Công nghệ thông tin,A01,20.50,,HocBa,2018,Xét học bạ,daniele15,
DHT,7480201,Công nghệ thông tin,A00,17.50,,THPTQG,2018,Tốt nghiệp THPT,daniele15,
DHT,7480201,Công nghệ thông tin,A01,17.50,,THPTQG,2018,Tốt nghiệp THPT,daniele15,
DHT,7480201,Công nghệ thông tin,A00,13.50,,THPTQG,2018,,daniele15,
DHT,7480201,Công nghệ thông tin,A01,13.50,,THPTQG,2018,,daniele15,
DHT,7510302,Công nghệ kỹ thuật điện tử - viễn thông,A00,19.00,,HocBa,2018,Xét học bạ,daniele15,
DHT,7510302,Công nghệ kỹ thuật điện tử - viễn thông,A01,19.00,,HocBa,2018,Xét học bạ,daniele15,
DHT,7510302,Công nghệ kỹ thuật điện tử - viễn thông,A00,16.00,,THPTQG,2018,Tốt nghiệp THPT,daniele15,
DHT,7510302,Công nghệ kỹ thuật điện tử - viễn thông,A01,16.00,,THPTQG,2018,Tốt nghiệp THPT,daniele15,
DHT,7510302,Công nghệ kỹ thuật điện tử - viễn thông,A00,13.00,,THPTQG,2018,,daniele15,
DHT,7510302,Công nghệ kỹ thuật điện tử - viễn thông,A01,13.00,,THPTQG,2018,,daniele15,
DHT,7510401,Công nghệ kỹ thuật hoá học,A00,18.50,,HocBa,2018,Xét học bạ,daniele15,
DHT,7510401,Công nghệ kỹ thuật hoá học,B00,18.50,,HocBa,2018,Xét học bạ,daniele15,
DHT,7510401,Công nghệ kỹ thuật hoá học,D01,18.50,,HocBa,2018,Xét học bạ,daniele15,
DHT,7510401,Công nghệ kỹ thuật hoá học,D07,18.50,,HocBa,2018,Xét học bạ,daniele15,
DHT,7510401,Công nghệ kỹ thuật hoá học,A00,15.50,,THPTQG,2018,Tốt nghiệp THPT,daniele15,
DHT,7510401,Công nghệ kỹ thuật hoá học,B00,15.50,,THPTQG,2018,Tốt nghiệp THPT,daniele15,
DHT,7510401,Công nghệ kỹ thuật hoá học,D01,15.50,,THPTQG,2018,Tốt nghiệp THPT,daniele15,
DHT,7510401,Công nghệ kỹ thuật hoá học,D07,15.50,,THPTQG,2018,Tốt nghiệp THPT,daniele15,
DHT,7520501,Kỹ thuật địa chất,A00,13.00,,THPTQG,2018,,daniele15,
DHT,7520501,Kỹ thuật địa chất,B00,13.00,,THPTQG,2018,,daniele15,
DHT,7520501,Kỹ thuật địa chất,D07,13.00,,THPTQG,2018,,daniele15,
DHT,7520503,Kỹ thuật trắc địa - Bản đồ,A00,18.50,,HocBa,2018,Xét học bạ,daniele15,
DHT,7520503,Kỹ thuật trắc địa - Bản đồ,B00,18.50,,HocBa,2018,Xét học bạ,daniele15,
DHT,7520503,Kỹ thuật trắc địa - Bản đồ,D07,18.50,,HocBa,2018,Xét học bạ,daniele15,
DHT,7520503,Kỹ thuật trắc địa - Bản đồ,A00,15.50,,THPTQG,2018,Tốt nghiệp THPT,daniele15,
DHT,7520503,Kỹ thuật trắc địa - Bản đồ,B00,15.50,,THPTQG,2018,Tốt nghiệp THPT,daniele15,
DHT,7520503,Kỹ thuật trắc địa - Bản đồ,D07,15.50,,THPTQG,2018,Tốt nghiệp THPT,daniele15,
DHT,7520503,Kỹ thuật trắc địa - Bản đồ,A00,13.00,,THPTQG,2018,,daniele15,
DHT,7520503,Kỹ thuật trắc địa - Bản đồ,B00,13.00,,THPTQG,2018,,daniele15,
DHT,7520503,Kỹ thuật trắc địa - Bản đồ,D07,13.00,,THPTQG,2018,,daniele15,
DHT,7580101,Kiến trúc,V00,20.00,,HocBa,2018,Xét học bạ,daniele15,
DHT,7580101,Kiến trúc,V01,20.00,,HocBa,2018,Xét học bạ,daniele15,
DHT,7580101,Kiến trúc,V00,16.50,,THPTQG,2018,Tốt nghiệp THPT,daniele15,
DHT,7580101,Kiến trúc,V01,16.50,,THPTQG,2018,Tốt nghiệp THPT,daniele15,
DHT,7580101,Kiến trúc,V00,13.00,,THPTQG,2018,,daniele15,
DHT,7580101,Kiến trúc,V01,13.00,,THPTQG,2018,,daniele15,
DHT,7580211,Địa kỹ thuật xây dựng,A00,18.00,,HocBa,2018,Xét học bạ,daniele15,
DHT,7580211,Địa kỹ thuật xây dựng,B00,18.00,,HocBa,2018,Xét học bạ,daniele15,
DHT,7580211,Địa kỹ thuật xây dựng,D01,18.00,,HocBa,2018,Xét học bạ,daniele15,
DHT,7580211,Địa kỹ thuật xây dựng,D10,18.00,,HocBa,2018,Xét học bạ,daniele15,
DHT,7580211,Địa kỹ thuật xây dựng,A00,15.50,,THPTQG,2018,Tốt nghiệp THPT,daniele15,
DHT,7580211,Địa kỹ thuật xây dựng,B00,15.50,,THPTQG,2018,Tốt nghiệp THPT,daniele15,
DHT,7580211,Địa kỹ thuật xây dựng,D01,15.50,,THPTQG,2018,Tốt nghiệp THPT,daniele15,
DHT,7580211,Địa kỹ thuật xây dựng,D10,15.50,,THPTQG,2018,Tốt nghiệp THPT,daniele15,
DHT,7760101,Công tác xã hội,C00,18.00,,HocBa,2018,Xét học bạ,daniele15,
DHT,7760101,Công tác xã hội,D01,18.00,,HocBa,2018,Xét học bạ,daniele15,
DHT,7760101,Công tác xã hội,D14,18.00,,HocBa,2018,Xét học bạ,daniele15,
DHT,7760101,Công tác xã hội,C00,15.50,,THPTQG,2018,Tốt nghiệp THPT,daniele15,
DHT,7760101,Công tác xã hội,D01,15.50,,THPTQG,2018,Tốt nghiệp THPT,daniele15,
DHT,7760101,Công tác xã hội,D14,15.50,,THPTQG,2018,Tốt nghiệp THPT,daniele15,
DHT,7760101,Công tác xã hội,C00,13.00,,THPTQG,2018,,daniele15,
DHT,7760101,Công tác xã hội,D01,13.00,,THPTQG,2018,,daniele15,
DHT,7760101,Công tác xã hội,D14,13.00,,THPTQG,2018,,daniele15,
DHT,7850101,Quản lý tài nguyên và môi trường,A00,18.00,,HocBa,2018,Xét học bạ,daniele15,
DHT,7850101,Quản lý tài nguyên và môi trường,B00,18.00,,HocBa,2018,Xét học bạ,daniele15,
DHT,7850101,Quản lý tài nguyên và môi trường,D07,18.00,,HocBa,2018,Xét học bạ,daniele15,
DHT,7850101,Quản lý tài nguyên và môi trường,A00,15.50,,THPTQG,2018,Tốt nghiệp THPT,daniele15,
DHT,7850101,Quản lý tài nguyên và môi trường,B00,15.50,,THPTQG,2018,Tốt nghiệp THPT,daniele15,
DHT,7850101,Quản lý tài nguyên và môi trường,D07,15.50,,THPTQG,2018,Tốt nghiệp THPT,daniele15,
DHT,7850101,Quản lý tài nguyên và môi trường,A00,13.00,,THPTQG,2018,,daniele15,
DHT,7850101,Quản lý tài nguyên và môi trường,B00,13.00,,THPTQG,2018,,daniele15,
DHT,7850101,Quản lý tài nguyên và môi trường,D07,13.00,,THPTQG,2018,,daniele15,
DHT,7850104,"Quản lý an toàn, sức khỏe và môi trường",A00,18.00,,HocBa,2018,Xét học bạ,daniele15,
DHT,7850104,"Quản lý an toàn, sức khỏe và môi trường",B00,18.00,,HocBa,2018,Xét học bạ,daniele15,
DHT,7850104,"Quản lý an toàn, sức khỏe và môi trường",D07,18.00,,HocBa,2018,Xét học bạ,daniele15,
DHT,7850104,"Quản lý an toàn, sức khỏe và môi trường",D15,18.00,,HocBa,2018,Xét học bạ,daniele15,
DHT,7850104,"Quản lý an toàn, sức khỏe và môi trường",A00,15.00,,THPTQG,2018,Tốt nghiệp THPT,daniele15,
DHT,7850104,"Quản lý an toàn, sức khỏe và môi trường",B00,15.00,,THPTQG,2018,Tốt nghiệp THPT,daniele15,
DHT,7850104,"Quản lý an toàn, sức khỏe và môi trường",D07,15.00,,THPTQG,2018,Tốt nghiệp THPT,daniele15,
DHT,7850104,"Quản lý an toàn, sức khỏe và môi trường",D15,15.00,,THPTQG,2018,Tốt nghiệp THPT,daniele15,
DHV,7220201,Ngôn ngữ Anh,D01,14.00,,HocBa,2018,Điểm chuẩn học bạ lấy 18 điểm,daniele15,
DHV,7220201,Ngôn ngữ Anh,D14,14.00,,HocBa,2018,Điểm chuẩn học bạ lấy 18 điểm,daniele15,
DHV,7220201,Ngôn ngữ Anh,D15,14.00,,HocBa,2018,Điểm chuẩn học bạ lấy 18 điểm,daniele15,
DHV,7220201,Ngôn ngữ Anh,D66,14.00,,HocBa,2018,Điểm chuẩn học bạ lấy 18 điểm,daniele15,
DHV,7220204,Ngôn ngữ Trung Quốc,D01,14.00,,HocBa,2018,Điểm chuẩn học bạ lấy 18 điểm,daniele15,
DHV,7220204,Ngôn ngữ Trung Quốc,D04,14.00,,HocBa,2018,Điểm chuẩn học bạ lấy 18 điểm,daniele15,
DHV,7220204,Ngôn ngữ Trung Quốc,D14,14.00,,HocBa,2018,Điểm chuẩn học bạ lấy 18 điểm,daniele15,
DHV,7220204,Ngôn ngữ Trung Quốc,D15,14.00,,HocBa,2018,Điểm chuẩn học bạ lấy 18 điểm,daniele15,
DHV,7220209,Ngôn ngữ Nhật,D01,14.00,,HocBa,2018,Điểm chuẩn học bạ lấy 18 điểm,daniele15,
DHV,7220209,Ngôn ngữ Nhật,D14,14.00,,HocBa,2018,Điểm chuẩn học bạ lấy 18 điểm,daniele15,
DHV,7220209,Ngôn ngữ Nhật,D15,14.00,,HocBa,2018,Điểm chuẩn học bạ lấy 18 điểm,daniele15,
DHV,7220209,Ngôn ngữ Nhật,D66,14.00,,HocBa,2018,Điểm chuẩn học bạ lấy 18 điểm,daniele15,
DHV,7340101,Quản trị kinh doanh,A00,14.00,,HocBa,2018,Điểm chuẩn học bạ lấy 18 điểm,daniele15,
DHV,7340101,Quản trị kinh doanh,C00,14.00,,HocBa,2018,Điểm chuẩn học bạ lấy 18 điểm,daniele15,
DHV,7340101,Quản trị kinh doanh,C01,14.00,,HocBa,2018,Điểm chuẩn học bạ lấy 18 điểm,daniele15,
DHV,7340101,Quản trị kinh doanh,D01,14.00,,HocBa,2018,Điểm chuẩn học bạ lấy 18 điểm,daniele15,
DHV,7340201,Tài chính - Ngân hàng,A00,14.00,,HocBa,2018,Điểm chuẩn học bạ lấy 18 điểm,daniele15,
DHV,7340201,Tài chính - Ngân hàng,C00,14.00,,HocBa,2018,Điểm chuẩn học bạ lấy 18 điểm,daniele15,
DHV,7340201,Tài chính - Ngân hàng,C04,14.00,,HocBa,2018,Điểm chuẩn học bạ lấy 18 điểm,daniele15,
DHV,7340201,Tài chính - Ngân hàng,D01,14.00,,HocBa,2018,Điểm chuẩn học bạ lấy 18 điểm,daniele15,
DHV,7340301,Kế toán,A00,14.00,,HocBa,2018,Điểm chuẩn học bạ lấy 18 điểm,daniele15,
DHV,7340301,Kế toán,C00,14.00,,HocBa,2018,Điểm chuẩn học bạ lấy 18 điểm,daniele15,
DHV,7340301,Kế toán,C14,14.00,,HocBa,2018,Điểm chuẩn học bạ lấy 18 điểm,daniele15,
DHV,7340301,Kế toán,D01,14.00,,HocBa,2018,Điểm chuẩn học bạ lấy 18 điểm,daniele15,
DHV,7480201,Công nghệ thông tin,A00,14.00,,HocBa,2018,Điểm chuẩn học bạ lấy 18 điểm,daniele15,
DHV,7480201,Công nghệ thông tin,A01,14.00,,HocBa,2018,Điểm chuẩn học bạ lấy 18 điểm,daniele15,
DHV,7480201,Công nghệ thông tin,C14,14.00,,HocBa,2018,Điểm chuẩn học bạ lấy 18 điểm,daniele15,
DHV,7480201,Công nghệ thông tin,D01,14.00,,HocBa,2018,Điểm chuẩn học bạ lấy 18 điểm,daniele15,
DHV,7720802,Quản trị bệnh viện,B00,14.00,,HocBa,2018,Điểm chuẩn học bạ lấy 18 điểm,daniele15,
DHV,7720802,Quản trị bệnh viện,B03,14.00,,HocBa,2018,Điểm chuẩn học bạ lấy 18 điểm,daniele15,
DHV,7720802,Quản trị bệnh viện,C01,14.00,,HocBa,2018,Điểm chuẩn học bạ lấy 18 điểm,daniele15,
DHV,7720802,Quản trị bệnh viện,C02,14.00,,HocBa,2018,Điểm chuẩn học bạ lấy 18 điểm,daniele15,
DHV,7810103,Quản trị dịch vụ du lịch và lữ hành,A00,14.00,,HocBa,2018,Điểm chuẩn học bạ lấy 18 điểm,daniele15,
DHV,7810103,Quản trị dịch vụ du lịch và lữ hành,A01,14.00,,HocBa,2018,Điểm chuẩn học bạ lấy 18 điểm,daniele15,
DHV,7810103,Quản trị dịch vụ du lịch và lữ hành,C00,14.00,,HocBa,2018,Điểm chuẩn học bạ lấy 18 điểm,daniele15,
DHV,7810103,Quản trị dịch vụ du lịch và lữ hành,D01,14.00,,HocBa,2018,Điểm chuẩn học bạ lấy 18 điểm,daniele15,
DHY,7720101,Y khoa,B00,23.25,,THPTQG,2018,,daniele15,
DHY,7720110,Y học dự phòng,B00,18.15,,THPTQG,2018,,daniele15,
DHY,7720115,Y học cổ truyền,B00,20.25,,THPTQG,2018,,daniele15,
DHY,7720201,Dược học,A00,20.75,,THPTQG,2018,,daniele15,
DHY,7720301,Điều dưỡng,B00,18.15,,THPTQG,2018,,daniele15,
DHY,7720501,Răng - Hàm - Mặt,B00,22.75,,THPTQG,2018,,daniele15,
DHY,7720601,Kỹ thuật xét nghiệm y học,B00,19.25,,THPTQG,2018,,daniele15,
DHY,7720602,Kỹ thuật hình ảnh y học,B00,18.50,,THPTQG,2018,,daniele15,
DHY,7720701,Y tế công cộng,B00,16.15,,THPTQG,2018,,daniele15,
DKB,7340101,Quản trị kinh doanh,A00,14.00,,THPTQG,2018,,daniele15,
DKB,7340101,Quản trị kinh doanh,A01,14.00,,THPTQG,2018,,daniele15,
DKB,7340101,Quản trị kinh doanh,C03,14.00,,THPTQG,2018,,daniele15,
DKB,7340101,Quản trị kinh doanh,D01,14.00,,THPTQG,2018,,daniele15,
DKB,7340201,Tài chính - Ngân hàng,A00,14.00,,THPTQG,2018,,daniele15,
DKB,7340201,Tài chính - Ngân hàng,A01,14.00,,THPTQG,2018,,daniele15,
DKB,7340201,Tài chính - Ngân hàng,C03,14.00,,THPTQG,2018,,daniele15,
DKB,7340201,Tài chính - Ngân hàng,D01,14.00,,THPTQG,2018,,daniele15,
DKB,7340301,Kế toán,A00,14.00,,THPTQG,2018,,daniele15,
DKB,7340301,Kế toán,A01,14.00,,THPTQG,2018,,daniele15,
DKB,7340301,Kế toán,C03,14.00,,THPTQG,2018,,daniele15,
DKB,7340301,Kế toán,D01,14.00,,THPTQG,2018,,daniele15,
DKB,7340406,Quản trị văn phòng,A00,14.00,,THPTQG,2018,,daniele15,
DKB,7340406,Quản trị văn phòng,A01,14.00,,THPTQG,2018,,daniele15,
DKB,7340406,Quản trị văn phòng,C03,14.00,,THPTQG,2018,,daniele15,
DKB,7340406,Quản trị văn phòng,D01,14.00,,THPTQG,2018,,daniele15,
DKB,7480201,Công nghệ thông tin,A00,14.00,,THPTQG,2018,,daniele15,
DKB,7480201,Công nghệ thông tin,A01,14.00,,THPTQG,2018,,daniele15,
DKB,7480201,Công nghệ thông tin,C01,14.00,,THPTQG,2018,,daniele15,
DKB,7510301,"Công nghệ kỹ thuật điện, điện tử",A00,14.00,,THPTQG,2018,,daniele15,
DKB,7510301,"Công nghệ kỹ thuật điện, điện tử",A01,14.00,,THPTQG,2018,,daniele15,
DKB,7510301,"Công nghệ kỹ thuật điện, điện tử",C01,14.00,,THPTQG,2018,,daniele15,
DKB,7580205,Kỹ thuật xây dựng,A00,14.00,,THPTQG,2018,Kỹ thuật xây dựng công trình giao thông,daniele15,
DKB,7580205,Kỹ thuật xây dựng,A01,14.00,,THPTQG,2018,Kỹ thuật xây dựng công trình giao thông,daniele15,
DKB,7580205,Kỹ thuật xây dựng,C01,14.00,,THPTQG,2018,Kỹ thuật xây dựng công trình giao thông,daniele15,
DKC,7210403,Thiết kế đồ họa,H01,16.00,,THPTQG,2018,,daniele15,
DKC,7210403,Thiết kế đồ họa,H02,16.00,,THPTQG,2018,,daniele15,
DKC,7210403,Thiết kế đồ họa,V00,16.00,,THPTQG,2018,,daniele15,
DKC,7210403,Thiết kế đồ họa,V02,16.00,,THPTQG,2018,,daniele15,
DKC,7210404,Thiết kế thời trang,H01,16.00,,THPTQG,2018,,daniele15,
DKC,7210404,Thiết kế thời trang,H02,16.00,,THPTQG,2018,,daniele15,
DKC,7210404,Thiết kế thời trang,V00,16.00,,THPTQG,2018,,daniele15,
DKC,7210404,Thiết kế thời trang,V02,16.00,,THPTQG,2018,,daniele15,
DKC,7220201,Ngôn ngữ Anh,A01,16.00,,THPTQG,2018,,daniele15,
DKC,7220201,Ngôn ngữ Anh,D01,16.00,,THPTQG,2018,,daniele15,
DKC,7220201,Ngôn ngữ Anh,D14,16.00,,THPTQG,2018,,daniele15,
DKC,7220201,Ngôn ngữ Anh,D15,16.00,,THPTQG,2018,,daniele15,
DKC,7220209,Ngôn ngữ Nhật,A01,16.00,,THPTQG,2018,,daniele15,
DKC,7220209,Ngôn ngữ Nhật,D01,16.00,,THPTQG,2018,,daniele15,
DKC,7220209,Ngôn ngữ Nhật,D14,16.00,,THPTQG,2018,,daniele15,
DKC,7220209,Ngôn ngữ Nhật,D15,16.00,,THPTQG,2018,,daniele15,
DKC,7310401,Tâm lý học,A00,16.00,,THPTQG,2018,,daniele15,
DKC,7310401,Tâm lý học,A01,16.00,,THPTQG,2018,,daniele15,
DKC,7310401,Tâm lý học,C00,16.00,,THPTQG,2018,,daniele15,
DKC,7310401,Tâm lý học,D01,16.00,,THPTQG,2018,,daniele15,
DKC,7310608,Đông phương học,A01,16.00,,THPTQG,2018,,daniele15,
DKC,7310608,Đông phương học,C00,16.00,,THPTQG,2018,,daniele15,
DKC,7310608,Đông phương học,D01,16.00,,THPTQG,2018,,daniele15,
DKC,7310608,Đông phương học,D15,16.00,,THPTQG,2018,,daniele15,
DKC,7320104,Truyền thông đa phương tiện,A01,16.00,,THPTQG,2018,,daniele15,
DKC,7320104,Truyền thông đa phương tiện,C00,16.00,,THPTQG,2018,,daniele15,
DKC,7320104,Truyền thông đa phương tiện,D01,16.00,,THPTQG,2018,,daniele15,
DKC,7320104,Truyền thông đa phương tiện,D15,16.00,,THPTQG,2018,,daniele15,
DKC,7340101,Quản trị kinh doanh,A00,17.00,,THPTQG,2018,,daniele15,
DKC,7340101,Quản trị kinh doanh,A01,17.00,,THPTQG,2018,,daniele15,
DKC,7340101,Quản trị kinh doanh,C00,17.00,,THPTQG,2018,,daniele15,
DKC,7340101,Quản trị kinh doanh,D01,17.00,,THPTQG,2018,,daniele15,
DKC,7340115,Marketing,A00,20.00,,THPTQG,2018,,daniele15,
DKC,7340115,Marketing,A01,20.00,,THPTQG,2018,,daniele15,
DKC,7340115,Marketing,C00,20.00,,THPTQG,2018,,daniele15,
DKC,7340115,Marketing,D01,20.00,,THPTQG,2018,,daniele15,
DKC,7340120,Kinh doanh quốc tế,A00,19.00,,THPTQG,2018,,daniele15,
DKC,7340120,Kinh doanh quốc tế,A01,19.00,,THPTQG,2018,,daniele15,
DKC,7340120,Kinh doanh quốc tế,C00,19.00,,THPTQG,2018,,daniele15,
DKC,7340120,Kinh doanh quốc tế,D01,19.00,,THPTQG,2018,,daniele15,
DKC,7340201,Tài chính - Ngân hàng,A00,16.00,,THPTQG,2018,,daniele15,
DKC,7340201,Tài chính - Ngân hàng,A01,16.00,,THPTQG,2018,,daniele15,
DKC,7340201,Tài chính - Ngân hàng,C01,16.00,,THPTQG,2018,,daniele15,
DKC,7340201,Tài chính - Ngân hàng,D01,16.00,,THPTQG,2018,,daniele15,
DKC,7340301,Kế toán,A00,16.00,,THPTQG,2018,,daniele15,
DKC,7340301,Kế toán,A01,16.00,,THPTQG,2018,,daniele15,
DKC,7340301,Kế toán,C01,16.00,,THPTQG,2018,,daniele15,
DKC,7340301,Kế toán,D01,16.00,,THPTQG,2018,,daniele15,
DKC,7340405,Hệ thống thông tin quản lý,A00,16.00,,THPTQG,2018,,daniele15,
DKC,7340405,Hệ thống thông tin quản lý,A01,16.00,,THPTQG,2018,,daniele15,
DKC,7340405,Hệ thống thông tin quản lý,C01,16.00,,THPTQG,2018,,daniele15,
DKC,7340405,Hệ thống thông tin quản lý,D01,16.00,,THPTQG,2018,,daniele15,
DKC,7380107,Luật,A00,16.00,,THPTQG,2018,Luật kinh tế: - Luật kinh doanh - Luật thương mại quốc tế - Luật tài chính ngân hàng,daniele15,
DKC,7380107,Luật,A01,16.00,,THPTQG,2018,Luật kinh tế: - Luật kinh doanh - Luật thương mại quốc tế - Luật tài chính ngân hàng,daniele15,
DKC,7380107,Luật,C00,16.00,,THPTQG,2018,Luật kinh tế: - Luật kinh doanh - Luật thương mại quốc tế - Luật tài chính ngân hàng,daniele15,
DKC,7380107,Luật,D01,16.00,,THPTQG,2018,Luật kinh tế: - Luật kinh doanh - Luật thương mại quốc tế - Luật tài chính ngân hàng,daniele15,
DKC,7420201,Công nghệ sinh học,A00,16.00,,THPTQG,2018,,daniele15,
DKC,7420201,Công nghệ sinh học,B00,16.00,,THPTQG,2018,,daniele15,
DKC,7420201,Công nghệ sinh học,C08,16.00,,THPTQG,2018,,daniele15,
DKC,7420201,Công nghệ sinh học,D07,16.00,,THPTQG,2018,,daniele15,
DKC,7480201,Công nghệ thông tin,A00,17.00,,THPTQG,2018,,daniele15,
DKC,7480201,Công nghệ thông tin,A01,17.00,,THPTQG,2018,,daniele15,
DKC,7480201,Công nghệ thông tin,C01,17.00,,THPTQG,2018,,daniele15,
DKC,7480201,Công nghệ thông tin,D01,17.00,,THPTQG,2018,,daniele15,
DKC,7480202,An toàn thông tin,A00,16.00,,THPTQG,2018,,daniele15,
DKC,7480202,An toàn thông tin,A01,16.00,,THPTQG,2018,,daniele15,
DKC,7480202,An toàn thông tin,C01,16.00,,THPTQG,2018,,daniele15,
DKC,7480202,An toàn thông tin,D01,16.00,,THPTQG,2018,,daniele15,
DKC,7510205,Công nghệ kỹ thuật ô tô,A00,16.00,,THPTQG,2018,,daniele15,
DKC,7510205,Công nghệ kỹ thuật ô tô,A01,16.00,,THPTQG,2018,,daniele15,
DKC,7510205,Công nghệ kỹ thuật ô tô,C01,16.00,,THPTQG,2018,,daniele15,
DKC,7510205,Công nghệ kỹ thuật ô tô,D01,16.00,,THPTQG,2018,,daniele15,
DKC,7520103,Kỹ thuật cơ khí,A00,16.00,,THPTQG,2018,,daniele15,
DKC,7520103,Kỹ thuật cơ khí,A01,16.00,,THPTQG,2018,,daniele15,
DKC,7520103,Kỹ thuật cơ khí,C01,16.00,,THPTQG,2018,,daniele15,
DKC,7520103,Kỹ thuật cơ khí,D01,16.00,,THPTQG,2018,,daniele15,
DKC,7520114,Kỹ thuật cơ điện tử,A00,16.00,,THPTQG,2018,,daniele15,
DKC,7520114,Kỹ thuật cơ điện tử,A01,16.00,,THPTQG,2018,,daniele15,
DKC,7520114,Kỹ thuật cơ điện tử,C01,16.00,,THPTQG,2018,,daniele15,
DKC,7520114,Kỹ thuật cơ điện tử,D01,16.00,,THPTQG,2018,,daniele15,
DKC,7520201,Kỹ thuật điện,A00,16.00,,THPTQG,2018,,daniele15,
DKC,7520201,Kỹ thuật điện,A01,16.00,,THPTQG,2018,,daniele15,
DKC,7520201,Kỹ thuật điện,C01,16.00,,THPTQG,2018,,daniele15,
DKC,7520201,Kỹ thuật điện,D01,16.00,,THPTQG,2018,,daniele15,
DKC,7520207,Kỹ thuật điện tử - viễn thông,A00,16.00,,THPTQG,2018,,daniele15,
DKC,7520207,Kỹ thuật điện tử - viễn thông,A01,16.00,,THPTQG,2018,,daniele15,
DKC,7520207,Kỹ thuật điện tử - viễn thông,C01,16.00,,THPTQG,2018,,daniele15,
DKC,7520207,Kỹ thuật điện tử - viễn thông,D01,16.00,,THPTQG,2018,,daniele15,
DKC,7520212,Kỹ thuật y sinh,A00,16.00,,THPTQG,2018,,daniele15,
DKC,7520212,Kỹ thuật y sinh,A01,16.00,,THPTQG,2018,,daniele15,
DKC,7520212,Kỹ thuật y sinh,C01,16.00,,THPTQG,2018,,daniele15,
DKC,7520212,Kỹ thuật y sinh,D01,16.00,,THPTQG,2018,,daniele15,
DKC,7520216,Kỹ thuật điều khiển và tự động hoá,A00,16.00,,THPTQG,2018,,daniele15,
DKC,7520216,Kỹ thuật điều khiển và tự động hoá,A01,16.00,,THPTQG,2018,,daniele15,
DKC,7520216,Kỹ thuật điều khiển và tự động hoá,C01,16.00,,THPTQG,2018,,daniele15,
DKC,7520216,Kỹ thuật điều khiển và tự động hoá,D01,16.00,,THPTQG,2018,,daniele15,
DKC,7520320,Kỹ thuật môi trường,A00,16.00,,THPTQG,2018,,daniele15,
DKC,7520320,Kỹ thuật môi trường,B00,16.00,,THPTQG,2018,,daniele15,
DKC,7520320,Kỹ thuật môi trường,C08,16.00,,THPTQG,2018,,daniele15,
DKC,7520320,Kỹ thuật môi trường,D07,16.00,,THPTQG,2018,,daniele15,
DKC,7540101,Công nghệ thực phẩm,A00,16.00,,THPTQG,2018,,daniele15,
DKC,7540101,Công nghệ thực phẩm,B00,16.00,,THPTQG,2018,,daniele15,
DKC,7540101,Công nghệ thực phẩm,C08,16.00,,THPTQG,2018,,daniele15,
DKC,7540101,Công nghệ thực phẩm,D07,16.00,,THPTQG,2018,,daniele15,
DKC,7540204,"Công nghệ dệt, may",A00,16.00,,THPTQG,2018,,daniele15,
DKC,7540204,"Công nghệ dệt, may",A01,16.00,,THPTQG,2018,,daniele15,
DKC,7540204,"Công nghệ dệt, may",C01,16.00,,THPTQG,2018,,daniele15,
DKC,7540204,"Công nghệ dệt, may",D01,16.00,,THPTQG,2018,,daniele15,
DKC,7580101,Kiến trúc,A00,16.00,,THPTQG,2018,,daniele15,
DKC,7580101,Kiến trúc,D01,16.00,,THPTQG,2018,,daniele15,
DKC,7580101,Kiến trúc,H01,16.00,,THPTQG,2018,,daniele15,
DKC,7580101,Kiến trúc,V00,16.00,,THPTQG,2018,,daniele15,
DKC,7580108,Thiết kế nội thất,A00,16.00,,THPTQG,2018,,daniele15,
DKC,7580108,Thiết kế nội thất,D01,16.00,,THPTQG,2018,,daniele15,
DKC,7580108,Thiết kế nội thất,H01,16.00,,THPTQG,2018,,daniele15,
DKC,7580108,Thiết kế nội thất,V00,16.00,,THPTQG,2018,,daniele15,
DKC,7580201,Kỹ thuật xây dựng,A00,16.00,,THPTQG,2018,,daniele15,
DKC,7580201,Kỹ thuật xây dựng,A01,16.00,,THPTQG,2018,,daniele15,
DKC,7580201,Kỹ thuật xây dựng,C01,16.00,,THPTQG,2018,,daniele15,
DKC,7580201,Kỹ thuật xây dựng,D01,16.00,,THPTQG,2018,,daniele15,
DKC,7580205,Kỹ thuật xây dựng,A00,16.00,,THPTQG,2018,Kỹ thuật xây dựng công trình giao thông,daniele15,
DKC,7580205,Kỹ thuật xây dựng,A01,16.00,,THPTQG,2018,Kỹ thuật xây dựng công trình giao thông,daniele15,
DKC,7580205,Kỹ thuật xây dựng,C01,16.00,,THPTQG,2018,Kỹ thuật xây dựng công trình giao thông,daniele15,
DKC,7580205,Kỹ thuật xây dựng,D01,16.00,,THPTQG,2018,Kỹ thuật xây dựng công trình giao thông,daniele15,
DKC,7580301,Kinh tế xây dựng,A00,16.00,,THPTQG,2018,Kinh tế xây dựng,daniele15,
DKC,7580301,Kinh tế xây dựng,A01,16.00,,THPTQG,2018,Kinh tế xây dựng,daniele15,
DKC,7580301,Kinh tế xây dựng,C01,16.00,,THPTQG,2018,Kinh tế xây dựng,daniele15,
DKC,7580301,Kinh tế xây dựng,D01,16.00,,THPTQG,2018,Kinh tế xây dựng,daniele15,
DKC,7580302,Quản lý xây dựng,A00,16.00,,THPTQG,2018,,daniele15,
DKC,7580302,Quản lý xây dựng,A01,16.00,,THPTQG,2018,,daniele15,
DKC,7580302,Quản lý xây dựng,C01,16.00,,THPTQG,2018,,daniele15,
DKC,7580302,Quản lý xây dựng,D01,16.00,,THPTQG,2018,,daniele15,
DKC,7640101,Thú y,A00,16.00,,THPTQG,2018,,daniele15,
DKC,7640101,Thú y,B00,16.00,,THPTQG,2018,,daniele15,
DKC,7640101,Thú y,C08,16.00,,THPTQG,2018,,daniele15,
DKC,7640101,Thú y,D07,16.00,,THPTQG,2018,,daniele15,
DKC,7720201,Dược học,A00,18.00,,THPTQG,2018,,daniele15,
DKC,7720201,Dược học,B00,18.00,,THPTQG,2018,,daniele15,
DKC,7720201,Dược học,C08,18.00,,THPTQG,2018,,daniele15,
DKC,7720201,Dược học,D07,18.00,,THPTQG,2018,,daniele15,
DKC,7810103,Quản trị dịch vụ du lịch và lữ hành,A00,16.00,,THPTQG,2018,,daniele15,
DKC,7810103,Quản trị dịch vụ du lịch và lữ hành,A01,16.00,,THPTQG,2018,,daniele15,
DKC,7810103,Quản trị dịch vụ du lịch và lữ hành,C00,16.00,,THPTQG,2018,,daniele15,
DKC,7810103,Quản trị dịch vụ du lịch và lữ hành,D01,16.00,,THPTQG,2018,,daniele15,
DKC,7810201,Quản trị khách sạn,A00,17.00,,THPTQG,2018,,daniele15,
DKC,7810201,Quản trị khách sạn,A01,17.00,,THPTQG,2018,,daniele15,
DKC,7810201,Quản trị khách sạn,C00,17.00,,THPTQG,2018,,daniele15,
DKC,7810201,Quản trị khách sạn,D01,17.00,,THPTQG,2018,,daniele15,
DKC,7810202,Quản trị nhà hàng và dịch vụ ăn uống,A00,16.00,,THPTQG,2018,,daniele15,
DKC,7810202,Quản trị nhà hàng và dịch vụ ăn uống,A01,16.00,,THPTQG,2018,,daniele15,
DKC,7810202,Quản trị nhà hàng và dịch vụ ăn uống,C00,16.00,,THPTQG,2018,,daniele15,
DKC,7810202,Quản trị nhà hàng và dịch vụ ăn uống,D01,16.00,,THPTQG,2018,,daniele15,
DKH,7720201,Dược học,A00,23.05,,THPTQG,2018,Tiêu chí phụ: Môn hóa: 8.00 Môn Toán:7.8 Nguyện vọng 1,daniele15,
DKK,7340101,Quản trị kinh doanh,A00,16.75,,THPTQG,2018,Cơ sở Hà Nội,daniele15,
DKK,7340101,Quản trị kinh doanh,A01,16.75,,THPTQG,2018,Cơ sở Hà Nội,daniele15,
DKK,7340101,Quản trị kinh doanh,C01,16.75,,THPTQG,2018,Cơ sở Hà Nội,daniele15,
DKK,7340101,Quản trị kinh doanh,D01,16.75,,THPTQG,2018,Cơ sở Hà Nội,daniele15,
DKK,7340101,Quản trị kinh doanh,A00,14.00,,THPTQG,2018,Cơ sở Nam Định,daniele15,
DKK,7340101,Quản trị kinh doanh,A01,14.00,,THPTQG,2018,Cơ sở Nam Định,daniele15,
DKK,7340101,Quản trị kinh doanh,C01,14.00,,THPTQG,2018,Cơ sở Nam Định,daniele15,
DKK,7340101,Quản trị kinh doanh,D01,14.00,,THPTQG,2018,Cơ sở Nam Định,daniele15,
DKK,7340121,Kinh doanh thương mại,A00,16.50,,THPTQG,2018,Cơ sở Hà Nội,daniele15,
DKK,7340121,Kinh doanh thương mại,A01,16.50,,THPTQG,2018,Cơ sở Hà Nội,daniele15,
DKK,7340121,Kinh doanh thương mại,C01,16.50,,THPTQG,2018,Cơ sở Hà Nội,daniele15,
DKK,7340121,Kinh doanh thương mại,D01,16.50,,THPTQG,2018,Cơ sở Hà Nội,daniele15,
DKK,7340121,Kinh doanh thương mại,A00,14.00,,THPTQG,2018,Cơ sở Nam Định,daniele15,
DKK,7340121,Kinh doanh thương mại,A01,14.00,,THPTQG,2018,Cơ sở Nam Định,daniele15,
DKK,7340121,Kinh doanh thương mại,C01,14.00,,THPTQG,2018,Cơ sở Nam Định,daniele15,
DKK,7340121,Kinh doanh thương mại,D01,14.00,,THPTQG,2018,Cơ sở Nam Định,daniele15,
DKK,7340201,Tài chính - Ngân hàng,A00,15.75,,THPTQG,2018,Cơ sở Hà Nội,daniele15,
DKK,7340201,Tài chính - Ngân hàng,A01,15.75,,THPTQG,2018,Cơ sở Hà Nội,daniele15,
DKK,7340201,Tài chính - Ngân hàng,C01,15.75,,THPTQG,2018,Cơ sở Hà Nội,daniele15,
DKK,7340201,Tài chính - Ngân hàng,D01,15.75,,THPTQG,2018,Cơ sở Hà Nội,daniele15,
DKK,7340201,Tài chính - Ngân hàng,A00,14.00,,THPTQG,2018,Cơ sở Nam Định,daniele15,
DKK,7340201,Tài chính - Ngân hàng,A01,14.00,,THPTQG,2018,Cơ sở Nam Định,daniele15,
DKK,7340201,Tài chính - Ngân hàng,C01,14.00,,THPTQG,2018,Cơ sở Nam Định,daniele15,
DKK,7340201,Tài chính - Ngân hàng,D01,14.00,,THPTQG,2018,Cơ sở Nam Định,daniele15,
DKK,7340301,Kế toán,A00,16.50,,THPTQG,2018,Cơ sở Hà Nội,daniele15,
DKK,7340301,Kế toán,A01,16.50,,THPTQG,2018,Cơ sở Hà Nội,daniele15,
DKK,7340301,Kế toán,C01,16.50,,THPTQG,2018,Cơ sở Hà Nội,daniele15,
DKK,7340301,Kế toán,D01,16.50,,THPTQG,2018,Cơ sở Hà Nội,daniele15,
DKK,7340301,Kế toán,A00,14.00,,THPTQG,2018,Cơ sở Nam Định,daniele15,
DKK,7340301,Kế toán,A01,14.00,,THPTQG,2018,Cơ sở Nam Định,daniele15,
DKK,7340301,Kế toán,C01,14.00,,THPTQG,2018,Cơ sở Nam Định,daniele15,
DKK,7340301,Kế toán,D01,14.00,,THPTQG,2018,Cơ sở Nam Định,daniele15,
DKK,7480102,Mạng máy tính và Truyền thông dữ liệu,A00,15.50,,THPTQG,2018,ngành mớiCơ sở Hà Nội,daniele15,
DKK,7480102,Mạng máy tính và Truyền thông dữ liệu,A01,15.50,,THPTQG,2018,ngành mớiCơ sở Hà Nội,daniele15,
DKK,7480102,Mạng máy tính và Truyền thông dữ liệu,C01,15.50,,THPTQG,2018,ngành mớiCơ sở Hà Nội,daniele15,
DKK,7480102,Mạng máy tính và Truyền thông dữ liệu,D01,15.50,,THPTQG,2018,ngành mớiCơ sở Hà Nội,daniele15,
DKK,7480201,Công nghệ thông tin,A00,18.50,,THPTQG,2018,Cơ sở Hà Nội,daniele15,
DKK,7480201,Công nghệ thông tin,A01,18.50,,THPTQG,2018,Cơ sở Hà Nội,daniele15,
DKK,7480201,Công nghệ thông tin,C01,18.50,,THPTQG,2018,Cơ sở Hà Nội,daniele15,
DKK,7480201,Công nghệ thông tin,D01,18.50,,THPTQG,2018,Cơ sở Hà Nội,daniele15,
DKK,7480201,Công nghệ thông tin,A00,14.00,,THPTQG,2018,Cơ sở Nam Định,daniele15,
DKK,7480201,Công nghệ thông tin,A01,14.00,,THPTQG,2018,Cơ sở Nam Định,daniele15,
DKK,7480201,Công nghệ thông tin,C01,14.00,,THPTQG,2018,Cơ sở Nam Định,daniele15,
DKK,7480201,Công nghệ thông tin,D01,14.00,,THPTQG,2018,Cơ sở Nam Định,daniele15,
DKK,7510201,Công nghệ kỹ thuật cơ khí,A00,17.25,,THPTQG,2018,Cơ sở Hà Nội,daniele15,
DKK,7510201,Công nghệ kỹ thuật cơ khí,A01,17.25,,THPTQG,2018,Cơ sở Hà Nội,daniele15,
DKK,7510201,Công nghệ kỹ thuật cơ khí,C01,17.25,,THPTQG,2018,Cơ sở Hà Nội,daniele15,
DKK,7510201,Công nghệ kỹ thuật cơ khí,D01,17.25,,THPTQG,2018,Cơ sở Hà Nội,daniele15,
DKK,7510201,Công nghệ kỹ thuật cơ khí,A00,14.00,,THPTQG,2018,Cơ sở Nam Định,daniele15,
DKK,7510201,Công nghệ kỹ thuật cơ khí,A01,14.00,,THPTQG,2018,Cơ sở Nam Định,daniele15,
DKK,7510201,Công nghệ kỹ thuật cơ khí,C01,14.00,,THPTQG,2018,Cơ sở Nam Định,daniele15,
DKK,7510201,Công nghệ kỹ thuật cơ khí,D01,14.00,,THPTQG,2018,Cơ sở Nam Định,daniele15,
DKK,7510203,Công nghệ kỹ thuật cơ điện tử,A00,15.75,,THPTQG,2018,Ngành mớiCơ sở Hà Nội,daniele15,
DKK,7510203,Công nghệ kỹ thuật cơ điện tử,A01,15.75,,THPTQG,2018,Ngành mớiCơ sở Hà Nội,daniele15,
DKK,7510203,Công nghệ kỹ thuật cơ điện tử,C01,15.75,,THPTQG,2018,Ngành mớiCơ sở Hà Nội,daniele15,
DKK,7510203,Công nghệ kỹ thuật cơ điện tử,D01,15.75,,THPTQG,2018,Ngành mớiCơ sở Hà Nội,daniele15,
DKK,7510301,"Công nghệ kỹ thuật điện, điện tử",A00,17.75,,THPTQG,2018,Cơ sở Hà Nội,daniele15,
DKK,7510301,"Công nghệ kỹ thuật điện, điện tử",A01,17.75,,THPTQG,2018,Cơ sở Hà Nội,daniele15,
DKK,7510301,"Công nghệ kỹ thuật điện, điện tử",C01,17.75,,THPTQG,2018,Cơ sở Hà Nội,daniele15,
DKK,7510301,"Công nghệ kỹ thuật điện, điện tử",D01,17.75,,THPTQG,2018,Cơ sở Hà Nội,daniele15,
DKK,7510301,"Công nghệ kỹ thuật điện, điện tử",A00,14.00,,THPTQG,2018,Cơ sở Nam Định,daniele15,
DKK,7510301,"Công nghệ kỹ thuật điện, điện tử",A01,14.00,,THPTQG,2018,Cơ sở Nam Định,daniele15,
DKK,7510301,"Công nghệ kỹ thuật điện, điện tử",C01,14.00,,THPTQG,2018,Cơ sở Nam Định,daniele15,
DKK,7510301,"Công nghệ kỹ thuật điện, điện tử",D01,14.00,,THPTQG,2018,Cơ sở Nam Định,daniele15,
DKK,7510302,Công nghệ kỹ thuật điện tử - viễn thông,A00,16.25,,THPTQG,2018,Cơ sở Hà Nội,daniele15,
DKK,7510302,Công nghệ kỹ thuật điện tử - viễn thông,A01,16.25,,THPTQG,2018,Cơ sở Hà Nội,daniele15,
DKK,7510302,Công nghệ kỹ thuật điện tử - viễn thông,C01,16.25,,THPTQG,2018,Cơ sở Hà Nội,daniele15,
DKK,7510302,Công nghệ kỹ thuật điện tử - viễn thông,D01,16.25,,THPTQG,2018,Cơ sở Hà Nội,daniele15,
DKK,7510302,Công nghệ kỹ thuật điện tử - viễn thông,A00,14.00,,THPTQG,2018,Cơ sở Nam Định,daniele15,
DKK,7510302,Công nghệ kỹ thuật điện tử - viễn thông,A01,14.00,,THPTQG,2018,Cơ sở Nam Định,daniele15,
DKK,7510302,Công nghệ kỹ thuật điện tử - viễn thông,C01,14.00,,THPTQG,2018,Cơ sở Nam Định,daniele15,
DKK,7510302,Công nghệ kỹ thuật điện tử - viễn thông,D01,14.00,,THPTQG,2018,Cơ sở Nam Định,daniele15,
DKK,7510303,Công nghệ kỹ thuật điều khiển và tự động hóa,A00,18.00,,THPTQG,2018,Cơ sở Hà Nội,daniele15,
DKK,7510303,Công nghệ kỹ thuật điều khiển và tự động hóa,A01,18.00,,THPTQG,2018,Cơ sở Hà Nội,daniele15,
DKK,7510303,Công nghệ kỹ thuật điều khiển và tự động hóa,C01,18.00,,THPTQG,2018,Cơ sở Hà Nội,daniele15,
DKK,7510303,Công nghệ kỹ thuật điều khiển và tự động hóa,D01,18.00,,THPTQG,2018,Cơ sở Hà Nội,daniele15,
DKK,7510303,Công nghệ kỹ thuật điều khiển và tự động hóa,A00,14.00,,THPTQG,2018,Cơ sở Nam Định,daniele15,
DKK,7510303,Công nghệ kỹ thuật điều khiển và tự động hóa,A01,14.00,,THPTQG,2018,Cơ sở Nam Định,daniele15,
DKK,7510303,Công nghệ kỹ thuật điều khiển và tự động hóa,C01,14.00,,THPTQG,2018,Cơ sở Nam Định,daniele15,
DKK,7510303,Công nghệ kỹ thuật điều khiển và tự động hóa,D01,14.00,,THPTQG,2018,Cơ sở Nam Định,daniele15,
DKK,7540101,Công nghệ thực phẩm,A00,16.50,,THPTQG,2018,Cơ sở Hà Nội,daniele15,
DKK,7540101,Công nghệ thực phẩm,A01,16.50,,THPTQG,2018,Cơ sở Hà Nội,daniele15,
DKK,7540101,Công nghệ thực phẩm,B00,16.50,,THPTQG,2018,Cơ sở Hà Nội,daniele15,
DKK,7540101,Công nghệ thực phẩm,D01,16.50,,THPTQG,2018,Cơ sở Hà Nội,daniele15,
DKK,7540101,Công nghệ thực phẩm,A00,14.00,,THPTQG,2018,Cơ sở Nam Định,daniele15,
DKK,7540101,Công nghệ thực phẩm,A01,14.00,,THPTQG,2018,Cơ sở Nam Định,daniele15,
DKK,7540101,Công nghệ thực phẩm,B00,14.00,,THPTQG,2018,Cơ sở Nam Định,daniele15,
DKK,7540101,Công nghệ thực phẩm,D01,14.00,,THPTQG,2018,Cơ sở Nam Định,daniele15,
DKK,7540202,"Công nghệ sợi, dệt",A00,15.00,,THPTQG,2018,Cơ sở Hà Nội,daniele15,
DKK,7540202,"Công nghệ sợi, dệt",A01,15.00,,THPTQG,2018,Cơ sở Hà Nội,daniele15,
DKK,7540202,"Công nghệ sợi, dệt",C01,15.00,,THPTQG,2018,Cơ sở Hà Nội,daniele15,
DKK,7540202,"Công nghệ sợi, dệt",D01,15.00,,THPTQG,2018,Cơ sở Hà Nội,daniele15,
DKK,7540202,"Công nghệ sợi, dệt",A00,14.00,,THPTQG,2018,Cơ sở Nam Định,daniele15,
DKK,7540202,"Công nghệ sợi, dệt",A01,14.00,,THPTQG,2018,Cơ sở Nam Định,daniele15,
DKK,7540202,"Công nghệ sợi, dệt",C01,14.00,,THPTQG,2018,Cơ sở Nam Định,daniele15,
DKK,7540202,"Công nghệ sợi, dệt",D01,14.00,,THPTQG,2018,Cơ sở Nam Định,daniele15,
DKK,7540204,"Công nghệ dệt, may",A00,18.50,,THPTQG,2018,Cơ sở Hà Nội,daniele15,
DKK,7540204,"Công nghệ dệt, may",A01,18.50,,THPTQG,2018,Cơ sở Hà Nội,daniele15,
DKK,7540204,"Công nghệ dệt, may",C01,18.50,,THPTQG,2018,Cơ sở Hà Nội,daniele15,
DKK,7540204,"Công nghệ dệt, may",D01,18.50,,THPTQG,2018,Cơ sở Hà Nội,daniele15,
DKK,7540204,"Công nghệ dệt, may",A00,16.00,,THPTQG,2018,Cơ sở Nam Định,daniele15,
DKK,7540204,"Công nghệ dệt, may",A01,16.00,,THPTQG,2018,Cơ sở Nam Định,daniele15,
DKK,7540204,"Công nghệ dệt, may",C01,16.00,,THPTQG,2018,Cơ sở Nam Định,daniele15,
DKK,7540204,"Công nghệ dệt, may",D01,16.00,,THPTQG,2018,Cơ sở Nam Định,daniele15,
DKQ,7340101,Quản trị kinh doanh,A00,14.00,,THPTQG,2018,Cơ sở tại Quảng Ngãi,daniele15,
DKQ,7340101,Quản trị kinh doanh,A01,14.00,,THPTQG,2018,Cơ sở tại Quảng Ngãi,daniele15,
DKQ,7340101,Quản trị kinh doanh,A16,14.00,,THPTQG,2018,Cơ sở tại Quảng Ngãi,daniele15,
DKQ,7340101,Quản trị kinh doanh,D01,14.00,,THPTQG,2018,Cơ sở tại Quảng Ngãi,daniele15,
DKQ,7340120,Kinh doanh quốc tế,A00,14.00,,THPTQG,2018,Cơ sở tại Quảng Ngãi,daniele15,
DKQ,7340120,Kinh doanh quốc tế,A01,14.00,,THPTQG,2018,Cơ sở tại Quảng Ngãi,daniele15,
DKQ,7340120,Kinh doanh quốc tế,A16,14.00,,THPTQG,2018,Cơ sở tại Quảng Ngãi,daniele15,
DKQ,7340120,Kinh doanh quốc tế,D01,14.00,,THPTQG,2018,Cơ sở tại Quảng Ngãi,daniele15,
DKQ,7340120H,Kinh doanh quốc tế,A00,13.00,,THPTQG,2018,Phân hiệu tại Thừa Thiền Huế,daniele15,
DKQ,7340120H,Kinh doanh quốc tế,A01,13.00,,THPTQG,2018,Phân hiệu tại Thừa Thiền Huế,daniele15,
DKQ,7340120H,Kinh doanh quốc tế,A16,13.00,,THPTQG,2018,Phân hiệu tại Thừa Thiền Huế,daniele15,
DKQ,7340120H,Kinh doanh quốc tế,D01,13.00,,THPTQG,2018,Phân hiệu tại Thừa Thiền Huế,daniele15,
DKQ,7340201,Tài chính - Ngân hàng,A00,14.00,,THPTQG,2018,Cơ sở tại Quảng Ngãi,daniele15,
DKQ,7340201,Tài chính - Ngân hàng,A01,14.00,,THPTQG,2018,Cơ sở tại Quảng Ngãi,daniele15,
DKQ,7340201,Tài chính - Ngân hàng,A16,14.00,,THPTQG,2018,Cơ sở tại Quảng Ngãi,daniele15,
DKQ,7340201,Tài chính - Ngân hàng,D01,14.00,,THPTQG,2018,Cơ sở tại Quảng Ngãi,daniele15,
DKQ,7340201H,Tài chính - Ngân hàng,A00,13.00,,THPTQG,2018,Phân hiệu tại Thừa Thiền Huế,daniele15,
DKQ,7340201H,Tài chính - Ngân hàng,A01,13.00,,THPTQG,2018,Phân hiệu tại Thừa Thiền Huế,daniele15,
DKQ,7340201H,Tài chính - Ngân hàng,A16,13.00,,THPTQG,2018,Phân hiệu tại Thừa Thiền Huế,daniele15,
DKQ,7340201H,Tài chính - Ngân hàng,D01,13.00,,THPTQG,2018,Phân hiệu tại Thừa Thiền Huế,daniele15,
DKQ,7340301,Kế toán,A00,14.00,,THPTQG,2018,Cơ sở tại Quảng Ngãi,daniele15,
DKQ,7340301,Kế toán,A01,14.00,,THPTQG,2018,Cơ sở tại Quảng Ngãi,daniele15,
DKQ,7340301,Kế toán,A16,14.00,,THPTQG,2018,Cơ sở tại Quảng Ngãi,daniele15,
DKQ,7340301,Kế toán,D01,14.00,,THPTQG,2018,Cơ sở tại Quảng Ngãi,daniele15,
DKQ,7340301H,Kế toán,A00,13.00,,THPTQG,2018,Phân hiệu tại Thừa Thiền Huế,daniele15,
DKQ,7340301H,Kế toán,A01,13.00,,THPTQG,2018,Phân hiệu tại Thừa Thiền Huế,daniele15,
DKQ,7340301H,Kế toán,A16,13.00,,THPTQG,2018,Phân hiệu tại Thừa Thiền Huế,daniele15,
DKQ,7340301H,Kế toán,D01,13.00,,THPTQG,2018,Phân hiệu tại Thừa Thiền Huế,daniele15,
DKQ,7340302,Khoa học máy tính,A00,14.00,,THPTQG,2018,Cơ sở tại Quảng Ngãi,daniele15,
DKQ,7340302,Khoa học máy tính,A01,14.00,,THPTQG,2018,Cơ sở tại Quảng Ngãi,daniele15,
DKQ,7340302,Khoa học máy tính,A16,14.00,,THPTQG,2018,Cơ sở tại Quảng Ngãi,daniele15,
DKQ,7340302,Khoa học máy tính,D01,14.00,,THPTQG,2018,Cơ sở tại Quảng Ngãi,daniele15,
DKQ,7380107,Luật,A00,14.00,,THPTQG,2018,Luật kinh tếCơ sở tại Quảng Ngãi,daniele15,
DKQ,7380107,Luật,C00,14.00,,THPTQG,2018,Luật kinh tếCơ sở tại Quảng Ngãi,daniele15,
DKQ,7380107,Luật,C15,14.00,,THPTQG,2018,Luật kinh tếCơ sở tại Quảng Ngãi,daniele15,
DKQ,7380107,Luật,D01,14.00,,THPTQG,2018,Luật kinh tếCơ sở tại Quảng Ngãi,daniele15,
DKQ,7380107H,Luật,A00,13.00,,THPTQG,2018,Luật kinh tếPhân hiệu tại Thừa Thiền Huế,daniele15,
DKQ,7380107H,Luật,C00,13.00,,THPTQG,2018,Luật kinh tếPhân hiệu tại Thừa Thiền Huế,daniele15,
DKQ,7380107H,Luật,C15,13.00,,THPTQG,2018,Luật kinh tếPhân hiệu tại Thừa Thiền Huế,daniele15,
DKQ,7380107H,Luật,D01,13.00,,THPTQG,2018,Luật kinh tếPhân hiệu tại Thừa Thiền Huế,daniele15,
DKS,51140201,Giáo dục Mầm non,,15.00,,THPTQG,2018,,daniele15,
DKS,51140202,Giáo dục Tiểu học,A00,15.00,,THPTQG,2018,,daniele15,
DKS,51140202,Giáo dục Tiểu học,C01,15.00,,THPTQG,2018,,daniele15,
DKS,51140202,Giáo dục Tiểu học,C02,15.00,,THPTQG,2018,,daniele15,
DKS,51140202,Giáo dục Tiểu học,D01,15.00,,THPTQG,2018,,daniele15,
DKS,7140201,Giáo dục Mầm non,,17.00,,THPTQG,2018,,daniele15,
DKS,7140202,Giáo dục Tiểu học,A00,17.00,,THPTQG,2018,,daniele15,
DKS,7140202,Giáo dục Tiểu học,C01,17.00,,THPTQG,2018,,daniele15,
DKS,7140202,Giáo dục Tiểu học,C02,17.00,,THPTQG,2018,,daniele15,
DKS,7140202,Giáo dục Tiểu học,D01,17.00,,THPTQG,2018,,daniele15,
DKS,7140205,Giáo dục Chính trị,A00,17.00,,THPTQG,2018,,daniele15,
DKS,7140205,Giáo dục Chính trị,B00,17.00,,THPTQG,2018,,daniele15,
DKS,7140205,Giáo dục Chính trị,C14,17.00,,THPTQG,2018,,daniele15,
DKS,7140205,Giáo dục Chính trị,C15,17.00,,THPTQG,2018,,daniele15,
DKS,7140206,Giáo dục Thể chất,T00,22.00,,HocBa,2018,"Điểm chuẩn học bạ 22,0",daniele15,
DKS,7140209,Sư phạm Toán học,A00,17.00,,THPTQG,2018,,daniele15,
DKS,7140209,Sư phạm Toán học,A01,17.00,,THPTQG,2018,,daniele15,
DKS,7140209,Sư phạm Toán học,C01,17.00,,THPTQG,2018,,daniele15,
DKS,7140209,Sư phạm Toán học,D01,17.00,,THPTQG,2018,,daniele15,
DKS,7140211,Sư phạm Vật lý,A00,22.00,,THPTQG,2018,,daniele15,
DKS,7140211,Sư phạm Vật lý,A01,22.00,,THPTQG,2018,,daniele15,
DKS,7140211,Sư phạm Vật lý,C01,22.00,,THPTQG,2018,,daniele15,
DKS,7140211,Sư phạm Vật lý,D01,22.00,,THPTQG,2018,,daniele15,
DKS,7140212,Sư phạm Hóa học,A00,22.00,,THPTQG,2018,,daniele15,
DKS,7140212,Sư phạm Hóa học,B00,22.00,,THPTQG,2018,,daniele15,
DKS,7140212,Sư phạm Hóa học,C02,22.00,,THPTQG,2018,,daniele15,
DKS,7140212,Sư phạm Hóa học,D01,22.00,,THPTQG,2018,,daniele15,
DKS,7140217,Sư phạm Ngữ văn,C00,17.00,,THPTQG,2018,,daniele15,
DKS,7140217,Sư phạm Ngữ văn,D01,17.00,,THPTQG,2018,,daniele15,
DKS,7140217,Sư phạm Ngữ văn,D14,17.00,,THPTQG,2018,,daniele15,
DKS,7140217,Sư phạm Ngữ văn,D15,17.00,,THPTQG,2018,,daniele15,
DKS,7140219,Sư phạm Địa lý,A00,17.00,,THPTQG,2018,,daniele15,
DKS,7140219,Sư phạm Địa lý,B00,17.00,,THPTQG,2018,,daniele15,
DKS,7140219,Sư phạm Địa lý,C00,17.00,,THPTQG,2018,,daniele15,
DKS,7140219,Sư phạm Địa lý,D01,17.00,,THPTQG,2018,,daniele15,
DKS,7140231,Sư phạm Tiếng Anh,A01,20.00,,THPTQG,2018,,daniele15,
DKS,7140231,Sư phạm Tiếng Anh,D01,20.00,,THPTQG,2018,,daniele15,
DKS,7140231,Sư phạm Tiếng Anh,D14,20.00,,THPTQG,2018,,daniele15,
DKS,7220201,Ngôn ngữ Anh,A01,18.50,,THPTQG,2018,,daniele15,
DKS,7220201,Ngôn ngữ Anh,D01,18.50,,THPTQG,2018,,daniele15,
DKS,7220201,Ngôn ngữ Anh,D14,18.50,,THPTQG,2018,,daniele15,
DKS,7220204,Ngôn ngữ Trung Quốc,,18.50,,THPTQG,2018,,daniele15,
DKS,7229030,Văn học,C00,14.00,,HocBa,2018,"Điểm chuẩn học bạ 18,0",daniele15,
DKS,7229030,Văn học,D01,14.00,,HocBa,2018,"Điểm chuẩn học bạ 18,0",daniele15,
DKS,7229030,Văn học,D14,14.00,,HocBa,2018,"Điểm chuẩn học bạ 18,0",daniele15,
DKS,7229030,Văn học,D15,14.00,,HocBa,2018,"Điểm chuẩn học bạ 18,0",daniele15,
DKS,7310101,Kinh tế,A00,14.00,,HocBa,2018,"Điểm chuẩn học bạ 18,0",daniele15,
DKS,7310101,Kinh tế,A01,14.00,,HocBa,2018,"Điểm chuẩn học bạ 18,0",daniele15,
DKS,7310101,Kinh tế,C01,14.00,,HocBa,2018,"Điểm chuẩn học bạ 18,0",daniele15,
DKS,7310101,Kinh tế,D01,14.00,,HocBa,2018,"Điểm chuẩn học bạ 18,0",daniele15,
DKS,7310630,Việt Nam học,C00,15.00,,HocBa,2018,"Điểm chuẩn học bạ 19,0",daniele15,
DKS,7310630,Việt Nam học,D01,15.00,,HocBa,2018,"Điểm chuẩn học bạ 19,0",daniele15,
DKS,7310630,Việt Nam học,D14,15.00,,HocBa,2018,"Điểm chuẩn học bạ 19,0",daniele15,
DKS,7310630,Việt Nam học,D15,15.00,,HocBa,2018,"Điểm chuẩn học bạ 19,0",daniele15,
DKS,7340101,Quản trị kinh doanh,A00,14.00,,HocBa,2018,"Điểm chuẩn học bạ 18,0",daniele15,
DKS,7340101,Quản trị kinh doanh,A01,14.00,,HocBa,2018,"Điểm chuẩn học bạ 18,0",daniele15,
DKS,7340101,Quản trị kinh doanh,C01,14.00,,HocBa,2018,"Điểm chuẩn học bạ 18,0",daniele15,
DKS,7340101,Quản trị kinh doanh,D01,14.00,,HocBa,2018,"Điểm chuẩn học bạ 18,0",daniele15,
DKS,7340201,Tài chính - Ngân hàng,A00,14.00,,HocBa,2018,"Điểm chuẩn học bạ 18,0",daniele15,
DKS,7340201,Tài chính - Ngân hàng,A01,14.00,,HocBa,2018,"Điểm chuẩn học bạ 18,0",daniele15,
DKS,7340201,Tài chính - Ngân hàng,C01,14.00,,HocBa,2018,"Điểm chuẩn học bạ 18,0",daniele15,
DKS,7340201,Tài chính - Ngân hàng,D01,14.00,,HocBa,2018,"Điểm chuẩn học bạ 18,0",daniele15,
DKS,7340301,Kế toán,A00,14.00,,HocBa,2018,"Điểm chuẩn học bạ 18,0",daniele15,
DKS,7340301,Kế toán,A01,14.00,,HocBa,2018,"Điểm chuẩn học bạ 18,0",daniele15,
DKS,7340301,Kế toán,C01,14.00,,HocBa,2018,"Điểm chuẩn học bạ 18,0",daniele15,
DKS,7340301,Kế toán,D01,14.00,,HocBa,2018,"Điểm chuẩn học bạ 18,0",daniele15,
DKS,7380101,Luật,A01,26.75,,THPTQG,2018,Luật - Thí sinh Nữ phía BắcĐiểm chuẩn trúng tuyển của Thí sinh Miền Bắc,daniele15,
DKS,7380101,Luật,A01,25.50,,THPTQG,2018,Luật - Thí sinh Nam phía NamĐiểm chuẩn trúng tuyển của Thí sinh Miền Bắc,daniele15,
DKS,7380101,Luật,A01,24.42,,THPTQG,2018,Luật - Thí sinh Nữ phía NamĐiểm chuẩn trúng tuyển của Thí sinh Miền Nam,daniele15,
DKS,7380101,Luật,A01,23.00,,THPTQG,2018,Luật - Thí sinh Nam phía NamĐiểm chuẩn trúng tuyển của Thí sinh Miền Nam,daniele15,
DKS,7380101,Luật,A01,22.40,,THPTQG,2018,Luật - Thí sinh Nữ phía BắcĐiểm chuẩn trúng tuyển của Thí sinh Miền Bắc,daniele15,
DKS,7380101,Luật,A01,20.90,,THPTQG,2018,Luật - Thí sinh Nam phía NamĐiểm chuẩn trúng tuyển của Thí sinh Miền Bắc,daniele15,
DKS,7380101,Luật,A01,20.80,,THPTQG,2018,Luật - Thí sinh Nữ phía NamĐiểm chuẩn trúng tuyển của Thí sinh Miền Nam,daniele15,
DKS,7380101,Luật,A01,20.60,,THPTQG,2018,Luật - Thí sinh Nữ phía BắcĐiểm chuẩn trúng tuyển của Thí sinh Miền Bắc,daniele15,
DKS,7380101,Luật,A01,20.20,,THPTQG,2018,Luật - Thí sinh Nam phía NamĐiểm chuẩn trúng tuyển của Thí sinh Miền Bắc,daniele15,
DKS,7380101,Luật,A01,19.65,,THPTQG,2018,Luật - Thí sinh Nữ phía NamĐiểm chuẩn trúng tuyển của Thí sinh Miền Nam,daniele15,
DKS,7380101,Luật,A01,19.60,,THPTQG,2018,Luật - Thí sinh Nam phía NamĐiểm chuẩn trúng tuyển của Thí sinh Miền Nam,daniele15,
DKS,7380101,Luật,A01,19.30,,THPTQG,2018,Luật - Thí sinh Nam phía NamĐiểm chuẩn trúng tuyển của Thí sinh Miền Bắc,daniele15,
DKS,7380101,Luật,A01,18.80,,THPTQG,2018,Luật - Thí sinh Nam phía NamĐiểm chuẩn trúng tuyển của Thí sinh Miền Nam,daniele15,
DKS,7380101,Luật,A01,18.65,,THPTQG,2018,Luật - Thí sinh Nữ phía NamĐiểm chuẩn trúng tuyển của Thí sinh Miền Nam,daniele15,
DKS,7380101,Luật,A01,17.00,,THPTQG,2018,Luật - Thí sinh Nữ phía BắcĐiểm chuẩn trúng tuyển của Thí sinh Miền Bắc,daniele15,
DKS,7380101,Luật,A01,16.50,,THPTQG,2018,Luật - Thí sinh Nam phía NamĐiểm chuẩn trúng tuyển của Thí sinh Miền Nam,daniele15,
DKS,7420201,Công nghệ sinh học,A00,14.00,,HocBa,2018,"Điểm chuẩn học bạ 18,0",daniele15,
DKS,7420201,Công nghệ sinh học,B00,14.00,,HocBa,2018,"Điểm chuẩn học bạ 18,0",daniele15,
DKS,7420201,Công nghệ sinh học,C02,14.00,,HocBa,2018,"Điểm chuẩn học bạ 18,0",daniele15,
DKS,7420201,Công nghệ sinh học,D01,14.00,,HocBa,2018,"Điểm chuẩn học bạ 18,0",daniele15,
DKS,7480201,Công nghệ thông tin,A00,14.00,,HocBa,2018,"Điểm chuẩn học bạ 18,0",daniele15,
DKS,7480201,Công nghệ thông tin,A01,14.00,,HocBa,2018,"Điểm chuẩn học bạ 18,0",daniele15,
DKS,7480201,Công nghệ thông tin,C01,14.00,,HocBa,2018,"Điểm chuẩn học bạ 18,0",daniele15,
DKS,7480201,Công nghệ thông tin,D01,14.00,,HocBa,2018,"Điểm chuẩn học bạ 18,0",daniele15,
DKS,7510103,Công nghệ kỹ thuật xây dựng,A00,14.00,,HocBa,2018,"Điểm chuẩn học bạ 18,0",daniele15,
DKS,7510103,Công nghệ kỹ thuật xây dựng,A01,14.00,,HocBa,2018,"Điểm chuẩn học bạ 18,0",daniele15,
DKS,7510103,Công nghệ kỹ thuật xây dựng,C01,14.00,,HocBa,2018,"Điểm chuẩn học bạ 18,0",daniele15,
DKS,7510103,Công nghệ kỹ thuật xây dựng,D01,14.00,,HocBa,2018,"Điểm chuẩn học bạ 18,0",daniele15,
DKS,7510202,Công nghệ chế tạo máy,A00,14.00,,HocBa,2018,"Điểm chuẩn học bạ 18,0",daniele15,
DKS,7510202,Công nghệ chế tạo máy,A01,14.00,,HocBa,2018,"Điểm chuẩn học bạ 18,0",daniele15,
DKS,7510202,Công nghệ chế tạo máy,C01,14.00,,HocBa,2018,"Điểm chuẩn học bạ 18,0",daniele15,
DKS,7510202,Công nghệ chế tạo máy,D01,14.00,,HocBa,2018,"Điểm chuẩn học bạ 18,0",daniele15,
DKS,7510203,Công nghệ kỹ thuật cơ điện tử,A00,14.00,,HocBa,2018,"Điểm chuẩn học bạ 18,0",daniele15,
DKS,7510203,Công nghệ kỹ thuật cơ điện tử,A01,14.00,,HocBa,2018,"Điểm chuẩn học bạ 18,0",daniele15,
DKS,7510203,Công nghệ kỹ thuật cơ điện tử,C01,14.00,,HocBa,2018,"Điểm chuẩn học bạ 18,0",daniele15,
DKS,7510203,Công nghệ kỹ thuật cơ điện tử,D01,14.00,,HocBa,2018,"Điểm chuẩn học bạ 18,0",daniele15,
DKS,7510301,"Công nghệ kỹ thuật điện, điện tử",A00,14.00,,HocBa,2018,"Điểm chuẩn học bạ 18,0",daniele15,
DKS,7510301,"Công nghệ kỹ thuật điện, điện tử",A01,14.00,,HocBa,2018,"Điểm chuẩn học bạ 18,0",daniele15,
DKS,7510301,"Công nghệ kỹ thuật điện, điện tử",C01,14.00,,HocBa,2018,"Điểm chuẩn học bạ 18,0",daniele15,
DKS,7510301,"Công nghệ kỹ thuật điện, điện tử",D01,14.00,,HocBa,2018,"Điểm chuẩn học bạ 18,0",daniele15,
DKS,7510303,Công nghệ kỹ thuật điều khiển và tự động hóa,A00,14.00,,HocBa,2018,"Điểm chuẩn học bạ 18,0",daniele15,
DKS,7510303,Công nghệ kỹ thuật điều khiển và tự động hóa,A01,14.00,,HocBa,2018,"Điểm chuẩn học bạ 18,0",daniele15,
DKS,7510303,Công nghệ kỹ thuật điều khiển và tự động hóa,C01,14.00,,HocBa,2018,"Điểm chuẩn học bạ 18,0",daniele15,
DKS,7510303,Công nghệ kỹ thuật điều khiển và tự động hóa,D01,14.00,,HocBa,2018,"Điểm chuẩn học bạ 18,0",daniele15,
DKS,7580101,Kiến trúc,V00,18.00,,HocBa,2018,Điểm chuẩn học bạ 20.5,daniele15,
DKS,7580101,Kiến trúc,V01,18.00,,HocBa,2018,Điểm chuẩn học bạ 20.5,daniele15,
DKS,7580101,Kiến trúc,V02,18.00,,HocBa,2018,Điểm chuẩn học bạ 20.5,daniele15,
DKS,7620110,Khoa học cây trồng,A00,22.00,,HocBa,2018,"Điểm chuẩn học bạ 18,0",daniele15,
DKS,7620110,Khoa học cây trồng,B00,22.00,,HocBa,2018,"Điểm chuẩn học bạ 18,0",daniele15,
DKS,7620110,Khoa học cây trồng,C02,22.00,,HocBa,2018,"Điểm chuẩn học bạ 18,0",daniele15,
DKS,7620110,Khoa học cây trồng,D01,22.00,,HocBa,2018,"Điểm chuẩn học bạ 18,0",daniele15,
DKS,7760101,Công tác xã hội,C00,14.00,,HocBa,2018,"Điểm chuẩn học bạ 18,0",daniele15,
DKS,7760101,Công tác xã hội,C01,14.00,,HocBa,2018,"Điểm chuẩn học bạ 18,0",daniele15,
DKS,7760101,Công tác xã hội,C02,14.00,,HocBa,2018,"Điểm chuẩn học bạ 18,0",daniele15,
DKS,7760101,Công tác xã hội,D01,14.00,,HocBa,2018,"Điểm chuẩn học bạ 18,0",daniele15,
DKT,7220201,Ngôn ngữ Anh,D01,13.20,,HocBa,2018,Điểm chuẩn học bạ lấy 16.5 điểm,daniele15,
DKT,7310101,Kinh tế,A00,14.40,,HocBa,2018,Điểm chuẩn học bạ lấy 16.5 điểm,daniele15,
DKT,7310101,Kinh tế,A01,14.40,,HocBa,2018,Điểm chuẩn học bạ lấy 16.5 điểm,daniele15,
DKT,7310101,Kinh tế,D01,14.40,,HocBa,2018,Điểm chuẩn học bạ lấy 16.5 điểm,daniele15,
DKT,7310201,Chính trị học,A01,13.50,,HocBa,2018,Điểm chuẩn học bạ lấy 16.5 điểm,daniele15,
DKT,7310201,Chính trị học,C00,13.50,,HocBa,2018,Điểm chuẩn học bạ lấy 16.5 điểm,daniele15,
DKT,7310201,Chính trị học,C19,13.50,,HocBa,2018,Điểm chuẩn học bạ lấy 16.5 điểm,daniele15,
DKT,7310201,Chính trị học,D01,13.50,,HocBa,2018,Điểm chuẩn học bạ lấy 16.5 điểm,daniele15,
DKT,7340101,Quản trị kinh doanh,A00,13.00,,HocBa,2018,Điểm chuẩn học bạ lấy 16.5 điểm,daniele15,
DKT,7340101,Quản trị kinh doanh,A01,13.00,,HocBa,2018,Điểm chuẩn học bạ lấy 16.5 điểm,daniele15,
DKT,7340101,Quản trị kinh doanh,D01,13.00,,HocBa,2018,Điểm chuẩn học bạ lấy 16.5 điểm,daniele15,
DKT,7340201,Tài chính - Ngân hàng,A00,13.00,,HocBa,2018,Điểm chuẩn học bạ lấy 16.5 điểm,daniele15,
DKT,7340201,Tài chính - Ngân hàng,A01,13.00,,HocBa,2018,Điểm chuẩn học bạ lấy 16.5 điểm,daniele15,
DKT,7340201,Tài chính - Ngân hàng,D01,13.00,,HocBa,2018,Điểm chuẩn học bạ lấy 16.5 điểm,daniele15,
DKT,7340301,Kế toán,A00,13.00,,HocBa,2018,Điểm chuẩn học bạ lấy 16.5 điểm,daniele15,
DKT,7340301,Kế toán,A01,13.00,,HocBa,2018,Điểm chuẩn học bạ lấy 16.5 điểm,daniele15,
DKT,7340301,Kế toán,D01,13.00,,HocBa,2018,Điểm chuẩn học bạ lấy 16.5 điểm,daniele15,
DKT,7340406,Quản trị văn phòng,A00,13.00,,HocBa,2018,Điểm chuẩn học bạ lấy 16.5 điểm,daniele15,
DKT,7340406,Quản trị văn phòng,A01,13.00,,HocBa,2018,Điểm chuẩn học bạ lấy 16.5 điểm,daniele15,
DKT,7340406,Quản trị văn phòng,C00,13.00,,HocBa,2018,Điểm chuẩn học bạ lấy 16.5 điểm,daniele15,
DKT,7340406,Quản trị văn phòng,D01,13.00,,HocBa,2018,Điểm chuẩn học bạ lấy 16.5 điểm,daniele15,
DKT,7480201,Công nghệ thông tin,A00,13.00,,HocBa,2018,Điểm chuẩn học bạ lấy 16.5 điểm,daniele15,
DKT,7480201,Công nghệ thông tin,A01,13.00,,HocBa,2018,Điểm chuẩn học bạ lấy 16.5 điểm,daniele15,
DKT,7480201,Công nghệ thông tin,D01,13.00,,HocBa,2018,Điểm chuẩn học bạ lấy 16.5 điểm,daniele15,
DKT,7520201,Kỹ thuật điện,A00,13.00,,HocBa,2018,Điểm chuẩn học bạ lấy 16.5 điểm,daniele15,
DKT,7520201,Kỹ thuật điện,A01,13.00,,HocBa,2018,Điểm chuẩn học bạ lấy 16.5 điểm,daniele15,
DKT,7620105,Chăn nuôi,A00,13.50,,HocBa,2018,Điểm chuẩn học bạ lấy 16.5 điểm,daniele15,
DKT,7620105,Chăn nuôi,A01,13.50,,HocBa,2018,Điểm chuẩn học bạ lấy 16.5 điểm,daniele15,
DKT,7620105,Chăn nuôi,B00,13.50,,HocBa,2018,Điểm chuẩn học bạ lấy 16.5 điểm,daniele15,
DKT,7620116,Phát triển nông thôn,A00,14.00,,HocBa,2018,Điểm chuẩn học bạ lấy 16.5 điểm,daniele15,
DKT,7620116,Phát triển nông thôn,A01,14.00,,HocBa,2018,Điểm chuẩn học bạ lấy 16.5 điểm,daniele15,
DKT,7620116,Phát triển nông thôn,B00,14.00,,HocBa,2018,Điểm chuẩn học bạ lấy 16.5 điểm,daniele15,
DKT,7810103,Quản trị du lịch và lữ hành,A00,13.00,,HocBa,2018,Điểm chuẩn học bạ lấy 16.5 điểm,daniele15,
DKT,7810103,Quản trị du lịch và lữ hành,A01,13.00,,HocBa,2018,Điểm chuẩn học bạ lấy 16.5 điểm,daniele15,
DKT,7810103,Quản trị du lịch và lữ hành,C00,13.00,,HocBa,2018,Điểm chuẩn học bạ lấy 16.5 điểm,daniele15,
DKT,7810103,Quản trị du lịch và lữ hành,D01,13.00,,HocBa,2018,Điểm chuẩn học bạ lấy 16.5 điểm,daniele15,
DLH,7220201,Ngôn ngữ Anh,A01,14.00,,THPTQG,2018,,daniele15,
DLH,7220201,Ngôn ngữ Anh,D01,14.00,,THPTQG,2018,,daniele15,
DLH,7220201,Ngôn ngữ Anh,D09,14.00,,THPTQG,2018,,daniele15,
DLH,7220201,Ngôn ngữ Anh,D10,14.00,,THPTQG,2018,,daniele15,
DLH,7220204,Ngôn ngữ Trung Quốc,D01,14.00,,THPTQG,2018,,daniele15,
DLH,7220204,Ngôn ngữ Trung Quốc,D09,14.00,,THPTQG,2018,,daniele15,
DLH,7220204,Ngôn ngữ Trung Quốc,D10,14.00,,THPTQG,2018,,daniele15,
DLH,7220204,Ngôn ngữ Trung Quốc,D15,14.00,,THPTQG,2018,,daniele15,
DLH,7310101,Kinh tế,A00,14.00,,THPTQG,2018,,daniele15,
DLH,7310101,Kinh tế,A01,14.00,,THPTQG,2018,,daniele15,
DLH,7310101,Kinh tế,C01,14.00,,THPTQG,2018,,daniele15,
DLH,7310101,Kinh tế,D01,14.00,,THPTQG,2018,,daniele15,
DLH,7310608,Đông phương học,C00,14.00,,THPTQG,2018,,daniele15,
DLH,7310608,Đông phương học,C03,14.00,,THPTQG,2018,,daniele15,
DLH,7310608,Đông phương học,C04,14.00,,THPTQG,2018,,daniele15,
DLH,7310608,Đông phương học,D01,14.00,,THPTQG,2018,,daniele15,
DLH,7310630,Việt Nam học,C00,14.00,,THPTQG,2018,,daniele15,
DLH,7310630,Việt Nam học,C03,14.00,,THPTQG,2018,,daniele15,
DLH,7310630,Việt Nam học,C04,14.00,,THPTQG,2018,,daniele15,
DLH,7310630,Việt Nam học,D01,14.00,,THPTQG,2018,,daniele15,
DLH,7340101,Quản trị kinh doanh,A00,14.00,,THPTQG,2018,,daniele15,
DLH,7340101,Quản trị kinh doanh,A01,14.00,,THPTQG,2018,,daniele15,
DLH,7340101,Quản trị kinh doanh,C01,14.00,,THPTQG,2018,,daniele15,
DLH,7340101,Quản trị kinh doanh,D01,14.00,,THPTQG,2018,,daniele15,
DLH,7340201,Tài chính - Ngân hàng,A00,14.00,,THPTQG,2018,,daniele15,
DLH,7340201,Tài chính - Ngân hàng,A01,14.00,,THPTQG,2018,,daniele15,
DLH,7340201,Tài chính - Ngân hàng,C01,14.00,,THPTQG,2018,,daniele15,
DLH,7340201,Tài chính - Ngân hàng,D01,14.00,,THPTQG,2018,,daniele15,
DLH,7340301,Kế toán,A00,14.00,,THPTQG,2018,,daniele15,
DLH,7340301,Kế toán,A01,14.00,,THPTQG,2018,,daniele15,
DLH,7340301,Kế toán,C01,14.00,,THPTQG,2018,,daniele15,
DLH,7340301,Kế toán,D01,14.00,,THPTQG,2018,,daniele15,
DLH,7380107,Luật,A00,14.00,,THPTQG,2018,Luật kinh tế,daniele15,
DLH,7380107,Luật,A01,14.00,,THPTQG,2018,Luật kinh tế,daniele15,
DLH,7380107,Luật,C00,14.00,,THPTQG,2018,Luật kinh tế,daniele15,
DLH,7380107,Luật,D01,14.00,,THPTQG,2018,Luật kinh tế,daniele15,
DLH,7420201,Công nghệ sinh học,A00,17.00,,THPTQG,2018,,daniele15,
DLH,7420201,Công nghệ sinh học,B00,17.00,,THPTQG,2018,,daniele15,
DLH,7420201,Công nghệ sinh học,C02,17.00,,THPTQG,2018,,daniele15,
DLH,7420201,Công nghệ sinh học,D01,17.00,,THPTQG,2018,,daniele15,
DLH,7440301,Khoa học môi trường,A00,17.00,,THPTQG,2018,,daniele15,
DLH,7440301,Khoa học môi trường,B00,17.00,,THPTQG,2018,,daniele15,
DLH,7440301,Khoa học môi trường,C02,17.00,,THPTQG,2018,,daniele15,
DLH,7440301,Khoa học môi trường,D01,17.00,,THPTQG,2018,,daniele15,
DLH,7480201,Công nghệ thông tin,A00,14.00,,THPTQG,2018,,daniele15,
DLH,7480201,Công nghệ thông tin,A01,14.00,,THPTQG,2018,,daniele15,
DLH,7480201,Công nghệ thông tin,D01,14.00,,THPTQG,2018,,daniele15,
DLH,7480201,Công nghệ thông tin,D07,14.00,,THPTQG,2018,,daniele15,
DLH,7510102,Công nghệ kỹ thuật công trình xây dựng,A00,14.00,,THPTQG,2018,,daniele15,
DLH,7510102,Công nghệ kỹ thuật công trình xây dựng,A01,14.00,,THPTQG,2018,,daniele15,
DLH,7510102,Công nghệ kỹ thuật công trình xây dựng,D01,14.00,,THPTQG,2018,,daniele15,
DLH,7510102,Công nghệ kỹ thuật công trình xây dựng,V00,14.00,,THPTQG,2018,,daniele15,
DLH,7510201,Công nghệ kỹ thuật cơ khí,A00,14.00,,THPTQG,2018,,daniele15,
DLH,7510201,Công nghệ kỹ thuật cơ khí,A01,14.00,,THPTQG,2018,,daniele15,
DLH,7510201,Công nghệ kỹ thuật cơ khí,C01,14.00,,THPTQG,2018,,daniele15,
DLH,7510201,Công nghệ kỹ thuật cơ khí,D01,14.00,,THPTQG,2018,,daniele15,
DLH,7510205,Công nghệ kỹ thuật ô tô,A00,15.00,,THPTQG,2018,,daniele15,
DLH,7510205,Công nghệ kỹ thuật ô tô,A01,15.00,,THPTQG,2018,,daniele15,
DLH,7510205,Công nghệ kỹ thuật ô tô,C01,15.00,,THPTQG,2018,,daniele15,
DLH,7510205,Công nghệ kỹ thuật ô tô,D01,15.00,,THPTQG,2018,,daniele15,
DLH,7510301,"Công nghệ kỹ thuật điện, điện tử",A00,14.00,,THPTQG,2018,,daniele15,
DLH,7510301,"Công nghệ kỹ thuật điện, điện tử",A01,14.00,,THPTQG,2018,,daniele15,
DLH,7510301,"Công nghệ kỹ thuật điện, điện tử",C01,14.00,,THPTQG,2018,,daniele15,
DLH,7510301,"Công nghệ kỹ thuật điện, điện tử",D01,14.00,,THPTQG,2018,,daniele15,
DLH,7510302,Công nghệ kỹ thuật điện tử - viễn thông,A00,14.00,,THPTQG,2018,,daniele15,
DLH,7510302,Công nghệ kỹ thuật điện tử - viễn thông,A01,14.00,,THPTQG,2018,,daniele15,
DLH,7510302,Công nghệ kỹ thuật điện tử - viễn thông,C01,14.00,,THPTQG,2018,,daniele15,
DLH,7510302,Công nghệ kỹ thuật điện tử - viễn thông,D01,14.00,,THPTQG,2018,,daniele15,
DLH,7510303,Công nghệ kỹ thuật điều khiển và tự động hóa,A00,14.00,,THPTQG,2018,,daniele15,
DLH,7510303,Công nghệ kỹ thuật điều khiển và tự động hóa,A01,14.00,,THPTQG,2018,,daniele15,
DLH,7510303,Công nghệ kỹ thuật điều khiển và tự động hóa,C01,14.00,,THPTQG,2018,,daniele15,
DLH,7510303,Công nghệ kỹ thuật điều khiển và tự động hóa,D01,14.00,,THPTQG,2018,,daniele15,
DLH,7510401,Công nghệ kỹ thuật hoá học,A00,17.00,,THPTQG,2018,,daniele15,
DLH,7510401,Công nghệ kỹ thuật hoá học,B00,17.00,,THPTQG,2018,,daniele15,
DLH,7510401,Công nghệ kỹ thuật hoá học,C02,17.00,,THPTQG,2018,,daniele15,
DLH,7510401,Công nghệ kỹ thuật hoá học,D01,17.00,,THPTQG,2018,,daniele15,
DLH,7540101,Công nghệ thực phẩm,A00,14.00,,THPTQG,2018,,daniele15,
DLH,7540101,Công nghệ thực phẩm,B00,14.00,,THPTQG,2018,,daniele15,
DLH,7540101,Công nghệ thực phẩm,C02,14.00,,THPTQG,2018,,daniele15,
DLH,7540101,Công nghệ thực phẩm,D01,14.00,,THPTQG,2018,,daniele15,
DLH,7720201,Dược học,A00,16.00,,THPTQG,2018,,daniele15,
DLH,7720201,Dược học,B00,16.00,,THPTQG,2018,,daniele15,
DLH,7720201,Dược học,C02,16.00,,THPTQG,2018,,daniele15,
DLH,7720201,Dược học,D01,16.00,,THPTQG,2018,,daniele15,
DLS,7310101,Kinh tế,A00,14.00,,THPTQG,2018,Cơ sở tại TPHCM,daniele15,
DLS,7310101,Kinh tế,A01,14.00,,THPTQG,2018,Cơ sở tại TPHCM,daniele15,
DLS,7310101,Kinh tế,D01,14.00,,THPTQG,2018,Cơ sở tại TPHCM,daniele15,
DLS,7310401,Tâm lý học,A00,16.00,,THPTQG,2018,Cơ sở tại TPHCM,daniele15,
DLS,7310401,Tâm lý học,A01,16.00,,THPTQG,2018,Cơ sở tại TPHCM,daniele15,
DLS,7310401,Tâm lý học,D01,16.00,,THPTQG,2018,Cơ sở tại TPHCM,daniele15,
DLS,7310401,Tâm lý học,A00,15.50,,THPTQG,2018,Cơ sở tại TPHCM,daniele15,
DLS,7310401,Tâm lý học,A01,15.50,,THPTQG,2018,Cơ sở tại TPHCM,daniele15,
DLS,7310401,Tâm lý học,D01,15.50,,THPTQG,2018,Cơ sở tại TPHCM,daniele15,
DLS,7340101,Quản trị kinh doanh,A00,16.00,,THPTQG,2018,Cơ sở tại TPHCM,daniele15,
DLS,7340101,Quản trị kinh doanh,A01,16.00,,THPTQG,2018,Cơ sở tại TPHCM,daniele15,
DLS,7340101,Quản trị kinh doanh,D01,16.00,,THPTQG,2018,Cơ sở tại TPHCM,daniele15,
DLS,7340204,Bảo hiểm,A00,14.00,,THPTQG,2018,Cơ sở tại TPHCM,daniele15,
DLS,7340204,Bảo hiểm,A01,14.00,,THPTQG,2018,Cơ sở tại TPHCM,daniele15,
DLS,7340204,Bảo hiểm,D01,14.00,,THPTQG,2018,Cơ sở tại TPHCM,daniele15,
DLS,7340301,Kế toán,A00,15.50,,THPTQG,2018,Cơ sở tại TPHCM,daniele15,
DLS,7340301,Kế toán,A01,15.50,,THPTQG,2018,Cơ sở tại TPHCM,daniele15,
DLS,7340301,Kế toán,D01,15.50,,THPTQG,2018,Cơ sở tại TPHCM,daniele15,
DLS,7340404,Quản trị nhân lực,A00,16.25,,THPTQG,2018,Cơ sở tại TPHCM,daniele15,
DLS,7340404,Quản trị nhân lực,A01,16.25,,THPTQG,2018,Cơ sở tại TPHCM,daniele15,
DLS,7340404,Quản trị nhân lực,D01,16.25,,THPTQG,2018,Cơ sở tại TPHCM,daniele15,
DLS,7380107,Luật,A00,16.00,,THPTQG,2018,Luật kinh tếCơ sở tại TPHCM,daniele15,
DLS,7380107,Luật,A01,16.00,,THPTQG,2018,Luật kinh tếCơ sở tại TPHCM,daniele15,
DLS,7380107,Luật,D01,16.00,,THPTQG,2018,Luật kinh tếCơ sở tại TPHCM,daniele15,
DLS,7760101,Công tác xã hội,A00,16.00,,THPTQG,2018,Cơ sở tại TPHCM,daniele15,
DLS,7760101,Công tác xã hội,A01,16.00,,THPTQG,2018,Cơ sở tại TPHCM,daniele15,
DLS,7760101,Công tác xã hội,D01,16.00,,THPTQG,2018,Cơ sở tại TPHCM,daniele15,
DLS,7760101,Công tác xã hội,A00,15.50,,THPTQG,2018,Cơ sở tại TPHCM,daniele15,
DLS,7760101,Công tác xã hội,A01,15.50,,THPTQG,2018,Cơ sở tại TPHCM,daniele15,
DLS,7760101,Công tác xã hội,D01,15.50,,THPTQG,2018,Cơ sở tại TPHCM,daniele15,
DLX,7310101,Kinh tế,A00,14.50,,THPTQG,2018,Cơ sở tại Hà Nội,daniele15,
DLX,7310101,Kinh tế,A01,14.50,,THPTQG,2018,Cơ sở tại Hà Nội,daniele15,
DLX,7310101,Kinh tế,D01,14.50,,THPTQG,2018,Cơ sở tại Hà Nội,daniele15,
DLX,7310401,Tâm lý học,A00,15.00,,THPTQG,2018,Cơ sở tại Hà Nội,daniele15,
DLX,7310401,Tâm lý học,A01,15.00,,THPTQG,2018,Cơ sở tại Hà Nội,daniele15,
DLX,7310401,Tâm lý học,D01,15.00,,THPTQG,2018,Cơ sở tại Hà Nội,daniele15,
DLX,7310401,Tâm lý học,A00,14.50,,THPTQG,2018,Cơ sở tại Hà Nội,daniele15,
DLX,7310401,Tâm lý học,A01,14.50,,THPTQG,2018,Cơ sở tại Hà Nội,daniele15,
DLX,7310401,Tâm lý học,D01,14.50,,THPTQG,2018,Cơ sở tại Hà Nội,daniele15,
DLX,7340101,Quản trị kinh doanh,A00,14.25,,THPTQG,2018,Cơ sở tại Hà Nội,daniele15,
DLX,7340101,Quản trị kinh doanh,A01,14.25,,THPTQG,2018,Cơ sở tại Hà Nội,daniele15,
DLX,7340101,Quản trị kinh doanh,D01,14.25,,THPTQG,2018,Cơ sở tại Hà Nội,daniele15,
DLX,7340101,Quản trị kinh doanh,A00,14.00,,THPTQG,2018,Cơ sở tại Sơn Tây,daniele15,
DLX,7340101,Quản trị kinh doanh,A01,14.00,,THPTQG,2018,Cơ sở tại Sơn Tây,daniele15,
DLX,7340101,Quản trị kinh doanh,D01,14.00,,THPTQG,2018,Cơ sở tại Sơn Tây,daniele15,
DLX,7340204,Bảo hiểm,A00,14.00,,THPTQG,2018,Cơ sở tại Hà Nội,daniele15,
DLX,7340204,Bảo hiểm,A01,14.00,,THPTQG,2018,Cơ sở tại Hà Nội,daniele15,
DLX,7340204,Bảo hiểm,D01,14.00,,THPTQG,2018,Cơ sở tại Hà Nội,daniele15,
DLX,7340301,Kế toán,A00,14.25,,THPTQG,2018,Cơ sở tại Hà Nội,daniele15,
DLX,7340301,Kế toán,A01,14.25,,THPTQG,2018,Cơ sở tại Hà Nội,daniele15,
DLX,7340301,Kế toán,D01,14.25,,THPTQG,2018,Cơ sở tại Hà Nội,daniele15,
DLX,7340301,Kế toán,A00,14.00,,THPTQG,2018,Cơ sở tại Sơn Tây,daniele15,
DLX,7340301,Kế toán,A01,14.00,,THPTQG,2018,Cơ sở tại Sơn Tây,daniele15,
DLX,7340301,Kế toán,D01,14.00,,THPTQG,2018,Cơ sở tại Sơn Tây,daniele15,
DLX,7340404,Quản trị nhân lực,A00,14.25,,THPTQG,2018,Cơ sở tại Hà Nội,daniele15,
DLX,7340404,Quản trị nhân lực,A01,14.25,,THPTQG,2018,Cơ sở tại Hà Nội,daniele15,
DLX,7340404,Quản trị nhân lực,D01,14.25,,THPTQG,2018,Cơ sở tại Hà Nội,daniele15,
DLX,7340404,Quản trị nhân lực,A00,14.00,,THPTQG,2018,Cơ sở tại Sơn Tây,daniele15,
DLX,7340404,Quản trị nhân lực,A01,14.00,,THPTQG,2018,Cơ sở tại Sơn Tây,daniele15,
DLX,7340404,Quản trị nhân lực,D01,14.00,,THPTQG,2018,Cơ sở tại Sơn Tây,daniele15,
DLX,7380107,Luật,A00,14.50,,THPTQG,2018,Luật kinh tếCơ sở tại Hà Nội,daniele15,
DLX,7380107,Luật,A01,14.50,,THPTQG,2018,Luật kinh tếCơ sở tại Hà Nội,daniele15,
DLX,7380107,Luật,D01,14.50,,THPTQG,2018,Luật kinh tếCơ sở tại Hà Nội,daniele15,
DLX,7760101,Công tác xã hội,C00,15.00,,THPTQG,2018,Cơ sở tại Hà Nội,daniele15,
DLX,7760101,Công tác xã hội,C00,14.50,,THPTQG,2018,Cơ sở tại Hà Nội,daniele15,
DLX,7760101,Công tác xã hội,C00,14.00,,THPTQG,2018,Cơ sở tại Sơn Tây,daniele15,
DMS,7340101,Quản trị kinh doanh,A00,19.80,,THPTQG,2018,,daniele15,
DMS,7340101,Quản trị kinh doanh,A01,19.80,,THPTQG,2018,,daniele15,
DMS,7340101,Quản trị kinh doanh,D01,19.80,,THPTQG,2018,,daniele15,
DMS,7340101,Quản trị kinh doanh,D96,19.80,,THPTQG,2018,,daniele15,
DMS,7340115,Marketing,A00,21.00,,THPTQG,2018,,daniele15,
DMS,7340115,Marketing,A01,21.00,,THPTQG,2018,,daniele15,
DMS,7340115,Marketing,D01,21.00,,THPTQG,2018,,daniele15,
DMS,7340115,Marketing,D96,21.00,,THPTQG,2018,,daniele15,
DMS,7340116,Bất động sản,A00,18.00,,THPTQG,2018,,daniele15,
DMS,7340116,Bất động sản,A01,18.00,,THPTQG,2018,,daniele15,
DMS,7340116,Bất động sản,D01,18.00,,THPTQG,2018,,daniele15,
DMS,7340116,Bất động sản,D96,18.00,,THPTQG,2018,,daniele15,
DMS,7340120,Kinh doanh quốc tế,A00,21.40,,THPTQG,2018,,daniele15,
DMS,7340120,Kinh doanh quốc tế,A01,21.40,,THPTQG,2018,,daniele15,
DMS,7340120,Kinh doanh quốc tế,D01,21.40,,THPTQG,2018,,daniele15,
DMS,7340120,Kinh doanh quốc tế,D96,21.40,,THPTQG,2018,,daniele15,
DMS,7340201,Tài chính - Ngân hàng,A00,18.90,,THPTQG,2018,,daniele15,
DMS,7340201,Tài chính - Ngân hàng,A01,18.90,,THPTQG,2018,,daniele15,
DMS,7340201,Tài chính - Ngân hàng,D01,18.90,,THPTQG,2018,,daniele15,
DMS,7340201,Tài chính - Ngân hàng,D96,18.90,,THPTQG,2018,,daniele15,
DMS,7340301,Kế toán,A00,19.40,,THPTQG,2018,,daniele15,
DMS,7340301,Kế toán,A01,19.40,,THPTQG,2018,,daniele15,
DMS,7340301,Kế toán,D01,19.40,,THPTQG,2018,,daniele15,
DMS,7340301,Kế toán,D96,19.40,,THPTQG,2018,,daniele15,
DMS,7340405,Hệ thống thông tin quản lý,A00,17.50,,THPTQG,2018,,daniele15,
DMS,7340405,Hệ thống thông tin quản lý,A01,17.50,,THPTQG,2018,,daniele15,
DMS,7340405,Hệ thống thông tin quản lý,D01,17.50,,THPTQG,2018,,daniele15,
DMS,7340405,Hệ thống thông tin quản lý,D96,17.50,,THPTQG,2018,,daniele15,
DMS,7810103,Quản trị dịch vụ du lịch và lữ hành,A00,19.70,,THPTQG,2018,,daniele15,
DMS,7810103,Quản trị dịch vụ du lịch và lữ hành,A01,19.70,,THPTQG,2018,,daniele15,
DMS,7810103,Quản trị dịch vụ du lịch và lữ hành,D01,19.70,,THPTQG,2018,,daniele15,
DMS,7810103,Quản trị dịch vụ du lịch và lữ hành,D96,19.70,,THPTQG,2018,,daniele15,
DMS,7810201,Quản trị khách sạn,A00,20.20,,THPTQG,2018,,daniele15,
DMS,7810201,Quản trị khách sạn,A01,20.20,,THPTQG,2018,,daniele15,
DMS,7810201,Quản trị khách sạn,D01,20.20,,THPTQG,2018,,daniele15,
DMS,7810201,Quản trị khách sạn,D96,20.20,,THPTQG,2018,,daniele15,
DMS,7810202,Quản trị nhà hàng và dịch vụ ăn uống,A00,19.30,,THPTQG,2018,,daniele15,
DMS,7810202,Quản trị nhà hàng và dịch vụ ăn uống,A01,19.30,,THPTQG,2018,,daniele15,
DMS,7810202,Quản trị nhà hàng và dịch vụ ăn uống,D01,19.30,,THPTQG,2018,,daniele15,
DMS,7810202,Quản trị nhà hàng và dịch vụ ăn uống,D96,19.30,,THPTQG,2018,,daniele15,
DMT,7340101,Quản trị kinh doanh,A00,13.50,,THPTQG,2018,Tại cơ sở Hà Nội,daniele15,
DMT,7340101,Quản trị kinh doanh,A01,13.50,,THPTQG,2018,Tại cơ sở Hà Nội,daniele15,
DMT,7340101,Quản trị kinh doanh,B00,13.50,,THPTQG,2018,Tại cơ sở Hà Nội,daniele15,
DMT,7340101,Quản trị kinh doanh,D01,13.50,,THPTQG,2018,Tại cơ sở Hà Nội,daniele15,
DMT,7340301,Kế toán,A00,15.00,,THPTQG,2018,Tại cơ sở Hà Nội,daniele15,
DMT,7340301,Kế toán,A01,15.00,,THPTQG,2018,Tại cơ sở Hà Nội,daniele15,
DMT,7340301,Kế toán,B00,15.00,,THPTQG,2018,Tại cơ sở Hà Nội,daniele15,
DMT,7340301,Kế toán,D01,15.00,,THPTQG,2018,Tại cơ sở Hà Nội,daniele15,
DMT,7340301PH,Kế toán,A00,13.00,,THPTQG,2018,Tại cơ sở Thanh Hóa,daniele15,
DMT,7340301PH,Kế toán,A01,13.00,,THPTQG,2018,Tại cơ sở Thanh Hóa,daniele15,
DMT,7340301PH,Kế toán,B00,13.00,,THPTQG,2018,Tại cơ sở Thanh Hóa,daniele15,
DMT,7340301PH,Kế toán,D01,13.00,,THPTQG,2018,Tại cơ sở Thanh Hóa,daniele15,
DMT,7380101,Luật,A00,13.00,,THPTQG,2018,Tại cơ sở Hà Nội,daniele15,
DMT,7380101,Luật,A01,13.00,,THPTQG,2018,Tại cơ sở Hà Nội,daniele15,
DMT,7380101,Luật,B00,13.00,,THPTQG,2018,Tại cơ sở Hà Nội,daniele15,
DMT,7380101,Luật,D01,13.00,,THPTQG,2018,Tại cơ sở Hà Nội,daniele15,
DMT,7440221,Khí tượng và khí hậu học,A00,13.00,,THPTQG,2018,Tại cơ sở Hà Nội,daniele15,
DMT,7440221,Khí tượng và khí hậu học,A01,13.00,,THPTQG,2018,Tại cơ sở Hà Nội,daniele15,
DMT,7440221,Khí tượng và khí hậu học,B00,13.00,,THPTQG,2018,Tại cơ sở Hà Nội,daniele15,
DMT,7440221,Khí tượng và khí hậu học,D01,13.00,,THPTQG,2018,Tại cơ sở Hà Nội,daniele15,
DMT,7440224,Thuỷ văn học,A00,13.00,,THPTQG,2018,Tại cơ sở Hà Nội,daniele15,
DMT,7440224,Thuỷ văn học,A01,13.00,,THPTQG,2018,Tại cơ sở Hà Nội,daniele15,
DMT,7440224,Thuỷ văn học,B00,13.00,,THPTQG,2018,Tại cơ sở Hà Nội,daniele15,
DMT,7440224,Thuỷ văn học,D01,13.00,,THPTQG,2018,Tại cơ sở Hà Nội,daniele15,
DMT,7440298,Biến đổi khí hậu và Phát triển bền vững,A00,13.00,,THPTQG,2018,Tại cơ sở Hà Nội,daniele15,
DMT,7440298,Biến đổi khí hậu và Phát triển bền vững,A01,13.00,,THPTQG,2018,Tại cơ sở Hà Nội,daniele15,
DMT,7440298,Biến đổi khí hậu và Phát triển bền vững,B00,13.00,,THPTQG,2018,Tại cơ sở Hà Nội,daniele15,
DMT,7440298,Biến đổi khí hậu và Phát triển bền vững,D01,13.00,,THPTQG,2018,Tại cơ sở Hà Nội,daniele15,
DMT,7440299,Khí tượng thủy văn biển,A00,13.00,,THPTQG,2018,Tại cơ sở Hà Nội,daniele15,
DMT,7440299,Khí tượng thủy văn biển,A01,13.00,,THPTQG,2018,Tại cơ sở Hà Nội,daniele15,
DMT,7440299,Khí tượng thủy văn biển,B00,13.00,,THPTQG,2018,Tại cơ sở Hà Nội,daniele15,
DMT,7440299,Khí tượng thủy văn biển,D01,13.00,,THPTQG,2018,Tại cơ sở Hà Nội,daniele15,
DMT,7480201,Công nghệ thông tin,A00,14.00,,THPTQG,2018,Tại cơ sở Hà Nội,daniele15,
DMT,7480201,Công nghệ thông tin,A01,14.00,,THPTQG,2018,Tại cơ sở Hà Nội,daniele15,
DMT,7480201,Công nghệ thông tin,B00,14.00,,THPTQG,2018,Tại cơ sở Hà Nội,daniele15,
DMT,7480201,Công nghệ thông tin,D01,14.00,,THPTQG,2018,Tại cơ sở Hà Nội,daniele15,
DMT,7510406,Công nghệ kỹ thuật môi trường,A00,13.00,,THPTQG,2018,Tại cơ sở Hà Nội,daniele15,
DMT,7510406,Công nghệ kỹ thuật môi trường,A01,13.00,,THPTQG,2018,Tại cơ sở Hà Nội,daniele15,
DMT,7510406,Công nghệ kỹ thuật môi trường,B00,13.00,,THPTQG,2018,Tại cơ sở Hà Nội,daniele15,
DMT,7510406,Công nghệ kỹ thuật môi trường,D01,13.00,,THPTQG,2018,Tại cơ sở Hà Nội,daniele15,
DMT,7520501,Kỹ thuật địa chất,A00,13.00,,THPTQG,2018,Tại cơ sở Hà Nội,daniele15,
DMT,7520501,Kỹ thuật địa chất,A01,13.00,,THPTQG,2018,Tại cơ sở Hà Nội,daniele15,
DMT,7520501,Kỹ thuật địa chất,B00,13.00,,THPTQG,2018,Tại cơ sở Hà Nội,daniele15,
DMT,7520501,Kỹ thuật địa chất,D01,13.00,,THPTQG,2018,Tại cơ sở Hà Nội,daniele15,
DMT,7520503,Kỹ thuật trắc địa - bản đồ,A00,13.00,,THPTQG,2018,Tại cơ sở Hà Nội,daniele15,
DMT,7520503,Kỹ thuật trắc địa - bản đồ,A01,13.00,,THPTQG,2018,Tại cơ sở Hà Nội,daniele15,
DMT,7520503,Kỹ thuật trắc địa - bản đồ,B00,13.00,,THPTQG,2018,Tại cơ sở Hà Nội,daniele15,
DMT,7520503,Kỹ thuật trắc địa - bản đồ,D01,13.00,,THPTQG,2018,Tại cơ sở Hà Nội,daniele15,
DMT,7620103,Khoa học đất,A00,13.00,,THPTQG,2018,Tại cơ sở Hà Nội,daniele15,
DMT,7620103,Khoa học đất,A01,13.00,,THPTQG,2018,Tại cơ sở Hà Nội,daniele15,
DMT,7620103,Khoa học đất,B00,13.00,,THPTQG,2018,Tại cơ sở Hà Nội,daniele15,
DMT,7620103,Khoa học đất,D01,13.00,,THPTQG,2018,Tại cơ sở Hà Nội,daniele15,
DMT,7810103,Quản trị dịch vụ du lịch và lữ hành,A00,15.00,,THPTQG,2018,Tại cơ sở Hà Nội,daniele15,
DMT,7810103,Quản trị dịch vụ du lịch và lữ hành,A01,15.00,,THPTQG,2018,Tại cơ sở Hà Nội,daniele15,
DMT,7810103,Quản trị dịch vụ du lịch và lữ hành,B00,15.00,,THPTQG,2018,Tại cơ sở Hà Nội,daniele15,
DMT,7810103,Quản trị dịch vụ du lịch và lữ hành,D01,15.00,,THPTQG,2018,Tại cơ sở Hà Nội,daniele15,
DMT,7850101,Quản lý tài nguyên và môi trường,A00,13.50,,THPTQG,2018,Tại cơ sở Hà Nội,daniele15,
DMT,7850101,Quản lý tài nguyên và môi trường,A01,13.50,,THPTQG,2018,Tại cơ sở Hà Nội,daniele15,
DMT,7850101,Quản lý tài nguyên và môi trường,B00,13.50,,THPTQG,2018,Tại cơ sở Hà Nội,daniele15,
DMT,7850101,Quản lý tài nguyên và môi trường,D01,13.50,,THPTQG,2018,Tại cơ sở Hà Nội,daniele15,
DMT,7850102,Kinh tế,A00,13.00,,THPTQG,2018,Kinh tế tài nguyên thiên nhiên Tại cơ sở Hà Nội,daniele15,
DMT,7850102,Kinh tế,A01,13.00,,THPTQG,2018,Kinh tế tài nguyên thiên nhiên Tại cơ sở Hà Nội,daniele15,
DMT,7850102,Kinh tế,B00,13.00,,THPTQG,2018,Kinh tế tài nguyên thiên nhiên Tại cơ sở Hà Nội,daniele15,
DMT,7850102,Kinh tế,D01,13.00,,THPTQG,2018,Kinh tế tài nguyên thiên nhiên Tại cơ sở Hà Nội,daniele15,
DMT,7850103,Quản lý đất đai,A00,13.50,,THPTQG,2018,Tại cơ sở Hà Nội,daniele15,
DMT,7850103,Quản lý đất đai,A01,13.50,,THPTQG,2018,Tại cơ sở Hà Nội,daniele15,
DMT,7850103,Quản lý đất đai,B00,13.50,,THPTQG,2018,Tại cơ sở Hà Nội,daniele15,
DMT,7850103,Quản lý đất đai,D01,13.50,,THPTQG,2018,Tại cơ sở Hà Nội,daniele15,
DMT,7850103PH,Quản lý đất đai,A00,13.00,,THPTQG,2018,Tại cơ sở Thanh Hóa,daniele15,
DMT,7850103PH,Quản lý đất đai,A01,13.00,,THPTQG,2018,Tại cơ sở Thanh Hóa,daniele15,
DMT,7850103PH,Quản lý đất đai,B00,13.00,,THPTQG,2018,Tại cơ sở Thanh Hóa,daniele15,
DMT,7850103PH,Quản lý đất đai,D01,13.00,,THPTQG,2018,Tại cơ sở Thanh Hóa,daniele15,
DMT,7850198,Quản lý tài nguyên nước,A00,13.00,,THPTQG,2018,Tại cơ sở Hà Nội,daniele15,
DMT,7850198,Quản lý tài nguyên nước,A01,13.00,,THPTQG,2018,Tại cơ sở Hà Nội,daniele15,
DMT,7850198,Quản lý tài nguyên nước,B00,13.00,,THPTQG,2018,Tại cơ sở Hà Nội,daniele15,
DMT,7850198,Quản lý tài nguyên nước,D01,13.00,,THPTQG,2018,Tại cơ sở Hà Nội,daniele15,
DMT,7850199,Quản lý biển,A00,13.00,,THPTQG,2018,Tại cơ sở Hà Nội,daniele15,
DMT,7850199,Quản lý biển,A01,13.00,,THPTQG,2018,Tại cơ sở Hà Nội,daniele15,
DMT,7850199,Quản lý biển,B00,13.00,,THPTQG,2018,Tại cơ sở Hà Nội,daniele15,
DMT,7850199,Quản lý biển,D01,13.00,,THPTQG,2018,Tại cơ sở Hà Nội,daniele15,
DNT,7220201,Ngôn ngữ Anh,A01,28.75,,THPTQG,2018,(Điểm Tiếng Anh nhân hệ số 2),daniele15,
DNT,7220201,Ngôn ngữ Anh,D01,28.75,,THPTQG,2018,(Điểm Tiếng Anh nhân hệ số 2),daniele15,
DNT,7220201,Ngôn ngữ Anh,D14,28.75,,THPTQG,2018,(Điểm Tiếng Anh nhân hệ số 2),daniele15,
DNT,7220201,Ngôn ngữ Anh,D15,28.75,,THPTQG,2018,(Điểm Tiếng Anh nhân hệ số 2),daniele15,
DNT,7220204,Ngôn ngữ Trung Quốc,A01,21.50,,THPTQG,2018,,daniele15,
DNT,7220204,Ngôn ngữ Trung Quốc,D01,21.50,,THPTQG,2018,,daniele15,
DNT,7220204,Ngôn ngữ Trung Quốc,D04,21.50,,THPTQG,2018,,daniele15,
DNT,7220204,Ngôn ngữ Trung Quốc,D14,21.50,,THPTQG,2018,,daniele15,
DNT,7310206,Quan hệ quốc tế,A01,27.75,,THPTQG,2018,(Điểm Tiếng Anh nhân hệ số 2),daniele15,
DNT,7310206,Quan hệ quốc tế,D01,27.75,,THPTQG,2018,(Điểm Tiếng Anh nhân hệ số 2),daniele15,
DNT,7310206,Quan hệ quốc tế,D07,27.75,,THPTQG,2018,(Điểm Tiếng Anh nhân hệ số 2),daniele15,
DNT,7310206,Quan hệ quốc tế,D14,27.75,,THPTQG,2018,(Điểm Tiếng Anh nhân hệ số 2),daniele15,
DNT,7310608,Đông phương học,D01,21.25,,THPTQG,2018,,daniele15,
DNT,7310608,Đông phương học,D06,21.25,,THPTQG,2018,,daniele15,
DNT,7310608,Đông phương học,D14,21.25,,THPTQG,2018,,daniele15,
DNT,7310608,Đông phương học,D15,21.25,,THPTQG,2018,,daniele15,
DNT,7340101,Quản trị kinh doanh,A01,26.25,,THPTQG,2018,(Điểm Tiếng Anh nhân hệ số 2),daniele15,
DNT,7340101,Quản trị kinh doanh,D01,26.25,,THPTQG,2018,(Điểm Tiếng Anh nhân hệ số 2),daniele15,
DNT,7340101,Quản trị kinh doanh,D07,26.25,,THPTQG,2018,(Điểm Tiếng Anh nhân hệ số 2),daniele15,
DNT,7340101,Quản trị kinh doanh,D11,26.25,,THPTQG,2018,(Điểm Tiếng Anh nhân hệ số 2),daniele15,
DNT,7340120,Kinh doanh quốc tế,A01,27.75,,THPTQG,2018,(Điểm Tiếng Anh nhân hệ số 2),daniele15,
DNT,7340120,Kinh doanh quốc tế,D01,27.75,,THPTQG,2018,(Điểm Tiếng Anh nhân hệ số 2),daniele15,
DNT,7340120,Kinh doanh quốc tế,D07,27.75,,THPTQG,2018,(Điểm Tiếng Anh nhân hệ số 2),daniele15,
DNT,7340120,Kinh doanh quốc tế,D11,27.75,,THPTQG,2018,(Điểm Tiếng Anh nhân hệ số 2),daniele15,
DNT,7340201,Tài chính - Ngân hàng,A01,16.25,,THPTQG,2018,,daniele15,
DNT,7340201,Tài chính - Ngân hàng,D01,16.25,,THPTQG,2018,,daniele15,
DNT,7340201,Tài chính - Ngân hàng,D07,16.25,,THPTQG,2018,,daniele15,
DNT,7340201,Tài chính - Ngân hàng,D11,16.25,,THPTQG,2018,,daniele15,
DNT,7340301,Kế toán,A01,16.25,,THPTQG,2018,,daniele15,
DNT,7340301,Kế toán,D01,16.25,,THPTQG,2018,,daniele15,
DNT,7340301,Kế toán,D07,16.25,,THPTQG,2018,,daniele15,
DNT,7340301,Kế toán,D11,16.25,,THPTQG,2018,,daniele15,
DNT,7380107,Luật,A01,15.50,,THPTQG,2018,Luật kinh tế,daniele15,
DNT,7380107,Luật,D01,15.50,,THPTQG,2018,Luật kinh tế,daniele15,
DNT,7380107,Luật,D07,15.50,,THPTQG,2018,Luật kinh tế,daniele15,
DNT,7380107,Luật,D14,15.50,,THPTQG,2018,Luật kinh tế,daniele15,
DNT,7480201,Công nghệ thông tin,A00,18.25,,THPTQG,2018,,daniele15,
DNT,7480201,Công nghệ thông tin,A01,18.25,,THPTQG,2018,,daniele15,
DNT,7480201,Công nghệ thông tin,D01,18.25,,THPTQG,2018,,daniele15,
DNT,7480201,Công nghệ thông tin,D07,18.25,,THPTQG,2018,,daniele15,
DNT,7810103,Quản trị dịch vụ du lịch và lữ hành,A01,19.75,,THPTQG,2018,,daniele15,
DNT,7810103,Quản trị dịch vụ du lịch và lữ hành,D01,19.75,,THPTQG,2018,,daniele15,
DNT,7810103,Quản trị dịch vụ du lịch và lữ hành,D14,19.75,,THPTQG,2018,,daniele15,
DNT,7810103,Quản trị dịch vụ du lịch và lữ hành,D15,19.75,,THPTQG,2018,,daniele15,
DNT,7810201,Quản trị khách sạn,A01,20.25,,THPTQG,2018,,daniele15,
DNT,7810201,Quản trị khách sạn,D01,20.25,,THPTQG,2018,,daniele15,
DNT,7810201,Quản trị khách sạn,D14,20.25,,THPTQG,2018,,daniele15,
DNT,7810201,Quản trị khách sạn,D15,20.25,,THPTQG,2018,,daniele15,
DNV,7229040-01,Văn hóa Du lịch,D01,21.50,,THPTQG,2018,Cơ sở tại Hà Nội,daniele15,
DNV,7229040-01,Văn hóa Du lịch,D01,20.50,,THPTQG,2018,Cơ sở tại Hà Nội,daniele15,
DNV,7229040-01,Văn hóa Du lịch,D01,18.50,,THPTQG,2018,Cơ sở tại Hà Nội,daniele15,
DNV,7229040-02,Văn hóa Truyền thông,D01,21.50,,THPTQG,2018,Cơ sở tại Hà Nội,daniele15,
DNV,7229040-02,Văn hóa Truyền thông,D01,20.50,,THPTQG,2018,Cơ sở tại Hà Nội,daniele15,
DNV,7229040-02,Văn hóa Truyền thông,D01,18.50,,THPTQG,2018,Cơ sở tại Hà Nội,daniele15,
DNV,7229040-03,Văn hóa Doanh nghiệp,D01,23.00,,THPTQG,2018,Cơ sở tại Hà Nội,daniele15,
DNV,7229040-03,Văn hóa Doanh nghiệp,D01,22.00,,THPTQG,2018,Cơ sở tại Hà Nội,daniele15,
DNV,7229040-03,Văn hóa Doanh nghiệp,D01,20.00,,THPTQG,2018,Cơ sở tại Hà Nội,daniele15,
DNV,7229040D-01,Văn hóa Du lịch,D01,17.25,,THPTQG,2018,Phân hiệu tại Quảng Nam,daniele15,
DNV,7229040D-01,Văn hóa Du lịch,D01,16.25,,THPTQG,2018,Phân hiệu tại Quảng Nam,daniele15,
DNV,7229040D-01,Văn hóa Du lịch,D01,14.25,,THPTQG,2018,Phân hiệu tại Quảng Nam,daniele15,
DNV,7229042,Quản lý văn hoá,D01,19.00,,THPTQG,2018,Cơ sở tại Hà Nội,daniele15,
DNV,7229042,Quản lý văn hoá,D01,18.00,,THPTQG,2018,Cơ sở tại Hà Nội,daniele15,
DNV,7229042,Quản lý văn hoá,D01,16.00,,THPTQG,2018,Cơ sở tại Hà Nội,daniele15,
DNV,7229042D,Quản lý văn hoá,D01,17.00,,THPTQG,2018,Phân hiệu tại Quảng Nam,daniele15,
DNV,7229042D,Quản lý văn hoá,D01,14.00,,THPTQG,2018,Phân hiệu tại Quảng Nam,daniele15,
DNV,7310201,Chính trị học,D01,20.50,,THPTQG,2018,Cơ sở tại Hà Nội,daniele15,
DNV,7310201,Chính trị học,D01,19.50,,THPTQG,2018,Cơ sở tại Hà Nội,daniele15,
DNV,7310201,Chính trị học,D01,17.50,,THPTQG,2018,Cơ sở tại Hà Nội,daniele15,
DNV,7310201-01,Chính sách công,D01,17.00,,THPTQG,2018,Cơ sở tại Hà Nội,daniele15,
DNV,7310201-01,Chính sách công,D01,16.00,,THPTQG,2018,Cơ sở tại Hà Nội,daniele15,
DNV,7310201-01,Chính sách công,D01,15.00,,THPTQG,2018,Cơ sở tại Hà Nội,daniele15,
DNV,7310201-01,Chính sách công,D01,14.00,,THPTQG,2018,Cơ sở tại Hà Nội,daniele15,
DNV,7310201D-01,Chính sách công,A10,23.00,,THPTQG,2018,Phân hiệu tại Quảng Nam,daniele15,
DNV,7310201D-01,Chính sách công,A10,22.00,,THPTQG,2018,Phân hiệu tại Quảng Nam,daniele15,
DNV,7310201D-01,Chính sách công,A10,20.00,,THPTQG,2018,Phân hiệu tại Quảng Nam,daniele15,
DNV,7310202,Xây dựng Đảng và chính quyền nhà nước,D01,16.50,,THPTQG,2018,Cơ sở tại Hà Nội,daniele15,
DNV,7310202,Xây dựng Đảng và chính quyền nhà nước,D01,14.50,,THPTQG,2018,Cơ sở tại Hà Nội,daniele15,
DNV,7310205,Quản lý nhà nước,D01,23.00,,THPTQG,2018,Cơ sở tại Hà Nội,daniele15,
DNV,7310205,Quản lý nhà nước,D01,22.00,,THPTQG,2018,Cơ sở tại Hà Nội,daniele15,
DNV,7310205,Quản lý nhà nước,D01,20.00,,THPTQG,2018,Cơ sở tại Hà Nội,daniele15,
DNV,7310205-01,Quản lý nhà nước,D01,21.25,,THPTQG,2018,Chuyên ngành Quản lý nhà nước về kinh tếCơ sở tại Hà Nội,daniele15,
DNV,7310205-01,Quản lý nhà nước,D01,20.25,,THPTQG,2018,Chuyên ngành Quản lý nhà nước về kinh tếCơ sở tại Hà Nội,daniele15,
DNV,7310205-01,Quản lý nhà nước,D01,18.25,,THPTQG,2018,Chuyên ngành Quản lý nhà nước về kinh tếCơ sở tại Hà Nội,daniele15,
DNV,7310205-02,Quản lí tài chính công,D01,21.00,,THPTQG,2018,Cơ sở tại Hà Nội,daniele15,
DNV,7310205-02,Quản lí tài chính công,D01,20.00,,THPTQG,2018,Cơ sở tại Hà Nội,daniele15,
DNV,7310205-02,Quản lí tài chính công,D01,18.00,,THPTQG,2018,Cơ sở tại Hà Nội,daniele15,
DNV,7310205-03,Quản lý nhà nước,D01,26.00,,THPTQG,2018,Chuyên ngành Quản lý nhà nước về nông nghiệp và phát triển nông thônCơ sở tại Hà Nội,daniele15,
DNV,7310205-03,Quản lý nhà nước,D01,25.00,,THPTQG,2018,Chuyên ngành Quản lý nhà nước về nông nghiệp và phát triển nông thônCơ sở tại Hà Nội,daniele15,
DNV,7310205-03,Quản lý nhà nước,D01,23.00,,THPTQG,2018,Chuyên ngành Quản lý nhà nước về nông nghiệp và phát triển nông thônCơ sở tại Hà Nội,daniele15,
DNV,7310205-04,Thanh tra,D01,21.25,,THPTQG,2018,Cơ sở tại Hà Nội,daniele15,
DNV,7310205-04,Thanh tra,D01,20.25,,THPTQG,2018,Cơ sở tại Hà Nội,daniele15,
DNV,7310205-04,Thanh tra,D01,18.25,,THPTQG,2018,Cơ sở tại Hà Nội,daniele15,
DNV,7310205D,Quản lý nhà nước,D01,17.00,,THPTQG,2018,Phân hiệu tại Quảng Nam,daniele15,
DNV,7310205D,Quản lý nhà nước,D01,16.00,,THPTQG,2018,Phân hiệu tại Quảng Nam,daniele15,
DNV,7310205D,Quản lý nhà nước,D01,14.00,,THPTQG,2018,Phân hiệu tại Quảng Nam,daniele15,
DNV,7320201,Thông tin - thư viện,D01,17.25,,THPTQG,2018,Cơ sở tại Hà Nội,daniele15,
DNV,7320201,Thông tin - thư viện,D01,16.25,,THPTQG,2018,Cơ sở tại Hà Nội,daniele15,
DNV,7320201,Thông tin - thư viện,D01,14.25,,THPTQG,2018,Cơ sở tại Hà Nội,daniele15,
DNV,7320303,Lưu trữ học,D01,16.25,,THPTQG,2018,Cơ sở tại Hà Nội,daniele15,
DNV,7320303,Lưu trữ học,D01,14.25,,THPTQG,2018,Cơ sở tại Hà Nội,daniele15,
DNV,7340404,Quản trị nhân lực,A00,20.50,,THPTQG,2018,Cơ sở tại Hà Nội,daniele15,
DNV,7340404,Quản trị nhân lực,A00,18.50,,THPTQG,2018,Cơ sở tại Hà Nội,daniele15,
DNV,7340404D,Quản trị nhân lực,A00,16.00,,THPTQG,2018,Phân hiệu tại Quảng Nam,daniele15,
DNV,7340404D,Quản trị nhân lực,A00,14.00,,THPTQG,2018,Phân hiệu tại Quảng Nam,daniele15,
DNV,7340406,Quản trị văn phòng,D01,22.50,,THPTQG,2018,Cơ sở tại Hà Nội,daniele15,
DNV,7340406,Quản trị văn phòng,D01,21.50,,THPTQG,2018,Cơ sở tại Hà Nội,daniele15,
DNV,7340406,Quản trị văn phòng,D01,19.50,,THPTQG,2018,Cơ sở tại Hà Nội,daniele15,
DNV,7340406D,Quản trị văn phòng,D01,17.50,,THPTQG,2018,Phân hiệu tại Quảng Nam,daniele15,
DNV,7340406D,Quản trị văn phòng,D01,16.50,,THPTQG,2018,Phân hiệu tại Quảng Nam,daniele15,
DNV,7340406D,Quản trị văn phòng,D01,14.50,,THPTQG,2018,Phân hiệu tại Quảng Nam,daniele15,
DNV,7380101,Luật,A00,20.75,,THPTQG,2018,Cơ sở tại Hà Nội,daniele15,
DNV,7380101,Luật,A00,18.75,,THPTQG,2018,Cơ sở tại Hà Nội,daniele15,
DNV,7380101D,Luật,A00,16.00,,THPTQG,2018,Phân hiệu tại Quảng Nam,daniele15,
DNV,7380101D,Luật,A00,14.00,,THPTQG,2018,Phân hiệu tại Quảng Nam,daniele15,
DNV,7380101H,Luật,A00,19.50,,THPTQG,2018,Cơ sở tại TPHCM,daniele15,
DNV,7380101H,Luật,A00,17.50,,THPTQG,2018,Cơ sở tại TPHCM,daniele15,
DNV,7480104,Hệ thống thông tin,A00,15.00,,THPTQG,2018,Cơ sở tại Hà Nội,daniele15,
DNV,7480104,Hệ thống thông tin,A00,14.50,,THPTQG,2018,Cơ sở tại Hà Nội,daniele15,
DNV,7480104D,Hệ thống thông tin,A00,23.00,,THPTQG,2018,Phân hiệu tại Quảng Nam,daniele15,
DPC,7220201,Ngôn ngữ Anh,A01,15.00,,THPTQG,2018,,daniele15,
DPC,7220201,Ngôn ngữ Anh,B00,15.00,,THPTQG,2018,,daniele15,
DPC,7220201,Ngôn ngữ Anh,C00,15.00,,THPTQG,2018,,daniele15,
DPC,7220201,Ngôn ngữ Anh,D01,15.00,,THPTQG,2018,,daniele15,
DPC,7220204,Ngôn ngữ Trung Quốc,A01,15.00,,THPTQG,2018,,daniele15,
DPC,7220204,Ngôn ngữ Trung Quốc,D01,15.00,,THPTQG,2018,,daniele15,
DPC,7220204,Ngôn ngữ Trung Quốc,D04,15.00,,THPTQG,2018,,daniele15,
DPC,7220204,Ngôn ngữ Trung Quốc,D07,15.00,,THPTQG,2018,,daniele15,
DPC,7310630,Việt Nam học,A01,15.00,,THPTQG,2018,Hướng dẫn Du lịch,daniele15,
DPC,7310630,Việt Nam học,B00,15.00,,THPTQG,2018,Hướng dẫn Du lịch,daniele15,
DPC,7310630,Việt Nam học,C00,15.00,,THPTQG,2018,Hướng dẫn Du lịch,daniele15,
DPC,7310630,Việt Nam học,D01,15.00,,THPTQG,2018,Hướng dẫn Du lịch,daniele15,
DPC,7340101,Quản trị kinh doanh,A00,15.00,,THPTQG,2018,Quản trị nhà hàng - khách sạn,daniele15,
DPC,7340101,Quản trị kinh doanh,A01,15.00,,THPTQG,2018,Quản trị nhà hàng - khách sạn,daniele15,
DPC,7340101,Quản trị kinh doanh,B00,15.00,,THPTQG,2018,Quản trị nhà hàng - khách sạn,daniele15,
DPC,7340101,Quản trị kinh doanh,D01,15.00,,THPTQG,2018,Quản trị nhà hàng - khách sạn,daniele15,
DPC,7480201,Công nghệ thông tin,A00,15.00,,THPTQG,2018,,daniele15,
DPC,7480201,Công nghệ thông tin,A01,15.00,,THPTQG,2018,,daniele15,
DPC,7480201,Công nghệ thông tin,B00,15.00,,THPTQG,2018,,daniele15,
DPC,7480201,Công nghệ thông tin,D01,15.00,,THPTQG,2018,,daniele15,
DPC,7720101,Y khoa,B00,18.00,,THPTQG,2018,,daniele15,
DPC,7720101,Y khoa,D90,18.00,,THPTQG,2018,,daniele15,
DPC,7720101,Y khoa,D91,18.00,,THPTQG,2018,,daniele15,
DPC,7720101,Y khoa,D93,18.00,,THPTQG,2018,,daniele15,
DPD,51140201,Giáo dục Mầm non,,15.00,,THPTQG,2018,Hệ cao đẳng,daniele15,
DPD,51140202,Giáo dục Tiểu học,A00,15.00,,THPTQG,2018,Cao đẳng,daniele15,
DPD,51140202,Giáo dục Tiểu học,A01,15.00,,THPTQG,2018,Cao đẳng,daniele15,
DPD,51140202,Giáo dục Tiểu học,C00,15.00,,THPTQG,2018,Cao đẳng,daniele15,
DPD,51140202,Giáo dục Tiểu học,D78,15.00,,THPTQG,2018,Cao đẳng,daniele15,
DPD,51140209,Sư phạm Toán học,A00,15.00,,THPTQG,2018,Cao đẳng,daniele15,
DPD,51140209,Sư phạm Toán học,A01,15.00,,THPTQG,2018,Cao đẳng,daniele15,
DPD,51140209,Sư phạm Toán học,D90,15.00,,THPTQG,2018,Cao đẳng,daniele15,
DPD,51140210,Sư phạm Tin học,A00,15.00,,THPTQG,2018,Hệ cao đẳng,daniele15,
DPD,51140210,Sư phạm Tin học,A01,15.00,,THPTQG,2018,Hệ cao đẳng,daniele15,
DPD,51140210,Sư phạm Tin học,D01,15.00,,THPTQG,2018,Hệ cao đẳng,daniele15,
DPD,51140210,Sư phạm Tin học,D72,15.00,,THPTQG,2018,Hệ cao đẳng,daniele15,
DPD,51140211,Sư phạm Vật lý,A00,15.00,,THPTQG,2018,Hệ cao đẳng,daniele15,
DPD,51140211,Sư phạm Vật lý,A01,15.00,,THPTQG,2018,Hệ cao đẳng,daniele15,
DPD,51140211,Sư phạm Vật lý,D90,15.00,,THPTQG,2018,Hệ cao đẳng,daniele15,
DPD,51140212,Sư phạm Hóa học,A00,15.00,,THPTQG,2018,Hệ cao đẳng,daniele15,
DPD,51140212,Sư phạm Hóa học,B00,15.00,,THPTQG,2018,Hệ cao đẳng,daniele15,
DPD,51140212,Sư phạm Hóa học,D90,15.00,,THPTQG,2018,Hệ cao đẳng,daniele15,
DPD,51140217,Sư phạm Ngữ văn,C00,15.00,,THPTQG,2018,Hệ cao đẳng,daniele15,
DPD,51140217,Sư phạm Ngữ văn,D78,15.00,,THPTQG,2018,Hệ cao đẳng,daniele15,
DPD,51140218,Sư phạm Lịch sử,C00,15.00,,THPTQG,2018,Cao đẳng,daniele15,
DPD,51140218,Sư phạm Lịch sử,D78,15.00,,THPTQG,2018,Cao đẳng,daniele15,
DPD,51140219,Sư phạm Địa lý,C00,15.00,,THPTQG,2018,Hệ cao đẳng,daniele15,
DPD,51140219,Sư phạm Địa lý,D78,15.00,,THPTQG,2018,Hệ cao đẳng,daniele15,
DPD,51140221,Sư phạm Âm nhạc,N00,15.00,,THPTQG,2018,Cao đẳng,daniele15,
DPD,51140231,Sư phạm Tiếng Anh,D01,15.00,,THPTQG,2018,Hệ cao đẳng,daniele15,
DPD,51140231,Sư phạm Tiếng Anh,D72,15.00,,THPTQG,2018,Hệ cao đẳng,daniele15,
DPD,51140231,Sư phạm Tiếng Anh,D96,15.00,,THPTQG,2018,Hệ cao đẳng,daniele15,
DPD,7140211,Sư phạm Vật lý,A00,17.00,,HocBa,2018,Điểm trúng tuyển học bạ: Học lực giỏi,daniele15,
DPD,7140211,Sư phạm Vật lý,A01,17.00,,HocBa,2018,Điểm trúng tuyển học bạ: Học lực giỏi,daniele15,
DPD,7140211,Sư phạm Vật lý,D90,17.00,,HocBa,2018,Điểm trúng tuyển học bạ: Học lực giỏi,daniele15,
DPD,7140217,Sư phạm Ngữ văn,C00,17.00,,HocBa,2018,Điểm trúng tuyển học bạ: Học lực giỏi,daniele15,
DPD,7140217,Sư phạm Ngữ văn,D78,17.00,,HocBa,2018,Điểm trúng tuyển học bạ: Học lực giỏi,daniele15,
DPD,7140231,Sư phạm Tiếng Anh,D01,17.00,,HocBa,2018,Điểm trúng tuyển học bạ: Học lực giỏi,daniele15,
DPD,7140231,Sư phạm Tiếng Anh,D72,17.00,,HocBa,2018,Điểm trúng tuyển học bạ: Học lực giỏi,daniele15,
DPD,7140231,Sư phạm Tiếng Anh,D96,17.00,,HocBa,2018,Điểm trúng tuyển học bạ: Học lực giỏi,daniele15,
DPD,7220201,Ngôn ngữ Anh,D01,14.00,,HocBa,2018,Điểm trúng tuyển học bạ: 16 điểm,daniele15,
DPD,7220201,Ngôn ngữ Anh,D02,14.00,,HocBa,2018,Điểm trúng tuyển học bạ: 16 điểm,daniele15,
DPD,7220201,Ngôn ngữ Anh,D03,14.00,,HocBa,2018,Điểm trúng tuyển học bạ: 16 điểm,daniele15,
DPD,7220201,Ngôn ngữ Anh,D04,14.00,,HocBa,2018,Điểm trúng tuyển học bạ: 16 điểm,daniele15,
DPD,7220201,Ngôn ngữ Anh,D01,14.00,,THPTQG,2018,,daniele15,
DPD,7220201,Ngôn ngữ Anh,D02,14.00,,THPTQG,2018,,daniele15,
DPD,7220201,Ngôn ngữ Anh,D03,14.00,,THPTQG,2018,,daniele15,
DPD,7220201,Ngôn ngữ Anh,D04,14.00,,THPTQG,2018,,daniele15,
DPD,7220204,Ngôn ngữ Trung Quốc,D01,14.00,,THPTQG,2018,,daniele15,
DPD,7220204,Ngôn ngữ Trung Quốc,D02,14.00,,THPTQG,2018,,daniele15,
DPD,7220204,Ngôn ngữ Trung Quốc,D03,14.00,,THPTQG,2018,,daniele15,
DPD,7220204,Ngôn ngữ Trung Quốc,D04,14.00,,THPTQG,2018,,daniele15,
DPD,7220209,Ngôn ngữ Nhật,D01,14.00,,THPTQG,2018,,daniele15,
DPD,7220209,Ngôn ngữ Nhật,D02,14.00,,THPTQG,2018,,daniele15,
DPD,7220209,Ngôn ngữ Nhật,D03,14.00,,THPTQG,2018,,daniele15,
DPD,7220209,Ngôn ngữ Nhật,D04,14.00,,THPTQG,2018,,daniele15,
DPD,7310105,Kinh tế,A00,13.00,,HocBa,2018,Kinh tế phát triểnĐiểm trúng tuyển học bạ: 16 điểm,daniele15,
DPD,7310105,Kinh tế,A01,13.00,,HocBa,2018,Kinh tế phát triểnĐiểm trúng tuyển học bạ: 16 điểm,daniele15,
DPD,7310105,Kinh tế,D01,13.00,,HocBa,2018,Kinh tế phát triểnĐiểm trúng tuyển học bạ: 16 điểm,daniele15,
DPD,7310105,Kinh tế,D90,13.00,,HocBa,2018,Kinh tế phát triểnĐiểm trúng tuyển học bạ: 16 điểm,daniele15,
DPD,7310630,Việt Nam học,A00,14.00,,THPTQG,2018,,daniele15,
DPD,7310630,Việt Nam học,A01,14.00,,THPTQG,2018,,daniele15,
DPD,7310630,Việt Nam học,C00,14.00,,THPTQG,2018,,daniele15,
DPD,7310630,Việt Nam học,D01,14.00,,THPTQG,2018,,daniele15,
DPD,7340101,Quản trị kinh doanh,A00,14.00,,THPTQG,2018,,daniele15,
DPD,7340101,Quản trị kinh doanh,A01,14.00,,THPTQG,2018,,daniele15,
DPD,7340101,Quản trị kinh doanh,D01,14.00,,THPTQG,2018,,daniele15,
DPD,7340101,Quản trị kinh doanh,D02,14.00,,THPTQG,2018,,daniele15,
DPD,7340201,Tài chính - Ngân hàng,A00,14.00,,THPTQG,2018,,daniele15,
DPD,7340201,Tài chính - Ngân hàng,A01,14.00,,THPTQG,2018,,daniele15,
DPD,7340201,Tài chính - Ngân hàng,D01,14.00,,THPTQG,2018,,daniele15,
DPD,7340201,Tài chính - Ngân hàng,D02,14.00,,THPTQG,2018,,daniele15,
DPD,7340301,Kế toán,A00,14.00,,THPTQG,2018,,daniele15,
DPD,7340301,Kế toán,A01,14.00,,THPTQG,2018,,daniele15,
DPD,7340301,Kế toán,D01,14.00,,THPTQG,2018,,daniele15,
DPD,7340301,Kế toán,D02,14.00,,THPTQG,2018,,daniele15,
DPD,7340406,Quản trị văn phòng,A00,14.00,,THPTQG,2018,,daniele15,
DPD,7340406,Quản trị văn phòng,A01,14.00,,THPTQG,2018,,daniele15,
DPD,7340406,Quản trị văn phòng,C00,14.00,,THPTQG,2018,,daniele15,
DPD,7340406,Quản trị văn phòng,D01,14.00,,THPTQG,2018,,daniele15,
DPD,7420201,Công nghệ sinh học,A00,14.00,,THPTQG,2018,,daniele15,
DPD,7420201,Công nghệ sinh học,B00,14.00,,THPTQG,2018,,daniele15,
DPD,7420201,Công nghệ sinh học,D07,14.00,,THPTQG,2018,,daniele15,
DPD,7420201,Công nghệ sinh học,D08,14.00,,THPTQG,2018,,daniele15,
DPD,7420203,Sinh học ứng dụng,B00,13.00,,HocBa,2018,Điểm trúng tuyển học bạ: 16 điểm,daniele15,
DPD,7420203,Sinh học ứng dụng,D09,13.00,,HocBa,2018,Điểm trúng tuyển học bạ: 16 điểm,daniele15,
DPD,7480201,Công nghệ thông tin,A00,14.00,,HocBa,2018,Điểm trúng tuyển học bạ: 16 điểm,daniele15,
DPD,7480201,Công nghệ thông tin,A01,14.00,,HocBa,2018,Điểm trúng tuyển học bạ: 16 điểm,daniele15,
DPD,7480201,Công nghệ thông tin,C01,14.00,,HocBa,2018,Điểm trúng tuyển học bạ: 16 điểm,daniele15,
DPD,7480201,Công nghệ thông tin,D01,14.00,,HocBa,2018,Điểm trúng tuyển học bạ: 16 điểm,daniele15,
DPD,7480201,Công nghệ thông tin,A00,14.00,,THPTQG,2018,,daniele15,
DPD,7480201,Công nghệ thông tin,A01,14.00,,THPTQG,2018,,daniele15,
DPD,7480201,Công nghệ thông tin,C01,14.00,,THPTQG,2018,,daniele15,
DPD,7480201,Công nghệ thông tin,D01,14.00,,THPTQG,2018,,daniele15,
DPD,7510201,Công nghệ kỹ thuật cơ khí,A00,13.00,,HocBa,2018,Điểm trúng tuyển học bạ: 16 điểm,daniele15,
DPD,7510201,Công nghệ kỹ thuật cơ khí,A01,13.00,,HocBa,2018,Điểm trúng tuyển học bạ: 16 điểm,daniele15,
DPD,7510201,Công nghệ kỹ thuật cơ khí,D90,13.00,,HocBa,2018,Điểm trúng tuyển học bạ: 16 điểm,daniele15,
DPD,7510203,Công nghệ kỹ thuật cơ điện tử,A00,14.00,,THPTQG,2018,,daniele15,
DPD,7510203,Công nghệ kỹ thuật cơ điện tử,A01,14.00,,THPTQG,2018,,daniele15,
DPD,7510203,Công nghệ kỹ thuật cơ điện tử,C01,14.00,,THPTQG,2018,,daniele15,
DPD,7510203,Công nghệ kỹ thuật cơ điện tử,D01,14.00,,THPTQG,2018,,daniele15,
DPD,7510301,"Công nghệ kỹ thuật điện, điện tử",A00,14.00,,THPTQG,2018,,daniele15,
DPD,7510301,"Công nghệ kỹ thuật điện, điện tử",A01,14.00,,THPTQG,2018,,daniele15,
DPD,7510301,"Công nghệ kỹ thuật điện, điện tử",C01,14.00,,THPTQG,2018,,daniele15,
DPD,7510301,"Công nghệ kỹ thuật điện, điện tử",D01,14.00,,THPTQG,2018,,daniele15,
DPD,7510302,Công nghệ kỹ thuật điện tử - viễn thông,A00,14.00,,THPTQG,2018,,daniele15,
DPD,7510302,Công nghệ kỹ thuật điện tử - viễn thông,A01,14.00,,THPTQG,2018,,daniele15,
DPD,7510302,Công nghệ kỹ thuật điện tử - viễn thông,C02,14.00,,THPTQG,2018,,daniele15,
DPD,7510302,Công nghệ kỹ thuật điện tử - viễn thông,D01,14.00,,THPTQG,2018,,daniele15,
DPD,7510406,Công nghệ kỹ thuật môi trường,A00,14.00,,THPTQG,2018,,daniele15,
DPD,7510406,Công nghệ kỹ thuật môi trường,B00,14.00,,THPTQG,2018,,daniele15,
DPD,7510406,Công nghệ kỹ thuật môi trường,D07,14.00,,THPTQG,2018,,daniele15,
DPD,7510406,Công nghệ kỹ thuật môi trường,D08,14.00,,THPTQG,2018,,daniele15,
DPD,7520114,Kỹ thuật cơ điện tử,A00,13.00,,HocBa,2018,Điểm trúng tuyển học bạ: 16 điểm,daniele15,
DPD,7520114,Kỹ thuật cơ điện tử,A01,13.00,,HocBa,2018,Điểm trúng tuyển học bạ: 16 điểm,daniele15,
DPD,7520114,Kỹ thuật cơ điện tử,D90,13.00,,HocBa,2018,Điểm trúng tuyển học bạ: 16 điểm,daniele15,
DPD,7520207,Kỹ thuật điện tử - viễn thông,A00,13.00,,HocBa,2018,Điểm trúng tuyển học bạ: 16 điểm,daniele15,
DPD,7520207,Kỹ thuật điện tử - viễn thông,A01,13.00,,HocBa,2018,Điểm trúng tuyển học bạ: 16 điểm,daniele15,
DPD,7520207,Kỹ thuật điện tử - viễn thông,D90,13.00,,HocBa,2018,Điểm trúng tuyển học bạ: 16 điểm,daniele15,
DPD,7580101,Kiến trúc,V00,19.00,,THPTQG,2018,"Tổng điểm chưa nhân hệ số từ 14 điểm trở lên, điểm thi môn vẽ mỹ thuật >= 4 và được nhân hệ số 2",daniele15,
DPD,7580101,Kiến trúc,V01,19.00,,THPTQG,2018,"Tổng điểm chưa nhân hệ số từ 14 điểm trở lên, điểm thi môn vẽ mỹ thuật >= 4 và được nhân hệ số 2",daniele15,
DPD,7580101,Kiến trúc,V02,19.00,,THPTQG,2018,"Tổng điểm chưa nhân hệ số từ 14 điểm trở lên, điểm thi môn vẽ mỹ thuật >= 4 và được nhân hệ số 2",daniele15,
DPD,7580101,Kiến trúc,V05,19.00,,THPTQG,2018,"Tổng điểm chưa nhân hệ số từ 14 điểm trở lên, điểm thi môn vẽ mỹ thuật >= 4 và được nhân hệ số 2",daniele15,
DPD,7580201,Kỹ thuật xây dựng,A00,14.00,,THPTQG,2018,,daniele15,
DPD,7580201,Kỹ thuật xây dựng,A01,14.00,,THPTQG,2018,,daniele15,
DPD,7580201,Kỹ thuật xây dựng,C01,14.00,,THPTQG,2018,,daniele15,
DPD,7580201,Kỹ thuật xây dựng,D01,14.00,,THPTQG,2018,,daniele15,
DPD,7580205,Kỹ thuật xây dựng,A00,14.00,,THPTQG,2018,Kỹ thuật xây dựng công trình giao thông,daniele15,
DPD,7580205,Kỹ thuật xây dựng,A01,14.00,,THPTQG,2018,Kỹ thuật xây dựng công trình giao thông,daniele15,
DPD,7580205,Kỹ thuật xây dựng,C01,14.00,,THPTQG,2018,Kỹ thuật xây dựng công trình giao thông,daniele15,
DPD,7580205,Kỹ thuật xây dựng,D01,14.00,,THPTQG,2018,Kỹ thuật xây dựng công trình giao thông,daniele15,
DPD,7580301,Kinh tế,A00,14.00,,THPTQG,2018,Kinh tế xây dựng,daniele15,
DPD,7580301,Kinh tế,A01,14.00,,THPTQG,2018,Kinh tế xây dựng,daniele15,
DPD,7580301,Kinh tế,D01,14.00,,THPTQG,2018,Kinh tế xây dựng,daniele15,
DPD,7580301,Kinh tế,D02,14.00,,THPTQG,2018,Kinh tế xây dựng,daniele15,
DPD,7810103,Quản trị dịch vụ du lịch và lữ hành,A00,14.00,,THPTQG,2018,,daniele15,
DPD,7810103,Quản trị dịch vụ du lịch và lữ hành,A01,14.00,,THPTQG,2018,,daniele15,
DPD,7810103,Quản trị dịch vụ du lịch và lữ hành,C00,14.00,,THPTQG,2018,,daniele15,
DPD,7810103,Quản trị dịch vụ du lịch và lữ hành,D01,14.00,,THPTQG,2018,,daniele15,
DPT,7220201,Ngôn ngữ Anh,D01,14.00,,THPTQG,2018,,daniele15,
DPT,7340101,Quản trị kinh doanh,A00,14.00,,THPTQG,2018,,daniele15,
DPT,7340120,Kinh doanh quốc tế,A00,14.00,,THPTQG,2018,,daniele15,
DPT,7340201,Tài chính - Ngân hàng,A00,14.00,,THPTQG,2018,,daniele15,
DPT,7340301,Kế toán,A00,14.00,,THPTQG,2018,,daniele15,
DPT,7380107,Luật,C00,14.00,,THPTQG,2018,Luật kinh tế,daniele15,
DPT,7480201,Công nghệ thông tin,A00,14.00,,THPTQG,2018,,daniele15,
DPT,7810103,Quản trị dịch vụ du lịch và lữ hành,A00,14.00,,THPTQG,2018,,daniele15,
DPT,7810201,Quản trị khách sạn,A00,14.00,,THPTQG,2018,,daniele15,
DPY,51140201,Giáo dục Mầm non,,15.00,,THPTQG,2018,,daniele15,
DPY,7140201,Giáo dục Mầm non,,17.00,,THPTQG,2018,,daniele15,
DPY,7140202,Giáo dục Tiểu học,A00,17.00,,THPTQG,2018,,daniele15,
DPY,7140202,Giáo dục Tiểu học,A01,17.00,,THPTQG,2018,,daniele15,
DPY,7140202,Giáo dục Tiểu học,C00,17.00,,THPTQG,2018,,daniele15,
DPY,7140202,Giáo dục Tiểu học,D01,17.00,,THPTQG,2018,,daniele15,
DPY,7140209,Sư phạm Toán học,A00,17.00,,THPTQG,2018,,daniele15,
DPY,7140209,Sư phạm Toán học,A01,17.00,,THPTQG,2018,,daniele15,
DPY,7140209,Sư phạm Toán học,D01,17.00,,THPTQG,2018,,daniele15,
DPY,7140210,Sư phạm Tin học,A00,17.00,,THPTQG,2018,Chuyên ngành Tin học - Công nghệ Tiểu học,daniele15,
DPY,7140210,Sư phạm Tin học,A01,17.00,,THPTQG,2018,Chuyên ngành Tin học - Công nghệ Tiểu học,daniele15,
DPY,7140210,Sư phạm Tin học,D01,17.00,,THPTQG,2018,Chuyên ngành Tin học - Công nghệ Tiểu học,daniele15,
DPY,7140212,Sư phạm Hóa học,A00,17.00,,THPTQG,2018,Chuyên ngành Hóa - Lý,daniele15,
DPY,7140212,Sư phạm Hóa học,A01,17.00,,THPTQG,2018,Chuyên ngành Hóa - Lý,daniele15,
DPY,7140212,Sư phạm Hóa học,B00,17.00,,THPTQG,2018,Chuyên ngành Hóa - Lý,daniele15,
DPY,7140212,Sư phạm Hóa học,D07,17.00,,THPTQG,2018,Chuyên ngành Hóa - Lý,daniele15,
DPY,7140213,Sư phạm Sinh học,A02,17.00,,THPTQG,2018,Chuyên ngành Sinh học - Công nghệ THPT,daniele15,
DPY,7140213,Sư phạm Sinh học,B00,17.00,,THPTQG,2018,Chuyên ngành Sinh học - Công nghệ THPT,daniele15,
DPY,7140213,Sư phạm Sinh học,D08,17.00,,THPTQG,2018,Chuyên ngành Sinh học - Công nghệ THPT,daniele15,
DPY,7140217,Sư phạm Ngữ văn,C00,17.00,,THPTQG,2018,,daniele15,
DPY,7140217,Sư phạm Ngữ văn,D01,17.00,,THPTQG,2018,,daniele15,
DPY,7140217,Sư phạm Ngữ văn,D14,17.00,,THPTQG,2018,,daniele15,
DPY,7140218,Sư phạm Lịch sử,C00,17.00,,THPTQG,2018,Sư phạm Lịch sử (Chuyên ngành Sử - Địa),daniele15,
DPY,7140218,Sư phạm Lịch sử,D14,17.00,,THPTQG,2018,Sư phạm Lịch sử (Chuyên ngành Sử - Địa),daniele15,
DPY,7140218,Sư phạm Lịch sử,D15,17.00,,THPTQG,2018,Sư phạm Lịch sử (Chuyên ngành Sử - Địa),daniele15,
DPY,7140231,Sư phạm Tiếng Anh,A01,17.00,,THPTQG,2018,Chuyên ngành Tiếng Anh Tiểu học- Mầm non,daniele15,
DPY,7140231,Sư phạm Tiếng Anh,D01,17.00,,THPTQG,2018,Chuyên ngành Tiếng Anh Tiểu học- Mầm non,daniele15,
DPY,7140231,Sư phạm Tiếng Anh,D14,17.00,,THPTQG,2018,Chuyên ngành Tiếng Anh Tiểu học- Mầm non,daniele15,
DQB,51140201,Giáo dục Mầm non,,15.00,,HocBa,2018,Xét tuyển học bạ lấy 15.0 điểm,daniele15,
DQB,51140202,Giáo dục Tiểu học,A00,15.00,,HocBa,2018,Xét tuyển học bạ lấy 15.0 điểm,daniele15,
DQB,51140202,Giáo dục Tiểu học,C00,15.00,,HocBa,2018,Xét tuyển học bạ lấy 15.0 điểm,daniele15,
DQB,51140202,Giáo dục Tiểu học,C14,15.00,,HocBa,2018,Xét tuyển học bạ lấy 15.0 điểm,daniele15,
DQB,51140202,Giáo dục Tiểu học,D01,15.00,,HocBa,2018,Xét tuyển học bạ lấy 15.0 điểm,daniele15,
DQB,6220103,Việt Nam học,C00,12.00,,HocBa,2018,Xét tuyển học bạ lấy 15.0 điểm,daniele15,
DQB,6220103,Việt Nam học,C20,12.00,,HocBa,2018,Xét tuyển học bạ lấy 15.0 điểm,daniele15,
DQB,6220103,Việt Nam học,D01,12.00,,HocBa,2018,Xét tuyển học bạ lấy 15.0 điểm,daniele15,
DQB,6220103,Việt Nam học,D10,12.00,,HocBa,2018,Xét tuyển học bạ lấy 15.0 điểm,daniele15,
DQB,6220206,Tiếng Anh,D01,12.00,,HocBa,2018,Xét tuyển học bạ lấy 15.0 điểm,daniele15,
DQB,6220206,Tiếng Anh,D09,12.00,,HocBa,2018,Xét tuyển học bạ lấy 15.0 điểm,daniele15,
DQB,6220206,Tiếng Anh,D14,12.00,,HocBa,2018,Xét tuyển học bạ lấy 15.0 điểm,daniele15,
DQB,6220206,Tiếng Anh,D15,12.00,,HocBa,2018,Xét tuyển học bạ lấy 15.0 điểm,daniele15,
DQB,6220209,Tiếng Trung Quốc,D01,12.00,,HocBa,2018,Xét tuyển học bạ lấy 15.0 điểm,daniele15,
DQB,6220209,Tiếng Trung Quốc,D09,12.00,,HocBa,2018,Xét tuyển học bạ lấy 15.0 điểm,daniele15,
DQB,6220209,Tiếng Trung Quốc,D14,12.00,,HocBa,2018,Xét tuyển học bạ lấy 15.0 điểm,daniele15,
DQB,6220209,Tiếng Trung Quốc,D15,12.00,,HocBa,2018,Xét tuyển học bạ lấy 15.0 điểm,daniele15,
DQB,6340301,Kế toán,A00,12.00,,HocBa,2018,Xét tuyển học bạ lấy 15.0 điểm,daniele15,
DQB,6340301,Kế toán,A01,12.00,,HocBa,2018,Xét tuyển học bạ lấy 15.0 điểm,daniele15,
DQB,6340301,Kế toán,D01,12.00,,HocBa,2018,Xét tuyển học bạ lấy 15.0 điểm,daniele15,
DQB,6340301,Kế toán,D07,12.00,,HocBa,2018,Xét tuyển học bạ lấy 15.0 điểm,daniele15,
DQB,6340404,Quản trị kinh doanh,A00,12.00,,HocBa,2018,Xét tuyển học bạ lấy 15.0 điểm,daniele15,
DQB,6340404,Quản trị kinh doanh,A01,12.00,,HocBa,2018,Xét tuyển học bạ lấy 15.0 điểm,daniele15,
DQB,6340404,Quản trị kinh doanh,D01,12.00,,HocBa,2018,Xét tuyển học bạ lấy 15.0 điểm,daniele15,
DQB,6340404,Quản trị kinh doanh,D07,12.00,,HocBa,2018,Xét tuyển học bạ lấy 15.0 điểm,daniele15,
DQB,6480201,Công nghệ thông tin,A00,12.00,,HocBa,2018,Xét tuyển học bạ lấy 15.0 điểm,daniele15,
DQB,6480201,Công nghệ thông tin,A01,12.00,,HocBa,2018,Xét tuyển học bạ lấy 15.0 điểm,daniele15,
DQB,6480201,Công nghệ thông tin,A02,12.00,,HocBa,2018,Xét tuyển học bạ lấy 15.0 điểm,daniele15,
DQB,6480201,Công nghệ thông tin,D01,12.00,,HocBa,2018,Xét tuyển học bạ lấy 15.0 điểm,daniele15,
DQB,6510303,"Công nghệ kỹ thuật điện, điện tử",A00,12.00,,HocBa,2018,Xét tuyển học bạ lấy 15.0 điểm,daniele15,
DQB,6510303,"Công nghệ kỹ thuật điện, điện tử",A01,12.00,,HocBa,2018,Xét tuyển học bạ lấy 15.0 điểm,daniele15,
DQB,6510303,"Công nghệ kỹ thuật điện, điện tử",A02,12.00,,HocBa,2018,Xét tuyển học bạ lấy 15.0 điểm,daniele15,
DQB,6510303,"Công nghệ kỹ thuật điện, điện tử",D07,12.00,,HocBa,2018,Xét tuyển học bạ lấy 15.0 điểm,daniele15,
DQB,6620119,Chăn nuôi,A00,12.00,,HocBa,2018,Xét tuyển học bạ lấy 15.0 điểm,daniele15,
DQB,6620119,Chăn nuôi,B00,12.00,,HocBa,2018,Xét tuyển học bạ lấy 15.0 điểm,daniele15,
DQB,6620119,Chăn nuôi,B03,12.00,,HocBa,2018,Xét tuyển học bạ lấy 15.0 điểm,daniele15,
DQB,6620119,Chăn nuôi,C04,12.00,,HocBa,2018,Xét tuyển học bạ lấy 15.0 điểm,daniele15,
DQB,6620303,Nuôi trồng thuỷ sản,A00,12.00,,HocBa,2018,Xét tuyển học bạ lấy 15.0 điểm,daniele15,
DQB,6620303,Nuôi trồng thuỷ sản,B00,12.00,,HocBa,2018,Xét tuyển học bạ lấy 15.0 điểm,daniele15,
DQB,6620303,Nuôi trồng thuỷ sản,B03,12.00,,HocBa,2018,Xét tuyển học bạ lấy 15.0 điểm,daniele15,
DQB,6620303,Nuôi trồng thuỷ sản,C04,12.00,,HocBa,2018,Xét tuyển học bạ lấy 15.0 điểm,daniele15,
DQB,7140201,Giáo dục Mầm non,,17.00,,HocBa,2018,Xét tuyển học bạ lấy 18.0 điểm,daniele15,
DQB,7140202,Giáo dục Tiểu học,A00,17.00,,HocBa,2018,Xét tuyển học bạ lấy 18.0 điểm,daniele15,
DQB,7140202,Giáo dục Tiểu học,C00,17.00,,HocBa,2018,Xét tuyển học bạ lấy 18.0 điểm,daniele15,
DQB,7140202,Giáo dục Tiểu học,C14,17.00,,HocBa,2018,Xét tuyển học bạ lấy 18.0 điểm,daniele15,
DQB,7140202,Giáo dục Tiểu học,D01,17.00,,HocBa,2018,Xét tuyển học bạ lấy 18.0 điểm,daniele15,
DQB,7140205,Giáo dục Chính trị,C00,17.00,,HocBa,2018,Xét tuyển học bạ lấy 18.0 điểm,daniele15,
DQB,7140205,Giáo dục Chính trị,C19,17.00,,HocBa,2018,Xét tuyển học bạ lấy 18.0 điểm,daniele15,
DQB,7140205,Giáo dục Chính trị,C20,17.00,,HocBa,2018,Xét tuyển học bạ lấy 18.0 điểm,daniele15,
DQB,7140205,Giáo dục Chính trị,D66,17.00,,HocBa,2018,Xét tuyển học bạ lấy 18.0 điểm,daniele15,
DQB,7140209,Sư phạm Toán học,A00,17.00,,HocBa,2018,Xét tuyển học bạ lấy 18.0 điểm,daniele15,
DQB,7140209,Sư phạm Toán học,A01,17.00,,HocBa,2018,Xét tuyển học bạ lấy 18.0 điểm,daniele15,
DQB,7140209,Sư phạm Toán học,A02,17.00,,HocBa,2018,Xét tuyển học bạ lấy 18.0 điểm,daniele15,
DQB,7140209,Sư phạm Toán học,D07,17.00,,HocBa,2018,Xét tuyển học bạ lấy 18.0 điểm,daniele15,
DQB,7140212,Sư phạm Hóa học,A00,17.00,,HocBa,2018,Xét tuyển học bạ lấy 18.0 điểm,daniele15,
DQB,7140212,Sư phạm Hóa học,B00,17.00,,HocBa,2018,Xét tuyển học bạ lấy 18.0 điểm,daniele15,
DQB,7140212,Sư phạm Hóa học,D07,17.00,,HocBa,2018,Xét tuyển học bạ lấy 18.0 điểm,daniele15,
DQB,7140217,Sư phạm Ngữ văn,C00,17.00,,HocBa,2018,Xét tuyển học bạ lấy 18.0 điểm,daniele15,
DQB,7140217,Sư phạm Ngữ văn,C19,17.00,,HocBa,2018,Xét tuyển học bạ lấy 18.0 điểm,daniele15,
DQB,7140217,Sư phạm Ngữ văn,C20,17.00,,HocBa,2018,Xét tuyển học bạ lấy 18.0 điểm,daniele15,
DQB,7140217,Sư phạm Ngữ văn,D66,17.00,,HocBa,2018,Xét tuyển học bạ lấy 18.0 điểm,daniele15,
DQB,7140218,Sư phạm Lịch sử,C00,17.00,,HocBa,2018,Xét tuyển học bạ lấy 18.0 điểm,daniele15,
DQB,7140218,Sư phạm Lịch sử,C19,17.00,,HocBa,2018,Xét tuyển học bạ lấy 18.0 điểm,daniele15,
DQB,7140218,Sư phạm Lịch sử,D14,17.00,,HocBa,2018,Xét tuyển học bạ lấy 18.0 điểm,daniele15,
DQB,7220201,Ngôn ngữ Anh,D01,14.00,,HocBa,2018,Xét tuyển học bạ lấy 18.0 điểm,daniele15,
DQB,7220201,Ngôn ngữ Anh,D09,14.00,,HocBa,2018,Xét tuyển học bạ lấy 18.0 điểm,daniele15,
DQB,7220201,Ngôn ngữ Anh,D14,14.00,,HocBa,2018,Xét tuyển học bạ lấy 18.0 điểm,daniele15,
DQB,7220201,Ngôn ngữ Anh,D15,14.00,,HocBa,2018,Xét tuyển học bạ lấy 18.0 điểm,daniele15,
DQB,7310501,Địa lý học,C00,14.00,,HocBa,2018,Xét tuyển học bạ lấy 18.0 điểm,daniele15,
DQB,7310501,Địa lý học,C20,14.00,,HocBa,2018,Xét tuyển học bạ lấy 18.0 điểm,daniele15,
DQB,7310501,Địa lý học,D10,14.00,,HocBa,2018,Xét tuyển học bạ lấy 18.0 điểm,daniele15,
DQB,7310501,Địa lý học,D15,14.00,,HocBa,2018,Xét tuyển học bạ lấy 18.0 điểm,daniele15,
DQB,7340101,Quản trị kinh doanh,A00,14.00,,HocBa,2018,Xét tuyển học bạ lấy 18.0 điểm,daniele15,
DQB,7340101,Quản trị kinh doanh,A01,14.00,,HocBa,2018,Xét tuyển học bạ lấy 18.0 điểm,daniele15,
DQB,7340101,Quản trị kinh doanh,D01,14.00,,HocBa,2018,Xét tuyển học bạ lấy 18.0 điểm,daniele15,
DQB,7340101,Quản trị kinh doanh,D07,14.00,,HocBa,2018,Xét tuyển học bạ lấy 18.0 điểm,daniele15,
DQB,7340301,Kế toán,A00,14.00,,HocBa,2018,Xét tuyển học bạ lấy 18.0 điểm,daniele15,
DQB,7340301,Kế toán,A01,14.00,,HocBa,2018,Xét tuyển học bạ lấy 18.0 điểm,daniele15,
DQB,7340301,Kế toán,D01,14.00,,HocBa,2018,Xét tuyển học bạ lấy 18.0 điểm,daniele15,
DQB,7340301,Kế toán,D07,14.00,,HocBa,2018,Xét tuyển học bạ lấy 18.0 điểm,daniele15,
DQB,7340405,Hệ thống thông tin quản lý,A00,14.00,,HocBa,2018,Xét tuyển học bạ lấy 18.0 điểm,daniele15,
DQB,7340405,Hệ thống thông tin quản lý,A01,14.00,,HocBa,2018,Xét tuyển học bạ lấy 18.0 điểm,daniele15,
DQB,7340405,Hệ thống thông tin quản lý,D01,14.00,,HocBa,2018,Xét tuyển học bạ lấy 18.0 điểm,daniele15,
DQB,7340405,Hệ thống thông tin quản lý,D07,14.00,,HocBa,2018,Xét tuyển học bạ lấy 18.0 điểm,daniele15,
DQB,7380101,Luật,A00,14.00,,HocBa,2018,Xét tuyển học bạ lấy 18.0 điểm,daniele15,
DQB,7380101,Luật,A01,14.00,,HocBa,2018,Xét tuyển học bạ lấy 18.0 điểm,daniele15,
DQB,7380101,Luật,C00,14.00,,HocBa,2018,Xét tuyển học bạ lấy 18.0 điểm,daniele15,
DQB,7380101,Luật,D01,14.00,,HocBa,2018,Xét tuyển học bạ lấy 18.0 điểm,daniele15,
DQB,7480103,Kỹ thuật phần mềm,A00,14.00,,THPTQG,2018,,daniele15,
DQB,7480103,Kỹ thuật phần mềm,A01,14.00,,THPTQG,2018,,daniele15,
DQB,7480103,Kỹ thuật phần mềm,A02,14.00,,THPTQG,2018,,daniele15,
DQB,7480103,Kỹ thuật phần mềm,D01,14.00,,THPTQG,2018,,daniele15,
DQB,7480201,Công nghệ thông tin,A00,14.00,,HocBa,2018,Xét tuyển học bạ lấy 17.0 điểm,daniele15,
DQB,7480201,Công nghệ thông tin,A01,14.00,,HocBa,2018,Xét tuyển học bạ lấy 17.0 điểm,daniele15,
DQB,7480201,Công nghệ thông tin,A02,14.00,,HocBa,2018,Xét tuyển học bạ lấy 17.0 điểm,daniele15,
DQB,7480201,Công nghệ thông tin,D01,14.00,,HocBa,2018,Xét tuyển học bạ lấy 17.0 điểm,daniele15,
DQB,7520201,Kỹ thuật điện,A00,14.00,,HocBa,2018,Xét tuyển học bạ lấy 17.0 điểm,daniele15,
DQB,7520201,Kỹ thuật điện,A01,14.00,,HocBa,2018,Xét tuyển học bạ lấy 17.0 điểm,daniele15,
DQB,7520201,Kỹ thuật điện,A02,14.00,,HocBa,2018,Xét tuyển học bạ lấy 17.0 điểm,daniele15,
DQB,7520201,Kỹ thuật điện,D07,14.00,,HocBa,2018,Xét tuyển học bạ lấy 17.0 điểm,daniele15,
DQB,7620116,Phát triển nông thôn,A00,14.00,,THPTQG,2018,,daniele15,
DQB,7620116,Phát triển nông thôn,B00,14.00,,THPTQG,2018,,daniele15,
DQB,7620116,Phát triển nông thôn,C03,14.00,,THPTQG,2018,,daniele15,
DQB,7620116,Phát triển nông thôn,C04,14.00,,THPTQG,2018,,daniele15,
DQB,7620201,Lâm học,A00,14.00,,HocBa,2018,Xét tuyển học bạ lấy 15.0 điểm,daniele15,
DQB,7620201,Lâm học,B00,14.00,,HocBa,2018,Xét tuyển học bạ lấy 15.0 điểm,daniele15,
DQB,7620201,Lâm học,B03,14.00,,HocBa,2018,Xét tuyển học bạ lấy 15.0 điểm,daniele15,
DQB,7620201,Lâm học,C04,14.00,,HocBa,2018,Xét tuyển học bạ lấy 15.0 điểm,daniele15,
DQB,7620211,Quản lý tài nguyên rừng,A00,14.00,,HocBa,2018,Xét tuyển học bạ lấy 15.0 điểm,daniele15,
DQB,7620211,Quản lý tài nguyên rừng,B00,14.00,,HocBa,2018,Xét tuyển học bạ lấy 15.0 điểm,daniele15,
DQB,7620211,Quản lý tài nguyên rừng,B03,14.00,,HocBa,2018,Xét tuyển học bạ lấy 15.0 điểm,daniele15,
DQB,7620211,Quản lý tài nguyên rừng,C04,14.00,,HocBa,2018,Xét tuyển học bạ lấy 15.0 điểm,daniele15,
DQB,7850101,Quản lý tài nguyên và môi trường,A00,14.00,,HocBa,2018,Xét tuyển học bạ lấy 15.0 điểm,daniele15,
DQB,7850101,Quản lý tài nguyên và môi trường,A02,14.00,,HocBa,2018,Xét tuyển học bạ lấy 15.0 điểm,daniele15,
DQB,7850101,Quản lý tài nguyên và môi trường,B00,14.00,,HocBa,2018,Xét tuyển học bạ lấy 15.0 điểm,daniele15,
DQB,7850101,Quản lý tài nguyên và môi trường,B02,14.00,,HocBa,2018,Xét tuyển học bạ lấy 15.0 điểm,daniele15,
DQK,7210402,Thiết kế công nghiệp,H00,13.00,,THPTQG,2018,,daniele15,
DQK,7210402,Thiết kế công nghiệp,H01,13.00,,THPTQG,2018,,daniele15,
DQK,7210402,Thiết kế công nghiệp,H02,13.00,,THPTQG,2018,,daniele15,
DQK,7210402,Thiết kế công nghiệp,H08,13.00,,THPTQG,2018,,daniele15,
DQK,7210403,Thiết kế đồ họa,H00,13.00,,THPTQG,2018,,daniele15,
DQK,7210403,Thiết kế đồ họa,H01,13.00,,THPTQG,2018,,daniele15,
DQK,7210403,Thiết kế đồ họa,H02,13.00,,THPTQG,2018,,daniele15,
DQK,7210403,Thiết kế đồ họa,H08,13.00,,THPTQG,2018,,daniele15,
DQK,7220201,Ngôn ngữ Anh,A01,16.50,,THPTQG,2018,,daniele15,
DQK,7220201,Ngôn ngữ Anh,D01,16.50,,THPTQG,2018,,daniele15,
DQK,7220201,Ngôn ngữ Anh,D09,16.50,,THPTQG,2018,,daniele15,
DQK,7220201,Ngôn ngữ Anh,D10,16.50,,THPTQG,2018,,daniele15,
DQK,7220202,Ngôn ngữ Nga,A01,13.00,,THPTQG,2018,,daniele15,
DQK,7220202,Ngôn ngữ Nga,D01,13.00,,THPTQG,2018,,daniele15,
DQK,7220202,Ngôn ngữ Nga,D09,13.00,,THPTQG,2018,,daniele15,
DQK,7220202,Ngôn ngữ Nga,D10,13.00,,THPTQG,2018,,daniele15,
DQK,7220204,Ngôn ngữ Trung Quốc,A01,16.50,,THPTQG,2018,,daniele15,
DQK,7220204,Ngôn ngữ Trung Quốc,D01,16.50,,THPTQG,2018,,daniele15,
DQK,7220204,Ngôn ngữ Trung Quốc,D14,16.50,,THPTQG,2018,,daniele15,
DQK,7220204,Ngôn ngữ Trung Quốc,D15,16.50,,THPTQG,2018,,daniele15,
DQK,7310205,Quản lý nhà nước,B00,13.00,,THPTQG,2018,,daniele15,
DQK,7310205,Quản lý nhà nước,C00,13.00,,THPTQG,2018,,daniele15,
DQK,7310205,Quản lý nhà nước,C03,13.00,,THPTQG,2018,,daniele15,
DQK,7310205,Quản lý nhà nước,D09,13.00,,THPTQG,2018,,daniele15,
DQK,7340101,Quản trị kinh doanh,A00,16.50,,THPTQG,2018,,daniele15,
DQK,7340101,Quản trị kinh doanh,A01,16.50,,THPTQG,2018,,daniele15,
DQK,7340101,Quản trị kinh doanh,A08,16.50,,THPTQG,2018,,daniele15,
DQK,7340101,Quản trị kinh doanh,D01,16.50,,THPTQG,2018,,daniele15,
DQK,7340120,Kinh doanh quốc tế,A00,16.50,,THPTQG,2018,,daniele15,
DQK,7340120,Kinh doanh quốc tế,A04,16.50,,THPTQG,2018,,daniele15,
DQK,7340120,Kinh doanh quốc tế,A09,16.50,,THPTQG,2018,,daniele15,
DQK,7340120,Kinh doanh quốc tế,D01,16.50,,THPTQG,2018,,daniele15,
DQK,7340201,Tài chính - Ngân hàng,A00,13.00,,THPTQG,2018,,daniele15,
DQK,7340201,Tài chính - Ngân hàng,A01,13.00,,THPTQG,2018,,daniele15,
DQK,7340201,Tài chính - Ngân hàng,A02,13.00,,THPTQG,2018,,daniele15,
DQK,7340201,Tài chính - Ngân hàng,D01,13.00,,THPTQG,2018,,daniele15,
DQK,7340301,Kế toán,A00,15.00,,THPTQG,2018,,daniele15,
DQK,7340301,Kế toán,A01,15.00,,THPTQG,2018,,daniele15,
DQK,7340301,Kế toán,A08,15.00,,THPTQG,2018,,daniele15,
DQK,7340301,Kế toán,D01,15.00,,THPTQG,2018,,daniele15,
DQK,7380107,Luật,A08,16.50,,THPTQG,2018,Luật kinh tế,daniele15,
DQK,7380107,Luật,C00,16.50,,THPTQG,2018,Luật kinh tế,daniele15,
DQK,7380107,Luật,C14,16.50,,THPTQG,2018,Luật kinh tế,daniele15,
DQK,7380107,Luật,D01,16.50,,THPTQG,2018,Luật kinh tế,daniele15,
DQK,7480201,Công nghệ thông tin,A00,15.00,,THPTQG,2018,,daniele15,
DQK,7480201,Công nghệ thông tin,A01,15.00,,THPTQG,2018,,daniele15,
DQK,7480201,Công nghệ thông tin,D01,15.00,,THPTQG,2018,,daniele15,
DQK,7480201,Công nghệ thông tin,D08,15.00,,THPTQG,2018,,daniele15,
DQK,7510203,Công nghệ kỹ thuật cơ điện tử,A00,13.00,,THPTQG,2018,,daniele15,
DQK,7510203,Công nghệ kỹ thuật cơ điện tử,A03,13.00,,THPTQG,2018,,daniele15,
DQK,7510203,Công nghệ kỹ thuật cơ điện tử,A10,13.00,,THPTQG,2018,,daniele15,
DQK,7510203,Công nghệ kỹ thuật cơ điện tử,D01,13.00,,THPTQG,2018,,daniele15,
DQK,7510205,Công nghệ kỹ thuật ô tô,A00,15.00,,THPTQG,2018,,daniele15,
DQK,7510205,Công nghệ kỹ thuật ô tô,A04,15.00,,THPTQG,2018,,daniele15,
DQK,7510205,Công nghệ kỹ thuật ô tô,A07,15.00,,THPTQG,2018,,daniele15,
DQK,7510205,Công nghệ kỹ thuật ô tô,A10,15.00,,THPTQG,2018,,daniele15,
DQK,7510301,"Công nghệ kỹ thuật điện, điện tử",A00,13.00,,THPTQG,2018,,daniele15,
DQK,7510301,"Công nghệ kỹ thuật điện, điện tử",A01,13.00,,THPTQG,2018,,daniele15,
DQK,7510301,"Công nghệ kỹ thuật điện, điện tử",A10,13.00,,THPTQG,2018,,daniele15,
DQK,7510301,"Công nghệ kỹ thuật điện, điện tử",D01,13.00,,THPTQG,2018,,daniele15,
DQK,7510406,Công nghệ kỹ thuật môi trường,A06,13.00,,THPTQG,2018,,daniele15,
DQK,7510406,Công nghệ kỹ thuật môi trường,B00,13.00,,THPTQG,2018,,daniele15,
DQK,7510406,Công nghệ kỹ thuật môi trường,B02,13.00,,THPTQG,2018,,daniele15,
DQK,7510406,Công nghệ kỹ thuật môi trường,B04,13.00,,THPTQG,2018,,daniele15,
DQK,7580101,Kiến trúc,V00,13.00,,THPTQG,2018,,daniele15,
DQK,7580101,Kiến trúc,V01,13.00,,THPTQG,2018,,daniele15,
DQK,7580101,Kiến trúc,V02,13.00,,THPTQG,2018,,daniele15,
DQK,7580101,Kiến trúc,V03,13.00,,THPTQG,2018,,daniele15,
DQK,7580108,Thiết kế nội thất,H00,13.00,,THPTQG,2018,,daniele15,
DQK,7580108,Thiết kế nội thất,H01,13.00,,THPTQG,2018,,daniele15,
DQK,7580108,Thiết kế nội thất,H02,13.00,,THPTQG,2018,,daniele15,
DQK,7580108,Thiết kế nội thất,H08,13.00,,THPTQG,2018,,daniele15,
DQK,7580201,Kỹ thuật xây dựng,A00,13.00,,THPTQG,2018,,daniele15,
DQK,7580201,Kỹ thuật xây dựng,A06,13.00,,THPTQG,2018,,daniele15,
DQK,7580201,Kỹ thuật xây dựng,B02,13.00,,THPTQG,2018,,daniele15,
DQK,7580201,Kỹ thuật xây dựng,C01,13.00,,THPTQG,2018,,daniele15,
DQK,7720101,Y khoa,A00,18.00,,THPTQG,2018,,daniele15,
DQK,7720101,Y khoa,A02,18.00,,THPTQG,2018,,daniele15,
DQK,7720101,Y khoa,B00,18.00,,THPTQG,2018,,daniele15,
DQK,7720201,Dược học,A00,16.00,,THPTQG,2018,,daniele15,
DQK,7720201,Dược học,A02,16.00,,THPTQG,2018,,daniele15,
DQK,7720201,Dược học,B00,16.00,,THPTQG,2018,,daniele15,
DQK,7720301,Điều dưỡng,A00,16.00,,THPTQG,2018,,daniele15,
DQK,7720301,Điều dưỡng,A02,16.00,,THPTQG,2018,,daniele15,
DQK,7720301,Điều dưỡng,B00,16.00,,THPTQG,2018,,daniele15,
DQK,7720501,Răng - Hàm - Mặt,A00,18.00,,THPTQG,2018,,daniele15,
DQK,7720501,Răng - Hàm - Mặt,A02,18.00,,THPTQG,2018,,daniele15,
DQK,7720501,Răng - Hàm - Mặt,B00,18.00,,THPTQG,2018,,daniele15,
DQK,7810103,Quản trị dịch vụ du lịch và lữ hành,A01,16.50,,THPTQG,2018,,daniele15,
DQK,7810103,Quản trị dịch vụ du lịch và lữ hành,A07,16.50,,THPTQG,2018,,daniele15,
DQK,7810103,Quản trị dịch vụ du lịch và lữ hành,D66,16.50,,THPTQG,2018,,daniele15,
DQK,7850101,Quản lý tài nguyên và môi trường,A11,13.00,,THPTQG,2018,,daniele15,
DQK,7850101,Quản lý tài nguyên và môi trường,B00,13.00,,THPTQG,2018,,daniele15,
DQK,7850101,Quản lý tài nguyên và môi trường,B02,13.00,,THPTQG,2018,,daniele15,
DQN,7140114,Quản lý giáo dục,A00,18.00,,HocBa,2018,Học bạ,daniele15,
DQN,7140114,Quản lý giáo dục,C00,18.00,,HocBa,2018,Học bạ,daniele15,
DQN,7140114,Quản lý giáo dục,D01,18.00,,HocBa,2018,Học bạ,daniele15,
DQN,7140114,Quản lý giáo dục,A00,14.00,,THPTQG,2018,,daniele15,
DQN,7140114,Quản lý giáo dục,C00,14.00,,THPTQG,2018,,daniele15,
DQN,7140114,Quản lý giáo dục,D01,14.00,,THPTQG,2018,,daniele15,
DQN,7140201,Giáo dục Mầm non,,18.50,,THPTQG,2018,,daniele15,
DQN,7140201,Giáo dục Mầm non,,17.00,,THPTQG,2018,,daniele15,
DQN,7140202,Giáo dục Tiểu học,A00,19.00,,THPTQG,2018,,daniele15,
DQN,7140202,Giáo dục Tiểu học,C00,19.00,,THPTQG,2018,,daniele15,
DQN,7140202,Giáo dục Tiểu học,D01,19.00,,THPTQG,2018,,daniele15,
DQN,7140202,Giáo dục Tiểu học,A00,18.00,,THPTQG,2018,,daniele15,
DQN,7140202,Giáo dục Tiểu học,C00,18.00,,THPTQG,2018,,daniele15,
DQN,7140202,Giáo dục Tiểu học,D01,18.00,,THPTQG,2018,,daniele15,
DQN,7140205,Giáo dục Chính trị,C00,17.00,,THPTQG,2018,,daniele15,
DQN,7140205,Giáo dục Chính trị,C19,17.00,,THPTQG,2018,,daniele15,
DQN,7140205,Giáo dục Chính trị,D01,17.00,,THPTQG,2018,,daniele15,
DQN,7140206,Giáo dục Thể chất,T00,19.98,,THPTQG,2018,,daniele15,
DQN,7140206,Giáo dục Thể chất,T02,19.98,,THPTQG,2018,,daniele15,
DQN,7140209,Sư phạm Toán học,A00,17.50,,THPTQG,2018,,daniele15,
DQN,7140209,Sư phạm Toán học,A01,17.50,,THPTQG,2018,,daniele15,
DQN,7140209,Sư phạm Toán học,A00,17.00,,THPTQG,2018,,daniele15,
DQN,7140209,Sư phạm Toán học,A01,17.00,,THPTQG,2018,,daniele15,
DQN,7140210,Sư phạm Tin học,A00,20.00,,THPTQG,2018,,daniele15,
DQN,7140210,Sư phạm Tin học,A01,20.00,,THPTQG,2018,,daniele15,
DQN,7140210,Sư phạm Tin học,D01,20.00,,THPTQG,2018,,daniele15,
DQN,7140211,Sư phạm Vật lý,A00,23.00,,THPTQG,2018,,daniele15,
DQN,7140211,Sư phạm Vật lý,A01,23.00,,THPTQG,2018,,daniele15,
DQN,7140211,Sư phạm Vật lý,A02,23.00,,THPTQG,2018,,daniele15,
DQN,7140211,Sư phạm Vật lý,A04,23.00,,THPTQG,2018,,daniele15,
DQN,7140211,Sư phạm Vật lý,A00,17.00,,THPTQG,2018,,daniele15,
DQN,7140211,Sư phạm Vật lý,A01,17.00,,THPTQG,2018,,daniele15,
DQN,7140211,Sư phạm Vật lý,A02,17.00,,THPTQG,2018,,daniele15,
DQN,7140211,Sư phạm Vật lý,A04,17.00,,THPTQG,2018,,daniele15,
DQN,7140212,Sư phạm Hóa học,A00,17.00,,THPTQG,2018,,daniele15,
DQN,7140212,Sư phạm Hóa học,D07,17.00,,THPTQG,2018,,daniele15,
DQN,7140213,Sư phạm Sinh học,A02,22.00,,THPTQG,2018,,daniele15,
DQN,7140213,Sư phạm Sinh học,B00,22.00,,THPTQG,2018,,daniele15,
DQN,7140213,Sư phạm Sinh học,B02,22.00,,THPTQG,2018,,daniele15,
DQN,7140213,Sư phạm Sinh học,D08,22.00,,THPTQG,2018,,daniele15,
DQN,7140213,Sư phạm Sinh học,A02,17.00,,THPTQG,2018,,daniele15,
DQN,7140213,Sư phạm Sinh học,B00,17.00,,THPTQG,2018,,daniele15,
DQN,7140213,Sư phạm Sinh học,B02,17.00,,THPTQG,2018,,daniele15,
DQN,7140213,Sư phạm Sinh học,D08,17.00,,THPTQG,2018,,daniele15,
DQN,7140217,Sư phạm Ngữ văn,C00,17.00,,THPTQG,2018,,daniele15,
DQN,7140217,Sư phạm Ngữ văn,C19,17.00,,THPTQG,2018,,daniele15,
DQN,7140217,Sư phạm Ngữ văn,C20,17.00,,THPTQG,2018,,daniele15,
DQN,7140217,Sư phạm Ngữ văn,D01,17.00,,THPTQG,2018,,daniele15,
DQN,7140218,Sư phạm Lịch sử,C00,17.00,,THPTQG,2018,,daniele15,
DQN,7140218,Sư phạm Lịch sử,C19,17.00,,THPTQG,2018,,daniele15,
DQN,7140218,Sư phạm Lịch sử,D14,17.00,,THPTQG,2018,,daniele15,
DQN,7140219,Sư phạm Địa lý,A00,17.00,,THPTQG,2018,,daniele15,
DQN,7140219,Sư phạm Địa lý,C00,17.00,,THPTQG,2018,,daniele15,
DQN,7140219,Sư phạm Địa lý,D15,17.00,,THPTQG,2018,,daniele15,
DQN,7140231,Sư phạm Tiếng Anh,D01,18.00,,THPTQG,2018,,daniele15,
DQN,7220201,Ngôn ngữ Anh,A01,18.00,,HocBa,2018,Học bạ,daniele15,
DQN,7220201,Ngôn ngữ Anh,D01,18.00,,HocBa,2018,Học bạ,daniele15,
DQN,7220201,Ngôn ngữ Anh,D11,18.00,,HocBa,2018,Học bạ,daniele15,
DQN,7220201,Ngôn ngữ Anh,D12,18.00,,HocBa,2018,Học bạ,daniele15,
DQN,7220201,Ngôn ngữ Anh,A01,14.00,,THPTQG,2018,,daniele15,
DQN,7220201,Ngôn ngữ Anh,D01,14.00,,THPTQG,2018,,daniele15,
DQN,7220201,Ngôn ngữ Anh,D11,14.00,,THPTQG,2018,,daniele15,
DQN,7220201,Ngôn ngữ Anh,D12,14.00,,THPTQG,2018,,daniele15,
DQN,7220201,Ngôn ngữ Anh,A01,13.00,,HocBa,2018,Điểm chuẩn học bạ: 16 điểm,daniele15,
DQN,7220201,Ngôn ngữ Anh,D01,13.00,,HocBa,2018,Điểm chuẩn học bạ: 16 điểm,daniele15,
DQN,7220201,Ngôn ngữ Anh,D11,13.00,,HocBa,2018,Điểm chuẩn học bạ: 16 điểm,daniele15,
DQN,7220201,Ngôn ngữ Anh,D12,13.00,,HocBa,2018,Điểm chuẩn học bạ: 16 điểm,daniele15,
DQN,7229010,Lịch sử,A08,23.25,,THPTQG,2018,,daniele15,
DQN,7229010,Lịch sử,C00,23.25,,THPTQG,2018,,daniele15,
DQN,7229010,Lịch sử,C19,23.25,,THPTQG,2018,,daniele15,
DQN,7229010,Lịch sử,D14,23.25,,THPTQG,2018,,daniele15,
DQN,7229010,Lịch sử,A08,18.00,,HocBa,2018,Học bạ,daniele15,
DQN,7229010,Lịch sử,C00,18.00,,HocBa,2018,Học bạ,daniele15,
DQN,7229010,Lịch sử,C19,18.00,,HocBa,2018,Học bạ,daniele15,
DQN,7229010,Lịch sử,D14,18.00,,HocBa,2018,Học bạ,daniele15,
DQN,7229010,Lịch sử,A08,13.00,,HocBa,2018,Điểm chuẩn học bạ: 16 điểm,daniele15,
DQN,7229010,Lịch sử,C00,13.00,,HocBa,2018,Điểm chuẩn học bạ: 16 điểm,daniele15,
DQN,7229010,Lịch sử,C19,13.00,,HocBa,2018,Điểm chuẩn học bạ: 16 điểm,daniele15,
DQN,7229010,Lịch sử,D14,13.00,,HocBa,2018,Điểm chuẩn học bạ: 16 điểm,daniele15,
DQN,7229030,Văn học,C00,18.00,,HocBa,2018,Học bạ,daniele15,
DQN,7229030,Văn học,C19,18.00,,HocBa,2018,Học bạ,daniele15,
DQN,7229030,Văn học,C20,18.00,,HocBa,2018,Học bạ,daniele15,
DQN,7229030,Văn học,D01,18.00,,HocBa,2018,Học bạ,daniele15,
DQN,7229030,Văn học,C00,14.00,,THPTQG,2018,,daniele15,
DQN,7229030,Văn học,C19,14.00,,THPTQG,2018,,daniele15,
DQN,7229030,Văn học,C20,14.00,,THPTQG,2018,,daniele15,
DQN,7229030,Văn học,D01,14.00,,THPTQG,2018,,daniele15,
DQN,7229030,Văn học,C00,13.00,,HocBa,2018,Điểm chuẩn học bạ: 16 điểm,daniele15,
DQN,7229030,Văn học,C19,13.00,,HocBa,2018,Điểm chuẩn học bạ: 16 điểm,daniele15,
DQN,7229030,Văn học,C20,13.00,,HocBa,2018,Điểm chuẩn học bạ: 16 điểm,daniele15,
DQN,7229030,Văn học,D01,13.00,,HocBa,2018,Điểm chuẩn học bạ: 16 điểm,daniele15,
DQN,7310101,Kinh tế,A00,18.00,,HocBa,2018,Học bạ,daniele15,
DQN,7310101,Kinh tế,A01,18.00,,HocBa,2018,Học bạ,daniele15,
DQN,7310101,Kinh tế,D01,18.00,,HocBa,2018,Học bạ,daniele15,
DQN,7310101,Kinh tế,A00,14.00,,THPTQG,2018,,daniele15,
DQN,7310101,Kinh tế,A01,14.00,,THPTQG,2018,,daniele15,
DQN,7310101,Kinh tế,D01,14.00,,THPTQG,2018,,daniele15,
DQN,7310205,Quản lý nhà nước,A00,18.00,,HocBa,2018,Học bạ,daniele15,
DQN,7310205,Quản lý nhà nước,C01,18.00,,HocBa,2018,Học bạ,daniele15,
DQN,7310205,Quản lý nhà nước,D01,18.00,,HocBa,2018,Học bạ,daniele15,
DQN,7310205,Quản lý nhà nước,A00,14.00,,THPTQG,2018,,daniele15,
DQN,7310205,Quản lý nhà nước,C01,14.00,,THPTQG,2018,,daniele15,
DQN,7310205,Quản lý nhà nước,D01,14.00,,THPTQG,2018,,daniele15,
DQN,7310403,Tâm lý học,A00,18.00,,HocBa,2018,Tâm lý học giáo dụcHọc bạ,daniele15,
DQN,7310403,Tâm lý học,C00,18.00,,HocBa,2018,Tâm lý học giáo dụcHọc bạ,daniele15,
DQN,7310403,Tâm lý học,C19,18.00,,HocBa,2018,Tâm lý học giáo dụcHọc bạ,daniele15,
DQN,7310403,Tâm lý học,A00,14.00,,THPTQG,2018,Tâm lý học giáo dục,daniele15,
DQN,7310403,Tâm lý học,C00,14.00,,THPTQG,2018,Tâm lý học giáo dục,daniele15,
DQN,7310403,Tâm lý học,C19,14.00,,THPTQG,2018,Tâm lý học giáo dục,daniele15,
DQN,7310608,Đông phương học,C00,18.00,,HocBa,2018,Học bạ,daniele15,
DQN,7310608,Đông phương học,C19,18.00,,HocBa,2018,Học bạ,daniele15,
DQN,7310608,Đông phương học,D14,18.00,,HocBa,2018,Học bạ,daniele15,
DQN,7310608,Đông phương học,C00,14.00,,THPTQG,2018,,daniele15,
DQN,7310608,Đông phương học,C19,14.00,,THPTQG,2018,,daniele15,
DQN,7310608,Đông phương học,D14,14.00,,THPTQG,2018,,daniele15,
DQN,7310630,Việt Nam học,A09,18.00,,HocBa,2018,Học bạ,daniele15,
DQN,7310630,Việt Nam học,C00,18.00,,HocBa,2018,Học bạ,daniele15,
DQN,7310630,Việt Nam học,C20,18.00,,HocBa,2018,Học bạ,daniele15,
DQN,7310630,Việt Nam học,D01,18.00,,HocBa,2018,Học bạ,daniele15,
DQN,7310630,Việt Nam học,A09,14.00,,THPTQG,2018,,daniele15,
DQN,7310630,Việt Nam học,C00,14.00,,THPTQG,2018,,daniele15,
DQN,7310630,Việt Nam học,C20,14.00,,THPTQG,2018,,daniele15,
DQN,7310630,Việt Nam học,D01,14.00,,THPTQG,2018,,daniele15,
DQN,7310630,Việt Nam học,A09,13.00,,HocBa,2018,Điểm chuẩn học bạ: 16 điểm,daniele15,
DQN,7310630,Việt Nam học,C00,13.00,,HocBa,2018,Điểm chuẩn học bạ: 16 điểm,daniele15,
DQN,7310630,Việt Nam học,C20,13.00,,HocBa,2018,Điểm chuẩn học bạ: 16 điểm,daniele15,
DQN,7310630,Việt Nam học,D01,13.00,,HocBa,2018,Điểm chuẩn học bạ: 16 điểm,daniele15,
DQN,7340101,Quản trị kinh doanh,A00,18.00,,HocBa,2018,Học bạ,daniele15,
DQN,7340101,Quản trị kinh doanh,A01,18.00,,HocBa,2018,Học bạ,daniele15,
DQN,7340101,Quản trị kinh doanh,D01,18.00,,HocBa,2018,Học bạ,daniele15,
DQN,7340101,Quản trị kinh doanh,A00,14.00,,THPTQG,2018,,daniele15,
DQN,7340101,Quản trị kinh doanh,A01,14.00,,THPTQG,2018,,daniele15,
DQN,7340101,Quản trị kinh doanh,D01,14.00,,THPTQG,2018,,daniele15,
DQN,7340201,Tài chính - Ngân hàng,A00,18.00,,HocBa,2018,Học bạ,daniele15,
DQN,7340201,Tài chính - Ngân hàng,A01,18.00,,HocBa,2018,Học bạ,daniele15,
DQN,7340201,Tài chính - Ngân hàng,D01,18.00,,HocBa,2018,Học bạ,daniele15,
DQN,7340201,Tài chính - Ngân hàng,A00,14.00,,THPTQG,2018,,daniele15,
DQN,7340201,Tài chính - Ngân hàng,A01,14.00,,THPTQG,2018,,daniele15,
DQN,7340201,Tài chính - Ngân hàng,D01,14.00,,THPTQG,2018,,daniele15,
DQN,7340301,Kế toán,A00,18.00,,HocBa,2018,Học bạ,daniele15,
DQN,7340301,Kế toán,A01,18.00,,HocBa,2018,Học bạ,daniele15,
DQN,7340301,Kế toán,D01,18.00,,HocBa,2018,Học bạ,daniele15,
DQN,7340301,Kế toán,A00,14.00,,THPTQG,2018,,daniele15,
DQN,7340301,Kế toán,A01,14.00,,THPTQG,2018,,daniele15,
DQN,7340301,Kế toán,D01,14.00,,THPTQG,2018,,daniele15,
DQN,7380101,Luật,C00,18.00,,HocBa,2018,Học bạ,daniele15,
DQN,7380101,Luật,C19,18.00,,HocBa,2018,Học bạ,daniele15,
DQN,7380101,Luật,D01,18.00,,HocBa,2018,Học bạ,daniele15,
DQN,7380101,Luật,C00,14.00,,THPTQG,2018,,daniele15,
DQN,7380101,Luật,C19,14.00,,THPTQG,2018,,daniele15,
DQN,7380101,Luật,D01,14.00,,THPTQG,2018,,daniele15,
DQN,7420101,Sinh học,A02,24.50,,HocBa,2018,Học bạ,daniele15,
DQN,7420101,Sinh học,B00,24.50,,HocBa,2018,Học bạ,daniele15,
DQN,7420101,Sinh học,D08,24.50,,HocBa,2018,Học bạ,daniele15,
DQN,7420101,Sinh học,A02,22.00,,THPTQG,2018,,daniele15,
DQN,7420101,Sinh học,B00,22.00,,THPTQG,2018,,daniele15,
DQN,7420101,Sinh học,D08,22.00,,THPTQG,2018,,daniele15,
DQN,7420203,Sinh học ứng dụng,A02,23.00,,HocBa,2018,Học bạ,daniele15,
DQN,7420203,Sinh học ứng dụng,B00,23.00,,HocBa,2018,Học bạ,daniele15,
DQN,7420203,Sinh học ứng dụng,D08,23.00,,HocBa,2018,Học bạ,daniele15,
DQN,7420203,Sinh học ứng dụng,A02,22.00,,THPTQG,2018,,daniele15,
DQN,7420203,Sinh học ứng dụng,B00,22.00,,THPTQG,2018,,daniele15,
DQN,7420203,Sinh học ứng dụng,D08,22.00,,THPTQG,2018,,daniele15,
DQN,7440102,Vật lý học,A00,27.50,,HocBa,2018,Học bạ,daniele15,
DQN,7440102,Vật lý học,A01,27.50,,HocBa,2018,Học bạ,daniele15,
DQN,7440102,Vật lý học,A02,27.50,,HocBa,2018,Học bạ,daniele15,
DQN,7440102,Vật lý học,A04,27.50,,HocBa,2018,Học bạ,daniele15,
DQN,7440102,Vật lý học,A00,17.00,,THPTQG,2018,,daniele15,
DQN,7440102,Vật lý học,A01,17.00,,THPTQG,2018,,daniele15,
DQN,7440102,Vật lý học,A02,17.00,,THPTQG,2018,,daniele15,
DQN,7440102,Vật lý học,A04,17.00,,THPTQG,2018,,daniele15,
DQN,7440102,Vật lý học,A00,13.00,,HocBa,2018,Điểm chuẩn học bạ: 16 điểm,daniele15,
DQN,7440102,Vật lý học,A01,13.00,,HocBa,2018,Điểm chuẩn học bạ: 16 điểm,daniele15,
DQN,7440102,Vật lý học,A02,13.00,,HocBa,2018,Điểm chuẩn học bạ: 16 điểm,daniele15,
DQN,7440102,Vật lý học,A04,13.00,,HocBa,2018,Điểm chuẩn học bạ: 16 điểm,daniele15,
DQN,7440112,Hoá học,A00,26.00,,HocBa,2018,Học bạ,daniele15,
DQN,7440112,Hoá học,B00,26.00,,HocBa,2018,Học bạ,daniele15,
DQN,7440112,Hoá học,D07,26.00,,HocBa,2018,Học bạ,daniele15,
DQN,7440112,Hoá học,A00,19.00,,THPTQG,2018,,daniele15,
DQN,7440112,Hoá học,B00,19.00,,THPTQG,2018,,daniele15,
DQN,7440112,Hoá học,D07,19.00,,THPTQG,2018,,daniele15,
DQN,7440217,Địa lý tự nhiên,B00,23.00,,HocBa,2018,Học bạ,daniele15,
DQN,7440217,Địa lý tự nhiên,C04,23.00,,HocBa,2018,Học bạ,daniele15,
DQN,7440217,Địa lý tự nhiên,D01,23.00,,HocBa,2018,Học bạ,daniele15,
DQN,7440217,Địa lý tự nhiên,B00,19.00,,THPTQG,2018,,daniele15,
DQN,7440217,Địa lý tự nhiên,C04,19.00,,THPTQG,2018,,daniele15,
DQN,7440217,Địa lý tự nhiên,D01,19.00,,THPTQG,2018,,daniele15,
DQN,7460101,Toán học,A00,27.50,,HocBa,2018,Học bạ,daniele15,
DQN,7460101,Toán học,A01,27.50,,HocBa,2018,Học bạ,daniele15,
DQN,7460101,Toán học,B00,27.50,,HocBa,2018,Học bạ,daniele15,
DQN,7460101,Toán học,A00,22.00,,THPTQG,2018,,daniele15,
DQN,7460101,Toán học,A01,22.00,,THPTQG,2018,,daniele15,
DQN,7460101,Toán học,B00,22.00,,THPTQG,2018,,daniele15,
DQN,7460112,Toán ứng dụng,A00,24.50,,HocBa,2018,Học bạ,daniele15,
DQN,7460112,Toán ứng dụng,A01,24.50,,HocBa,2018,Học bạ,daniele15,
DQN,7460112,Toán ứng dụng,B00,24.50,,HocBa,2018,Học bạ,daniele15,
DQN,7460112,Toán ứng dụng,A00,22.00,,THPTQG,2018,,daniele15,
DQN,7460112,Toán ứng dụng,A01,22.00,,THPTQG,2018,,daniele15,
DQN,7460112,Toán ứng dụng,B00,22.00,,THPTQG,2018,,daniele15,
DQN,7460201,Thống kê,A00,18.00,,THPTQG,2018,,daniele15,
DQN,7460201,Thống kê,A01,18.00,,THPTQG,2018,,daniele15,
DQN,7460201,Thống kê,B00,18.00,,THPTQG,2018,,daniele15,
DQN,7480103,Kỹ thuật phần mềm,A00,18.00,,HocBa,2018,Học bạ,daniele15,
DQN,7480103,Kỹ thuật phần mềm,A01,18.00,,HocBa,2018,Học bạ,daniele15,
DQN,7480103,Kỹ thuật phần mềm,A00,14.00,,THPTQG,2018,,daniele15,
DQN,7480103,Kỹ thuật phần mềm,A01,14.00,,THPTQG,2018,,daniele15,
DQN,7480201,Công nghệ thông tin,A00,18.00,,HocBa,2018,Học bạ,daniele15,
DQN,7480201,Công nghệ thông tin,A01,18.00,,HocBa,2018,Học bạ,daniele15,
DQN,7480201,Công nghệ thông tin,A00,14.00,,THPTQG,2018,,daniele15,
DQN,7480201,Công nghệ thông tin,A01,14.00,,THPTQG,2018,,daniele15,
DQN,7480201,Công nghệ thông tin,A00,13.00,,HocBa,2018,Điểm chuẩn học bạ: 16 điểm,daniele15,
DQN,7480201,Công nghệ thông tin,A01,13.00,,HocBa,2018,Điểm chuẩn học bạ: 16 điểm,daniele15,
DQN,7510103,Công nghệ kỹ thuật xây dựng,A00,18.00,,HocBa,2018,Học bạ,daniele15,
DQN,7510103,Công nghệ kỹ thuật xây dựng,A01,18.00,,HocBa,2018,Học bạ,daniele15,
DQN,7510103,Công nghệ kỹ thuật xây dựng,D07,18.00,,HocBa,2018,Học bạ,daniele15,
DQN,7510103,Công nghệ kỹ thuật xây dựng,A00,14.00,,THPTQG,2018,,daniele15,
DQN,7510103,Công nghệ kỹ thuật xây dựng,A01,14.00,,THPTQG,2018,,daniele15,
DQN,7510103,Công nghệ kỹ thuật xây dựng,D07,14.00,,THPTQG,2018,,daniele15,
DQN,7510401,Công nghệ kỹ thuật hoá học,A00,18.00,,HocBa,2018,Học bạ,daniele15,
DQN,7510401,Công nghệ kỹ thuật hoá học,A01,18.00,,HocBa,2018,Học bạ,daniele15,
DQN,7510401,Công nghệ kỹ thuật hoá học,B00,18.00,,HocBa,2018,Học bạ,daniele15,
DQN,7510401,Công nghệ kỹ thuật hoá học,A00,14.00,,THPTQG,2018,,daniele15,
DQN,7510401,Công nghệ kỹ thuật hoá học,A01,14.00,,THPTQG,2018,,daniele15,
DQN,7510401,Công nghệ kỹ thuật hoá học,B00,14.00,,THPTQG,2018,,daniele15,
DQN,7520201,Kỹ thuật điện,A00,18.00,,HocBa,2018,Học bạ,daniele15,
DQN,7520201,Kỹ thuật điện,A01,18.00,,HocBa,2018,Học bạ,daniele15,
DQN,7520201,Kỹ thuật điện,D07,18.00,,HocBa,2018,Học bạ,daniele15,
DQN,7520201,Kỹ thuật điện,A00,14.00,,THPTQG,2018,,daniele15,
DQN,7520201,Kỹ thuật điện,A01,14.00,,THPTQG,2018,,daniele15,
DQN,7520201,Kỹ thuật điện,D07,14.00,,THPTQG,2018,,daniele15,
DQN,7520207,Kỹ thuật điện tử - viễn thông,A00,18.00,,HocBa,2018,Học bạ,daniele15,
DQN,7520207,Kỹ thuật điện tử - viễn thông,A01,18.00,,HocBa,2018,Học bạ,daniele15,
DQN,7520207,Kỹ thuật điện tử - viễn thông,D07,18.00,,HocBa,2018,Học bạ,daniele15,
DQN,7520207,Kỹ thuật điện tử - viễn thông,A00,14.00,,THPTQG,2018,,daniele15,
DQN,7520207,Kỹ thuật điện tử - viễn thông,A01,14.00,,THPTQG,2018,,daniele15,
DQN,7520207,Kỹ thuật điện tử - viễn thông,D07,14.00,,THPTQG,2018,,daniele15,
DQN,7620109,Nông học,A02,18.00,,HocBa,2018,Học bạ,daniele15,
DQN,7620109,Nông học,B00,18.00,,HocBa,2018,Học bạ,daniele15,
DQN,7620109,Nông học,D08,18.00,,HocBa,2018,Học bạ,daniele15,
DQN,7620109,Nông học,A02,14.00,,THPTQG,2018,,daniele15,
DQN,7620109,Nông học,B00,14.00,,THPTQG,2018,,daniele15,
DQN,7620109,Nông học,D08,14.00,,THPTQG,2018,,daniele15,
DQN,7620112,Bảo vệ thực vật,A02,13.00,,HocBa,2018,Điểm chuẩn học bạ: 16 điểm,daniele15,
DQN,7620112,Bảo vệ thực vật,B00,13.00,,HocBa,2018,Điểm chuẩn học bạ: 16 điểm,daniele15,
DQN,7620112,Bảo vệ thực vật,B02,13.00,,HocBa,2018,Điểm chuẩn học bạ: 16 điểm,daniele15,
DQN,7620112,Bảo vệ thực vật,D08,13.00,,HocBa,2018,Điểm chuẩn học bạ: 16 điểm,daniele15,
DQN,7760101,Công tác xã hội,C00,18.00,,HocBa,2018,Học bạ,daniele15,
DQN,7760101,Công tác xã hội,D01,18.00,,HocBa,2018,Học bạ,daniele15,
DQN,7760101,Công tác xã hội,D14,18.00,,HocBa,2018,Học bạ,daniele15,
DQN,7760101,Công tác xã hội,C00,14.00,,THPTQG,2018,,daniele15,
DQN,7760101,Công tác xã hội,D01,14.00,,THPTQG,2018,,daniele15,
DQN,7760101,Công tác xã hội,D14,14.00,,THPTQG,2018,,daniele15,
DQN,7810103,Quản trị dịch vụ du lịch và lữ hành,A00,18.00,,HocBa,2018,Học bạ,daniele15,
DQN,7810103,Quản trị dịch vụ du lịch và lữ hành,A01,18.00,,HocBa,2018,Học bạ,daniele15,
DQN,7810103,Quản trị dịch vụ du lịch và lữ hành,D01,18.00,,HocBa,2018,Học bạ,daniele15,
DQN,7810103,Quản trị dịch vụ du lịch và lữ hành,A00,14.00,,THPTQG,2018,,daniele15,
DQN,7810103,Quản trị dịch vụ du lịch và lữ hành,A01,14.00,,THPTQG,2018,,daniele15,
DQN,7810103,Quản trị dịch vụ du lịch và lữ hành,D01,14.00,,THPTQG,2018,,daniele15,
DQN,7810201,Quản trị khách sạn,A00,18.00,,HocBa,2018,Học bạ,daniele15,
DQN,7810201,Quản trị khách sạn,A01,18.00,,HocBa,2018,Học bạ,daniele15,
DQN,7810201,Quản trị khách sạn,D01,18.00,,HocBa,2018,Học bạ,daniele15,
DQN,7810201,Quản trị khách sạn,A00,14.00,,THPTQG,2018,,daniele15,
DQN,7810201,Quản trị khách sạn,A01,14.00,,THPTQG,2018,,daniele15,
DQN,7810201,Quản trị khách sạn,D01,14.00,,THPTQG,2018,,daniele15,
DQN,7850101,Quản lý tài nguyên và môi trường,A00,18.00,,HocBa,2018,Học bạ,daniele15,
DQN,7850101,Quản lý tài nguyên và môi trường,B00,18.00,,HocBa,2018,Học bạ,daniele15,
DQN,7850101,Quản lý tài nguyên và môi trường,C04,18.00,,HocBa,2018,Học bạ,daniele15,
DQN,7850101,Quản lý tài nguyên và môi trường,A00,14.00,,THPTQG,2018,,daniele15,
DQN,7850101,Quản lý tài nguyên và môi trường,B00,14.00,,THPTQG,2018,,daniele15,
DQN,7850101,Quản lý tài nguyên và môi trường,C04,14.00,,THPTQG,2018,,daniele15,
DQN,7850103,Quản lý đất đai,A00,18.00,,HocBa,2018,Học bạ,daniele15,
DQN,7850103,Quản lý đất đai,B00,18.00,,HocBa,2018,Học bạ,daniele15,
DQN,7850103,Quản lý đất đai,C04,18.00,,HocBa,2018,Học bạ,daniele15,
DQN,7850103,Quản lý đất đai,A00,14.00,,THPTQG,2018,,daniele15,
DQN,7850103,Quản lý đất đai,B00,14.00,,THPTQG,2018,,daniele15,
DQN,7850103,Quản lý đất đai,C04,14.00,,THPTQG,2018,,daniele15,
DQT,7220201,Ngôn ngữ Anh,D01,13.00,,THPTQG,2018,tổng điểm tổ hợp 3 môn xét tuyển là 16.00 điểm; hoặc điểm trung bình chung các môn học lớp 12 là 5.5 điểm,daniele15,
DQT,7220201,Ngôn ngữ Anh,D15,13.00,,THPTQG,2018,tổng điểm tổ hợp 3 môn xét tuyển là 16.00 điểm; hoặc điểm trung bình chung các môn học lớp 12 là 5.5 điểm,daniele15,
DQT,7220201,Ngôn ngữ Anh,D66,13.00,,THPTQG,2018,tổng điểm tổ hợp 3 môn xét tuyển là 16.00 điểm; hoặc điểm trung bình chung các môn học lớp 12 là 5.5 điểm,daniele15,
DQT,7220201,Ngôn ngữ Anh,D84,13.00,,THPTQG,2018,tổng điểm tổ hợp 3 môn xét tuyển là 16.00 điểm; hoặc điểm trung bình chung các môn học lớp 12 là 5.5 điểm,daniele15,
DQT,7310101,Kinh tế,A07,13.00,,THPTQG,2018,tổng điểm tổ hợp 3 môn xét tuyển là 16.00 điểm; hoặc điểm trung bình chung các môn học lớp 12 là 5.5 điểm,daniele15,
DQT,7310101,Kinh tế,C20,13.00,,THPTQG,2018,tổng điểm tổ hợp 3 môn xét tuyển là 16.00 điểm; hoặc điểm trung bình chung các môn học lớp 12 là 5.5 điểm,daniele15,
DQT,7310101,Kinh tế,D01,13.00,,THPTQG,2018,tổng điểm tổ hợp 3 môn xét tuyển là 16.00 điểm; hoặc điểm trung bình chung các môn học lớp 12 là 5.5 điểm,daniele15,
DQT,7310101,Kinh tế,D84,13.00,,THPTQG,2018,tổng điểm tổ hợp 3 môn xét tuyển là 16.00 điểm; hoặc điểm trung bình chung các môn học lớp 12 là 5.5 điểm,daniele15,
DQT,7340101,Quản trị kinh doanh,A07,13.00,,THPTQG,2018,tổng điểm tổ hợp 3 môn xét tuyển là 16.00 điểm; hoặc điểm trung bình chung các môn học lớp 12 là 5.5 điểm,daniele15,
DQT,7340101,Quản trị kinh doanh,A08,13.00,,THPTQG,2018,tổng điểm tổ hợp 3 môn xét tuyển là 16.00 điểm; hoặc điểm trung bình chung các môn học lớp 12 là 5.5 điểm,daniele15,
DQT,7340101,Quản trị kinh doanh,A09,13.00,,THPTQG,2018,tổng điểm tổ hợp 3 môn xét tuyển là 16.00 điểm; hoặc điểm trung bình chung các môn học lớp 12 là 5.5 điểm,daniele15,
DQT,7340101,Quản trị kinh doanh,D01,13.00,,THPTQG,2018,tổng điểm tổ hợp 3 môn xét tuyển là 16.00 điểm; hoặc điểm trung bình chung các môn học lớp 12 là 5.5 điểm,daniele15,
DQT,7340201,Tài chính - Ngân hàng,A03,13.00,,THPTQG,2018,tổng điểm tổ hợp 3 môn xét tuyển là 16.00 điểm; hoặc điểm trung bình chung các môn học lớp 12 là 5.5 điểm,daniele15,
DQT,7340201,Tài chính - Ngân hàng,A04,13.00,,THPTQG,2018,tổng điểm tổ hợp 3 môn xét tuyển là 16.00 điểm; hoặc điểm trung bình chung các môn học lớp 12 là 5.5 điểm,daniele15,
DQT,7340201,Tài chính - Ngân hàng,A07,13.00,,THPTQG,2018,tổng điểm tổ hợp 3 môn xét tuyển là 16.00 điểm; hoặc điểm trung bình chung các môn học lớp 12 là 5.5 điểm,daniele15,
DQT,7340201,Tài chính - Ngân hàng,D01,13.00,,THPTQG,2018,tổng điểm tổ hợp 3 môn xét tuyển là 16.00 điểm; hoặc điểm trung bình chung các môn học lớp 12 là 5.5 điểm,daniele15,
DQT,7340301,Kế toán,A07,13.00,,THPTQG,2018,tổng điểm tổ hợp 3 môn xét tuyển là 16.00 điểm; hoặc điểm trung bình chung các môn học lớp 12 là 5.5 điểm,daniele15,
DQT,7340301,Kế toán,B02,13.00,,THPTQG,2018,tổng điểm tổ hợp 3 môn xét tuyển là 16.00 điểm; hoặc điểm trung bình chung các môn học lớp 12 là 5.5 điểm,daniele15,
DQT,7340301,Kế toán,B04,13.00,,THPTQG,2018,tổng điểm tổ hợp 3 môn xét tuyển là 16.00 điểm; hoặc điểm trung bình chung các môn học lớp 12 là 5.5 điểm,daniele15,
DQT,7340301,Kế toán,D01,13.00,,THPTQG,2018,tổng điểm tổ hợp 3 môn xét tuyển là 16.00 điểm; hoặc điểm trung bình chung các môn học lớp 12 là 5.5 điểm,daniele15,
DQT,7480201,Công nghệ thông tin,A04,13.00,,THPTQG,2018,tổng điểm tổ hợp 3 môn xét tuyển là 16.00 điểm; hoặc điểm trung bình chung các môn học lớp 12 là 5.5 điểm,daniele15,
DQT,7480201,Công nghệ thông tin,A10,13.00,,THPTQG,2018,tổng điểm tổ hợp 3 môn xét tuyển là 16.00 điểm; hoặc điểm trung bình chung các môn học lớp 12 là 5.5 điểm,daniele15,
DQT,7480201,Công nghệ thông tin,B02,13.00,,THPTQG,2018,tổng điểm tổ hợp 3 môn xét tuyển là 16.00 điểm; hoặc điểm trung bình chung các môn học lớp 12 là 5.5 điểm,daniele15,
DQT,7480201,Công nghệ thông tin,D01,13.00,,THPTQG,2018,tổng điểm tổ hợp 3 môn xét tuyển là 16.00 điểm; hoặc điểm trung bình chung các môn học lớp 12 là 5.5 điểm,daniele15,
DQT,7510103,Công nghệ kỹ thuật xây dựng,A04,13.00,,THPTQG,2018,tổng điểm tổ hợp 3 môn xét tuyển là 16.00 điểm; hoặc điểm trung bình chung các môn học lớp 12 là 5.5 điểm,daniele15,
DQT,7510103,Công nghệ kỹ thuật xây dựng,B02,13.00,,THPTQG,2018,tổng điểm tổ hợp 3 môn xét tuyển là 16.00 điểm; hoặc điểm trung bình chung các môn học lớp 12 là 5.5 điểm,daniele15,
DQT,7510103,Công nghệ kỹ thuật xây dựng,B04,13.00,,THPTQG,2018,tổng điểm tổ hợp 3 môn xét tuyển là 16.00 điểm; hoặc điểm trung bình chung các môn học lớp 12 là 5.5 điểm,daniele15,
DQT,7510103,Công nghệ kỹ thuật xây dựng,D01,13.00,,THPTQG,2018,tổng điểm tổ hợp 3 môn xét tuyển là 16.00 điểm; hoặc điểm trung bình chung các môn học lớp 12 là 5.5 điểm,daniele15,
DQT,7620115,Kinh tế nông nghiệp,A09,13.00,,THPTQG,2018,Kinh tế nông nghiệptổng điểm tổ hợp 3 môn xét tuyển là 16.00 điểm; hoặc điểm trung bình chung các môn học lớp 12 là 5.5 điểm,daniele15,
DQT,7620115,Kinh tế nông nghiệp,B02,13.00,,THPTQG,2018,Kinh tế nông nghiệptổng điểm tổ hợp 3 môn xét tuyển là 16.00 điểm; hoặc điểm trung bình chung các môn học lớp 12 là 5.5 điểm,daniele15,
DQT,7620115,Kinh tế nông nghiệp,C19,13.00,,THPTQG,2018,Kinh tế nông nghiệptổng điểm tổ hợp 3 môn xét tuyển là 16.00 điểm; hoặc điểm trung bình chung các môn học lớp 12 là 5.5 điểm,daniele15,
DQT,7620115,Kinh tế nông nghiệp,D01,13.00,,THPTQG,2018,Kinh tế nông nghiệptổng điểm tổ hợp 3 môn xét tuyển là 16.00 điểm; hoặc điểm trung bình chung các môn học lớp 12 là 5.5 điểm,daniele15,
DSG,7210402,Thiết kế công nghiệp,A00,13.50,,THPTQG,2018,,daniele15,
DSG,7210402,Thiết kế công nghiệp,A01,13.50,,THPTQG,2018,,daniele15,
DSG,7210402,Thiết kế công nghiệp,D01,13.50,,THPTQG,2018,,daniele15,
DSG,7210402,Thiết kế công nghiệp,H06,13.50,,THPTQG,2018,,daniele15,
DSG,7340101,Quản trị kinh doanh,A00,14.50,,THPTQG,2018,,daniele15,
DSG,7340101,Quản trị kinh doanh,A01,14.50,,THPTQG,2018,,daniele15,
DSG,7340101,Quản trị kinh doanh,D01,14.50,,THPTQG,2018,,daniele15,
DSG,7340101,Quản trị kinh doanh,D09,14.50,,THPTQG,2018,,daniele15,
DSG,7480201,Công nghệ thông tin,A00,16.50,,THPTQG,2018,,daniele15,
DSG,7480201,Công nghệ thông tin,A01,16.50,,THPTQG,2018,,daniele15,
DSG,7480201,Công nghệ thông tin,C01,16.50,,THPTQG,2018,,daniele15,
DSG,7480201,Công nghệ thông tin,D01,16.50,,THPTQG,2018,,daniele15,
DSG,7510203,Công nghệ kỹ thuật cơ điện tử,A00,13.50,,THPTQG,2018,,daniele15,
DSG,7510203,Công nghệ kỹ thuật cơ điện tử,A01,13.50,,THPTQG,2018,,daniele15,
DSG,7510203,Công nghệ kỹ thuật cơ điện tử,D01,13.50,,THPTQG,2018,,daniele15,
DSG,7510203,Công nghệ kỹ thuật cơ điện tử,D07,13.50,,THPTQG,2018,,daniele15,
DSG,7510301,"Công nghệ kỹ thuật điện, điện tử",A00,13.50,,THPTQG,2018,,daniele15,
DSG,7510301,"Công nghệ kỹ thuật điện, điện tử",A01,13.50,,THPTQG,2018,,daniele15,
DSG,7510301,"Công nghệ kỹ thuật điện, điện tử",D01,13.50,,THPTQG,2018,,daniele15,
DSG,7510301,"Công nghệ kỹ thuật điện, điện tử",D07,13.50,,THPTQG,2018,,daniele15,
DSG,7510302,Công nghệ kỹ thuật điện tử - viễn thông,A00,13.50,,THPTQG,2018,,daniele15,
DSG,7510302,Công nghệ kỹ thuật điện tử - viễn thông,A01,13.50,,THPTQG,2018,,daniele15,
DSG,7510302,Công nghệ kỹ thuật điện tử - viễn thông,D01,13.50,,THPTQG,2018,,daniele15,
DSG,7510302,Công nghệ kỹ thuật điện tử - viễn thông,D07,13.50,,THPTQG,2018,,daniele15,
DSG,7540101,Công nghệ thực phẩm,A00,14.00,,THPTQG,2018,,daniele15,
DSG,7540101,Công nghệ thực phẩm,B00,14.00,,THPTQG,2018,,daniele15,
DSG,7540101,Công nghệ thực phẩm,B08,14.00,,THPTQG,2018,,daniele15,
DSG,7540101,Công nghệ thực phẩm,D07,14.00,,THPTQG,2018,,daniele15,
DSG,7580201,Kỹ thuật xây dựng,A00,13.50,,THPTQG,2018,,daniele15,
DSG,7580201,Kỹ thuật xây dựng,A01,13.50,,THPTQG,2018,,daniele15,
DSG,7580201,Kỹ thuật xây dựng,D01,13.50,,THPTQG,2018,,daniele15,
DSG,7580201,Kỹ thuật xây dựng,D07,13.50,,THPTQG,2018,,daniele15,
DSK,7140214,Sư phạm kỹ thuật công nghiệp,A00,17.02,,THPTQG,2018,TO >= 4.6;TTNV <= 1,daniele15,
DSK,7140214,Sư phạm kỹ thuật công nghiệp,A16,17.02,,THPTQG,2018,TO >= 4.6;TTNV <= 1,daniele15,
DSK,7140214,Sư phạm kỹ thuật công nghiệp,D01,17.02,,THPTQG,2018,TO >= 4.6;TTNV <= 1,daniele15,
DSK,7140214,Sư phạm kỹ thuật công nghiệp,D90,17.02,,THPTQG,2018,TO >= 4.6;TTNV <= 1,daniele15,
DSK,7420203,Sinh học ứng dụng,A00,14.40,,THPTQG,2018,TO >= 5.4;TTNV <= 1,daniele15,
DSK,7420203,Sinh học ứng dụng,A01,14.40,,THPTQG,2018,TO >= 5.4;TTNV <= 1,daniele15,
DSK,7420203,Sinh học ứng dụng,B00,14.40,,THPTQG,2018,TO >= 5.4;TTNV <= 1,daniele15,
DSK,7420203,Sinh học ứng dụng,D01,14.40,,THPTQG,2018,TO >= 5.4;TTNV <= 1,daniele15,
DSK,7480201,Công nghệ thông tin,A00,17.50,,THPTQG,2018,TO >= 5.4;TTNV <= 1,daniele15,
DSK,7480201,Công nghệ thông tin,A16,17.50,,THPTQG,2018,TO >= 5.4;TTNV <= 1,daniele15,
DSK,7480201,Công nghệ thông tin,D01,17.50,,THPTQG,2018,TO >= 5.4;TTNV <= 1,daniele15,
DSK,7480201,Công nghệ thông tin,D90,17.50,,THPTQG,2018,TO >= 5.4;TTNV <= 1,daniele15,
DSK,7510103,Công nghệ kỹ thuật xây dựng,A00,14.50,,THPTQG,2018,TO >= 6;TTNV <= 4,daniele15,
DSK,7510103,Công nghệ kỹ thuật xây dựng,A16,14.50,,THPTQG,2018,TO >= 6;TTNV <= 4,daniele15,
DSK,7510103,Công nghệ kỹ thuật xây dựng,D01,14.50,,THPTQG,2018,TO >= 6;TTNV <= 4,daniele15,
DSK,7510103,Công nghệ kỹ thuật xây dựng,D90,14.50,,THPTQG,2018,TO >= 6;TTNV <= 4,daniele15,
DSK,7510104,Công nghệ kỹ thuật giao thông,A00,14.15,,THPTQG,2018,TO >= 5.4;TTNV <= 2,daniele15,
DSK,7510104,Công nghệ kỹ thuật giao thông,A16,14.15,,THPTQG,2018,TO >= 5.4;TTNV <= 2,daniele15,
DSK,7510104,Công nghệ kỹ thuật giao thông,D01,14.15,,THPTQG,2018,TO >= 5.4;TTNV <= 2,daniele15,
DSK,7510104,Công nghệ kỹ thuật giao thông,D90,14.15,,THPTQG,2018,TO >= 5.4;TTNV <= 2,daniele15,
DSK,7510201,Công nghệ kỹ thuật cơ khí,A00,15.50,,THPTQG,2018,TO >= 5;TTNV <= 1,daniele15,
DSK,7510201,Công nghệ kỹ thuật cơ khí,A16,15.50,,THPTQG,2018,TO >= 5;TTNV <= 1,daniele15,
DSK,7510201,Công nghệ kỹ thuật cơ khí,D01,15.50,,THPTQG,2018,TO >= 5;TTNV <= 1,daniele15,
DSK,7510201,Công nghệ kỹ thuật cơ khí,D90,15.50,,THPTQG,2018,TO >= 5;TTNV <= 1,daniele15,
DSK,7510203,Công nghệ kỹ thuật cơ điện tử,A00,15.55,,THPTQG,2018,TO >= 4.8;TTNV <= 1,daniele15,
DSK,7510203,Công nghệ kỹ thuật cơ điện tử,A16,15.55,,THPTQG,2018,TO >= 4.8;TTNV <= 1,daniele15,
DSK,7510203,Công nghệ kỹ thuật cơ điện tử,D01,15.55,,THPTQG,2018,TO >= 4.8;TTNV <= 1,daniele15,
DSK,7510203,Công nghệ kỹ thuật cơ điện tử,D90,15.55,,THPTQG,2018,TO >= 4.8;TTNV <= 1,daniele15,
DSK,7510205,Công nghệ kỹ thuật ô tô,A00,17.50,,THPTQG,2018,TO >= 5;TTNV <= 2,daniele15,
DSK,7510205,Công nghệ kỹ thuật ô tô,A16,17.50,,THPTQG,2018,TO >= 5;TTNV <= 2,daniele15,
DSK,7510205,Công nghệ kỹ thuật ô tô,D01,17.50,,THPTQG,2018,TO >= 5;TTNV <= 2,daniele15,
DSK,7510205,Công nghệ kỹ thuật ô tô,D90,17.50,,THPTQG,2018,TO >= 5;TTNV <= 2,daniele15,
DSK,7510206,Công nghệ Kỹ thuật Nhiệt (Cơ điện lạnh),A00,14.05,,THPTQG,2018,TO >= 4.8;TTNV <= 3,daniele15,
DSK,7510206,Công nghệ Kỹ thuật Nhiệt (Cơ điện lạnh),A16,14.05,,THPTQG,2018,TO >= 4.8;TTNV <= 3,daniele15,
DSK,7510206,Công nghệ Kỹ thuật Nhiệt (Cơ điện lạnh),D01,14.05,,THPTQG,2018,TO >= 4.8;TTNV <= 3,daniele15,
DSK,7510206,Công nghệ Kỹ thuật Nhiệt (Cơ điện lạnh),D90,14.05,,THPTQG,2018,TO >= 4.8;TTNV <= 3,daniele15,
DSK,7510301,"Công nghệ kỹ thuật điện, điện tử",A00,15.50,,THPTQG,2018,TO >= 5;TTNV <= 1,daniele15,
DSK,7510301,"Công nghệ kỹ thuật điện, điện tử",A16,15.50,,THPTQG,2018,TO >= 5;TTNV <= 1,daniele15,
DSK,7510301,"Công nghệ kỹ thuật điện, điện tử",D01,15.50,,THPTQG,2018,TO >= 5;TTNV <= 1,daniele15,
DSK,7510301,"Công nghệ kỹ thuật điện, điện tử",D90,15.50,,THPTQG,2018,TO >= 5;TTNV <= 1,daniele15,
DSK,7510302,Công nghệ kỹ thuật điện tử - viễn thông,A00,14.53,,THPTQG,2018,TO >= 5.2;TTNV <= 2,daniele15,
DSK,7510302,Công nghệ kỹ thuật điện tử - viễn thông,A16,14.53,,THPTQG,2018,TO >= 5.2;TTNV <= 2,daniele15,
DSK,7510302,Công nghệ kỹ thuật điện tử - viễn thông,D01,14.53,,THPTQG,2018,TO >= 5.2;TTNV <= 2,daniele15,
DSK,7510302,Công nghệ kỹ thuật điện tử - viễn thông,D90,14.53,,THPTQG,2018,TO >= 5.2;TTNV <= 2,daniele15,
DSK,7510303,Công nghệ kỹ thuật điều khiển và tự động hóa,A00,15.50,,THPTQG,2018,TO >= 6;TTNV <= 7,daniele15,
DSK,7510303,Công nghệ kỹ thuật điều khiển và tự động hóa,A16,15.50,,THPTQG,2018,TO >= 6;TTNV <= 7,daniele15,
DSK,7510303,Công nghệ kỹ thuật điều khiển và tự động hóa,D01,15.50,,THPTQG,2018,TO >= 6;TTNV <= 7,daniele15,
DSK,7510303,Công nghệ kỹ thuật điều khiển và tự động hóa,D90,15.50,,THPTQG,2018,TO >= 6;TTNV <= 7,daniele15,
DSK,7510402,Công nghệ vật liệu,A00,14.35,,THPTQG,2018,TO >= 5.6;TTNV <= 2,daniele15,
DSK,7510402,Công nghệ vật liệu,A16,14.35,,THPTQG,2018,TO >= 5.6;TTNV <= 2,daniele15,
DSK,7510402,Công nghệ vật liệu,D01,14.35,,THPTQG,2018,TO >= 5.6;TTNV <= 2,daniele15,
DSK,7510402,Công nghệ vật liệu,D90,14.35,,THPTQG,2018,TO >= 5.6;TTNV <= 2,daniele15,
DSK,7510406,Công nghệ kỹ thuật môi trường,A00,14.00,,THPTQG,2018,TO >= 3.8;TTNV <= 4,daniele15,
DSK,7510406,Công nghệ kỹ thuật môi trường,A01,14.00,,THPTQG,2018,TO >= 3.8;TTNV <= 4,daniele15,
DSK,7510406,Công nghệ kỹ thuật môi trường,B00,14.00,,THPTQG,2018,TO >= 3.8;TTNV <= 4,daniele15,
DSK,7510406,Công nghệ kỹ thuật môi trường,D01,14.00,,THPTQG,2018,TO >= 3.8;TTNV <= 4,daniele15,
DSK,7540102,Kỹ thuật Thực phẩm,A00,14.00,,THPTQG,2018,TO >= 5;TTNV <= 3,daniele15,
DSK,7540102,Kỹ thuật Thực phẩm,A16,14.00,,THPTQG,2018,TO >= 5;TTNV <= 3,daniele15,
DSK,7540102,Kỹ thuật Thực phẩm,D01,14.00,,THPTQG,2018,TO >= 5;TTNV <= 3,daniele15,
DSK,7540102,Kỹ thuật Thực phẩm,D90,14.00,,THPTQG,2018,TO >= 5;TTNV <= 3,daniele15,
DSK,7580210,Kỹ thuật cơ sở hạ tầng,A00,14.00,,THPTQG,2018,TO >= 5;TTNV <= 4,daniele15,
DSK,7580210,Kỹ thuật cơ sở hạ tầng,A16,14.00,,THPTQG,2018,TO >= 5;TTNV <= 4,daniele15,
DSK,7580210,Kỹ thuật cơ sở hạ tầng,D01,14.00,,THPTQG,2018,TO >= 5;TTNV <= 4,daniele15,
DSK,7580210,Kỹ thuật cơ sở hạ tầng,D90,14.00,,THPTQG,2018,TO >= 5;TTNV <= 4,daniele15,
DTE,7310101,Kinh tế,B00,13.00,,THPTQG,2018,,daniele15,
DTE,7310101,Kinh tế,D08,13.00,,THPTQG,2018,,daniele15,
DTE,7310104,Kinh tế,A00,13.00,,THPTQG,2018,Kinh tế đầu tư,daniele15,
DTE,7310104,Kinh tế,A01,13.00,,THPTQG,2018,Kinh tế đầu tư,daniele15,
DTE,7310104,Kinh tế,D01,13.00,,THPTQG,2018,Kinh tế đầu tư,daniele15,
DTE,7310104,Kinh tế,D10,13.00,,THPTQG,2018,Kinh tế đầu tư,daniele15,
DTE,7310105,Kinh tế,A00,13.00,,THPTQG,2018,Kinh tế phát triển,daniele15,
DTE,7310105,Kinh tế,A01,13.00,,THPTQG,2018,Kinh tế phát triển,daniele15,
DTE,7310105,Kinh tế,C04,13.00,,THPTQG,2018,Kinh tế phát triển,daniele15,
DTE,7310105,Kinh tế,D01,13.00,,THPTQG,2018,Kinh tế phát triển,daniele15,
DTE,7340101,Quản trị kinh doanh,A00,13.00,,THPTQG,2018,,daniele15,
DTE,7340101,Quản trị kinh doanh,A01,13.00,,THPTQG,2018,,daniele15,
DTE,7340101,Quản trị kinh doanh,C04,13.00,,THPTQG,2018,,daniele15,
DTE,7340101,Quản trị kinh doanh,D01,13.00,,THPTQG,2018,,daniele15,
DTE,7340115,Marketing,D10,13.00,,THPTQG,2018,,daniele15,
DTE,7340201,Tài chính - Ngân hàng,C01,13.00,,THPTQG,2018,,daniele15,
DTE,7340301,Kế toán,A00,13.00,,THPTQG,2018,,daniele15,
DTE,7340301,Kế toán,A01,13.00,,THPTQG,2018,,daniele15,
DTE,7340301,Kế toán,D01,13.00,,THPTQG,2018,,daniele15,
DTE,7340301,Kế toán,D07,13.00,,THPTQG,2018,,daniele15,
DTE,7340403,Quản lý công,A00,13.00,,THPTQG,2018,,daniele15,
DTE,7340403,Quản lý công,A01,13.00,,THPTQG,2018,,daniele15,
DTE,7340403,Quản lý công,C01,13.00,,THPTQG,2018,,daniele15,
DTE,7340403,Quản lý công,D01,13.00,,THPTQG,2018,,daniele15,
DTE,7380107,Luật,A00,13.00,,THPTQG,2018,Luật kinh tế,daniele15,
DTE,7380107,Luật,C00,13.00,,THPTQG,2018,Luật kinh tế,daniele15,
DTE,7380107,Luật,D01,13.00,,THPTQG,2018,Luật kinh tế,daniele15,
DTE,7380107,Luật,D14,13.00,,THPTQG,2018,Luật kinh tế,daniele15,
DTE,7810103,Quản trị dịch vụ du lịch và lữ hành,A01,13.00,,THPTQG,2018,,daniele15,
DTE,7810103,Quản trị dịch vụ du lịch và lữ hành,C04,13.00,,THPTQG,2018,,daniele15,
DTE,7810103,Quản trị dịch vụ du lịch và lữ hành,D01,13.00,,THPTQG,2018,,daniele15,
DTF,51140231,Sư phạm Tiếng Anh,A01,15.00,,THPTQG,2018,Hệ cao đẳng,daniele15,
DTF,51140231,Sư phạm Tiếng Anh,D01,15.00,,THPTQG,2018,Hệ cao đẳng,daniele15,
DTF,51140231,Sư phạm Tiếng Anh,D15,15.00,,THPTQG,2018,Hệ cao đẳng,daniele15,
DTF,51140231,Sư phạm Tiếng Anh,D66,15.00,,THPTQG,2018,Hệ cao đẳng,daniele15,
DTF,7140231,Sư phạm Tiếng Anh,A01,17.50,,THPTQG,2018,,daniele15,
DTF,7140231,Sư phạm Tiếng Anh,D01,17.50,,THPTQG,2018,,daniele15,
DTF,7140231,Sư phạm Tiếng Anh,D15,17.50,,THPTQG,2018,,daniele15,
DTF,7140231,Sư phạm Tiếng Anh,D66,17.50,,THPTQG,2018,,daniele15,
DTF,7140232,Sư phạm Tiếng Nga,A01,17.00,,THPTQG,2018,,daniele15,
DTF,7140232,Sư phạm Tiếng Nga,D01,17.00,,THPTQG,2018,,daniele15,
DTF,7140232,Sư phạm Tiếng Nga,D02,17.00,,THPTQG,2018,,daniele15,
DTF,7140232,Sư phạm Tiếng Nga,D66,17.00,,THPTQG,2018,,daniele15,
DTF,7140234,Sư phạm Tiếng Trung Quốc,A01,17.50,,THPTQG,2018,,daniele15,
DTF,7140234,Sư phạm Tiếng Trung Quốc,D01,17.50,,THPTQG,2018,,daniele15,
DTF,7140234,Sư phạm Tiếng Trung Quốc,D04,17.50,,THPTQG,2018,,daniele15,
DTF,7140234,Sư phạm Tiếng Trung Quốc,D66,17.50,,THPTQG,2018,,daniele15,
DTF,7220201,Ngôn ngữ Anh,A01,17.50,,THPTQG,2018,,daniele15,
DTF,7220201,Ngôn ngữ Anh,D01,17.50,,THPTQG,2018,,daniele15,
DTF,7220201,Ngôn ngữ Anh,D15,17.50,,THPTQG,2018,,daniele15,
DTF,7220201,Ngôn ngữ Anh,D66,17.50,,THPTQG,2018,,daniele15,
DTF,7220202,Ngôn ngữ Nga,A01,13.00,,THPTQG,2018,,daniele15,
DTF,7220202,Ngôn ngữ Nga,D01,13.00,,THPTQG,2018,,daniele15,
DTF,7220202,Ngôn ngữ Nga,D02,13.00,,THPTQG,2018,,daniele15,
DTF,7220202,Ngôn ngữ Nga,D66,13.00,,THPTQG,2018,,daniele15,
DTF,7220203,Ngôn ngữ Pháp,A01,13.00,,THPTQG,2018,,daniele15,
DTF,7220203,Ngôn ngữ Pháp,D01,13.00,,THPTQG,2018,,daniele15,
DTF,7220203,Ngôn ngữ Pháp,D03,13.00,,THPTQG,2018,,daniele15,
DTF,7220203,Ngôn ngữ Pháp,D66,13.00,,THPTQG,2018,,daniele15,
DTF,7220204,Ngôn ngữ Trung Quốc,A01,19.00,,THPTQG,2018,,daniele15,
DTF,7220204,Ngôn ngữ Trung Quốc,D01,19.00,,THPTQG,2018,,daniele15,
DTF,7220204,Ngôn ngữ Trung Quốc,D04,19.00,,THPTQG,2018,,daniele15,
DTF,7220204,Ngôn ngữ Trung Quốc,D66,19.00,,THPTQG,2018,,daniele15,
DTL,7220201,Ngôn ngữ Anh,D01,17.60,,THPTQG,2018,Điểm Tiếng Anh,daniele15,
DTL,7220204,Ngôn ngữ Trung Quốc,D01,19.60,,THPTQG,2018,Điểm Ngoại ngữ,daniele15,
DTL,7220204,Ngôn ngữ Trung Quốc,D04,19.60,,THPTQG,2018,Điểm Ngoại ngữ,daniele15,
DTL,7220209,Ngôn ngữ Nhật,D01,19.10,,THPTQG,2018,Điểm Ngoại ngữ,daniele15,
DTL,7220209,Ngôn ngữ Nhật,D06,19.10,,THPTQG,2018,Điểm Ngoại ngữ,daniele15,
DTL,7220210,Ngôn ngữ Hàn Quốc,D01,19.30,,THPTQG,2018,Điểm Tiếng Anh,daniele15,
DTL,7310630,Việt Nam học,C00,17.00,,THPTQG,2018,Điểm Ngữ văn,daniele15,
DTL,7310630,Việt Nam học,D01,17.00,,THPTQG,2018,Điểm Ngữ văn,daniele15,
DTL,7310630,Việt Nam học,D03,17.00,,THPTQG,2018,Điểm Ngữ văn,daniele15,
DTL,7310630,Việt Nam học,D04,17.00,,THPTQG,2018,Điểm Ngữ văn,daniele15,
DTL,7340101,Quản trị kinh doanh,A00,17.60,,THPTQG,2018,Điểm Toán,daniele15,
DTL,7340101,Quản trị kinh doanh,A01,17.60,,THPTQG,2018,Điểm Toán,daniele15,
DTL,7340101,Quản trị kinh doanh,D01,17.60,,THPTQG,2018,Điểm Toán,daniele15,
DTL,7340101,Quản trị kinh doanh,D03,17.60,,THPTQG,2018,Điểm Toán,daniele15,
DTL,7340201,Tài chính - Ngân hàng,A00,17.10,,THPTQG,2018,Điểm Toán,daniele15,
DTL,7340201,Tài chính - Ngân hàng,A01,17.10,,THPTQG,2018,Điểm Toán,daniele15,
DTL,7340201,Tài chính - Ngân hàng,D01,17.10,,THPTQG,2018,Điểm Toán,daniele15,
DTL,7340201,Tài chính - Ngân hàng,D03,17.10,,THPTQG,2018,Điểm Toán,daniele15,
DTL,7340301,Kế toán,A00,17.00,,THPTQG,2018,Điểm Toán,daniele15,
DTL,7340301,Kế toán,A01,17.00,,THPTQG,2018,Điểm Toán,daniele15,
DTL,7340301,Kế toán,D01,17.00,,THPTQG,2018,Điểm Toán,daniele15,
DTL,7340301,Kế toán,D03,17.00,,THPTQG,2018,Điểm Toán,daniele15,
DTL,7460112,Toán ứng dụng,A00,15.00,,THPTQG,2018,"(Toán là môn chính, hệ số 2)",daniele15,
DTL,7460112,Toán ứng dụng,A01,15.00,,THPTQG,2018,"(Toán là môn chính, hệ số 2)",daniele15,
DTL,7480101,Khoa học máy tính,A00,15.00,,THPTQG,2018,"(Toán là môn chính, hệ số 2)",daniele15,
DTL,7480101,Khoa học máy tính,A01,15.00,,THPTQG,2018,"(Toán là môn chính, hệ số 2)",daniele15,
DTL,7480102,Mạng máy tính và Truyền thông dữ liệu,A00,15.00,,THPTQG,2018,"(Toán là môn chính, hệ số 2)",daniele15,
DTL,7480102,Mạng máy tính và Truyền thông dữ liệu,A01,15.00,,THPTQG,2018,"(Toán là môn chính, hệ số 2)",daniele15,
DTL,7480104,Hệ thống thông tin,A00,15.00,,THPTQG,2018,"(Toán là môn chính, hệ số 2)",daniele15,
DTL,7480104,Hệ thống thông tin,A01,15.00,,THPTQG,2018,"(Toán là môn chính, hệ số 2)",daniele15,
DTL,7720301,Điều dưỡng,B00,15.00,,THPTQG,2018,Điểm Sinh học,daniele15,
DTL,7720401,Dinh dưỡng,B00,15.00,,THPTQG,2018,Điểm Sinh học,daniele15,
DTL,7720701,Y tế công cộng,B00,15.00,,THPTQG,2018,Điểm Sinh học,daniele15,
DTL,7720802,Quản trị khách sạn,B00,15.00,,THPTQG,2018,Điểm Sinh học,daniele15,
DTL,7760101,Công tác xã hội,C00,16.00,,THPTQG,2018,Điểm Ngữ văn,daniele15,
DTL,7760101,Công tác xã hội,D01,16.00,,THPTQG,2018,Điểm Ngữ văn,daniele15,
DTL,7760101,Công tác xã hội,D03,16.00,,THPTQG,2018,Điểm Ngữ văn,daniele15,
DTL,7760101,Công tác xã hội,D04,16.00,,THPTQG,2018,Điểm Ngữ văn,daniele15,
DTL,7810103,Quản trị dịch vụ du lịch và lữ hành,A00,17.75,,THPTQG,2018,Điểm Toán,daniele15,
DTL,7810103,Quản trị dịch vụ du lịch và lữ hành,A01,17.75,,THPTQG,2018,Điểm Toán,daniele15,
DTL,7810103,Quản trị dịch vụ du lịch và lữ hành,D01,17.75,,THPTQG,2018,Điểm Toán,daniele15,
DTL,7810103,Quản trị dịch vụ du lịch và lữ hành,D03,17.75,,THPTQG,2018,Điểm Toán,daniele15,
DTL,TLA101,Kỹ thuật xây dựng,A00,14.00,,THPTQG,2018,Kỹ thuật xây dựng công trình thuỷ,daniele15,
DTL,TLA101,Kỹ thuật xây dựng,A01,14.00,,THPTQG,2018,Kỹ thuật xây dựng công trình thuỷ,daniele15,
DTL,TLA101,Kỹ thuật xây dựng,D01,14.00,,THPTQG,2018,Kỹ thuật xây dựng công trình thuỷ,daniele15,
DTL,TLA101,Kỹ thuật xây dựng,D07,14.00,,THPTQG,2018,Kỹ thuật xây dựng công trình thuỷ,daniele15,
DTL,TLA102,Kỹ thuật tài nguyên nước,A00,14.00,,THPTQG,2018,,daniele15,
DTL,TLA102,Kỹ thuật tài nguyên nước,A01,14.00,,THPTQG,2018,,daniele15,
DTL,TLA102,Kỹ thuật tài nguyên nước,D01,14.00,,THPTQG,2018,,daniele15,
DTL,TLA102,Kỹ thuật tài nguyên nước,D07,14.00,,THPTQG,2018,,daniele15,
DTL,TLA103,Thuỷ văn học,A00,14.00,,THPTQG,2018,,daniele15,
DTL,TLA103,Thuỷ văn học,A01,14.00,,THPTQG,2018,,daniele15,
DTL,TLA103,Thuỷ văn học,D01,14.00,,THPTQG,2018,,daniele15,
DTL,TLA103,Thuỷ văn học,D07,14.00,,THPTQG,2018,,daniele15,
DTL,TLA104,Kỹ thuật xây dựng,A00,14.00,,THPTQG,2018,,daniele15,
DTL,TLA104,Kỹ thuật xây dựng,A01,14.00,,THPTQG,2018,,daniele15,
DTL,TLA104,Kỹ thuật xây dựng,D01,14.00,,THPTQG,2018,,daniele15,
DTL,TLA104,Kỹ thuật xây dựng,D07,14.00,,THPTQG,2018,,daniele15,
DTL,TLA105,Kỹ thuật cơ khí,A00,15.30,,THPTQG,2018,Những thi sinh có điểm xét tuyển đúng bằng 15.30 thì điểm Toán phải đạt từ 5.8 trở lên và đăng ký nguyện vọng 1,daniele15,
DTL,TLA105,Kỹ thuật cơ khí,A01,15.30,,THPTQG,2018,Những thi sinh có điểm xét tuyển đúng bằng 15.30 thì điểm Toán phải đạt từ 5.8 trở lên và đăng ký nguyện vọng 1,daniele15,
DTL,TLA105,Kỹ thuật cơ khí,D01,15.30,,THPTQG,2018,Những thi sinh có điểm xét tuyển đúng bằng 15.30 thì điểm Toán phải đạt từ 5.8 trở lên và đăng ký nguyện vọng 1,daniele15,
DTL,TLA105,Kỹ thuật cơ khí,D07,15.30,,THPTQG,2018,Những thi sinh có điểm xét tuyển đúng bằng 15.30 thì điểm Toán phải đạt từ 5.8 trở lên và đăng ký nguyện vọng 1,daniele15,
DTL,TLA106,Công nghệ thông tin,A00,17.95,,THPTQG,2018,Những thí sinh có điểm xét tuyển đúng bẳng 17.95 thì điểm Toán phải đạt từ 6.20 trở lên và đăng ký nguyện vọng 1,daniele15,
DTL,TLA106,Công nghệ thông tin,A01,17.95,,THPTQG,2018,Những thí sinh có điểm xét tuyển đúng bẳng 17.95 thì điểm Toán phải đạt từ 6.20 trở lên và đăng ký nguyện vọng 1,daniele15,
DTL,TLA106,Công nghệ thông tin,D01,17.95,,THPTQG,2018,Những thí sinh có điểm xét tuyển đúng bẳng 17.95 thì điểm Toán phải đạt từ 6.20 trở lên và đăng ký nguyện vọng 1,daniele15,
DTL,TLA106,Công nghệ thông tin,D07,17.95,,THPTQG,2018,Những thí sinh có điểm xét tuyển đúng bẳng 17.95 thì điểm Toán phải đạt từ 6.20 trở lên và đăng ký nguyện vọng 1,daniele15,
DTL,TLA107,Kỹ thuật cấp thoát nước,A00,14.00,,THPTQG,2018,,daniele15,
DTL,TLA107,Kỹ thuật cấp thoát nước,A01,14.00,,THPTQG,2018,,daniele15,
DTL,TLA107,Kỹ thuật cấp thoát nước,D01,14.00,,THPTQG,2018,,daniele15,
DTL,TLA107,Kỹ thuật cấp thoát nước,D07,14.00,,THPTQG,2018,,daniele15,
DTL,TLA108,Kỹ thuật xây dựng,A00,17.00,,THPTQG,2018,Kỹ thuật xây dựng công trình biển,daniele15,
DTL,TLA108,Kỹ thuật xây dựng,A01,17.00,,THPTQG,2018,Kỹ thuật xây dựng công trình biển,daniele15,
DTL,TLA108,Kỹ thuật xây dựng,D01,17.00,,THPTQG,2018,Kỹ thuật xây dựng công trình biển,daniele15,
DTL,TLA108,Kỹ thuật xây dựng,D07,17.00,,THPTQG,2018,Kỹ thuật xây dựng công trình biển,daniele15,
DTL,TLA109,Kỹ thuật môi trường,A00,14.00,,THPTQG,2018,,daniele15,
DTL,TLA109,Kỹ thuật môi trường,A01,14.00,,THPTQG,2018,,daniele15,
DTL,TLA109,Kỹ thuật môi trường,D01,14.00,,THPTQG,2018,,daniele15,
DTL,TLA109,Kỹ thuật môi trường,D07,14.00,,THPTQG,2018,,daniele15,
DTL,TLA110,Kỹ thuật cơ sở hạ tầng,A00,14.00,,THPTQG,2018,,daniele15,
DTL,TLA110,Kỹ thuật cơ sở hạ tầng,A01,14.00,,THPTQG,2018,,daniele15,
DTL,TLA110,Kỹ thuật cơ sở hạ tầng,D01,14.00,,THPTQG,2018,,daniele15,
DTL,TLA110,Kỹ thuật cơ sở hạ tầng,D07,14.00,,THPTQG,2018,,daniele15,
DTL,TLA111,Công nghệ kỹ thuật xây dựng,A00,14.00,,THPTQG,2018,,daniele15,
DTL,TLA111,Công nghệ kỹ thuật xây dựng,A01,14.00,,THPTQG,2018,,daniele15,
DTL,TLA111,Công nghệ kỹ thuật xây dựng,D01,14.00,,THPTQG,2018,,daniele15,
DTL,TLA111,Công nghệ kỹ thuật xây dựng,D07,14.00,,THPTQG,2018,,daniele15,
DTL,TLA112,Kỹ thuật điện,A00,14.00,,THPTQG,2018,,daniele15,
DTL,TLA112,Kỹ thuật điện,A01,14.00,,THPTQG,2018,,daniele15,
DTL,TLA112,Kỹ thuật điện,D01,14.00,,THPTQG,2018,,daniele15,
DTL,TLA112,Kỹ thuật điện,D07,14.00,,THPTQG,2018,,daniele15,
DTL,TLA113,Kỹ thuật xây dựng,A00,14.00,,THPTQG,2018,Kỹ thuật xây dựng công trình giao thông,daniele15,
DTL,TLA113,Kỹ thuật xây dựng,A01,14.00,,THPTQG,2018,Kỹ thuật xây dựng công trình giao thông,daniele15,
DTL,TLA113,Kỹ thuật xây dựng,D01,14.00,,THPTQG,2018,Kỹ thuật xây dựng công trình giao thông,daniele15,
DTL,TLA113,Kỹ thuật xây dựng,D07,14.00,,THPTQG,2018,Kỹ thuật xây dựng công trình giao thông,daniele15,
DTL,TLA114,Quản lý xây dựng,A00,14.00,,THPTQG,2018,,daniele15,
DTL,TLA114,Quản lý xây dựng,A01,14.00,,THPTQG,2018,,daniele15,
DTL,TLA114,Quản lý xây dựng,D01,14.00,,THPTQG,2018,,daniele15,
DTL,TLA114,Quản lý xây dựng,D07,14.00,,THPTQG,2018,,daniele15,
DTL,TLA115,Kỹ thuật trắc địa - bản đồ,A00,19.00,,THPTQG,2018,,daniele15,
DTL,TLA115,Kỹ thuật trắc địa - bản đồ,A01,19.00,,THPTQG,2018,,daniele15,
DTL,TLA115,Kỹ thuật trắc địa - bản đồ,D01,19.00,,THPTQG,2018,,daniele15,
DTL,TLA115,Kỹ thuật trắc địa - bản đồ,D07,19.00,,THPTQG,2018,,daniele15,
DTL,TLA116,Hệ thống thông tin,A00,16.00,,THPTQG,2018,,daniele15,
DTL,TLA116,Hệ thống thông tin,A01,16.00,,THPTQG,2018,,daniele15,
DTL,TLA116,Hệ thống thông tin,D01,16.00,,THPTQG,2018,,daniele15,
DTL,TLA116,Hệ thống thông tin,D07,16.00,,THPTQG,2018,,daniele15,
DTL,TLA117,Kỹ thuật phần mềm,A00,16.00,,THPTQG,2018,,daniele15,
DTL,TLA117,Kỹ thuật phần mềm,A01,16.00,,THPTQG,2018,,daniele15,
DTL,TLA117,Kỹ thuật phần mềm,D01,16.00,,THPTQG,2018,,daniele15,
DTL,TLA117,Kỹ thuật phần mềm,D07,16.00,,THPTQG,2018,,daniele15,
DTL,TLA118,Kỹ thuật hoá học,A00,14.00,,THPTQG,2018,,daniele15,
DTL,TLA118,Kỹ thuật hoá học,B00,14.00,,THPTQG,2018,,daniele15,
DTL,TLA118,Kỹ thuật hoá học,D07,14.00,,THPTQG,2018,,daniele15,
DTL,TLA119,Công nghệ sinh học,A00,14.00,,THPTQG,2018,,daniele15,
DTL,TLA119,Công nghệ sinh học,A02,14.00,,THPTQG,2018,,daniele15,
DTL,TLA119,Công nghệ sinh học,B00,14.00,,THPTQG,2018,,daniele15,
DTL,TLA119,Công nghệ sinh học,D08,14.00,,THPTQG,2018,,daniele15,
DTL,TLA120,Kỹ thuật cơ điện tử,A00,15.15,,THPTQG,2018,Những thí sinh có điểm xét tuyển đúng bằng 15.15 thi điểm Toán phải đạt tử 5.00 trở lên và đăng ký nguyện vọng 3 trở lên,daniele15,
DTL,TLA120,Kỹ thuật cơ điện tử,A01,15.15,,THPTQG,2018,Những thí sinh có điểm xét tuyển đúng bằng 15.15 thi điểm Toán phải đạt tử 5.00 trở lên và đăng ký nguyện vọng 3 trở lên,daniele15,
DTL,TLA120,Kỹ thuật cơ điện tử,D01,15.15,,THPTQG,2018,Những thí sinh có điểm xét tuyển đúng bằng 15.15 thi điểm Toán phải đạt tử 5.00 trở lên và đăng ký nguyện vọng 3 trở lên,daniele15,
DTL,TLA120,Kỹ thuật cơ điện tử,D07,15.15,,THPTQG,2018,Những thí sinh có điểm xét tuyển đúng bằng 15.15 thi điểm Toán phải đạt tử 5.00 trở lên và đăng ký nguyện vọng 3 trở lên,daniele15,
DTL,TLA121,Kỹ thuật điều khiển và tự động hoá,A00,15.60,,THPTQG,2018,Những thi sinh có điểm xét tuyển đúng bằng 15.60 thì điểm Toán phải đạt từ 5.60 trở lên và đăng ký nguyện vọng 1,daniele15,
DTL,TLA121,Kỹ thuật điều khiển và tự động hoá,A01,15.60,,THPTQG,2018,Những thi sinh có điểm xét tuyển đúng bằng 15.60 thì điểm Toán phải đạt từ 5.60 trở lên và đăng ký nguyện vọng 1,daniele15,
DTL,TLA121,Kỹ thuật điều khiển và tự động hoá,D01,15.60,,THPTQG,2018,Những thi sinh có điểm xét tuyển đúng bằng 15.60 thì điểm Toán phải đạt từ 5.60 trở lên và đăng ký nguyện vọng 1,daniele15,
DTL,TLA121,Kỹ thuật điều khiển và tự động hoá,D07,15.60,,THPTQG,2018,Những thi sinh có điểm xét tuyển đúng bằng 15.60 thì điểm Toán phải đạt từ 5.60 trở lên và đăng ký nguyện vọng 1,daniele15,
DTL,TLA122,Công nghệ chế tạo máy,A00,14.00,,THPTQG,2018,,daniele15,
DTL,TLA122,Công nghệ chế tạo máy,A01,14.00,,THPTQG,2018,,daniele15,
DTL,TLA122,Công nghệ chế tạo máy,D01,14.00,,THPTQG,2018,,daniele15,
DTL,TLA122,Công nghệ chế tạo máy,D07,14.00,,THPTQG,2018,,daniele15,
DTL,TLA201,Kỹ thuật xây dựng,A00,14.00,,THPTQG,2018,"Chương trình tiên tiến (Hợp tác với Đại học Arkansas, Hoa Kỳ)",daniele15,
DTL,TLA201,Kỹ thuật xây dựng,A01,14.00,,THPTQG,2018,"Chương trình tiên tiến (Hợp tác với Đại học Arkansas, Hoa Kỳ)",daniele15,
DTL,TLA201,Kỹ thuật xây dựng,D01,14.00,,THPTQG,2018,"Chương trình tiên tiến (Hợp tác với Đại học Arkansas, Hoa Kỳ)",daniele15,
DTL,TLA201,Kỹ thuật xây dựng,D07,14.00,,THPTQG,2018,"Chương trình tiên tiến (Hợp tác với Đại học Arkansas, Hoa Kỳ)",daniele15,
DTL,TLA202,Kỹ thuật tài nguyên nước,A00,14.00,,THPTQG,2018,"Chương trình tiên tiến (Hợp tác với Đợi học bang Colorado, Hoa Kỳ)",daniele15,
DTL,TLA202,Kỹ thuật tài nguyên nước,A01,14.00,,THPTQG,2018,"Chương trình tiên tiến (Hợp tác với Đợi học bang Colorado, Hoa Kỳ)",daniele15,
DTL,TLA202,Kỹ thuật tài nguyên nước,D01,14.00,,THPTQG,2018,"Chương trình tiên tiến (Hợp tác với Đợi học bang Colorado, Hoa Kỳ)",daniele15,
DTL,TLA202,Kỹ thuật tài nguyên nước,D07,14.00,,THPTQG,2018,"Chương trình tiên tiến (Hợp tác với Đợi học bang Colorado, Hoa Kỳ)",daniele15,
DTL,TLA401,Kinh tế,A00,16.95,,THPTQG,2018,Những thí sinh có điểm xét tuyền đúng bằng 16.95 thì điểm Toán phải đạt từ 5.40 trở lên và đăng ký nguyện vọng 4 trở lên,daniele15,
DTL,TLA401,Kinh tế,A01,16.95,,THPTQG,2018,Những thí sinh có điểm xét tuyền đúng bằng 16.95 thì điểm Toán phải đạt từ 5.40 trở lên và đăng ký nguyện vọng 4 trở lên,daniele15,
DTL,TLA401,Kinh tế,D01,16.95,,THPTQG,2018,Những thí sinh có điểm xét tuyền đúng bằng 16.95 thì điểm Toán phải đạt từ 5.40 trở lên và đăng ký nguyện vọng 4 trở lên,daniele15,
DTL,TLA401,Kinh tế,D07,16.95,,THPTQG,2018,Những thí sinh có điểm xét tuyền đúng bằng 16.95 thì điểm Toán phải đạt từ 5.40 trở lên và đăng ký nguyện vọng 4 trở lên,daniele15,
DTL,TLA402,Quản trị kinh doanh,A00,17.40,,THPTQG,2018,Những thí sinh có điểm xét tuyển đúng bằng 17.40 thi điểm Toán phải đạt từ 4.20 trở lên vả đăng kỷ nguyên vọng 3 trở lên,daniele15,
DTL,TLA402,Quản trị kinh doanh,A01,17.40,,THPTQG,2018,Những thí sinh có điểm xét tuyển đúng bằng 17.40 thi điểm Toán phải đạt từ 4.20 trở lên vả đăng kỷ nguyên vọng 3 trở lên,daniele15,
DTL,TLA402,Quản trị kinh doanh,D01,17.40,,THPTQG,2018,Những thí sinh có điểm xét tuyển đúng bằng 17.40 thi điểm Toán phải đạt từ 4.20 trở lên vả đăng kỷ nguyên vọng 3 trở lên,daniele15,
DTL,TLA402,Quản trị kinh doanh,D07,17.40,,THPTQG,2018,Những thí sinh có điểm xét tuyển đúng bằng 17.40 thi điểm Toán phải đạt từ 4.20 trở lên vả đăng kỷ nguyên vọng 3 trở lên,daniele15,
DTL,TLA403,Kế toán,A00,17.50,,THPTQG,2018,Những thí sinh có điểm xét tuyển đúng bằng 17.50 thì điểm Toán phải đạt từ 6.00 trở lên và đăng ký nguyện vọng 4 trở lên,daniele15,
DTL,TLA403,Kế toán,A01,17.50,,THPTQG,2018,Những thí sinh có điểm xét tuyển đúng bằng 17.50 thì điểm Toán phải đạt từ 6.00 trở lên và đăng ký nguyện vọng 4 trở lên,daniele15,
DTL,TLA403,Kế toán,D01,17.50,,THPTQG,2018,Những thí sinh có điểm xét tuyển đúng bằng 17.50 thì điểm Toán phải đạt từ 6.00 trở lên và đăng ký nguyện vọng 4 trở lên,daniele15,
DTL,TLA403,Kế toán,D07,17.50,,THPTQG,2018,Những thí sinh có điểm xét tuyển đúng bằng 17.50 thì điểm Toán phải đạt từ 6.00 trở lên và đăng ký nguyện vọng 4 trở lên,daniele15,
DTM,7340101,Quản trị kinh doanh,A00,16.00,,THPTQG,2018,,daniele15,
DTM,7340101,Quản trị kinh doanh,A01,16.00,,THPTQG,2018,,daniele15,
DTM,7340101,Quản trị kinh doanh,B00,16.00,,THPTQG,2018,,daniele15,
DTM,7340101,Quản trị kinh doanh,D01,16.00,,THPTQG,2018,,daniele15,
DTM,7440201,Địa chất học,A00,15.00,,THPTQG,2018,,daniele15,
DTM,7440201,Địa chất học,A01,15.00,,THPTQG,2018,,daniele15,
DTM,7440201,Địa chất học,A02,15.00,,THPTQG,2018,,daniele15,
DTM,7440201,Địa chất học,B00,15.00,,THPTQG,2018,,daniele15,
DTM,7440221,Khí tượng và khí hậu học,A00,15.00,,THPTQG,2018,,daniele15,
DTM,7440221,Khí tượng và khí hậu học,A01,15.00,,THPTQG,2018,,daniele15,
DTM,7440221,Khí tượng và khí hậu học,B00,15.00,,THPTQG,2018,,daniele15,
DTM,7440221,Khí tượng và khí hậu học,D01,15.00,,THPTQG,2018,,daniele15,
DTM,7440224,Thuỷ văn học,A00,15.00,,THPTQG,2018,,daniele15,
DTM,7440224,Thuỷ văn học,A01,15.00,,THPTQG,2018,,daniele15,
DTM,7440224,Thuỷ văn học,B00,15.00,,THPTQG,2018,,daniele15,
DTM,7440224,Thuỷ văn học,D02,15.00,,THPTQG,2018,,daniele15,
DTM,7440298,Biến đổi khí hậu và Phát triển bền vững,A00,15.00,,THPTQG,2018,,daniele15,
DTM,7440298,Biến đổi khí hậu và Phát triển bền vững,A01,15.00,,THPTQG,2018,,daniele15,
DTM,7440298,Biến đổi khí hậu và Phát triển bền vững,B00,15.00,,THPTQG,2018,,daniele15,
DTM,7440298,Biến đổi khí hậu và Phát triển bền vững,D03,15.00,,THPTQG,2018,,daniele15,
DTM,7480104,Hệ thống thông tin,A00,15.00,,THPTQG,2018,,daniele15,
DTM,7480104,Hệ thống thông tin,A01,15.00,,THPTQG,2018,,daniele15,
DTM,7480104,Hệ thống thông tin,B00,15.00,,THPTQG,2018,,daniele15,
DTM,7480104,Hệ thống thông tin,D04,15.00,,THPTQG,2018,,daniele15,
DTM,7480201,Công nghệ thông tin,A00,15.50,,THPTQG,2018,,daniele15,
DTM,7480201,Công nghệ thông tin,A01,15.50,,THPTQG,2018,,daniele15,
DTM,7480201,Công nghệ thông tin,B00,15.50,,THPTQG,2018,,daniele15,
DTM,7480201,Công nghệ thông tin,D05,15.50,,THPTQG,2018,,daniele15,
DTM,7510406,Công nghệ kỹ thuật môi trường,A00,15.00,,THPTQG,2018,,daniele15,
DTM,7510406,Công nghệ kỹ thuật môi trường,A01,15.00,,THPTQG,2018,,daniele15,
DTM,7510406,Công nghệ kỹ thuật môi trường,A02,15.00,,THPTQG,2018,,daniele15,
DTM,7510406,Công nghệ kỹ thuật môi trường,B00,15.00,,THPTQG,2018,,daniele15,
DTM,7520503,Kỹ thuật trắc địa - bản đồ,A00,15.00,,THPTQG,2018,,daniele15,
DTM,7520503,Kỹ thuật trắc địa - bản đồ,A01,15.00,,THPTQG,2018,,daniele15,
DTM,7520503,Kỹ thuật trắc địa - bản đồ,A02,15.00,,THPTQG,2018,,daniele15,
DTM,7520503,Kỹ thuật trắc địa - bản đồ,B00,15.00,,THPTQG,2018,,daniele15,
DTM,7580212,Kỹ thuật tài nguyên nước,A00,15.00,,THPTQG,2018,,daniele15,
DTM,7580212,Kỹ thuật tài nguyên nước,A01,15.00,,THPTQG,2018,,daniele15,
DTM,7580212,Kỹ thuật tài nguyên nước,A02,15.00,,THPTQG,2018,,daniele15,
DTM,7580212,Kỹ thuật tài nguyên nước,B00,15.00,,THPTQG,2018,,daniele15,
DTM,7580213,Kỹ thuật cấp thoát nước,A00,15.00,,THPTQG,2018,,daniele15,
DTM,7580213,Kỹ thuật cấp thoát nước,A01,15.00,,THPTQG,2018,,daniele15,
DTM,7580213,Kỹ thuật cấp thoát nước,A02,15.00,,THPTQG,2018,,daniele15,
DTM,7580213,Kỹ thuật cấp thoát nước,B00,15.00,,THPTQG,2018,,daniele15,
DTM,7850101,Quản lý tài nguyên và môi trường,A00,15.00,,THPTQG,2018,,daniele15,
DTM,7850101,Quản lý tài nguyên và môi trường,A01,15.00,,THPTQG,2018,,daniele15,
DTM,7850101,Quản lý tài nguyên và môi trường,A02,15.00,,THPTQG,2018,,daniele15,
DTM,7850101,Quản lý tài nguyên và môi trường,B00,15.00,,THPTQG,2018,,daniele15,
DTM,7850102,Kinh tế,A00,15.00,,THPTQG,2018,Kinh tế tài nguyên thiên nhiên,daniele15,
DTM,7850102,Kinh tế,A01,15.00,,THPTQG,2018,Kinh tế tài nguyên thiên nhiên,daniele15,
DTM,7850102,Kinh tế,B00,15.00,,THPTQG,2018,Kinh tế tài nguyên thiên nhiên,daniele15,
DTM,7850102,Kinh tế,D01,15.00,,THPTQG,2018,Kinh tế tài nguyên thiên nhiên,daniele15,
DTM,7850103,Quản lý đất đai,A00,15.50,,THPTQG,2018,,daniele15,
DTM,7850103,Quản lý đất đai,A01,15.50,,THPTQG,2018,,daniele15,
DTM,7850103,Quản lý đất đai,B00,15.50,,THPTQG,2018,,daniele15,
DTM,7850103,Quản lý đất đai,D01,15.50,,THPTQG,2018,,daniele15,
DTM,7850195,Quản lý tổng hợp tài nguyên nước,A00,15.00,,THPTQG,2018,,daniele15,
DTM,7850195,Quản lý tổng hợp tài nguyên nước,A01,15.00,,THPTQG,2018,,daniele15,
DTM,7850195,Quản lý tổng hợp tài nguyên nước,B00,15.00,,THPTQG,2018,,daniele15,
DTM,7850195,Quản lý tổng hợp tài nguyên nước,D01,15.00,,THPTQG,2018,,daniele15,
DTM,7850196,Quản lý tài nguyên khoáng sản,A00,15.00,,THPTQG,2018,,daniele15,
DTM,7850196,Quản lý tài nguyên khoáng sản,A01,15.00,,THPTQG,2018,,daniele15,
DTM,7850196,Quản lý tài nguyên khoáng sản,A02,15.00,,THPTQG,2018,,daniele15,
DTM,7850196,Quản lý tài nguyên khoáng sản,B00,15.00,,THPTQG,2018,,daniele15,
DTM,7850197,Quản lý tài nguyên và môi trường,A00,15.00,,THPTQG,2018,Quản lý tài nguyên và môi trường biển đảo,daniele15,
DTM,7850197,Quản lý tài nguyên và môi trường,A01,15.00,,THPTQG,2018,Quản lý tài nguyên và môi trường biển đảo,daniele15,
DTM,7850197,Quản lý tài nguyên và môi trường,B00,15.00,,THPTQG,2018,Quản lý tài nguyên và môi trường biển đảo,daniele15,
DTM,7850197,Quản lý tài nguyên và môi trường,D01,15.00,,THPTQG,2018,Quản lý tài nguyên và môi trường biển đảo,daniele15,
DTN,7340116,Bất động sản,A00,13.00,,THPTQG,2018,,daniele15,
DTN,7340116,Bất động sản,A02,13.00,,THPTQG,2018,,daniele15,
DTN,7340116,Bất động sản,D10,13.00,,THPTQG,2018,,daniele15,
DTN,7340116,Bất động sản,D14,13.00,,THPTQG,2018,,daniele15,
DTN,7420201,Công nghệ sinh học,A00,13.00,,THPTQG,2018,,daniele15,
DTN,7420201,Công nghệ sinh học,B00,13.00,,THPTQG,2018,,daniele15,
DTN,7420201,Công nghệ sinh học,C02,13.00,,THPTQG,2018,,daniele15,
DTN,7420201,Công nghệ sinh học,D01,13.00,,THPTQG,2018,,daniele15,
DTN,7440301,Khoa học môi trường,C04,13.00,,THPTQG,2018,,daniele15,
DTN,7440301,Khoa học môi trường,C17,13.00,,THPTQG,2018,,daniele15,
DTN,7510406,Công nghệ kỹ thuật môi trường,C02,13.00,,THPTQG,2018,,daniele15,
DTN,7510406,Công nghệ kỹ thuật môi trường,D01,13.00,,THPTQG,2018,,daniele15,
DTN,7540101,Công nghệ thực phẩm,A00,13.00,,THPTQG,2018,,daniele15,
DTN,7540101,Công nghệ thực phẩm,B00,13.00,,THPTQG,2018,,daniele15,
DTN,7540104,Công nghệ sau thu hoạch,A00,13.00,,THPTQG,2018,,daniele15,
DTN,7540104,Công nghệ sau thu hoạch,B00,13.00,,THPTQG,2018,,daniele15,
DTN,7540104,Công nghệ sau thu hoạch,C04,13.00,,THPTQG,2018,,daniele15,
DTN,7540104,Công nghệ sau thu hoạch,D10,13.00,,THPTQG,2018,,daniele15,
DTN,7540106,Đảm bảo chất lượng và an toàn thực phẩm,A00,13.00,,THPTQG,2018,,daniele15,
DTN,7540106,Đảm bảo chất lượng và an toàn thực phẩm,B00,13.00,,THPTQG,2018,,daniele15,
DTN,7540106,Đảm bảo chất lượng và an toàn thực phẩm,C04,13.00,,THPTQG,2018,,daniele15,
DTN,7540106,Đảm bảo chất lượng và an toàn thực phẩm,D10,13.00,,THPTQG,2018,,daniele15,
DTN,7620101,Nông nghiệp,A00,13.00,,THPTQG,2018,,daniele15,
DTN,7620101,Nông nghiệp,B00,13.00,,THPTQG,2018,,daniele15,
DTN,7620101,Nông nghiệp,B02,13.00,,THPTQG,2018,,daniele15,
DTN,7620101,Nông nghiệp,C02,13.00,,THPTQG,2018,,daniele15,
DTN,7620105,Chăn nuôi,A00,13.00,,THPTQG,2018,,daniele15,
DTN,7620105,Chăn nuôi,B00,13.00,,THPTQG,2018,,daniele15,
DTN,7620105,Chăn nuôi,C02,13.00,,THPTQG,2018,,daniele15,
DTN,7620105,Chăn nuôi,D01,13.00,,THPTQG,2018,,daniele15,
DTN,7620110,Khoa học cây trồng,B02,13.00,,THPTQG,2018,,daniele15,
DTN,7620112,Bảo vệ thực vật,B02,13.00,,THPTQG,2018,,daniele15,
DTN,7620115,Kinh tế nông nghiệp,B02,13.00,,THPTQG,2018,Kinh tế nông nghiệp,daniele15,
DTN,7620116,Phát triển nông thôn,B02,13.00,,THPTQG,2018,,daniele15,
DTN,7620205,Lâm sinh,A00,13.00,,THPTQG,2018,,daniele15,
DTN,7620205,Lâm sinh,B00,13.00,,THPTQG,2018,,daniele15,
DTN,7620205,Lâm sinh,B02,13.00,,THPTQG,2018,,daniele15,
DTN,7620205,Lâm sinh,C02,13.00,,THPTQG,2018,,daniele15,
DTN,7620211,Quản lý tài nguyên rừng,A14,13.00,,THPTQG,2018,,daniele15,
DTN,7620211,Quản lý tài nguyên rừng,B03,13.00,,THPTQG,2018,,daniele15,
DTN,7640101,Thú y,A00,13.00,,THPTQG,2018,,daniele15,
DTN,7640101,Thú y,B00,13.00,,THPTQG,2018,,daniele15,
DTN,7640101,Thú y,C02,13.00,,THPTQG,2018,,daniele15,
DTN,7640101,Thú y,D01,13.00,,THPTQG,2018,,daniele15,
DTN,7850101,Quản lý tài nguyên và môi trường,A06,13.00,,THPTQG,2018,,daniele15,
DTN,7850101,Quản lý tài nguyên và môi trường,C00,13.00,,THPTQG,2018,,daniele15,
DTN,7850101,Quản lý tài nguyên và môi trường,C14,13.00,,THPTQG,2018,,daniele15,
DTN,7850101,Quản lý tài nguyên và môi trường,D14,13.00,,THPTQG,2018,,daniele15,
DTN,7850103,Quản lý đất đai,A02,13.00,,THPTQG,2018,,daniele15,
DTN,7850103,Quản lý đất đai,C13,13.00,,THPTQG,2018,,daniele15,
DTN,7850103,Quản lý đất đai,D10,13.00,,THPTQG,2018,,daniele15,
DTN,7904492,Khoa học & Quản lý môi trường,A00,13.00,,THPTQG,2018,Chương trình tiên tiến,daniele15,
DTN,7904492,Khoa học & Quản lý môi trường,A01,13.00,,THPTQG,2018,Chương trình tiên tiến,daniele15,
DTN,7904492,Khoa học & Quản lý môi trường,B04,13.00,,THPTQG,2018,Chương trình tiên tiến,daniele15,
DTN,7904492,Khoa học & Quản lý môi trường,D10,13.00,,THPTQG,2018,Chương trình tiên tiến,daniele15,
DTN,7905419,Công nghệ thực phẩm,A00,13.00,,THPTQG,2018,Chương trình tiên tiến,daniele15,
DTN,7905419,Công nghệ thực phẩm,B00,13.00,,THPTQG,2018,Chương trình tiên tiến,daniele15,
DTN,7905419,Công nghệ thực phẩm,D01,13.00,,THPTQG,2018,Chương trình tiên tiến,daniele15,
DTN,7906425,Kinh tế,A00,13.00,,THPTQG,2018,Kinh tế nông nghiệp Chương trình tiên tiến,daniele15,
DTN,7906425,Kinh tế,B00,13.00,,THPTQG,2018,Kinh tế nông nghiệp Chương trình tiên tiến,daniele15,
DTN,7906425,Kinh tế,C02,13.00,,THPTQG,2018,Kinh tế nông nghiệp Chương trình tiên tiến,daniele15,
DTN,7906425,Kinh tế,D01,13.00,,THPTQG,2018,Kinh tế nông nghiệp Chương trình tiên tiến,daniele15,
DTQ,7340101,Quản trị kinh doanh,A00,13.50,,THPTQG,2018,,daniele15,
DTQ,7340101,Quản trị kinh doanh,A01,13.50,,THPTQG,2018,,daniele15,
DTQ,7340101,Quản trị kinh doanh,D01,13.50,,THPTQG,2018,,daniele15,
DTQ,7340101,Quản trị kinh doanh,D10,13.50,,THPTQG,2018,,daniele15,
DTQ,7340120,Kinh doanh quốc tế,A00,14.00,,THPTQG,2018,,daniele15,
DTQ,7340120,Kinh doanh quốc tế,A01,14.00,,THPTQG,2018,,daniele15,
DTQ,7340120,Kinh doanh quốc tế,D01,14.00,,THPTQG,2018,,daniele15,
DTQ,7340120,Kinh doanh quốc tế,D10,14.00,,THPTQG,2018,,daniele15,
DTQ,7340301,Kế toán,D96,13.00,,THPTQG,2018,,daniele15,
DTQ,7850101,Quản lý tài nguyên và môi trường,B00,13.00,,THPTQG,2018,,daniele15,
DTQ,7850101,Quản lý tài nguyên và môi trường,D15,13.00,,THPTQG,2018,,daniele15,
DTQ,7850101,Quản lý tài nguyên và môi trường,D84,13.00,,THPTQG,2018,,daniele15,
DTQ,7850101,Quản lý tài nguyên và môi trường,D90,13.00,,THPTQG,2018,,daniele15,
DTS,7140101,Giáo dục học,C00,17.00,,THPTQG,2018,,daniele15,
DTS,7140101,Giáo dục học,C04,17.00,,THPTQG,2018,,daniele15,
DTS,7140101,Giáo dục học,C20,17.00,,THPTQG,2018,,daniele15,
DTS,7140114,Quản lý giáo dục,C00,17.00,,THPTQG,2018,,daniele15,
DTS,7140114,Quản lý giáo dục,C04,17.00,,THPTQG,2018,,daniele15,
DTS,7140114,Quản lý giáo dục,C20,17.00,,THPTQG,2018,,daniele15,
DTS,7140201,Giáo dục Mầm non,,18.50,,THPTQG,2018,,daniele15,
DTS,7140202,Giáo dục Tiểu học,D01,17.50,,THPTQG,2018,,daniele15,
DTS,7140205,Giáo dục Chính trị,C00,17.00,,THPTQG,2018,,daniele15,
DTS,7140205,Giáo dục Chính trị,C19,17.00,,THPTQG,2018,,daniele15,
DTS,7140205,Giáo dục Chính trị,C20,17.00,,THPTQG,2018,,daniele15,
DTS,7140206,Giáo dục Thể chất,A00,17.00,,THPTQG,2018,,daniele15,
DTS,7140206,Giáo dục Thể chất,B00,17.00,,THPTQG,2018,,daniele15,
DTS,7140206,Giáo dục Thể chất,C00,17.00,,THPTQG,2018,,daniele15,
DTS,7140209,Sư phạm Toán học,A00,17.00,,THPTQG,2018,,daniele15,
DTS,7140209,Sư phạm Toán học,A01,17.00,,THPTQG,2018,,daniele15,
DTS,7140209,Sư phạm Toán học,D01,17.00,,THPTQG,2018,,daniele15,
DTS,7140210,Sư phạm Tin học,A00,17.50,,THPTQG,2018,,daniele15,
DTS,7140210,Sư phạm Tin học,A01,17.50,,THPTQG,2018,,daniele15,
DTS,7140210,Sư phạm Tin học,D07,17.50,,THPTQG,2018,,daniele15,
DTS,7140211,Sư phạm Vật lý,A00,17.00,,THPTQG,2018,,daniele15,
DTS,7140211,Sư phạm Vật lý,A01,17.00,,THPTQG,2018,,daniele15,
DTS,7140212,Sư phạm Hóa học,A00,17.00,,THPTQG,2018,,daniele15,
DTS,7140212,Sư phạm Hóa học,D07,17.00,,THPTQG,2018,,daniele15,
DTS,7140213,Sư phạm Sinh học,B00,17.00,,THPTQG,2018,,daniele15,
DTS,7140213,Sư phạm Sinh học,D08,17.00,,THPTQG,2018,,daniele15,
DTS,7140217,Sư phạm Ngữ văn,C00,17.00,,THPTQG,2018,,daniele15,
DTS,7140217,Sư phạm Ngữ văn,D01,17.00,,THPTQG,2018,,daniele15,
DTS,7140217,Sư phạm Ngữ văn,D14,17.00,,THPTQG,2018,,daniele15,
DTS,7140218,Sư phạm Lịch sử,C00,17.00,,THPTQG,2018,,daniele15,
DTS,7140219,Sư phạm Địa lý,C00,17.50,,THPTQG,2018,,daniele15,
DTS,7140219,Sư phạm Địa lý,C04,17.50,,THPTQG,2018,,daniele15,
DTS,7140219,Sư phạm Địa lý,D10,17.50,,THPTQG,2018,,daniele15,
DTS,7140231,Sư phạm Tiếng Anh,D01,17.00,,THPTQG,2018,,daniele15,
DTS,7140247,Sư phạm khoa học tự nhiên,A00,17.50,,THPTQG,2018,,daniele15,
DTS,7140247,Sư phạm khoa học tự nhiên,B00,17.50,,THPTQG,2018,,daniele15,
DTS,7310403,Tâm lý học,C00,17.00,,THPTQG,2018,Tâm lý học giáo dục,daniele15,
DTS,7310403,Tâm lý học,C04,17.00,,THPTQG,2018,Tâm lý học giáo dục,daniele15,
DTS,7310403,Tâm lý học,C20,17.00,,THPTQG,2018,Tâm lý học giáo dục,daniele15,
DTT,7210402,Thiết kế công nghiệp,H00,18.00,,THPTQG,2018,Vẽ HHMT,daniele15,
DTT,7210402,Thiết kế công nghiệp,H01,18.00,,THPTQG,2018,Vẽ HHMT,daniele15,
DTT,7210402,Thiết kế công nghiệp,H02,18.00,,THPTQG,2018,Vẽ HHMT,daniele15,
DTT,7210403,Thiết kế đồ họa,H00,19.00,,THPTQG,2018,"Vẽ HHMT, Vẽ TTM ≥ 5,00",daniele15,
DTT,7210403,Thiết kế đồ họa,H01,19.00,,THPTQG,2018,"Vẽ HHMT, Vẽ TTM ≥ 5,00",daniele15,
DTT,7210403,Thiết kế đồ họa,H02,19.00,,THPTQG,2018,"Vẽ HHMT, Vẽ TTM ≥ 5,00",daniele15,
DTT,7210404,Thiết kế thời trang,H00,18.50,,THPTQG,2018,,daniele15,
DTT,7210404,Thiết kế thời trang,H01,18.50,,THPTQG,2018,,daniele15,
DTT,7210404,Thiết kế thời trang,H02,18.50,,THPTQG,2018,,daniele15,
DTT,7220201,Ngôn ngữ Anh,D01,22.00,,THPTQG,2018,Tiếng Anh,daniele15,
DTT,7220201,Ngôn ngữ Anh,D11,22.00,,THPTQG,2018,Tiếng Anh,daniele15,
DTT,7220204,Ngôn ngữ Trung Quốc,D01,20.00,,THPTQG,2018,"D01, D11: Tiếng Anh;",daniele15,
DTT,7220204,Ngôn ngữ Trung Quốc,D04,20.00,,THPTQG,2018,"D01, D11: Tiếng Anh;",daniele15,
DTT,7220204,Ngôn ngữ Trung Quốc,D11,20.00,,THPTQG,2018,"D01, D11: Tiếng Anh;",daniele15,
DTT,7220204,Ngôn ngữ Trung Quốc,D55,20.00,,THPTQG,2018,"D01, D11: Tiếng Anh;",daniele15,
DTT,7220204A,Ngôn ngữ Trung Quốc,D01,20.25,,THPTQG,2018,"CN Trung - AnhD04, D55: Tiếng Trung Quốc",daniele15,
DTT,7220204A,Ngôn ngữ Trung Quốc,D04,20.25,,THPTQG,2018,"CN Trung - AnhD04, D55: Tiếng Trung Quốc",daniele15,
DTT,7220204A,Ngôn ngữ Trung Quốc,D11,20.25,,THPTQG,2018,"CN Trung - AnhD04, D55: Tiếng Trung Quốc",daniele15,
DTT,7220204A,Ngôn ngữ Trung Quốc,D55,20.25,,THPTQG,2018,"CN Trung - AnhD04, D55: Tiếng Trung Quốc",daniele15,
DTT,7310301,Xã hội học,A01,19.00,,THPTQG,2018,,daniele15,
DTT,7310301,Xã hội học,C00,19.00,,THPTQG,2018,,daniele15,
DTT,7310301,Xã hội học,C01,19.00,,THPTQG,2018,,daniele15,
DTT,7310301,Xã hội học,D01,19.00,,THPTQG,2018,,daniele15,
DTT,7310630,Việt Nam học,A01,21.00,,THPTQG,2018,"Chuyên ngành Du lịch và Lữ hànhA01, D01: Tiếng Anh; C00, C01: Văn",daniele15,
DTT,7310630,Việt Nam học,C00,21.00,,THPTQG,2018,"Chuyên ngành Du lịch và Lữ hànhA01, D01: Tiếng Anh; C00, C01: Văn",daniele15,
DTT,7310630,Việt Nam học,C01,21.00,,THPTQG,2018,"Chuyên ngành Du lịch và Lữ hànhA01, D01: Tiếng Anh; C00, C01: Văn",daniele15,
DTT,7310630,Việt Nam học,D01,21.00,,THPTQG,2018,"Chuyên ngành Du lịch và Lữ hànhA01, D01: Tiếng Anh; C00, C01: Văn",daniele15,
DTT,7310630Q,Việt Nam học,A01,21.00,,THPTQG,2018,"Chuyên ngành Du lịch và Quản lý du lịchA01, D01: Tiếng Anh; C00, C01: Văn",daniele15,
DTT,7310630Q,Việt Nam học,C00,21.00,,THPTQG,2018,"Chuyên ngành Du lịch và Quản lý du lịchA01, D01: Tiếng Anh; C00, C01: Văn",daniele15,
DTT,7310630Q,Việt Nam học,C01,21.00,,THPTQG,2018,"Chuyên ngành Du lịch và Quản lý du lịchA01, D01: Tiếng Anh; C00, C01: Văn",daniele15,
DTT,7310630Q,Việt Nam học,D01,21.00,,THPTQG,2018,"Chuyên ngành Du lịch và Quản lý du lịchA01, D01: Tiếng Anh; C00, C01: Văn",daniele15,
DTT,7340101,Quản trị kinh doanh,A00,20.25,,THPTQG,2018,"Chuyên ngành quản trị nhân sựA01, D01: Tiếng Anh, A00, C01: Toán",daniele15,
DTT,7340101,Quản trị kinh doanh,A01,20.25,,THPTQG,2018,"Chuyên ngành quản trị nhân sựA01, D01: Tiếng Anh, A00, C01: Toán",daniele15,
DTT,7340101,Quản trị kinh doanh,C01,20.25,,THPTQG,2018,"Chuyên ngành quản trị nhân sựA01, D01: Tiếng Anh, A00, C01: Toán",daniele15,
DTT,7340101,Quản trị kinh doanh,D01,20.25,,THPTQG,2018,"Chuyên ngành quản trị nhân sựA01, D01: Tiếng Anh, A00, C01: Toán",daniele15,
DTT,7340101N,Quản trị kinh doanh,A00,20.80,,THPTQG,2018,"CN Quản trị Nhà hàng - Khách sạnA01, D01: Tiếng Anh; A00, C01: Toán",daniele15,
DTT,7340101N,Quản trị kinh doanh,A01,20.80,,THPTQG,2018,"CN Quản trị Nhà hàng - Khách sạnA01, D01: Tiếng Anh; A00, C01: Toán",daniele15,
DTT,7340101N,Quản trị kinh doanh,C01,20.80,,THPTQG,2018,"CN Quản trị Nhà hàng - Khách sạnA01, D01: Tiếng Anh; A00, C01: Toán",daniele15,
DTT,7340101N,Quản trị kinh doanh,D01,20.80,,THPTQG,2018,"CN Quản trị Nhà hàng - Khách sạnA01, D01: Tiếng Anh; A00, C01: Toán",daniele15,
DTT,7340120,Kinh doanh quốc tế,A00,21.60,,THPTQG,2018,"A01, D01: Tiếng Anh; A00, C01: Toán",daniele15,
DTT,7340120,Kinh doanh quốc tế,A01,21.60,,THPTQG,2018,"A01, D01: Tiếng Anh; A00, C01: Toán",daniele15,
DTT,7340120,Kinh doanh quốc tế,C01,21.60,,THPTQG,2018,"A01, D01: Tiếng Anh; A00, C01: Toán",daniele15,
DTT,7340120,Kinh doanh quốc tế,D01,21.60,,THPTQG,2018,"A01, D01: Tiếng Anh; A00, C01: Toán",daniele15,
DTT,7340201,Tài chính - Ngân hàng,A00,19.50,,THPTQG,2018,Toán,daniele15,
DTT,7340201,Tài chính - Ngân hàng,A01,19.50,,THPTQG,2018,Toán,daniele15,
DTT,7340201,Tài chính - Ngân hàng,C01,19.50,,THPTQG,2018,Toán,daniele15,
DTT,7340201,Tài chính - Ngân hàng,D01,19.50,,THPTQG,2018,Toán,daniele15,
DTT,7340301,Kế toán,A00,19.60,,THPTQG,2018,Toán,daniele15,
DTT,7340301,Kế toán,A01,19.60,,THPTQG,2018,Toán,daniele15,
DTT,7340301,Kế toán,C01,19.60,,THPTQG,2018,Toán,daniele15,
DTT,7340301,Kế toán,D01,19.60,,THPTQG,2018,Toán,daniele15,
DTT,7340408,Quan hệ lao động,A00,18.00,,THPTQG,2018,"CN Quản lý Quan hệ lao động, CN Hành vi tổ chứcToán",daniele15,
DTT,7340408,Quan hệ lao động,A01,18.00,,THPTQG,2018,"CN Quản lý Quan hệ lao động, CN Hành vi tổ chứcToán",daniele15,
DTT,7340408,Quan hệ lao động,C01,18.00,,THPTQG,2018,"CN Quản lý Quan hệ lao động, CN Hành vi tổ chứcToán",daniele15,
DTT,7340408,Quan hệ lao động,D01,18.00,,THPTQG,2018,"CN Quản lý Quan hệ lao động, CN Hành vi tổ chứcToán",daniele15,
DTT,7380101,Luật,A00,21.00,,THPTQG,2018,,daniele15,
DTT,7380101,Luật,A01,21.00,,THPTQG,2018,,daniele15,
DTT,7380101,Luật,C00,21.00,,THPTQG,2018,,daniele15,
DTT,7380101,Luật,D01,21.00,,THPTQG,2018,,daniele15,
DTT,7420201,Công nghệ sinh học,A00,19.00,,THPTQG,2018,A00: Hóa,daniele15,
DTT,7420201,Công nghệ sinh học,B00,19.00,,THPTQG,2018,A00: Hóa,daniele15,
DTT,7420201,Công nghệ sinh học,D08,19.00,,THPTQG,2018,A00: Hóa,daniele15,
DTT,7440301,Khoa học môi trường,A00,17.25,,THPTQG,2018,,daniele15,
DTT,7440301,Khoa học môi trường,B00,17.25,,THPTQG,2018,,daniele15,
DTT,7440301,Khoa học môi trường,C02,17.25,,THPTQG,2018,,daniele15,
DTT,7440301,Khoa học môi trường,D07,17.25,,THPTQG,2018,,daniele15,
DTT,7460112,Toán ứng dụng,A00,17.00,,THPTQG,2018,"Toán; Toán ≥ 5,00",daniele15,
DTT,7460112,Toán ứng dụng,A01,17.00,,THPTQG,2018,"Toán; Toán ≥ 5,00",daniele15,
DTT,7460112,Toán ứng dụng,C01,17.00,,THPTQG,2018,"Toán; Toán ≥ 5,00",daniele15,
DTT,7460201,Thống kê,A00,17.00,,THPTQG,2018,"Toán; Toán ≥ 5,00",daniele15,
DTT,7460201,Thống kê,A01,17.00,,THPTQG,2018,"Toán; Toán ≥ 5,00",daniele15,
DTT,7460201,Thống kê,C01,17.00,,THPTQG,2018,"Toán; Toán ≥ 5,00",daniele15,
DTT,7480101,Khoa học máy tính,A00,19.75,,THPTQG,2018,Toán,daniele15,
DTT,7480101,Khoa học máy tính,A01,19.75,,THPTQG,2018,Toán,daniele15,
DTT,7480101,Khoa học máy tính,C01,19.75,,THPTQG,2018,Toán,daniele15,
DTT,7480101,Khoa học máy tính,D01,19.75,,THPTQG,2018,Toán,daniele15,
DTT,7480102,Mạng máy tính và Truyền thông dữ liệu,A00,19.25,,THPTQG,2018,Toán,daniele15,
DTT,7480102,Mạng máy tính và Truyền thông dữ liệu,A01,19.25,,THPTQG,2018,Toán,daniele15,
DTT,7480102,Mạng máy tính và Truyền thông dữ liệu,C01,19.25,,THPTQG,2018,Toán,daniele15,
DTT,7480102,Mạng máy tính và Truyền thông dữ liệu,D01,19.25,,THPTQG,2018,Toán,daniele15,
DTT,7480103,Kỹ thuật phần mềm,A00,20.75,,THPTQG,2018,Toán,daniele15,
DTT,7480103,Kỹ thuật phần mềm,A01,20.75,,THPTQG,2018,Toán,daniele15,
DTT,7480103,Kỹ thuật phần mềm,C01,20.75,,THPTQG,2018,Toán,daniele15,
DTT,7480103,Kỹ thuật phần mềm,D01,20.75,,THPTQG,2018,Toán,daniele15,
DTT,7510406,Công nghệ kỹ thuật môi trường,A00,17.00,,THPTQG,2018,,daniele15,
DTT,7510406,Công nghệ kỹ thuật môi trường,B00,17.00,,THPTQG,2018,,daniele15,
DTT,7510406,Công nghệ kỹ thuật môi trường,C02,17.00,,THPTQG,2018,,daniele15,
DTT,7510406,Công nghệ kỹ thuật môi trường,D07,17.00,,THPTQG,2018,,daniele15,
DTT,7520201,Kỹ thuật điện,A00,17.50,,THPTQG,2018,Toán,daniele15,
DTT,7520201,Kỹ thuật điện,A01,17.50,,THPTQG,2018,Toán,daniele15,
DTT,7520201,Kỹ thuật điện,C01,17.50,,THPTQG,2018,Toán,daniele15,
DTT,7520207,Kỹ thuật điện tử - viễn thông,A00,17.50,,THPTQG,2018,Toán,daniele15,
DTT,7520207,Kỹ thuật điện tử - viễn thông,A01,17.50,,THPTQG,2018,Toán,daniele15,
DTT,7520207,Kỹ thuật điện tử - viễn thông,C01,17.50,,THPTQG,2018,Toán,daniele15,
DTT,7520216,Kỹ thuật điều khiển và tự động hoá,A00,18.25,,THPTQG,2018,Toán,daniele15,
DTT,7520216,Kỹ thuật điều khiển và tự động hoá,A01,18.25,,THPTQG,2018,Toán,daniele15,
DTT,7520216,Kỹ thuật điều khiển và tự động hoá,C01,18.25,,THPTQG,2018,Toán,daniele15,
DTT,7520301,Kỹ thuật hoá học,A00,19.00,,THPTQG,2018,Hóa,daniele15,
DTT,7520301,Kỹ thuật hoá học,B00,19.00,,THPTQG,2018,Hóa,daniele15,
DTT,7520301,Kỹ thuật hoá học,C02,19.00,,THPTQG,2018,Hóa,daniele15,
DTT,7520301,Kỹ thuật hoá học,D07,19.00,,THPTQG,2018,Hóa,daniele15,
DTT,7580101,Kiến trúc,V00,20.00,,THPTQG,2018,"Vẽ HHMT; Vẽ HHMT ≥ 5,00",daniele15,
DTT,7580101,Kiến trúc,V01,20.00,,THPTQG,2018,"Vẽ HHMT; Vẽ HHMT ≥ 5,00",daniele15,
DTT,7580105,Quy hoạch vùng và đô thị,A00,17.00,,THPTQG,2018,"A00; A01: Vật lý; V00; V01: Vẽ HHMT; Vẽ HHMT ≥ 5,00",daniele15,
DTT,7580105,Quy hoạch vùng và đô thị,A01,17.00,,THPTQG,2018,"A00; A01: Vật lý; V00; V01: Vẽ HHMT; Vẽ HHMT ≥ 5,00",daniele15,
DTT,7580105,Quy hoạch vùng và đô thị,V00,17.00,,THPTQG,2018,"A00; A01: Vật lý; V00; V01: Vẽ HHMT; Vẽ HHMT ≥ 5,00",daniele15,
DTT,7580105,Quy hoạch vùng và đô thị,V01,17.00,,THPTQG,2018,"A00; A01: Vật lý; V00; V01: Vẽ HHMT; Vẽ HHMT ≥ 5,00",daniele15,
DTT,7580108,Thiết kế nội thất,H00,19.00,,THPTQG,2018,,daniele15,
DTT,7580108,Thiết kế nội thất,H01,19.00,,THPTQG,2018,,daniele15,
DTT,7580108,Thiết kế nội thất,H02,19.00,,THPTQG,2018,,daniele15,
DTT,7580201,Kỹ thuật xây dựng,A00,17.50,,THPTQG,2018,Vật lý,daniele15,
DTT,7580201,Kỹ thuật xây dựng,A01,17.50,,THPTQG,2018,Vật lý,daniele15,
DTT,7580201,Kỹ thuật xây dựng,C01,17.50,,THPTQG,2018,Vật lý,daniele15,
DTT,7580205,Kỹ thuật xây dựng,A00,17.00,,THPTQG,2018,Kỹ thuật xây dựng công trình giao thôngVật lý,daniele15,
DTT,7580205,Kỹ thuật xây dựng,A01,17.00,,THPTQG,2018,Kỹ thuật xây dựng công trình giao thôngVật lý,daniele15,
DTT,7580205,Kỹ thuật xây dựng,C01,17.00,,THPTQG,2018,Kỹ thuật xây dựng công trình giao thôngVật lý,daniele15,
DTT,7720201,Dược học,A00,21.50,,THPTQG,2018,Hóa học,daniele15,
DTT,7720201,Dược học,B00,21.50,,THPTQG,2018,Hóa học,daniele15,
DTT,7720201,Dược học,D07,21.50,,THPTQG,2018,Hóa học,daniele15,
DTT,7760101,Công tác xã hội,A01,17.50,,THPTQG,2018,,daniele15,
DTT,7760101,Công tác xã hội,C00,17.50,,THPTQG,2018,,daniele15,
DTT,7760101,Công tác xã hội,C01,17.50,,THPTQG,2018,,daniele15,
DTT,7760101,Công tác xã hội,D01,17.50,,THPTQG,2018,,daniele15,
DTT,7810301,Quản lý thể dục thể thao,A01,18.50,,THPTQG,2018,"CN Kinh doanh thể thao và tổ chức sự kiệnA01; D01: Tiếng Anh; T00; T01: môn NK TDTT; Môn NK TDTT ≥ 5,00",daniele15,
DTT,7810301,Quản lý thể dục thể thao,D01,18.50,,THPTQG,2018,"CN Kinh doanh thể thao và tổ chức sự kiệnA01; D01: Tiếng Anh; T00; T01: môn NK TDTT; Môn NK TDTT ≥ 5,00",daniele15,
DTT,7810301,Quản lý thể dục thể thao,T00,18.50,,THPTQG,2018,"CN Kinh doanh thể thao và tổ chức sự kiệnA01; D01: Tiếng Anh; T00; T01: môn NK TDTT; Môn NK TDTT ≥ 5,00",daniele15,
DTT,7810301,Quản lý thể dục thể thao,T01,18.50,,THPTQG,2018,"CN Kinh doanh thể thao và tổ chức sự kiệnA01; D01: Tiếng Anh; T00; T01: môn NK TDTT; Môn NK TDTT ≥ 5,00",daniele15,
DTT,7850201,Bảo hộ lao động,A00,17.00,,THPTQG,2018,,daniele15,
DTT,7850201,Bảo hộ lao động,B00,17.00,,THPTQG,2018,,daniele15,
DTT,7850201,Bảo hộ lao động,C02,17.00,,THPTQG,2018,,daniele15,
DTT,7850201,Bảo hộ lao động,D07,17.00,,THPTQG,2018,,daniele15,
DTY,7720101,Y khoa,B00,22.25,,THPTQG,2018,,daniele15,
DTY,7720110,Y học dự phòng,B00,16.75,,THPTQG,2018,,daniele15,
DTY,7720201,Dược học,A00,19.50,,THPTQG,2018,,daniele15,
DTY,7720301,Điều dưỡng,B00,18.50,,THPTQG,2018,,daniele15,
DTY,7720501,Răng - Hàm - Mặt,B00,21.90,,THPTQG,2018,,daniele15,
DTY,7720601,Kỹ thuật xét nghiệm y học,B00,19.75,,THPTQG,2018,,daniele15,
DTZ,7220201,Ngôn ngữ Anh,A01,13.50,,THPTQG,2018,,daniele15,
DTZ,7220201,Ngôn ngữ Anh,D01,13.50,,THPTQG,2018,,daniele15,
DTZ,7220201,Ngôn ngữ Anh,D07,13.50,,THPTQG,2018,,daniele15,
DTZ,7220201,Ngôn ngữ Anh,D14,13.50,,THPTQG,2018,,daniele15,
DTZ,7229010,Lịch sử,C00,14.00,,THPTQG,2018,,daniele15,
DTZ,7229010,Lịch sử,C03,14.00,,THPTQG,2018,,daniele15,
DTZ,7229010,Lịch sử,C04,14.00,,THPTQG,2018,,daniele15,
DTZ,7229010,Lịch sử,D01,14.00,,THPTQG,2018,,daniele15,
DTZ,7229030,Văn học,C00,14.00,,THPTQG,2018,,daniele15,
DTZ,7229030,Văn học,C03,14.00,,THPTQG,2018,,daniele15,
DTZ,7229030,Văn học,C04,14.00,,THPTQG,2018,,daniele15,
DTZ,7229030,Văn học,D01,14.00,,THPTQG,2018,,daniele15,
DTZ,7320101,Báo chí,C00,13.50,,THPTQG,2018,,daniele15,
DTZ,7320101,Báo chí,C03,13.50,,THPTQG,2018,,daniele15,
DTZ,7320101,Báo chí,C04,13.50,,THPTQG,2018,,daniele15,
DTZ,7320101,Báo chí,D01,13.50,,THPTQG,2018,,daniele15,
DTZ,7320201,Thông tin - thư viện,C00,13.50,,THPTQG,2018,,daniele15,
DTZ,7320201,Thông tin - thư viện,C03,13.50,,THPTQG,2018,,daniele15,
DTZ,7320201,Thông tin - thư viện,C04,13.50,,THPTQG,2018,,daniele15,
DTZ,7320201,Thông tin - thư viện,D01,13.50,,THPTQG,2018,,daniele15,
DTZ,7340401,Khoa học quản lý,A01,13.50,,THPTQG,2018,,daniele15,
DTZ,7340401,Khoa học quản lý,C00,13.50,,THPTQG,2018,,daniele15,
DTZ,7340401,Khoa học quản lý,D01,13.50,,THPTQG,2018,,daniele15,
DTZ,7340401,Khoa học quản lý,D07,13.50,,THPTQG,2018,,daniele15,
DTZ,7380101,Luật,A01,14.00,,THPTQG,2018,,daniele15,
DTZ,7380101,Luật,C00,14.00,,THPTQG,2018,,daniele15,
DTZ,7380101,Luật,D01,14.00,,THPTQG,2018,,daniele15,
DTZ,7380101,Luật,D07,14.00,,THPTQG,2018,,daniele15,
DTZ,7420101,Sinh học,A00,14.00,,THPTQG,2018,,daniele15,
DTZ,7420101,Sinh học,B00,14.00,,THPTQG,2018,,daniele15,
DTZ,7420101,Sinh học,D07,14.00,,THPTQG,2018,,daniele15,
DTZ,7420101,Sinh học,D08,14.00,,THPTQG,2018,,daniele15,
DTZ,7420201,Công nghệ sinh học,A00,14.00,,THPTQG,2018,,daniele15,
DTZ,7420201,Công nghệ sinh học,B00,14.00,,THPTQG,2018,,daniele15,
DTZ,7420201,Công nghệ sinh học,D07,14.00,,THPTQG,2018,,daniele15,
DTZ,7420201,Công nghệ sinh học,D08,14.00,,THPTQG,2018,,daniele15,
DTZ,7440102,Vật lý học,A00,16.00,,THPTQG,2018,,daniele15,
DTZ,7440102,Vật lý học,A01,16.00,,THPTQG,2018,,daniele15,
DTZ,7440102,Vật lý học,C01,16.00,,THPTQG,2018,,daniele15,
DTZ,7440102,Vật lý học,D01,16.00,,THPTQG,2018,,daniele15,
DTZ,7440112,Hoá học,D01,14.00,,THPTQG,2018,,daniele15,
DTZ,7440112,Hoá học,D07,14.00,,THPTQG,2018,,daniele15,
DTZ,7440217,Địa lý tự nhiên,B00,13.50,,THPTQG,2018,,daniele15,
DTZ,7440217,Địa lý tự nhiên,C00,13.50,,THPTQG,2018,,daniele15,
DTZ,7440217,Địa lý tự nhiên,C04,13.50,,THPTQG,2018,,daniele15,
DTZ,7440217,Địa lý tự nhiên,D01,13.50,,THPTQG,2018,,daniele15,
DTZ,7440301,Khoa học môi trường,A00,13.50,,THPTQG,2018,,daniele15,
DTZ,7440301,Khoa học môi trường,B00,13.50,,THPTQG,2018,,daniele15,
DTZ,7440301,Khoa học môi trường,D01,13.50,,THPTQG,2018,,daniele15,
DTZ,7440301,Khoa học môi trường,D07,13.50,,THPTQG,2018,,daniele15,
DTZ,7460101,Toán học,A00,16.00,,THPTQG,2018,,daniele15,
DTZ,7460101,Toán học,A01,16.00,,THPTQG,2018,,daniele15,
DTZ,7460101,Toán học,C01,16.00,,THPTQG,2018,,daniele15,
DTZ,7460101,Toán học,D01,16.00,,THPTQG,2018,,daniele15,
DTZ,7460112,Toán ứng dụng,A00,16.00,,THPTQG,2018,,daniele15,
DTZ,7460112,Toán ứng dụng,A01,16.00,,THPTQG,2018,,daniele15,
DTZ,7460112,Toán ứng dụng,C01,16.00,,THPTQG,2018,,daniele15,
DTZ,7460112,Toán ứng dụng,D01,16.00,,THPTQG,2018,,daniele15,
DTZ,7460117,Khối ngành Toán - Tin học,A00,14.00,,THPTQG,2018,,daniele15,
DTZ,7460117,Khối ngành Toán - Tin học,A01,14.00,,THPTQG,2018,,daniele15,
DTZ,7460117,Khối ngành Toán - Tin học,C01,14.00,,THPTQG,2018,,daniele15,
DTZ,7460117,Khối ngành Toán - Tin học,D01,14.00,,THPTQG,2018,,daniele15,
DTZ,7510401,Công nghệ kỹ thuật hoá học,A00,14.00,,THPTQG,2018,,daniele15,
DTZ,7510401,Công nghệ kỹ thuật hoá học,B00,14.00,,THPTQG,2018,,daniele15,
DTZ,7510401,Công nghệ kỹ thuật hoá học,D01,14.00,,THPTQG,2018,,daniele15,
DTZ,7510401,Công nghệ kỹ thuật hoá học,D07,14.00,,THPTQG,2018,,daniele15,
DTZ,7720203,Hoá dược,A00,14.00,,THPTQG,2018,,daniele15,
DTZ,7720203,Hoá dược,B00,14.00,,THPTQG,2018,,daniele15,
DTZ,7720203,Hoá dược,D01,14.00,,THPTQG,2018,,daniele15,
DTZ,7720203,Hoá dược,D07,14.00,,THPTQG,2018,,daniele15,
DTZ,7760101,Công tác xã hội,A00,13.50,,THPTQG,2018,,daniele15,
DTZ,7760101,Công tác xã hội,B00,13.50,,THPTQG,2018,,daniele15,
DTZ,7760101,Công tác xã hội,D01,13.50,,THPTQG,2018,,daniele15,
DTZ,7760101,Công tác xã hội,D07,13.50,,THPTQG,2018,,daniele15,
DTZ,7810101,Du lịch,C00,13.50,,THPTQG,2018,,daniele15,
DTZ,7810101,Du lịch,C03,13.50,,THPTQG,2018,,daniele15,
DTZ,7810101,Du lịch,C04,13.50,,THPTQG,2018,,daniele15,
DTZ,7810101,Du lịch,D01,13.50,,THPTQG,2018,,daniele15,
DTZ,7810103,Quản trị dịch vụ du lịch và lữ hành,C00,13.50,,THPTQG,2018,,daniele15,
DTZ,7810103,Quản trị dịch vụ du lịch và lữ hành,C03,13.50,,THPTQG,2018,,daniele15,
DTZ,7810103,Quản trị dịch vụ du lịch và lữ hành,C04,13.50,,THPTQG,2018,,daniele15,
DTZ,7810103,Quản trị dịch vụ du lịch và lữ hành,D01,13.50,,THPTQG,2018,,daniele15,
DVB,7340101,Quản trị kinh doanh,A00,14.00,,THPTQG,2018,,daniele15,
DVB,7340101,Quản trị kinh doanh,A01,14.00,,THPTQG,2018,,daniele15,
DVB,7340101,Quản trị kinh doanh,D01,14.00,,THPTQG,2018,,daniele15,
DVB,7340301,Kế toán,A00,14.00,,THPTQG,2018,,daniele15,
DVB,7340301,Kế toán,A01,14.00,,THPTQG,2018,,daniele15,
DVB,7340301,Kế toán,D01,14.00,,THPTQG,2018,,daniele15,
DVB,7480102,Mạng máy tính và Truyền thông dữ liệu,A00,14.00,,THPTQG,2018,,daniele15,
DVB,7480102,Mạng máy tính và Truyền thông dữ liệu,A01,14.00,,THPTQG,2018,,daniele15,
DVB,7480102,Mạng máy tính và Truyền thông dữ liệu,D01,14.00,,THPTQG,2018,,daniele15,
DVB,7480201,Công nghệ thông tin,A00,14.00,,THPTQG,2018,,daniele15,
DVB,7480201,Công nghệ thông tin,A01,14.00,,THPTQG,2018,,daniele15,
DVB,7480201,Công nghệ thông tin,D01,14.00,,THPTQG,2018,,daniele15,
DVB,7520103,Kỹ thuật cơ khí,A00,14.00,,THPTQG,2018,,daniele15,
DVB,7520103,Kỹ thuật cơ khí,A01,14.00,,THPTQG,2018,,daniele15,
DVB,7520103,Kỹ thuật cơ khí,D01,14.00,,THPTQG,2018,,daniele15,
DVB,7520201,Kỹ thuật điện,A00,14.00,,THPTQG,2018,,daniele15,
DVB,7520201,Kỹ thuật điện,A01,14.00,,THPTQG,2018,,daniele15,
DVB,7520201,Kỹ thuật điện,D01,14.00,,THPTQG,2018,,daniele15,
DVH,7220201,Ngôn ngữ Anh,A01,14.00,,THPTQG,2018,,daniele15,
DVH,7220201,Ngôn ngữ Anh,D01,14.00,,THPTQG,2018,,daniele15,
DVH,7220201,Ngôn ngữ Anh,D10,14.00,,THPTQG,2018,,daniele15,
DVH,7220201,Ngôn ngữ Anh,D15,14.00,,THPTQG,2018,,daniele15,
DVH,7220203,Ngôn ngữ Pháp,A01,16.55,,THPTQG,2018,,daniele15,
DVH,7220203,Ngôn ngữ Pháp,D01,16.55,,THPTQG,2018,,daniele15,
DVH,7220203,Ngôn ngữ Pháp,D10,16.55,,THPTQG,2018,,daniele15,
DVH,7220203,Ngôn ngữ Pháp,D15,16.55,,THPTQG,2018,,daniele15,
DVH,7220204,Ngôn ngữ Trung Quốc,A01,14.50,,THPTQG,2018,,daniele15,
DVH,7220204,Ngôn ngữ Trung Quốc,D01,14.50,,THPTQG,2018,,daniele15,
DVH,7220204,Ngôn ngữ Trung Quốc,D10,14.50,,THPTQG,2018,,daniele15,
DVH,7220204,Ngôn ngữ Trung Quốc,D15,14.50,,THPTQG,2018,,daniele15,
DVH,7220209,Ngôn ngữ Nhật,A01,14.00,,THPTQG,2018,,daniele15,
DVH,7220209,Ngôn ngữ Nhật,D01,14.00,,THPTQG,2018,,daniele15,
DVH,7220209,Ngôn ngữ Nhật,D10,14.00,,THPTQG,2018,,daniele15,
DVH,7220209,Ngôn ngữ Nhật,D15,14.00,,THPTQG,2018,,daniele15,
DVH,7229030,Văn học,C00,14.00,,THPTQG,2018,,daniele15,
DVH,7229030,Văn học,D01,14.00,,THPTQG,2018,,daniele15,
DVH,7229030,Văn học,D14,14.00,,THPTQG,2018,,daniele15,
DVH,7229030,Văn học,D15,14.00,,THPTQG,2018,,daniele15,
DVH,7229040,Văn hoá học,C00,17.00,,THPTQG,2018,,daniele15,
DVH,7229040,Văn hoá học,D01,17.00,,THPTQG,2018,,daniele15,
DVH,7229040,Văn hoá học,D14,17.00,,THPTQG,2018,,daniele15,
DVH,7229040,Văn hoá học,D15,17.00,,THPTQG,2018,,daniele15,
DVH,7310301,Xã hội học,A00,14.00,,THPTQG,2018,,daniele15,
DVH,7310301,Xã hội học,C00,14.00,,THPTQG,2018,,daniele15,
DVH,7310301,Xã hội học,C04,14.00,,THPTQG,2018,,daniele15,
DVH,7310301,Xã hội học,D01,14.00,,THPTQG,2018,,daniele15,
DVH,7310401,Tâm lý học,A00,14.50,,THPTQG,2018,,daniele15,
DVH,7310401,Tâm lý học,B00,14.50,,THPTQG,2018,,daniele15,
DVH,7310401,Tâm lý học,C00,14.50,,THPTQG,2018,,daniele15,
DVH,7310401,Tâm lý học,D01,14.50,,THPTQG,2018,,daniele15,
DVH,7310608,Đông phương học,A01,14.00,,THPTQG,2018,,daniele15,
DVH,7310608,Đông phương học,C00,14.00,,THPTQG,2018,,daniele15,
DVH,7310608,Đông phương học,D01,14.00,,THPTQG,2018,,daniele15,
DVH,7310608,Đông phương học,D15,14.00,,THPTQG,2018,,daniele15,
DVH,7310630,Việt Nam học,C00,16.75,,THPTQG,2018,,daniele15,
DVH,7310630,Việt Nam học,D01,16.75,,THPTQG,2018,,daniele15,
DVH,7310630,Việt Nam học,D14,16.75,,THPTQG,2018,,daniele15,
DVH,7310630,Việt Nam học,D15,16.75,,THPTQG,2018,,daniele15,
DVH,7340101,Quản trị kinh doanh,A00,14.00,,THPTQG,2018,,daniele15,
DVH,7340101,Quản trị kinh doanh,A01,14.00,,THPTQG,2018,,daniele15,
DVH,7340101,Quản trị kinh doanh,C04,14.00,,THPTQG,2018,,daniele15,
DVH,7340101,Quản trị kinh doanh,D01,14.00,,THPTQG,2018,,daniele15,
DVH,7480201,Công nghệ thông tin,A00,14.10,,THPTQG,2018,,daniele15,
DVH,7480201,Công nghệ thông tin,A01,14.10,,THPTQG,2018,,daniele15,
DVH,7480201,Công nghệ thông tin,C01,14.10,,THPTQG,2018,,daniele15,
DVH,7480201,Công nghệ thông tin,D01,14.10,,THPTQG,2018,,daniele15,
DVH,7520207,Kỹ thuật điện tử - viễn thông,A00,14.60,,THPTQG,2018,,daniele15,
DVH,7520207,Kỹ thuật điện tử - viễn thông,A01,14.60,,THPTQG,2018,,daniele15,
DVH,7520207,Kỹ thuật điện tử - viễn thông,C01,14.60,,THPTQG,2018,,daniele15,
DVH,7520207,Kỹ thuật điện tử - viễn thông,D01,14.60,,THPTQG,2018,,daniele15,
DVH,7810103,Quản trị dịch vụ du lịch và lữ hành,A00,15.25,,THPTQG,2018,,daniele15,
DVH,7810103,Quản trị dịch vụ du lịch và lữ hành,C00,15.25,,THPTQG,2018,,daniele15,
DVH,7810103,Quản trị dịch vụ du lịch và lữ hành,C04,15.25,,THPTQG,2018,,daniele15,
DVH,7810103,Quản trị dịch vụ du lịch và lữ hành,D01,15.25,,THPTQG,2018,,daniele15,
DVH,7810201,Quản trị khách sạn,A00,16.00,,THPTQG,2018,,daniele15,
DVH,7810201,Quản trị khách sạn,C00,16.00,,THPTQG,2018,,daniele15,
DVH,7810201,Quản trị khách sạn,C04,16.00,,THPTQG,2018,,daniele15,
DVH,7810201,Quản trị khách sạn,D01,16.00,,THPTQG,2018,,daniele15,
DVL,7210205,Thanh nhạc,N00,17.00,,THPTQG,2018,,daniele15,
DVL,7210208,Piano,N00,17.00,,THPTQG,2018,,daniele15,
DVL,7210402,Thiết kế công nghiệp,H03,15.00,,THPTQG,2018,,daniele15,
DVL,7210402,Thiết kế công nghiệp,H04,15.00,,THPTQG,2018,,daniele15,
DVL,7210402,Thiết kế công nghiệp,H05,15.00,,THPTQG,2018,,daniele15,
DVL,7210402,Thiết kế công nghiệp,H06,15.00,,THPTQG,2018,,daniele15,
DVL,7210403,Thiết kế đồ họa,H03,15.00,,THPTQG,2018,,daniele15,
DVL,7210403,Thiết kế đồ họa,H04,15.00,,THPTQG,2018,,daniele15,
DVL,7210403,Thiết kế đồ họa,H05,15.00,,THPTQG,2018,,daniele15,
DVL,7210403,Thiết kế đồ họa,H06,15.00,,THPTQG,2018,,daniele15,
DVL,7210404,Thiết kế thời trang,H03,15.00,,THPTQG,2018,,daniele15,
DVL,7210404,Thiết kế thời trang,H04,15.00,,THPTQG,2018,,daniele15,
DVL,7210404,Thiết kế thời trang,H05,15.00,,THPTQG,2018,,daniele15,
DVL,7210404,Thiết kế thời trang,H06,15.00,,THPTQG,2018,,daniele15,
DVL,7220201,Ngôn ngữ Anh,D01,18.00,,THPTQG,2018,,daniele15,
DVL,7220201,Ngôn ngữ Anh,D08,18.00,,THPTQG,2018,,daniele15,
DVL,7220201,Ngôn ngữ Anh,D10,18.00,,THPTQG,2018,,daniele15,
DVL,7229030,Văn học,C00,17.00,,THPTQG,2018,,daniele15,
DVL,7229030,Văn học,D01,17.00,,THPTQG,2018,,daniele15,
DVL,7229030,Văn học,D14,17.00,,THPTQG,2018,,daniele15,
DVL,7229030,Văn học,D66,17.00,,THPTQG,2018,,daniele15,
DVL,7310401,Tâm lý học,B00,14.50,,THPTQG,2018,,daniele15,
DVL,7310401,Tâm lý học,B03,14.50,,THPTQG,2018,,daniele15,
DVL,7310401,Tâm lý học,C00,14.50,,THPTQG,2018,,daniele15,
DVL,7310401,Tâm lý học,D01,14.50,,THPTQG,2018,,daniele15,
DVL,7310608,Đông phương học,A01,17.50,,THPTQG,2018,,daniele15,
DVL,7310608,Đông phương học,C00,17.50,,THPTQG,2018,,daniele15,
DVL,7310608,Đông phương học,D01,17.50,,THPTQG,2018,,daniele15,
DVL,7320108,Quan hệ công chúng,A00,18.00,,THPTQG,2018,,daniele15,
DVL,7320108,Quan hệ công chúng,A01,18.00,,THPTQG,2018,,daniele15,
DVL,7320108,Quan hệ công chúng,C00,18.00,,THPTQG,2018,,daniele15,
DVL,7320108,Quan hệ công chúng,D01,18.00,,THPTQG,2018,,daniele15,
DVL,7340101,Quản trị kinh doanh,A00,17.00,,THPTQG,2018,,daniele15,
DVL,7340101,Quản trị kinh doanh,A01,17.00,,THPTQG,2018,,daniele15,
DVL,7340101,Quản trị kinh doanh,C04,17.00,,THPTQG,2018,,daniele15,
DVL,7340101,Quản trị kinh doanh,D01,17.00,,THPTQG,2018,,daniele15,
DVL,7340121,Kinh doanh thương mại,A00,16.50,,THPTQG,2018,,daniele15,
DVL,7340121,Kinh doanh thương mại,A01,16.50,,THPTQG,2018,,daniele15,
DVL,7340121,Kinh doanh thương mại,D01,16.50,,THPTQG,2018,,daniele15,
DVL,7340121,Kinh doanh thương mại,D10,16.50,,THPTQG,2018,,daniele15,
DVL,7340201,Tài chính - Ngân hàng,A00,16.00,,THPTQG,2018,,daniele15,
DVL,7340201,Tài chính - Ngân hàng,A01,16.00,,THPTQG,2018,,daniele15,
DVL,7340201,Tài chính - Ngân hàng,C04,16.00,,THPTQG,2018,,daniele15,
DVL,7340201,Tài chính - Ngân hàng,D01,16.00,,THPTQG,2018,,daniele15,
DVL,7340301,Kế toán,A00,15.00,,THPTQG,2018,,daniele15,
DVL,7340301,Kế toán,A01,15.00,,THPTQG,2018,,daniele15,
DVL,7340301,Kế toán,D01,15.00,,THPTQG,2018,,daniele15,
DVL,7340301,Kế toán,D10,15.00,,THPTQG,2018,,daniele15,
DVL,7380107,Luật,A00,18.00,,THPTQG,2018,Luật kinh tế,daniele15,
DVL,7380107,Luật,A01,18.00,,THPTQG,2018,Luật kinh tế,daniele15,
DVL,7380107,Luật,C00,18.00,,THPTQG,2018,Luật kinh tế,daniele15,
DVL,7380107,Luật,D01,18.00,,THPTQG,2018,Luật kinh tế,daniele15,
DVL,7420201,Công nghệ sinh học,A00,14.00,,THPTQG,2018,,daniele15,
DVL,7420201,Công nghệ sinh học,A02,14.00,,THPTQG,2018,,daniele15,
DVL,7420201,Công nghệ sinh học,B00,14.00,,THPTQG,2018,,daniele15,
DVL,7420201,Công nghệ sinh học,D08,14.00,,THPTQG,2018,,daniele15,
DVL,7480103,Kỹ thuật phần mềm,A00,15.50,,THPTQG,2018,,daniele15,
DVL,7480103,Kỹ thuật phần mềm,A01,15.50,,THPTQG,2018,,daniele15,
DVL,7480103,Kỹ thuật phần mềm,D01,15.50,,THPTQG,2018,,daniele15,
DVL,7480103,Kỹ thuật phần mềm,D10,15.50,,THPTQG,2018,,daniele15,
DVL,7510406,Công nghệ kỹ thuật môi trường,A00,14.00,,THPTQG,2018,,daniele15,
DVL,7510406,Công nghệ kỹ thuật môi trường,B00,14.00,,THPTQG,2018,,daniele15,
DVL,7510406,Công nghệ kỹ thuật môi trường,D07,14.00,,THPTQG,2018,,daniele15,
DVL,7510406,Công nghệ kỹ thuật môi trường,D08,14.00,,THPTQG,2018,,daniele15,
DVL,7520115,Công nghệ Kỹ thuật Nhiệt (Cơ điện lạnh),A00,14.00,,THPTQG,2018,Kỹ thuật nhiệt,daniele15,
DVL,7520115,Công nghệ Kỹ thuật Nhiệt (Cơ điện lạnh),A01,14.00,,THPTQG,2018,Kỹ thuật nhiệt,daniele15,
DVL,7520115,Công nghệ Kỹ thuật Nhiệt (Cơ điện lạnh),D07,14.00,,THPTQG,2018,Kỹ thuật nhiệt,daniele15,
DVL,7580101,Kiến trúc,H02,15.00,,THPTQG,2018,,daniele15,
DVL,7580101,Kiến trúc,V00,15.00,,THPTQG,2018,,daniele15,
DVL,7580101,Kiến trúc,V01,15.00,,THPTQG,2018,,daniele15,
DVL,7580108,Thiết kế nội thất,H03,15.00,,THPTQG,2018,,daniele15,
DVL,7580108,Thiết kế nội thất,H04,15.00,,THPTQG,2018,,daniele15,
DVL,7580108,Thiết kế nội thất,H05,15.00,,THPTQG,2018,,daniele15,
DVL,7580108,Thiết kế nội thất,H06,15.00,,THPTQG,2018,,daniele15,
DVL,7580201,Kỹ thuật xây dựng,A00,14.50,,THPTQG,2018,,daniele15,
DVL,7580201,Kỹ thuật xây dựng,A01,14.50,,THPTQG,2018,,daniele15,
DVL,7720201,Dược học,A00,18.00,,THPTQG,2018,,daniele15,
DVL,7720201,Dược học,B00,18.00,,THPTQG,2018,,daniele15,
DVL,7720201,Dược học,D07,18.00,,THPTQG,2018,,daniele15,
DVL,7720301,Điều dưỡng,B00,15.00,,THPTQG,2018,,daniele15,
DVL,7720301,Điều dưỡng,C08,15.00,,THPTQG,2018,,daniele15,
DVL,7720301,Điều dưỡng,D07,15.00,,THPTQG,2018,,daniele15,
DVL,7720301,Điều dưỡng,D08,15.00,,THPTQG,2018,,daniele15,
DVL,7720601,Kỹ thuật xét nghiệm y học,A00,15.00,,THPTQG,2018,,daniele15,
DVL,7720601,Kỹ thuật xét nghiệm y học,B00,15.00,,THPTQG,2018,,daniele15,
DVL,7720601,Kỹ thuật xét nghiệm y học,D07,15.00,,THPTQG,2018,,daniele15,
DVL,7720601,Kỹ thuật xét nghiệm y học,D08,15.00,,THPTQG,2018,,daniele15,
DVL,7810103,Quản trị dịch vụ du lịch và lữ hành,A00,17.00,,THPTQG,2018,,daniele15,
DVL,7810103,Quản trị dịch vụ du lịch và lữ hành,A01,17.00,,THPTQG,2018,,daniele15,
DVL,7810103,Quản trị dịch vụ du lịch và lữ hành,D01,17.00,,THPTQG,2018,,daniele15,
DVL,7810103,Quản trị dịch vụ du lịch và lữ hành,D03,17.00,,THPTQG,2018,,daniele15,
DVL,7810201,Quản trị khách sạn,A00,17.00,,THPTQG,2018,,daniele15,
DVL,7810201,Quản trị khách sạn,A01,17.00,,THPTQG,2018,,daniele15,
DVL,7810201,Quản trị khách sạn,D01,17.00,,THPTQG,2018,,daniele15,
DVL,7810201,Quản trị khách sạn,D03,17.00,,THPTQG,2018,,daniele15,
DVP,5140201,Giáo dục Mầm non,,15.00,,THPTQG,2018,Hệ cao đẳng,daniele15,
DVP,7140201,Giáo dục Mầm non,,20.00,,THPTQG,2018,,daniele15,
DVP,7140202,Giáo dục Tiểu học,A00,17.00,,THPTQG,2018,,daniele15,
DVP,7140202,Giáo dục Tiểu học,A01,17.00,,THPTQG,2018,,daniele15,
DVP,7140202,Giáo dục Tiểu học,D84,17.00,,THPTQG,2018,,daniele15,
DVP,7140202,Giáo dục Tiểu học,D90,17.00,,THPTQG,2018,,daniele15,
DVP,7140217,Sư phạm Ngữ văn,C00,17.00,,THPTQG,2018,,daniele15,
DVP,7140217,Sư phạm Ngữ văn,D14,17.00,,THPTQG,2018,,daniele15,
DVP,7210201,Âm nhạc học,N00,15.00,,THPTQG,2018,,daniele15,
DVP,7210210,Biểu diễn nhạc cụ truyền thống,N00,15.00,,THPTQG,2018,,daniele15,
DVP,7210402,Thiết kế công nghiệp,A00,14.00,,THPTQG,2018,,daniele15,
DVP,7210402,Thiết kế công nghiệp,A01,14.00,,THPTQG,2018,,daniele15,
DVP,7210402,Thiết kế công nghiệp,C01,14.00,,THPTQG,2018,,daniele15,
DVP,7210402,Thiết kế công nghiệp,D07,14.00,,THPTQG,2018,,daniele15,
DVP,7220106,Ngôn ngữ Khmer,D01,14.00,,THPTQG,2018,,daniele15,
DVP,7220106,Ngôn ngữ Khmer,D14,14.00,,THPTQG,2018,,daniele15,
DVP,7220112,Văn hoá các dân tộc thiểu số Việt Nam,C00,14.00,,THPTQG,2018,,daniele15,
DVP,7220201,Ngôn ngữ Anh,D01,14.00,,THPTQG,2018,,daniele15,
DVP,7220201,Ngôn ngữ Anh,D09,14.00,,THPTQG,2018,,daniele15,
DVP,7229040,Văn hoá học,C00,14.00,,THPTQG,2018,,daniele15,
DVP,7229040,Văn hoá học,D14,14.00,,THPTQG,2018,,daniele15,
DVP,7310101,Kinh tế,A01,14.00,,THPTQG,2018,,daniele15,
DVP,7310201,Chính trị học,D01,14.00,,THPTQG,2018,,daniele15,
DVP,7310205,Quản lý nhà nước,C00,14.00,,THPTQG,2018,,daniele15,
DVP,7310205,Quản lý nhà nước,C04,14.00,,THPTQG,2018,,daniele15,
DVP,7310205,Quản lý nhà nước,D01,14.00,,THPTQG,2018,,daniele15,
DVP,7310205,Quản lý nhà nước,D14,14.00,,THPTQG,2018,,daniele15,
DVP,7340101,Quản trị kinh doanh,A00,14.00,,THPTQG,2018,,daniele15,
DVP,7340101,Quản trị kinh doanh,A01,14.00,,THPTQG,2018,,daniele15,
DVP,7340101,Quản trị kinh doanh,C01,14.00,,THPTQG,2018,,daniele15,
DVP,7340101,Quản trị kinh doanh,D01,14.00,,THPTQG,2018,,daniele15,
DVP,7340122,Thương mại điện tử,A00,14.00,,THPTQG,2018,,daniele15,
DVP,7340122,Thương mại điện tử,A01,14.00,,THPTQG,2018,,daniele15,
DVP,7340122,Thương mại điện tử,C01,14.00,,THPTQG,2018,,daniele15,
DVP,7340122,Thương mại điện tử,D01,14.00,,THPTQG,2018,,daniele15,
DVP,7340201,Tài chính - Ngân hàng,A00,14.00,,THPTQG,2018,,daniele15,
DVP,7340201,Tài chính - Ngân hàng,A01,14.00,,THPTQG,2018,,daniele15,
DVP,7340201,Tài chính - Ngân hàng,C01,14.00,,THPTQG,2018,,daniele15,
DVP,7340201,Tài chính - Ngân hàng,D01,14.00,,THPTQG,2018,,daniele15,
DVP,7340301,Kế toán,A00,14.00,,THPTQG,2018,,daniele15,
DVP,7340301,Kế toán,A01,14.00,,THPTQG,2018,,daniele15,
DVP,7340301,Kế toán,C01,14.00,,THPTQG,2018,,daniele15,
DVP,7340301,Kế toán,D01,14.00,,THPTQG,2018,,daniele15,
DVP,7340405,Hệ thống thông tin quản lý,A00,14.00,,THPTQG,2018,,daniele15,
DVP,7340405,Hệ thống thông tin quản lý,A01,14.00,,THPTQG,2018,,daniele15,
DVP,7340405,Hệ thống thông tin quản lý,C01,14.00,,THPTQG,2018,,daniele15,
DVP,7340405,Hệ thống thông tin quản lý,D01,14.00,,THPTQG,2018,,daniele15,
DVP,7340406,Quản trị văn phòng,D01,14.00,,THPTQG,2018,,daniele15,
DVP,7380101,Luật,A00,14.00,,THPTQG,2018,,daniele15,
DVP,7380101,Luật,A01,14.00,,THPTQG,2018,,daniele15,
DVP,7380101,Luật,C01,14.00,,THPTQG,2018,,daniele15,
DVP,7380101,Luật,D01,14.00,,THPTQG,2018,,daniele15,
DVP,7420201,Công nghệ sinh học,A00,14.00,,THPTQG,2018,,daniele15,
DVP,7420201,Công nghệ sinh học,B00,14.00,,THPTQG,2018,,daniele15,
DVP,7420201,Công nghệ sinh học,D08,14.00,,THPTQG,2018,,daniele15,
DVP,7420201,Công nghệ sinh học,D90,14.00,,THPTQG,2018,,daniele15,
DVP,7440122,Khoa học vật liệu,A00,14.00,,THPTQG,2018,,daniele15,
DVP,7440122,Khoa học vật liệu,A01,14.00,,THPTQG,2018,,daniele15,
DVP,7440122,Khoa học vật liệu,A02,14.00,,THPTQG,2018,,daniele15,
DVP,7440122,Khoa học vật liệu,B00,14.00,,THPTQG,2018,,daniele15,
DVP,7460112,Toán ứng dụng,A00,14.00,,THPTQG,2018,,daniele15,
DVP,7480102,Mạng máy tính và Truyền thông dữ liệu,A00,14.00,,THPTQG,2018,,daniele15,
DVP,7480102,Mạng máy tính và Truyền thông dữ liệu,A01,14.00,,THPTQG,2018,,daniele15,
DVP,7480102,Mạng máy tính và Truyền thông dữ liệu,C01,14.00,,THPTQG,2018,,daniele15,
DVP,7480102,Mạng máy tính và Truyền thông dữ liệu,D07,14.00,,THPTQG,2018,,daniele15,
DVP,7480201,Công nghệ thông tin,A00,14.00,,THPTQG,2018,,daniele15,
DVP,7480201,Công nghệ thông tin,A01,14.00,,THPTQG,2018,,daniele15,
DVP,7480201,Công nghệ thông tin,C01,14.00,,THPTQG,2018,,daniele15,
DVP,7480201,Công nghệ thông tin,D07,14.00,,THPTQG,2018,,daniele15,
DVP,7510102,Công nghệ kỹ thuật công trình xây dựng,A00,14.00,,THPTQG,2018,,daniele15,
DVP,7510102,Công nghệ kỹ thuật công trình xây dựng,A01,14.00,,THPTQG,2018,,daniele15,
DVP,7510102,Công nghệ kỹ thuật công trình xây dựng,C01,14.00,,THPTQG,2018,,daniele15,
DVP,7510201,Công nghệ kỹ thuật cơ khí,A00,14.00,,THPTQG,2018,,daniele15,
DVP,7510201,Công nghệ kỹ thuật cơ khí,A01,14.00,,THPTQG,2018,,daniele15,
DVP,7510201,Công nghệ kỹ thuật cơ khí,C01,14.00,,THPTQG,2018,,daniele15,
DVP,7510201,Công nghệ kỹ thuật cơ khí,D01,14.00,,THPTQG,2018,,daniele15,
DVP,7510301,"Công nghệ kỹ thuật điện, điện tử",A00,14.00,,THPTQG,2018,,daniele15,
DVP,7510301,"Công nghệ kỹ thuật điện, điện tử",A01,14.00,,THPTQG,2018,,daniele15,
DVP,7510301,"Công nghệ kỹ thuật điện, điện tử",C01,14.00,,THPTQG,2018,,daniele15,
DVP,7510303,Công nghệ kỹ thuật điều khiển và tự động hóa,A00,14.00,,THPTQG,2018,,daniele15,
DVP,7510401,Công nghệ kỹ thuật hoá học,D07,14.00,,THPTQG,2018,,daniele15,
DVP,7520320,Kỹ thuật môi trường,A02,14.00,,THPTQG,2018,,daniele15,
DVP,7520320,Kỹ thuật môi trường,B00,14.00,,THPTQG,2018,,daniele15,
DVP,7520320,Kỹ thuật môi trường,D08,14.00,,THPTQG,2018,,daniele15,
DVP,7540101,Công nghệ thực phẩm,D90,14.00,,THPTQG,2018,,daniele15,
DVP,7580205,Kỹ thuật xây dựng,A00,14.00,,THPTQG,2018,Kỹ thuật xây dựng công trình giao thông,daniele15,
DVP,7580205,Kỹ thuật xây dựng,A01,14.00,,THPTQG,2018,Kỹ thuật xây dựng công trình giao thông,daniele15,
DVP,7620101,Nông nghiệp,D08,14.00,,THPTQG,2018,,daniele15,
DVP,7620101,Nông nghiệp,D90,14.00,,THPTQG,2018,,daniele15,
DVP,7620105,Chăn nuôi,A00,14.00,,THPTQG,2018,,daniele15,
DVP,7620105,Chăn nuôi,B00,14.00,,THPTQG,2018,,daniele15,
DVP,7620105,Chăn nuôi,D08,14.00,,THPTQG,2018,,daniele15,
DVP,7620105,Chăn nuôi,D90,14.00,,THPTQG,2018,,daniele15,
DVP,7620301,Nuôi trồng thuỷ sản,D08,14.00,,THPTQG,2018,,daniele15,
DVP,7620301,Nuôi trồng thuỷ sản,D90,14.00,,THPTQG,2018,,daniele15,
DVP,7640101,Thú y,D90,14.00,,THPTQG,2018,,daniele15,
DVP,7720101,Y khoa,B00,20.50,,THPTQG,2018,,daniele15,
DVP,7720101,Y khoa,D08,20.50,,THPTQG,2018,,daniele15,
DVP,7720201,Dược học,A00,17.00,,THPTQG,2018,,daniele15,
DVP,7720201,Dược học,B00,17.00,,THPTQG,2018,,daniele15,
DVP,7720301,Điều dưỡng,B00,16.00,,THPTQG,2018,,daniele15,
DVP,7720301,Điều dưỡng,D08,16.00,,THPTQG,2018,,daniele15,
DVP,7720501,Răng - Hàm - Mặt,B00,19.00,,THPTQG,2018,,daniele15,
DVP,7720501,Răng - Hàm - Mặt,D08,19.00,,THPTQG,2018,,daniele15,
DVP,7720601,Kỹ thuật xét nghiệm y học,A00,16.75,,THPTQG,2018,,daniele15,
DVP,7720601,Kỹ thuật xét nghiệm y học,B00,16.75,,THPTQG,2018,,daniele15,
DVP,7720603,Kỹ thuật phục hồi chức năng,A00,15.00,,THPTQG,2018,,daniele15,
DVP,7720603,Kỹ thuật phục hồi chức năng,B00,15.00,,THPTQG,2018,,daniele15,
DVP,7720701,Y tế công cộng,A00,15.00,,THPTQG,2018,,daniele15,
DVP,7720701,Y tế công cộng,B00,15.00,,THPTQG,2018,,daniele15,
DVP,7760101,Công tác xã hội,D66,14.00,,THPTQG,2018,,daniele15,
DVP,7760101,Công tác xã hội,D78,14.00,,THPTQG,2018,,daniele15,
DVP,7810103,Quản trị dịch vụ du lịch và lữ hành,C00,14.00,,THPTQG,2018,,daniele15,
DVP,7810103,Quản trị dịch vụ du lịch và lữ hành,C04,14.00,,THPTQG,2018,,daniele15,
DVP,7810103,Quản trị dịch vụ du lịch và lữ hành,D01,14.00,,THPTQG,2018,,daniele15,
DVP,7810103,Quản trị dịch vụ du lịch và lữ hành,D15,14.00,,THPTQG,2018,,daniele15,
DVP,7810301,Quản lý thể dục thể thao,B04,14.00,,THPTQG,2018,,daniele15,
DVP,7810301,Quản lý thể dục thể thao,C18,14.00,,THPTQG,2018,,daniele15,
DVP,7810301,Quản lý thể dục thể thao,T00,14.00,,THPTQG,2018,,daniele15,
DVP,7810301,Quản lý thể dục thể thao,T03,14.00,,THPTQG,2018,,daniele15,
DVX,7220201,Ngôn ngữ Anh,A01,13.00,,THPTQG,2018,,daniele15,
DVX,7220201,Ngôn ngữ Anh,D01,13.00,,THPTQG,2018,,daniele15,
DVX,7220201,Ngôn ngữ Anh,D78,13.00,,THPTQG,2018,,daniele15,
DVX,7220201,Ngôn ngữ Anh,D90,13.00,,THPTQG,2018,,daniele15,
DVX,7340101,Quản trị kinh doanh,A00,13.00,,THPTQG,2018,,daniele15,
DVX,7340101,Quản trị kinh doanh,A01,13.00,,THPTQG,2018,,daniele15,
DVX,7340101,Quản trị kinh doanh,D01,13.00,,THPTQG,2018,,daniele15,
DVX,7340101,Quản trị kinh doanh,D90,13.00,,THPTQG,2018,,daniele15,
DVX,7340201,Tài chính - Ngân hàng,A00,13.00,,THPTQG,2018,,daniele15,
DVX,7340201,Tài chính - Ngân hàng,A01,13.00,,THPTQG,2018,,daniele15,
DVX,7340201,Tài chính - Ngân hàng,D01,13.00,,THPTQG,2018,,daniele15,
DVX,7340201,Tài chính - Ngân hàng,D90,13.00,,THPTQG,2018,,daniele15,
DVX,7340301,Kế toán,A00,13.00,,THPTQG,2018,,daniele15,
DVX,7340301,Kế toán,A01,13.00,,THPTQG,2018,,daniele15,
DVX,7340301,Kế toán,D01,13.00,,THPTQG,2018,,daniele15,
DVX,7340301,Kế toán,D90,13.00,,THPTQG,2018,,daniele15,
DVX,7420201,Công nghệ sinh học,A00,13.00,,THPTQG,2018,,daniele15,
DVX,7420201,Công nghệ sinh học,A02,13.00,,THPTQG,2018,,daniele15,
DVX,7420201,Công nghệ sinh học,B00,13.00,,THPTQG,2018,,daniele15,
DVX,7420201,Công nghệ sinh học,D90,13.00,,THPTQG,2018,,daniele15,
DVX,7480201,Công nghệ thông tin,A00,13.00,,THPTQG,2018,,daniele15,
DVX,7480201,Công nghệ thông tin,A01,13.00,,THPTQG,2018,,daniele15,
DVX,7480201,Công nghệ thông tin,A16,13.00,,THPTQG,2018,,daniele15,
DVX,7480201,Công nghệ thông tin,D90,13.00,,THPTQG,2018,,daniele15,
DVX,7580201,Kỹ thuật xây dựng,A00,13.00,,THPTQG,2018,,daniele15,
DVX,7580201,Kỹ thuật xây dựng,A01,13.00,,THPTQG,2018,,daniele15,
DVX,7580201,Kỹ thuật xây dựng,C01,13.00,,THPTQG,2018,,daniele15,
DVX,7580201,Kỹ thuật xây dựng,D07,13.00,,THPTQG,2018,,daniele15,
DVX,7810201,Quản trị khách sạn,A00,13.00,,THPTQG,2018,,daniele15,
DVX,7810201,Quản trị khách sạn,A04,13.00,,THPTQG,2018,,daniele15,
DVX,7810201,Quản trị khách sạn,D01,13.00,,THPTQG,2018,,daniele15,
DVX,7810201,Quản trị khách sạn,D96,13.00,,THPTQG,2018,,daniele15,
EIU,7340101,Quản trị kinh doanh,A00,14.50,,THPTQG,2018,,daniele15,
EIU,7340101,Quản trị kinh doanh,A01,14.50,,THPTQG,2018,,daniele15,
EIU,7340101,Quản trị kinh doanh,B00,14.50,,THPTQG,2018,,daniele15,
EIU,7340101,Quản trị kinh doanh,D01,14.50,,THPTQG,2018,,daniele15,
EIU,7480102,Mạng máy tính và Truyền thông dữ liệu,A00,14.50,,THPTQG,2018,,daniele15,
EIU,7480102,Mạng máy tính và Truyền thông dữ liệu,A01,14.50,,THPTQG,2018,,daniele15,
EIU,7480102,Mạng máy tính và Truyền thông dữ liệu,B00,14.50,,THPTQG,2018,,daniele15,
EIU,7480102,Mạng máy tính và Truyền thông dữ liệu,D01,14.50,,THPTQG,2018,,daniele15,
EIU,7480103,Kỹ thuật phần mềm,A00,14.50,,THPTQG,2018,,daniele15,
EIU,7480103,Kỹ thuật phần mềm,A01,14.50,,THPTQG,2018,,daniele15,
EIU,7480103,Kỹ thuật phần mềm,B00,14.50,,THPTQG,2018,,daniele15,
EIU,7480103,Kỹ thuật phần mềm,D01,14.50,,THPTQG,2018,,daniele15,
EIU,7520114,Kỹ thuật cơ điện tử,A00,14.50,,THPTQG,2018,,daniele15,
EIU,7520114,Kỹ thuật cơ điện tử,A01,14.50,,THPTQG,2018,,daniele15,
EIU,7520114,Kỹ thuật cơ điện tử,B00,14.50,,THPTQG,2018,,daniele15,
EIU,7520114,Kỹ thuật cơ điện tử,D01,14.50,,THPTQG,2018,,daniele15,
EIU,7520201,Kỹ thuật điện,A00,14.50,,THPTQG,2018,,daniele15,
EIU,7520201,Kỹ thuật điện,A01,14.50,,THPTQG,2018,,daniele15,
EIU,7520201,Kỹ thuật điện,B00,14.50,,THPTQG,2018,,daniele15,
EIU,7520201,Kỹ thuật điện,D01,14.50,,THPTQG,2018,,daniele15,
EIU,7520216,Kỹ thuật điều khiển và tự động hoá,A00,14.50,,THPTQG,2018,,daniele15,
EIU,7520216,Kỹ thuật điều khiển và tự động hoá,A01,14.50,,THPTQG,2018,,daniele15,
EIU,7520216,Kỹ thuật điều khiển và tự động hoá,B00,14.50,,THPTQG,2018,,daniele15,
EIU,7520216,Kỹ thuật điều khiển và tự động hoá,D01,14.50,,THPTQG,2018,,daniele15,
EIU,7720301,Điều dưỡng,A00,14.50,,THPTQG,2018,,daniele15,
EIU,7720301,Điều dưỡng,A01,14.50,,THPTQG,2018,,daniele15,
EIU,7720301,Điều dưỡng,B00,14.50,,THPTQG,2018,,daniele15,
EIU,7720301,Điều dưỡng,D01,14.50,,THPTQG,2018,,daniele15,
FBU,7220201,Ngôn ngữ Anh,A00,15.50,,THPTQG,2018,,daniele15,
FBU,7220201,Ngôn ngữ Anh,A01,15.50,,THPTQG,2018,,daniele15,
FBU,7220201,Ngôn ngữ Anh,C04,15.50,,THPTQG,2018,,daniele15,
FBU,7220201,Ngôn ngữ Anh,D01,15.50,,THPTQG,2018,,daniele15,
FBU,7340101,Quản trị kinh doanh,A00,15.50,,THPTQG,2018,,daniele15,
FBU,7340101,Quản trị kinh doanh,A01,15.50,,THPTQG,2018,,daniele15,
FBU,7340101,Quản trị kinh doanh,C04,15.50,,THPTQG,2018,,daniele15,
FBU,7340101,Quản trị kinh doanh,D01,15.50,,THPTQG,2018,,daniele15,
FBU,7340121,Kinh doanh thương mại,A00,15.50,,THPTQG,2018,,daniele15,
FBU,7340121,Kinh doanh thương mại,A01,15.50,,THPTQG,2018,,daniele15,
FBU,7340121,Kinh doanh thương mại,C04,15.50,,THPTQG,2018,,daniele15,
FBU,7340121,Kinh doanh thương mại,D01,15.50,,THPTQG,2018,,daniele15,
FBU,7340201,Tài chính - Ngân hàng,A00,15.50,,THPTQG,2018,,daniele15,
FBU,7340201,Tài chính - Ngân hàng,A01,15.50,,THPTQG,2018,,daniele15,
FBU,7340201,Tài chính - Ngân hàng,C04,15.50,,THPTQG,2018,,daniele15,
FBU,7340201,Tài chính - Ngân hàng,D01,15.50,,THPTQG,2018,,daniele15,
FBU,7340301,Kế toán,A00,15.50,,THPTQG,2018,,daniele15,
FBU,7340301,Kế toán,A01,15.50,,THPTQG,2018,,daniele15,
FBU,7340301,Kế toán,C04,15.50,,THPTQG,2018,,daniele15,
FBU,7340301,Kế toán,D01,15.50,,THPTQG,2018,,daniele15,
FBU,7340302,Khoa học máy tính,A00,15.50,,THPTQG,2018,,daniele15,
FBU,7340302,Khoa học máy tính,A01,15.50,,THPTQG,2018,,daniele15,
FBU,7340302,Khoa học máy tính,C04,15.50,,THPTQG,2018,,daniele15,
FBU,7340302,Khoa học máy tính,D01,15.50,,THPTQG,2018,,daniele15,
FBU,7380107,Luật,A00,15.50,,THPTQG,2018,Luật kinh tế,daniele15,
FBU,7380107,Luật,A01,15.50,,THPTQG,2018,Luật kinh tế,daniele15,
FBU,7380107,Luật,C04,15.50,,THPTQG,2018,Luật kinh tế,daniele15,
FBU,7380107,Luật,D01,15.50,,THPTQG,2018,Luật kinh tế,daniele15,
FBU,7480201,Công nghệ thông tin,A00,15.50,,THPTQG,2018,,daniele15,
FBU,7480201,Công nghệ thông tin,A01,15.50,,THPTQG,2018,,daniele15,
FBU,7480201,Công nghệ thông tin,C04,15.50,,THPTQG,2018,,daniele15,
FBU,7480201,Công nghệ thông tin,D01,15.50,,THPTQG,2018,,daniele15,
FPT,7220201,Ngôn ngữ Anh,A00,21.00,,THPTQG,2018,,daniele15,
FPT,7220201,Ngôn ngữ Anh,A01,21.00,,THPTQG,2018,,daniele15,
FPT,7220201,Ngôn ngữ Anh,D01,21.00,,THPTQG,2018,,daniele15,
FPT,7220201,Ngôn ngữ Anh,D96,21.00,,THPTQG,2018,,daniele15,
FPT,7220209,Ngôn ngữ Nhật,A00,21.00,,THPTQG,2018,,daniele15,
FPT,7220209,Ngôn ngữ Nhật,A01,21.00,,THPTQG,2018,,daniele15,
FPT,7220209,Ngôn ngữ Nhật,D01,21.00,,THPTQG,2018,,daniele15,
FPT,7220209,Ngôn ngữ Nhật,D96,21.00,,THPTQG,2018,,daniele15,
FPT,7340101,Quản trị kinh doanh,A00,21.00,,THPTQG,2018,,daniele15,
FPT,7340101,Quản trị kinh doanh,A01,21.00,,THPTQG,2018,,daniele15,
FPT,7340101,Quản trị kinh doanh,D01,21.00,,THPTQG,2018,,daniele15,
FPT,7340101,Quản trị kinh doanh,D96,21.00,,THPTQG,2018,,daniele15,
FPT,7480201,Công nghệ thông tin,A00,21.00,,THPTQG,2018,,daniele15,
FPT,7480201,Công nghệ thông tin,A01,21.00,,THPTQG,2018,,daniele15,
FPT,7480201,Công nghệ thông tin,D01,21.00,,THPTQG,2018,,daniele15,
FPT,7480201,Công nghệ thông tin,D90,21.00,,THPTQG,2018,,daniele15,
GDU,7220201,Ngôn ngữ Anh,D01,14.00,,HocBa,2018,Điểm chuẩn học bạ: 15,daniele15,
GDU,7220201,Ngôn ngữ Anh,D13,14.00,,HocBa,2018,Điểm chuẩn học bạ: 15,daniele15,
GDU,7220201,Ngôn ngữ Anh,D14,14.00,,HocBa,2018,Điểm chuẩn học bạ: 15,daniele15,
GDU,7220201,Ngôn ngữ Anh,D15,14.00,,HocBa,2018,Điểm chuẩn học bạ: 15,daniele15,
GDU,7340101,Quản trị kinh doanh,A00,14.00,,HocBa,2018,Điểm chuẩn học bạ: 15,daniele15,
GDU,7340101,Quản trị kinh doanh,A01,14.00,,HocBa,2018,Điểm chuẩn học bạ: 15,daniele15,
GDU,7340101,Quản trị kinh doanh,A06,14.00,,HocBa,2018,Điểm chuẩn học bạ: 15,daniele15,
GDU,7340101,Quản trị kinh doanh,C13,14.00,,HocBa,2018,Điểm chuẩn học bạ: 15,daniele15,
GDU,7340201,Tài chính - Ngân hàng,A00,14.00,,HocBa,2018,Điểm chuẩn học bạ: 15,daniele15,
GDU,7340201,Tài chính - Ngân hàng,A01,14.00,,HocBa,2018,Điểm chuẩn học bạ: 15,daniele15,
GDU,7340201,Tài chính - Ngân hàng,A03,14.00,,HocBa,2018,Điểm chuẩn học bạ: 15,daniele15,
GDU,7340201,Tài chính - Ngân hàng,D07,14.00,,HocBa,2018,Điểm chuẩn học bạ: 15,daniele15,
GDU,7340301,Kế toán,A00,14.00,,HocBa,2018,Điểm chuẩn học bạ: 15,daniele15,
GDU,7340301,Kế toán,B01,14.00,,HocBa,2018,Điểm chuẩn học bạ: 15,daniele15,
GDU,7340301,Kế toán,B02,14.00,,HocBa,2018,Điểm chuẩn học bạ: 15,daniele15,
GDU,7340301,Kế toán,C10,14.00,,HocBa,2018,Điểm chuẩn học bạ: 15,daniele15,
GDU,7480102,Mạng máy tính và Truyền thông dữ liệu,A00,14.00,,HocBa,2018,Điểm chuẩn học bạ: 15,daniele15,
GDU,7480102,Mạng máy tính và Truyền thông dữ liệu,A01,14.00,,HocBa,2018,Điểm chuẩn học bạ: 15,daniele15,
GDU,7480102,Mạng máy tính và Truyền thông dữ liệu,A02,14.00,,HocBa,2018,Điểm chuẩn học bạ: 15,daniele15,
GDU,7480102,Mạng máy tính và Truyền thông dữ liệu,D01,14.00,,HocBa,2018,Điểm chuẩn học bạ: 15,daniele15,
GDU,7480103,Kỹ thuật phần mềm,A00,14.00,,HocBa,2018,Điểm chuẩn học bạ: 15,daniele15,
GDU,7480103,Kỹ thuật phần mềm,A01,14.00,,HocBa,2018,Điểm chuẩn học bạ: 15,daniele15,
GDU,7480103,Kỹ thuật phần mềm,A02,14.00,,HocBa,2018,Điểm chuẩn học bạ: 15,daniele15,
GDU,7480103,Kỹ thuật phần mềm,D01,14.00,,HocBa,2018,Điểm chuẩn học bạ: 15,daniele15,
GHA,GHA-01,Kỹ thuật xây dựng,A00,15.00,,THPTQG,2018,Kỹ thuật XD Cầu đường bộ (ngành Kỹ thuật xây dựng Công trình giao thông )Tiêu chí phụ Toán 6 Thứ tự nguyện vọng <=2,daniele15,
GHA,GHA-01,Kỹ thuật xây dựng,A01,15.00,,THPTQG,2018,Kỹ thuật XD Cầu đường bộ (ngành Kỹ thuật xây dựng Công trình giao thông )Tiêu chí phụ Toán 6 Thứ tự nguyện vọng <=2,daniele15,
GHA,GHA-01,Kỹ thuật xây dựng,D07,15.00,,THPTQG,2018,Kỹ thuật XD Cầu đường bộ (ngành Kỹ thuật xây dựng Công trình giao thông )Tiêu chí phụ Toán 6 Thứ tự nguyện vọng <=2,daniele15,
GHA,GHA-02,Kỹ thuật xây dựng,A00,14.50,,THPTQG,2018,Kỹ thuật XD Đường bộ (ngành Kỹ thuật xây dựng Công trình giao thông)Tiêu chí phụ Toán 4.8 Thứ tự nguyện vọng <=2,daniele15,
GHA,GHA-02,Kỹ thuật xây dựng,A01,14.50,,THPTQG,2018,Kỹ thuật XD Đường bộ (ngành Kỹ thuật xây dựng Công trình giao thông)Tiêu chí phụ Toán 4.8 Thứ tự nguyện vọng <=2,daniele15,
GHA,GHA-02,Kỹ thuật xây dựng,D07,14.50,,THPTQG,2018,Kỹ thuật XD Đường bộ (ngành Kỹ thuật xây dựng Công trình giao thông)Tiêu chí phụ Toán 4.8 Thứ tự nguyện vọng <=2,daniele15,
GHA,GHA-03,Kỹ thuật xây dựng,A00,14.00,,THPTQG,2018,Kỹ thuật XD Cầu hầm (ngành Kỹ thuật xây dựng Công trình giao thông)Tiêu chí phụ Toán 4.8 Thứ tự nguyện vọng <=2,daniele15,
GHA,GHA-03,Kỹ thuật xây dựng,A01,14.00,,THPTQG,2018,Kỹ thuật XD Cầu hầm (ngành Kỹ thuật xây dựng Công trình giao thông)Tiêu chí phụ Toán 4.8 Thứ tự nguyện vọng <=2,daniele15,
GHA,GHA-03,Kỹ thuật xây dựng,D07,14.00,,THPTQG,2018,Kỹ thuật XD Cầu hầm (ngành Kỹ thuật xây dựng Công trình giao thông)Tiêu chí phụ Toán 4.8 Thứ tự nguyện vọng <=2,daniele15,
GHA,GHA-04,Kỹ thuật xây dựng,A00,14.00,,THPTQG,2018,Kỹ thuật XD Đường sắt (ngành Kỹ thuật xây dựng Công trình giao thông)Tiêu chí phụ Toán 5 Thứ tự nguyện vọng <=2,daniele15,
GHA,GHA-04,Kỹ thuật xây dựng,A01,14.00,,THPTQG,2018,Kỹ thuật XD Đường sắt (ngành Kỹ thuật xây dựng Công trình giao thông)Tiêu chí phụ Toán 5 Thứ tự nguyện vọng <=2,daniele15,
GHA,GHA-04,Kỹ thuật xây dựng,D07,14.00,,THPTQG,2018,Kỹ thuật XD Đường sắt (ngành Kỹ thuật xây dựng Công trình giao thông)Tiêu chí phụ Toán 5 Thứ tự nguyện vọng <=2,daniele15,
GHA,GHA-05,Kỹ thuật xây dựng,A00,14.15,,THPTQG,2018,Kỹ thuật XD Cầu - Đường sắt (ngành Kỹ thuật xây dựng Công trình giao thông vận tải )Tiêu chí phụ Toán 5.4 Thứ tự nguyện vọng <=1,daniele15,
GHA,GHA-05,Kỹ thuật xây dựng,A01,14.15,,THPTQG,2018,Kỹ thuật XD Cầu - Đường sắt (ngành Kỹ thuật xây dựng Công trình giao thông vận tải )Tiêu chí phụ Toán 5.4 Thứ tự nguyện vọng <=1,daniele15,
GHA,GHA-05,Kỹ thuật xây dựng,D07,14.15,,THPTQG,2018,Kỹ thuật XD Cầu - Đường sắt (ngành Kỹ thuật xây dựng Công trình giao thông vận tải )Tiêu chí phụ Toán 5.4 Thứ tự nguyện vọng <=1,daniele15,
GHA,GHA-06,Kỹ thuật xây dựng,A00,14.05,,THPTQG,2018,Kỹ thuật XD Cầu - Đường ô tô - Sân bay (ngành Kỹ thuật xây dựng Công trình giao thông)Tiêu chí phụ Toán 3.6 Thứ tự nguyện vọng <=1,daniele15,
GHA,GHA-06,Kỹ thuật xây dựng,A01,14.05,,THPTQG,2018,Kỹ thuật XD Cầu - Đường ô tô - Sân bay (ngành Kỹ thuật xây dựng Công trình giao thông)Tiêu chí phụ Toán 3.6 Thứ tự nguyện vọng <=1,daniele15,
GHA,GHA-06,Kỹ thuật xây dựng,D07,14.05,,THPTQG,2018,Kỹ thuật XD Cầu - Đường ô tô - Sân bay (ngành Kỹ thuật xây dựng Công trình giao thông)Tiêu chí phụ Toán 3.6 Thứ tự nguyện vọng <=1,daniele15,
GHA,GHA-07,Kỹ thuật xây dựng,A00,14.25,,THPTQG,2018,Kỹ thuật XD Đường ô tô - Sân bay (ngành Kỹ thuật xây dựng Công trình giao thông)Tiêu chí phụ Toán 6 Thứ tự nguyện vọng <=8,daniele15,
GHA,GHA-07,Kỹ thuật xây dựng,A01,14.25,,THPTQG,2018,Kỹ thuật XD Đường ô tô - Sân bay (ngành Kỹ thuật xây dựng Công trình giao thông)Tiêu chí phụ Toán 6 Thứ tự nguyện vọng <=8,daniele15,
GHA,GHA-07,Kỹ thuật xây dựng,D07,14.25,,THPTQG,2018,Kỹ thuật XD Đường ô tô - Sân bay (ngành Kỹ thuật xây dựng Công trình giao thông)Tiêu chí phụ Toán 6 Thứ tự nguyện vọng <=8,daniele15,
GHA,GHA-08,Kỹ thuật xây dựng,A00,14.45,,THPTQG,2018,Công trình giao thông công chính (ngành Kỹ thuật xây dựng Công trình giao thông)Tiêu chí phụ Toán 6.2 Thứ tự nguyện vọng <=1,daniele15,
GHA,GHA-08,Kỹ thuật xây dựng,A01,14.45,,THPTQG,2018,Công trình giao thông công chính (ngành Kỹ thuật xây dựng Công trình giao thông)Tiêu chí phụ Toán 6.2 Thứ tự nguyện vọng <=1,daniele15,
GHA,GHA-08,Kỹ thuật xây dựng,D07,14.45,,THPTQG,2018,Công trình giao thông công chính (ngành Kỹ thuật xây dựng Công trình giao thông)Tiêu chí phụ Toán 6.2 Thứ tự nguyện vọng <=1,daniele15,
GHA,GHA-09,Kỹ thuật xây dựng,A00,14.10,,THPTQG,2018,Công trình giao thông đô thị (ngành Kỹ thuật xây dựng Công trình giao thông)Tiêu chí phụ Toán 5.6 Thứ tự nguyện vọng <=1,daniele15,
GHA,GHA-09,Kỹ thuật xây dựng,A01,14.10,,THPTQG,2018,Công trình giao thông đô thị (ngành Kỹ thuật xây dựng Công trình giao thông)Tiêu chí phụ Toán 5.6 Thứ tự nguyện vọng <=1,daniele15,
GHA,GHA-09,Kỹ thuật xây dựng,D07,14.10,,THPTQG,2018,Công trình giao thông đô thị (ngành Kỹ thuật xây dựng Công trình giao thông)Tiêu chí phụ Toán 5.6 Thứ tự nguyện vọng <=1,daniele15,
GHA,GHA-10,Kỹ thuật xây dựng,A00,14.30,,THPTQG,2018,Tự động hóa thiết kế cầu đường (ngành Kỹ thuật xây dựng Công trình giao thông)Tiêu chí phụ Toán 4.8 Thứ tự nguyện vọng <=3,daniele15,
GHA,GHA-10,Kỹ thuật xây dựng,A01,14.30,,THPTQG,2018,Tự động hóa thiết kế cầu đường (ngành Kỹ thuật xây dựng Công trình giao thông)Tiêu chí phụ Toán 4.8 Thứ tự nguyện vọng <=3,daniele15,
GHA,GHA-10,Kỹ thuật xây dựng,D07,14.30,,THPTQG,2018,Tự động hóa thiết kế cầu đường (ngành Kỹ thuật xây dựng Công trình giao thông)Tiêu chí phụ Toán 4.8 Thứ tự nguyện vọng <=3,daniele15,
GHA,GHA-11,Kỹ thuật xây dựng,A00,14.00,,THPTQG,2018,Kỹ thuật giao thông đường bộ (ngành Kỹ thuật xây dựng Công trình giao thông)Tiêu chí phụ Toán 5 Thứ tự nguyện vọng <=1,daniele15,
GHA,GHA-11,Kỹ thuật xây dựng,A01,14.00,,THPTQG,2018,Kỹ thuật giao thông đường bộ (ngành Kỹ thuật xây dựng Công trình giao thông)Tiêu chí phụ Toán 5 Thứ tự nguyện vọng <=1,daniele15,
GHA,GHA-11,Kỹ thuật xây dựng,D07,14.00,,THPTQG,2018,Kỹ thuật giao thông đường bộ (ngành Kỹ thuật xây dựng Công trình giao thông)Tiêu chí phụ Toán 5 Thứ tự nguyện vọng <=1,daniele15,
GHA,GHA-12,Kỹ thuật xây dựng,A00,14.05,,THPTQG,2018,(gồm các chuyên ngành: Xây dựng dân dụng và công nghiệp; Kết cấu xây dựng; Kỹ thuật hạ tầng đô thị; Vật liệu và công nghệ xây dựngTiêu chí phụ Toán 5.8 Thứ tự nguyện vọng <=1,daniele15,
GHA,GHA-12,Kỹ thuật xây dựng,A01,14.05,,THPTQG,2018,(gồm các chuyên ngành: Xây dựng dân dụng và công nghiệp; Kết cấu xây dựng; Kỹ thuật hạ tầng đô thị; Vật liệu và công nghệ xây dựngTiêu chí phụ Toán 5.8 Thứ tự nguyện vọng <=1,daniele15,
GHA,GHA-12,Kỹ thuật xây dựng,D07,14.05,,THPTQG,2018,(gồm các chuyên ngành: Xây dựng dân dụng và công nghiệp; Kết cấu xây dựng; Kỹ thuật hạ tầng đô thị; Vật liệu và công nghệ xây dựngTiêu chí phụ Toán 5.8 Thứ tự nguyện vọng <=1,daniele15,
GHA,GHA-13,Quản lý xây dựng,A00,15.10,,THPTQG,2018,Tiêu chí phụ Toán 5.8 Thứ tự nguyện vọng <=3,daniele15,
GHA,GHA-13,Quản lý xây dựng,A01,15.10,,THPTQG,2018,Tiêu chí phụ Toán 5.8 Thứ tự nguyện vọng <=3,daniele15,
GHA,GHA-13,Quản lý xây dựng,D07,15.10,,THPTQG,2018,Tiêu chí phụ Toán 5.8 Thứ tự nguyện vọng <=3,daniele15,
GHA,GHA-14,Kỹ thuật xây dựng,A00,14.00,,THPTQG,2018,Kỹ thuật xây dựng công trình thuỷTiêu chí phụ Toán 3.6 Thứ tự nguyện vọng <=1,daniele15,
GHA,GHA-14,Kỹ thuật xây dựng,A01,14.00,,THPTQG,2018,Kỹ thuật xây dựng công trình thuỷTiêu chí phụ Toán 3.6 Thứ tự nguyện vọng <=1,daniele15,
GHA,GHA-14,Kỹ thuật xây dựng,D07,14.00,,THPTQG,2018,Kỹ thuật xây dựng công trình thuỷTiêu chí phụ Toán 3.6 Thứ tự nguyện vọng <=1,daniele15,
GHA,GHA-15,Kỹ thuật xây dựng,A00,15.00,,THPTQG,2018,Gồm các chuyên ngành: Xây dựng dân dụng và công nghiệp; Kết cấu xây dựng; Kỹ thuật hạ tầng đô thị; Vật liệu và công nghệ xây dựngTiêu chí phụ Toán 6 Thứ tự nguyện vọng <=2,daniele15,
GHA,GHA-15,Kỹ thuật xây dựng,A01,15.00,,THPTQG,2018,Gồm các chuyên ngành: Xây dựng dân dụng và công nghiệp; Kết cấu xây dựng; Kỹ thuật hạ tầng đô thị; Vật liệu và công nghệ xây dựngTiêu chí phụ Toán 6 Thứ tự nguyện vọng <=2,daniele15,
GHA,GHA-15,Kỹ thuật xây dựng,D01,15.00,,THPTQG,2018,Gồm các chuyên ngành: Xây dựng dân dụng và công nghiệp; Kết cấu xây dựng; Kỹ thuật hạ tầng đô thị; Vật liệu và công nghệ xây dựngTiêu chí phụ Toán 6 Thứ tự nguyện vọng <=2,daniele15,
GHA,GHA-15,Kỹ thuật xây dựng,D07,15.00,,THPTQG,2018,Gồm các chuyên ngành: Xây dựng dân dụng và công nghiệp; Kết cấu xây dựng; Kỹ thuật hạ tầng đô thị; Vật liệu và công nghệ xây dựngTiêu chí phụ Toán 6 Thứ tự nguyện vọng <=2,daniele15,
GHA,GHA-16,Kỹ thuật cơ khí,A00,18.15,,THPTQG,2018,nhóm kĩ thuật cơ khí gồm các chuyên ngành: Công nghệ chế tạo cơ khí; Tự động hóa thiết kế cơ khí; Cơ điện tửTiêu chí phụ Toán 7.2 Thứ tự nguyện vọng <=2,daniele15,
GHA,GHA-16,Kỹ thuật cơ khí,A01,18.15,,THPTQG,2018,nhóm kĩ thuật cơ khí gồm các chuyên ngành: Công nghệ chế tạo cơ khí; Tự động hóa thiết kế cơ khí; Cơ điện tửTiêu chí phụ Toán 7.2 Thứ tự nguyện vọng <=2,daniele15,
GHA,GHA-16,Kỹ thuật cơ khí,D01,18.15,,THPTQG,2018,nhóm kĩ thuật cơ khí gồm các chuyên ngành: Công nghệ chế tạo cơ khí; Tự động hóa thiết kế cơ khí; Cơ điện tửTiêu chí phụ Toán 7.2 Thứ tự nguyện vọng <=2,daniele15,
GHA,GHA-16,Kỹ thuật cơ khí,D07,18.15,,THPTQG,2018,nhóm kĩ thuật cơ khí gồm các chuyên ngành: Công nghệ chế tạo cơ khí; Tự động hóa thiết kế cơ khí; Cơ điện tửTiêu chí phụ Toán 7.2 Thứ tự nguyện vọng <=2,daniele15,
GHA,GHA-17,Kỹ thuật cơ khí,A00,18.70,,THPTQG,2018,Cơ khí otoTiêu chí phụ Toán 7.2 Thứ tự nguyện vọng <=1,daniele15,
GHA,GHA-17,Kỹ thuật cơ khí,A01,18.70,,THPTQG,2018,Cơ khí otoTiêu chí phụ Toán 7.2 Thứ tự nguyện vọng <=1,daniele15,
GHA,GHA-17,Kỹ thuật cơ khí,D01,18.70,,THPTQG,2018,Cơ khí otoTiêu chí phụ Toán 7.2 Thứ tự nguyện vọng <=1,daniele15,
GHA,GHA-17,Kỹ thuật cơ khí,D07,18.70,,THPTQG,2018,Cơ khí otoTiêu chí phụ Toán 7.2 Thứ tự nguyện vọng <=1,daniele15,
GHA,GHA-18,Kỹ thuật xây dựng,A00,14.00,,THPTQG,2018,gồm các chuyên ngành: Xây dựng dân dụng và công nghiệp; Kết cấu xây dựng; Kỹ thuật hạ tầng đô thị; Vật liệu và công nghệ xây dựngTiêu chí phụ Toán 5 Thứ tự nguyện vọng <=3,daniele15,
GHA,GHA-18,Kỹ thuật xây dựng,A01,14.00,,THPTQG,2018,gồm các chuyên ngành: Xây dựng dân dụng và công nghiệp; Kết cấu xây dựng; Kỹ thuật hạ tầng đô thị; Vật liệu và công nghệ xây dựngTiêu chí phụ Toán 5 Thứ tự nguyện vọng <=3,daniele15,
GHA,GHA-19,Công nghệ Kỹ thuật Nhiệt (Cơ điện lạnh),A00,14.10,,THPTQG,2018,Tiêu chí phụ Toán 5 Thứ tự nguyện vọng <=3,daniele15,
GHA,GHA-19,Công nghệ Kỹ thuật Nhiệt (Cơ điện lạnh),A01,14.10,,THPTQG,2018,Tiêu chí phụ Toán 5 Thứ tự nguyện vọng <=3,daniele15,
GHA,GHA-20,Kỹ thuật điện tử - viễn thông,A00,17.45,,THPTQG,2018,Tiêu chí phụ Toán 6.2 Thứ tự nguyện vọng <=1,daniele15,
GHA,GHA-20,Kỹ thuật điện tử - viễn thông,A01,17.45,,THPTQG,2018,Tiêu chí phụ Toán 6.2 Thứ tự nguyện vọng <=1,daniele15,
GHA,GHA-20,Kỹ thuật điện tử - viễn thông,D07,17.45,,THPTQG,2018,Tiêu chí phụ Toán 6.2 Thứ tự nguyện vọng <=1,daniele15,
GHA,GHA-21,Kỹ thuật điện,A00,18.30,,THPTQG,2018,Tiêu chí phụ Toán 6.8 Thứ tự nguyện vọng <=2,daniele15,
GHA,GHA-21,Kỹ thuật điện,A01,18.30,,THPTQG,2018,Tiêu chí phụ Toán 6.8 Thứ tự nguyện vọng <=2,daniele15,
GHA,GHA-21,Kỹ thuật điện,D07,18.30,,THPTQG,2018,Tiêu chí phụ Toán 6.8 Thứ tự nguyện vọng <=2,daniele15,
GHA,GHA-22,Kỹ thuật điều khiển và tự động hoá,A00,19.20,,THPTQG,2018,Tiêu chí phụ Toán 6.2 Thứ tự nguyện vọng <=3,daniele15,
GHA,GHA-22,Kỹ thuật điều khiển và tự động hoá,A01,19.20,,THPTQG,2018,Tiêu chí phụ Toán 6.2 Thứ tự nguyện vọng <=3,daniele15,
GHA,GHA-22,Kỹ thuật điều khiển và tự động hoá,D07,19.20,,THPTQG,2018,Tiêu chí phụ Toán 6.2 Thứ tự nguyện vọng <=3,daniele15,
GHA,GHA-23,Công nghệ thông tin,A00,19.65,,THPTQG,2018,7.4,daniele15,
GHA,GHA-23,Công nghệ thông tin,A01,19.65,,THPTQG,2018,7.4,daniele15,
GHA,GHA-23,Công nghệ thông tin,D07,19.65,,THPTQG,2018,7.4,daniele15,
GHA,GHA-24,Kinh tế,A00,18.30,,THPTQG,2018,Kinh tế xây dựngTiêu chí phụ Toán 6.8 Thứ tự nguyện vọng <=8,daniele15,
GHA,GHA-24,Kinh tế,A01,18.30,,THPTQG,2018,Kinh tế xây dựngTiêu chí phụ Toán 6.8 Thứ tự nguyện vọng <=8,daniele15,
GHA,GHA-24,Kinh tế,D07,18.30,,THPTQG,2018,Kinh tế xây dựngTiêu chí phụ Toán 6.8 Thứ tự nguyện vọng <=8,daniele15,
GHA,GHA-25,Kinh tế,A00,16.70,,THPTQG,2018,Kinh tế vận tảiTiêu chí phụ Toán 5.2 Thứ tự nguyện vọng <=2,daniele15,
GHA,GHA-25,Kinh tế,A01,16.70,,THPTQG,2018,Kinh tế vận tảiTiêu chí phụ Toán 5.2 Thứ tự nguyện vọng <=2,daniele15,
GHA,GHA-25,Kinh tế,D07,16.70,,THPTQG,2018,Kinh tế vận tảiTiêu chí phụ Toán 5.2 Thứ tự nguyện vọng <=2,daniele15,
GHA,GHA-26,Khai thác vận tải,A00,16.55,,THPTQG,2018,Tiêu chí phụ Toán 5.8 Thứ tự nguyện vọng <=5,daniele15,
GHA,GHA-26,Khai thác vận tải,A01,16.55,,THPTQG,2018,Tiêu chí phụ Toán 5.8 Thứ tự nguyện vọng <=5,daniele15,
GHA,GHA-26,Khai thác vận tải,D07,16.55,,THPTQG,2018,Tiêu chí phụ Toán 5.8 Thứ tự nguyện vọng <=5,daniele15,
GHA,GHA-27,Kế toán,A00,18.95,,THPTQG,2018,Tiêu chí phụ Toán 5.8 Thứ tự nguyện vọng <=2,daniele15,
GHA,GHA-27,Kế toán,A01,18.95,,THPTQG,2018,Tiêu chí phụ Toán 5.8 Thứ tự nguyện vọng <=2,daniele15,
GHA,GHA-27,Kế toán,D07,18.95,,THPTQG,2018,Tiêu chí phụ Toán 5.8 Thứ tự nguyện vọng <=2,daniele15,
GHA,GHA-28,Kinh tế,A00,18.40,,THPTQG,2018,Tiêu chí phụ Toán 5.4 Thứ tự nguyện vọng <=5,daniele15,
GHA,GHA-28,Kinh tế,A01,18.40,,THPTQG,2018,Tiêu chí phụ Toán 5.4 Thứ tự nguyện vọng <=5,daniele15,
GHA,GHA-28,Kinh tế,D07,18.40,,THPTQG,2018,Tiêu chí phụ Toán 5.4 Thứ tự nguyện vọng <=5,daniele15,
GHA,GHA-29,Quản trị kinh doanh,A00,18.60,,THPTQG,2018,Tiêu chí phụ Toán 6.6 Thứ tự nguyện vọng <=4,daniele15,
GHA,GHA-29,Quản trị kinh doanh,A01,18.60,,THPTQG,2018,Tiêu chí phụ Toán 6.6 Thứ tự nguyện vọng <=4,daniele15,
GHA,GHA-29,Quản trị kinh doanh,D07,18.60,,THPTQG,2018,Tiêu chí phụ Toán 6.6 Thứ tự nguyện vọng <=4,daniele15,
GHA,GHA-30,Công nghệ kỹ thuật giao thông,A00,14.00,,THPTQG,2018,Tiêu chí phụ Toán 5 Thứ tự nguyện vọng <=3,daniele15,
GHA,GHA-30,Công nghệ kỹ thuật giao thông,A01,14.00,,THPTQG,2018,Tiêu chí phụ Toán 5 Thứ tự nguyện vọng <=3,daniele15,
GHA,GHA-30,Công nghệ kỹ thuật giao thông,D07,14.00,,THPTQG,2018,Tiêu chí phụ Toán 5 Thứ tự nguyện vọng <=3,daniele15,
GHA,GHA-31,Kỹ thuật môi trường,A00,14.20,,THPTQG,2018,Tiêu chí phụ Toán 4.2 Thứ tự nguyện vọng <=3,daniele15,
GHA,GHA-31,Kỹ thuật môi trường,A01,14.20,,THPTQG,2018,Tiêu chí phụ Toán 4.2 Thứ tự nguyện vọng <=3,daniele15,
GHA,GHA-31,Kỹ thuật môi trường,D07,14.20,,THPTQG,2018,Tiêu chí phụ Toán 4.2 Thứ tự nguyện vọng <=3,daniele15,
GHA,GHA-33,Kỹ thuật xây dựng,A00,14.00,,THPTQG,2018,Chương trình Chất lượng cao: Vật liệu và Công nghệ Việt - PhápTiêu chí phụ Toán 5 Thứ tự nguyện vọng <=1,daniele15,
GHA,GHA-33,Kỹ thuật xây dựng,A01,14.00,,THPTQG,2018,Chương trình Chất lượng cao: Vật liệu và Công nghệ Việt - PhápTiêu chí phụ Toán 5 Thứ tự nguyện vọng <=1,daniele15,
GHA,GHA-33,Kỹ thuật xây dựng,D07,14.00,,THPTQG,2018,Chương trình Chất lượng cao: Vật liệu và Công nghệ Việt - PhápTiêu chí phụ Toán 5 Thứ tự nguyện vọng <=1,daniele15,
GHA,GHA-34,Kinh tế,A00,14.30,,THPTQG,2018,Kinh tế xây dựng (Chương trình CLC: Kinh tế xây dựng công trình Giao thông Việt - Anh)Tiêu chí phụ Toán 5.4 Thứ tự nguyện vọng <=1,daniele15,
GHA,GHA-34,Kinh tế,A01,14.30,,THPTQG,2018,Kinh tế xây dựng (Chương trình CLC: Kinh tế xây dựng công trình Giao thông Việt - Anh)Tiêu chí phụ Toán 5.4 Thứ tự nguyện vọng <=1,daniele15,
GHA,GHA-34,Kinh tế,D07,14.30,,THPTQG,2018,Kinh tế xây dựng (Chương trình CLC: Kinh tế xây dựng công trình Giao thông Việt - Anh)Tiêu chí phụ Toán 5.4 Thứ tự nguyện vọng <=1,daniele15,
GHA,GHA-35,Kế toán,A00,15.45,,THPTQG,2018,Chương trình Chất lượng cao : Kế toán tổng hợp Việt - AnhTiêu chí phụ Toán 5.2 Thứ tự nguyện vọng <=2,daniele15,
GHA,GHA-35,Kế toán,A01,15.45,,THPTQG,2018,Chương trình Chất lượng cao : Kế toán tổng hợp Việt - AnhTiêu chí phụ Toán 5.2 Thứ tự nguyện vọng <=2,daniele15,
GHA,GHA-35,Kế toán,D07,15.45,,THPTQG,2018,Chương trình Chất lượng cao : Kế toán tổng hợp Việt - AnhTiêu chí phụ Toán 5.2 Thứ tự nguyện vọng <=2,daniele15,
GHA,GHA-36,Toán ứng dụng,A00,14.00,,THPTQG,2018,Tiêu chí phụ Toán 5 Thứ tự nguyện vọng <=2,daniele15,
GHA,GHA-36,Toán ứng dụng,A01,14.00,,THPTQG,2018,Tiêu chí phụ Toán 5 Thứ tự nguyện vọng <=2,daniele15,
GHA,GHA-36,Toán ứng dụng,D07,14.00,,THPTQG,2018,Tiêu chí phụ Toán 5 Thứ tự nguyện vọng <=2,daniele15,
GNT,7140221,Sư phạm Âm nhạc,N00,29.00,,THPTQG,2018,Năng khiếu nhân 2,daniele15,
GNT,7140221,Sư phạm Âm nhạc,N00,28.00,,THPTQG,2018,Liên thông (Năng khiếu nhân 2),daniele15,
GNT,7140221,Sư phạm Âm nhạc,N00,27.00,,THPTQG,2018,Sư phạm Âm nhạc Mầm nonNăng khiếu nhân 2,daniele15,
GNT,7140222,Sư phạm Mỹ thuật,H00,32.00,40,THPTQG,2018,Liên thông (Năng khiếu nhân 2) | thang 40 (suy ra),daniele15,
GNT,7140222,Sư phạm Mỹ thuật,H00,28.00,,THPTQG,2018,Năng khiếu nhân 2,daniele15,
GNT,7210103,Hội hoạ,H00,28.00,,THPTQG,2018,Năng khiếu nhân 2,daniele15,
GNT,7210205,Thanh nhạc,N00,31.00,40,THPTQG,2018,Năng khiếu nhân 2 | thang 40 (suy ra),daniele15,
GNT,7210208,Piano,N00,32.00,40,THPTQG,2018,Năng khiếu nhân 2 | thang 40 (suy ra),daniele15,
GNT,7210234,"Diễn viên kịch, điện ảnh - truyền hình",,20.00,,THPTQG,2018,Năng khiếu nhân 2,daniele15,
GNT,7210403,Thiết kế đồ họa,H00,32.00,40,THPTQG,2018,Năng khiếu nhân 2 | thang 40 (suy ra),daniele15,
GNT,7210404,Thiết kế thời trang,H00,32.00,40,THPTQG,2018,Liên thông (Năng khiếu nhân 2) | thang 40 (suy ra),daniele15,
GNT,7210404,Thiết kế thời trang,H00,25.00,,THPTQG,2018,Năng khiếu nhân 2,daniele15,
GNT,7229042,Quản lý văn hoá,C00,32.00,40,THPTQG,2018,Liên thông (Năng khiếu nhân 2) | thang 40 (suy ra),daniele15,
GNT,7229042,Quản lý văn hoá,C00,25.00,,THPTQG,2018,Năng khiếu nhân 2,daniele15,
GNT,7229042,Quản lý văn hoá,C00,15.00,,THPTQG,2018,,daniele15,
GNT,7540204,"Công nghệ dệt, may",A00,25.00,,THPTQG,2018,Năng khiếu nhân 2,daniele15,
GNT,7540204,"Công nghệ dệt, may",D01,25.00,,THPTQG,2018,Năng khiếu nhân 2,daniele15,
GNT,7540204,"Công nghệ dệt, may",A00,15.00,,THPTQG,2018,,daniele15,
GNT,7540204,"Công nghệ dệt, may",D01,15.00,,THPTQG,2018,,daniele15,
GSA,GSA-01,Kỹ thuật cơ khí,A00,17.10,,THPTQG,2018,"Nhóm Kỹ thuật cơ khí, cơ khí động lực gồm các Chuyên ngành: Máy xây dựng, Cơ điện tửTiêu chí phụ Toán 5.6 Thứ tự nguyện vọng <=2",daniele15,
GSA,GSA-01,Kỹ thuật cơ khí,A01,17.10,,THPTQG,2018,"Nhóm Kỹ thuật cơ khí, cơ khí động lực gồm các Chuyên ngành: Máy xây dựng, Cơ điện tửTiêu chí phụ Toán 5.6 Thứ tự nguyện vọng <=2",daniele15,
GSA,GSA-01,Kỹ thuật cơ khí,D07,17.10,,THPTQG,2018,"Nhóm Kỹ thuật cơ khí, cơ khí động lực gồm các Chuyên ngành: Máy xây dựng, Cơ điện tửTiêu chí phụ Toán 5.6 Thứ tự nguyện vọng <=2",daniele15,
GSA,GSA-02,Kỹ thuật cơ khí,A00,18.00,,THPTQG,2018,Nhóm Kỹ thuật ô tô: Chuyên ngành Cơ khí ô tôTiêu chí phụ Toán 6.8 Thứ tự nguyện vọng <=2,daniele15,
GSA,GSA-03,Kỹ thuật điện,A00,16.95,,THPTQG,2018,Chuyên ngành Trang bị điện trong Công nghiệp và Giao thôngTiêu chí phụ Toán 5.2 Thứ tự nguyện vọng <=2,daniele15,
GSA,GSA-03,Kỹ thuật điện,A01,16.95,,THPTQG,2018,Chuyên ngành Trang bị điện trong Công nghiệp và Giao thôngTiêu chí phụ Toán 5.2 Thứ tự nguyện vọng <=2,daniele15,
GSA,GSA-03,Kỹ thuật điện,D07,16.95,,THPTQG,2018,Chuyên ngành Trang bị điện trong Công nghiệp và Giao thôngTiêu chí phụ Toán 5.2 Thứ tự nguyện vọng <=2,daniele15,
GSA,GSA-04,Kỹ thuật điện tử - viễn thông,A00,15.35,,THPTQG,2018,Gồm các chuyên ngành: Kỹ thuật viễn thông; Điện tử và tin học công nghiệpTiêu chí phụ Toán 6.6 Thứ tự nguyện vọng <=9,daniele15,
GSA,GSA-04,Kỹ thuật điện tử - viễn thông,A01,15.35,,THPTQG,2018,Gồm các chuyên ngành: Kỹ thuật viễn thông; Điện tử và tin học công nghiệpTiêu chí phụ Toán 6.6 Thứ tự nguyện vọng <=9,daniele15,
GSA,GSA-04,Kỹ thuật điện tử - viễn thông,D07,15.35,,THPTQG,2018,Gồm các chuyên ngành: Kỹ thuật viễn thông; Điện tử và tin học công nghiệpTiêu chí phụ Toán 6.6 Thứ tự nguyện vọng <=9,daniele15,
GSA,GSA-05,Kỹ thuật điều khiển và tự động hoá,A00,16.35,,THPTQG,2018,gồm các chuyên ngành: Tự động hóa; Giao thông thông minh - ITSTiêu chí phụ Toán 6.6 Thứ tự nguyện vọng <=1,daniele15,
GSA,GSA-05,Kỹ thuật điều khiển và tự động hoá,A01,16.35,,THPTQG,2018,gồm các chuyên ngành: Tự động hóa; Giao thông thông minh - ITSTiêu chí phụ Toán 6.6 Thứ tự nguyện vọng <=1,daniele15,
GSA,GSA-05,Kỹ thuật điều khiển và tự động hoá,D07,16.35,,THPTQG,2018,gồm các chuyên ngành: Tự động hóa; Giao thông thông minh - ITSTiêu chí phụ Toán 6.6 Thứ tự nguyện vọng <=1,daniele15,
GSA,GSA-06,Công nghệ thông tin,A00,17.40,,THPTQG,2018,Tiêu chí phụ Toán 6.2 Thứ tự nguyện vọng <=1,daniele15,
GSA,GSA-06,Công nghệ thông tin,A01,17.40,,THPTQG,2018,Tiêu chí phụ Toán 6.2 Thứ tự nguyện vọng <=1,daniele15,
GSA,GSA-06,Công nghệ thông tin,D07,17.40,,THPTQG,2018,Tiêu chí phụ Toán 6.2 Thứ tự nguyện vọng <=1,daniele15,
GSA,GSA-07,Kế toán,A00,17.25,,THPTQG,2018,Tiêu chí phụ Toán 5.8 Thứ tự nguyện vọng <=3(Chuyên ngành kế toán tổng hợp),daniele15,
GSA,GSA-07,Kế toán,A01,17.25,,THPTQG,2018,Tiêu chí phụ Toán 5.8 Thứ tự nguyện vọng <=3(Chuyên ngành kế toán tổng hợp),daniele15,
GSA,GSA-07,Kế toán,D01,17.25,,THPTQG,2018,Tiêu chí phụ Toán 5.8 Thứ tự nguyện vọng <=3(Chuyên ngành kế toán tổng hợp),daniele15,
GSA,GSA-07,Kế toán,D07,17.25,,THPTQG,2018,Tiêu chí phụ Toán 5.8 Thứ tự nguyện vọng <=3(Chuyên ngành kế toán tổng hợp),daniele15,
GSA,GSA-08,Kinh tế,A00,16.90,,THPTQG,2018,Ngành Kinh tế (chuyên ngành kinh tế bưu chính viễn thông)Tiêu chí phụ Toán 5.4 Thứ tự nguyện vọng <=6,daniele15,
GSA,GSA-08,Kinh tế,A01,16.90,,THPTQG,2018,Ngành Kinh tế (chuyên ngành kinh tế bưu chính viễn thông)Tiêu chí phụ Toán 5.4 Thứ tự nguyện vọng <=6,daniele15,
GSA,GSA-08,Kinh tế,D01,16.90,,THPTQG,2018,Ngành Kinh tế (chuyên ngành kinh tế bưu chính viễn thông)Tiêu chí phụ Toán 5.4 Thứ tự nguyện vọng <=6,daniele15,
GSA,GSA-08,Kinh tế,D07,16.90,,THPTQG,2018,Ngành Kinh tế (chuyên ngành kinh tế bưu chính viễn thông)Tiêu chí phụ Toán 5.4 Thứ tự nguyện vọng <=6,daniele15,
GSA,GSA-09,Kinh tế,A00,18.25,,THPTQG,2018,Ngành Kinh tế vận tải (chuyên ngành Kinh tế vận tải và du lịch)Tiêu chí phụ Toán 6.0 Thứ tự nguyện vọng <=2,daniele15,
GSA,GSA-09,Kinh tế,A01,18.25,,THPTQG,2018,Ngành Kinh tế vận tải (chuyên ngành Kinh tế vận tải và du lịch)Tiêu chí phụ Toán 6.0 Thứ tự nguyện vọng <=2,daniele15,
GSA,GSA-09,Kinh tế,D01,18.25,,THPTQG,2018,Ngành Kinh tế vận tải (chuyên ngành Kinh tế vận tải và du lịch)Tiêu chí phụ Toán 6.0 Thứ tự nguyện vọng <=2,daniele15,
GSA,GSA-09,Kinh tế,D07,18.25,,THPTQG,2018,Ngành Kinh tế vận tải (chuyên ngành Kinh tế vận tải và du lịch)Tiêu chí phụ Toán 6.0 Thứ tự nguyện vọng <=2,daniele15,
GSA,GSA-10,Kinh tế,A00,16.40,,THPTQG,2018,Ngành Kinh tế xây dựng (gồm các chuyên ngành: Kinh tế xây dựng công trình giao thông; Kinh tế quản lý khai thác cầu đường)Tiêu chí phụ Toán 5.6 Thứ tự nguyện vọng <=1,daniele15,
GSA,GSA-10,Kinh tế,A01,16.40,,THPTQG,2018,Ngành Kinh tế xây dựng (gồm các chuyên ngành: Kinh tế xây dựng công trình giao thông; Kinh tế quản lý khai thác cầu đường)Tiêu chí phụ Toán 5.6 Thứ tự nguyện vọng <=1,daniele15,
GSA,GSA-10,Kinh tế,D01,16.40,,THPTQG,2018,Ngành Kinh tế xây dựng (gồm các chuyên ngành: Kinh tế xây dựng công trình giao thông; Kinh tế quản lý khai thác cầu đường)Tiêu chí phụ Toán 5.6 Thứ tự nguyện vọng <=1,daniele15,
GSA,GSA-10,Kinh tế,D07,16.40,,THPTQG,2018,Ngành Kinh tế xây dựng (gồm các chuyên ngành: Kinh tế xây dựng công trình giao thông; Kinh tế quản lý khai thác cầu đường)Tiêu chí phụ Toán 5.6 Thứ tự nguyện vọng <=1,daniele15,
GSA,GSA-11,Kỹ thuật xây dựng,A00,15.80,,THPTQG,2018,Gồm các chuyên ngành: Xây dựng dân dụng và công nghiệp; Kỹ thuật hạ tầng đô thịTiêu chí phụ Toán 5.8 Thứ tự nguyện vọng <=1,daniele15,
GSA,GSA-11,Kỹ thuật xây dựng,A01,15.80,,THPTQG,2018,Gồm các chuyên ngành: Xây dựng dân dụng và công nghiệp; Kỹ thuật hạ tầng đô thịTiêu chí phụ Toán 5.8 Thứ tự nguyện vọng <=1,daniele15,
GSA,GSA-11,Kỹ thuật xây dựng,D07,15.80,,THPTQG,2018,Gồm các chuyên ngành: Xây dựng dân dụng và công nghiệp; Kỹ thuật hạ tầng đô thịTiêu chí phụ Toán 5.8 Thứ tự nguyện vọng <=1,daniele15,
GSA,GSA-12,Quản trị kinh doanh,A00,17.00,,THPTQG,2018,chuyên ngành quản trị kinh doanh giao thông vận tảiTiêu chí phụ Toán 5.8 Thứ tự nguyện vọng <=1,daniele15,
GSA,GSA-12,Quản trị kinh doanh,A01,17.00,,THPTQG,2018,chuyên ngành quản trị kinh doanh giao thông vận tảiTiêu chí phụ Toán 5.8 Thứ tự nguyện vọng <=1,daniele15,
GSA,GSA-12,Quản trị kinh doanh,D01,17.00,,THPTQG,2018,chuyên ngành quản trị kinh doanh giao thông vận tảiTiêu chí phụ Toán 5.8 Thứ tự nguyện vọng <=1,daniele15,
GSA,GSA-12,Quản trị kinh doanh,D07,17.00,,THPTQG,2018,chuyên ngành quản trị kinh doanh giao thông vận tảiTiêu chí phụ Toán 5.8 Thứ tự nguyện vọng <=1,daniele15,
GSA,GSA-13,Khai thác vận tải,A00,19.15,,THPTQG,2018,(gồm các chuyên ngành: Quy hoạch và quản lý GTVT đô thị; LogisticsTiêu chí phụ Toán 6.8 Thứ tự nguyện vọng <=3,daniele15,
GSA,GSA-13,Khai thác vận tải,A01,19.15,,THPTQG,2018,(gồm các chuyên ngành: Quy hoạch và quản lý GTVT đô thị; LogisticsTiêu chí phụ Toán 6.8 Thứ tự nguyện vọng <=3,daniele15,
GSA,GSA-13,Khai thác vận tải,D01,19.15,,THPTQG,2018,(gồm các chuyên ngành: Quy hoạch và quản lý GTVT đô thị; LogisticsTiêu chí phụ Toán 6.8 Thứ tự nguyện vọng <=3,daniele15,
GSA,GSA-13,Khai thác vận tải,D07,19.15,,THPTQG,2018,(gồm các chuyên ngành: Quy hoạch và quản lý GTVT đô thị; LogisticsTiêu chí phụ Toán 6.8 Thứ tự nguyện vọng <=3,daniele15,
GSA,GSA-14,Kinh tế,A00,14.00,,THPTQG,2018,Ngành Kinh tế xây dựng (gồm các chuyên ngành: Kinh tế xây dựng công trình giao thông; Kinh tế quản lý khai thác cầu đường)Tiêu chí phụ Toán 5.0 Thứ tự nguyện vọng <=2,daniele15,
GSA,GSA-14,Kinh tế,A01,14.00,,THPTQG,2018,Ngành Kinh tế xây dựng (gồm các chuyên ngành: Kinh tế xây dựng công trình giao thông; Kinh tế quản lý khai thác cầu đường)Tiêu chí phụ Toán 5.0 Thứ tự nguyện vọng <=2,daniele15,
GSA,GSA-14,Kinh tế,D07,14.00,,THPTQG,2018,Ngành Kinh tế xây dựng (gồm các chuyên ngành: Kinh tế xây dựng công trình giao thông; Kinh tế quản lý khai thác cầu đường)Tiêu chí phụ Toán 5.0 Thứ tự nguyện vọng <=2,daniele15,
GSA,GSA-15,Kỹ thuật xây dựng,A00,14.05,,THPTQG,2018,Ngành Kỹ thuật xây dựng công trình thủyTiêu chí phụ Toán 3.8 Thứ tự nguyện vọng <=4,daniele15,
GSA,GSA-15,Kỹ thuật xây dựng,A01,14.05,,THPTQG,2018,Ngành Kỹ thuật xây dựng công trình thủyTiêu chí phụ Toán 3.8 Thứ tự nguyện vọng <=4,daniele15,
GSA,GSA-15,Kỹ thuật xây dựng,D07,14.05,,THPTQG,2018,Ngành Kỹ thuật xây dựng công trình thủyTiêu chí phụ Toán 3.8 Thứ tự nguyện vọng <=4,daniele15,
GSA,GSA-16,Quản lý xây dựng,A00,15.65,,THPTQG,2018,Tiêu chí phụ Toán 6.2 Thứ tự nguyện vọng <=3,daniele15,
GSA,GSA-16,Quản lý xây dựng,A01,15.65,,THPTQG,2018,Tiêu chí phụ Toán 6.2 Thứ tự nguyện vọng <=3,daniele15,
GSA,GSA-16,Quản lý xây dựng,D01,15.65,,THPTQG,2018,Tiêu chí phụ Toán 6.2 Thứ tự nguyện vọng <=3,daniele15,
GSA,GSA-16,Quản lý xây dựng,D07,15.65,,THPTQG,2018,Tiêu chí phụ Toán 6.2 Thứ tự nguyện vọng <=3,daniele15,
GTA,7340101,Quản trị Doanh nghiệp,A00,15.00,,THPTQG,2018,TTNV<=2,daniele15,
GTA,7340101,Quản trị Doanh nghiệp,A01,15.00,,THPTQG,2018,TTNV<=2,daniele15,
GTA,7340101,Quản trị Doanh nghiệp,D01,15.00,,THPTQG,2018,TTNV<=2,daniele15,
GTA,7340101,Quản trị Doanh nghiệp,D07,15.00,,THPTQG,2018,TTNV<=2,daniele15,
GTA,7340122,Thương mại điện tử,A00,15.00,,THPTQG,2018,TTNV<=3,daniele15,
GTA,7340122,Thương mại điện tử,A01,15.00,,THPTQG,2018,TTNV<=3,daniele15,
GTA,7340122,Thương mại điện tử,D01,15.00,,THPTQG,2018,TTNV<=3,daniele15,
GTA,7340122,Thương mại điện tử,D07,15.00,,THPTQG,2018,TTNV<=3,daniele15,
GTA,7340201,Tài chính - Ngân hàng,A00,14.50,,THPTQG,2018,TTNV<=3,daniele15,
GTA,7340201,Tài chính - Ngân hàng,A01,14.50,,THPTQG,2018,TTNV<=3,daniele15,
GTA,7340201,Tài chính - Ngân hàng,D01,14.50,,THPTQG,2018,TTNV<=3,daniele15,
GTA,7340201,Tài chính - Ngân hàng,D07,14.50,,THPTQG,2018,TTNV<=3,daniele15,
GTA,7340301,Kế toán,A00,16.00,,THPTQG,2018,TTNV<=5,daniele15,
GTA,7340301,Kế toán,A01,16.00,,THPTQG,2018,TTNV<=5,daniele15,
GTA,7340301,Kế toán,D01,16.00,,THPTQG,2018,TTNV<=5,daniele15,
GTA,7340301,Kế toán,D07,16.00,,THPTQG,2018,TTNV<=5,daniele15,
GTA,7480102,Mạng máy tính và Truyền thông dữ liệu,A00,15.50,,THPTQG,2018,TTNV<=4,daniele15,
GTA,7480102,Mạng máy tính và Truyền thông dữ liệu,A01,15.50,,THPTQG,2018,TTNV<=4,daniele15,
GTA,7480102,Mạng máy tính và Truyền thông dữ liệu,D01,15.50,,THPTQG,2018,TTNV<=4,daniele15,
GTA,7480102,Mạng máy tính và Truyền thông dữ liệu,D07,15.50,,THPTQG,2018,TTNV<=4,daniele15,
GTA,7480104,Hệ thống thông tin,A00,16.00,,THPTQG,2018,TTNV=1,daniele15,
GTA,7480104,Hệ thống thông tin,A01,16.00,,THPTQG,2018,TTNV=1,daniele15,
GTA,7480104,Hệ thống thông tin,D01,16.00,,THPTQG,2018,TTNV=1,daniele15,
GTA,7480104,Hệ thống thông tin,D07,16.00,,THPTQG,2018,TTNV=1,daniele15,
GTA,7480201,Công nghệ thông tin,A00,17.00,,THPTQG,2018,TTNV<=2,daniele15,
GTA,7480201,Công nghệ thông tin,A01,17.00,,THPTQG,2018,TTNV<=2,daniele15,
GTA,7480201,Công nghệ thông tin,D01,17.00,,THPTQG,2018,TTNV<=2,daniele15,
GTA,7480201,Công nghệ thông tin,D07,17.00,,THPTQG,2018,TTNV<=2,daniele15,
GTA,7510102,Công nghệ kỹ thuật xây dựng,A00,14.50,,THPTQG,2018,Công nghệ kỹ thuật xây dựng dân dụng và công nghiệpTTNV<=4,daniele15,
GTA,7510102,Công nghệ kỹ thuật xây dựng,A01,14.50,,THPTQG,2018,Công nghệ kỹ thuật xây dựng dân dụng và công nghiệpTTNV<=4,daniele15,
GTA,7510102,Công nghệ kỹ thuật xây dựng,D01,14.50,,THPTQG,2018,Công nghệ kỹ thuật xây dựng dân dụng và công nghiệpTTNV<=4,daniele15,
GTA,7510102,Công nghệ kỹ thuật xây dựng,D07,14.50,,THPTQG,2018,Công nghệ kỹ thuật xây dựng dân dụng và công nghiệpTTNV<=4,daniele15,
GTA,7510104,Công nghệ kỹ thuật giao thông,A00,14.50,,THPTQG,2018,TTNV<=4,daniele15,
GTA,7510104,Công nghệ kỹ thuật giao thông,A01,14.50,,THPTQG,2018,TTNV<=4,daniele15,
GTA,7510104,Công nghệ kỹ thuật giao thông,D01,14.50,,THPTQG,2018,TTNV<=4,daniele15,
GTA,7510104,Công nghệ kỹ thuật giao thông,D07,14.50,,THPTQG,2018,TTNV<=4,daniele15,
GTA,7510201,Công nghệ kỹ thuật cơ khí,A00,15.50,,THPTQG,2018,TTNV=1,daniele15,
GTA,7510201,Công nghệ kỹ thuật cơ khí,A01,15.50,,THPTQG,2018,TTNV=1,daniele15,
GTA,7510201,Công nghệ kỹ thuật cơ khí,D01,15.50,,THPTQG,2018,TTNV=1,daniele15,
GTA,7510201,Công nghệ kỹ thuật cơ khí,D07,15.50,,THPTQG,2018,TTNV=1,daniele15,
GTA,7510203,Công nghệ kỹ thuật cơ điện tử,A00,16.00,,THPTQG,2018,TTNV<=3,daniele15,
GTA,7510203,Công nghệ kỹ thuật cơ điện tử,A01,16.00,,THPTQG,2018,TTNV<=3,daniele15,
GTA,7510203,Công nghệ kỹ thuật cơ điện tử,D01,16.00,,THPTQG,2018,TTNV<=3,daniele15,
GTA,7510203,Công nghệ kỹ thuật cơ điện tử,D07,16.00,,THPTQG,2018,TTNV<=3,daniele15,
GTA,7510205,Công nghệ kỹ thuật ô tô,A00,18.00,,THPTQG,2018,TTNV<=2,daniele15,
GTA,7510205,Công nghệ kỹ thuật ô tô,A01,18.00,,THPTQG,2018,TTNV<=2,daniele15,
GTA,7510205,Công nghệ kỹ thuật ô tô,D01,18.00,,THPTQG,2018,TTNV<=2,daniele15,
GTA,7510205,Công nghệ kỹ thuật ô tô,D07,18.00,,THPTQG,2018,TTNV<=2,daniele15,
GTA,7510302,Công nghệ kỹ thuật điện tử - viễn thông,A00,15.50,,THPTQG,2018,TTNV=1,daniele15,
GTA,7510302,Công nghệ kỹ thuật điện tử - viễn thông,A01,15.50,,THPTQG,2018,TTNV=1,daniele15,
GTA,7510302,Công nghệ kỹ thuật điện tử - viễn thông,D01,15.50,,THPTQG,2018,TTNV=1,daniele15,
GTA,7510302,Công nghệ kỹ thuật điện tử - viễn thông,D07,15.50,,THPTQG,2018,TTNV=1,daniele15,
GTA,7510406,Công nghệ kỹ thuật môi trường,A00,14.50,,THPTQG,2018,TTNV<=3,daniele15,
GTA,7510406,Công nghệ kỹ thuật môi trường,A01,14.50,,THPTQG,2018,TTNV<=3,daniele15,
GTA,7510406,Công nghệ kỹ thuật môi trường,D01,14.50,,THPTQG,2018,TTNV<=3,daniele15,
GTA,7510406,Công nghệ kỹ thuật môi trường,D07,14.50,,THPTQG,2018,TTNV<=3,daniele15,
GTA,7510605,Logistics và Quản lý chuỗi cung ứng,A00,16.00,,THPTQG,2018,TTNV<=5,daniele15,
GTA,7510605,Logistics và Quản lý chuỗi cung ứng,A01,16.00,,THPTQG,2018,TTNV<=5,daniele15,
GTA,7510605,Logistics và Quản lý chuỗi cung ứng,D01,16.00,,THPTQG,2018,TTNV<=5,daniele15,
GTA,7510605,Logistics và Quản lý chuỗi cung ứng,D07,16.00,,THPTQG,2018,TTNV<=5,daniele15,
GTA,7580301,Kinh tế,A00,15.50,,THPTQG,2018,Kinh tế xây dựngTTNV<=2,daniele15,
GTA,7580301,Kinh tế,A01,15.50,,THPTQG,2018,Kinh tế xây dựngTTNV<=2,daniele15,
GTA,7580301,Kinh tế,D01,15.50,,THPTQG,2018,Kinh tế xây dựngTTNV<=2,daniele15,
GTA,7580301,Kinh tế,D07,15.50,,THPTQG,2018,Kinh tế xây dựngTTNV<=2,daniele15,
GTA,7840101,Khai thác vận tải,A00,15.00,,THPTQG,2018,TTNV<=4,daniele15,
GTA,7840101,Khai thác vận tải,A01,15.00,,THPTQG,2018,TTNV<=4,daniele15,
GTA,7840101,Khai thác vận tải,D01,15.00,,THPTQG,2018,TTNV<=4,daniele15,
GTA,7840101,Khai thác vận tải,D07,15.00,,THPTQG,2018,TTNV<=4,daniele15,
GTS,7480102,Mạng máy tính và Truyền thông dữ liệu,A00,17.50,,THPTQG,2018,,daniele15,
GTS,7480102,Mạng máy tính và Truyền thông dữ liệu,A01,17.50,,THPTQG,2018,,daniele15,
GTS,7480102,Mạng máy tính và Truyền thông dữ liệu,D90,17.50,,THPTQG,2018,,daniele15,
GTS,7480201,Công nghệ thông tin,A00,19.50,,THPTQG,2018,,daniele15,
GTS,7480201,Công nghệ thông tin,A01,19.50,,THPTQG,2018,,daniele15,
GTS,7480201,Công nghệ thông tin,D90,19.50,,THPTQG,2018,,daniele15,
GTS,7520103,Kỹ thuật cơ khí,A00,19.10,,THPTQG,2018,"Chuyên ngành: Cơ giới hóa xếp dỡ, cơ khí ô tô, Máy xây dựng, Cơ khí tự động",daniele15,
GTS,7520103,Kỹ thuật cơ khí,A01,19.10,,THPTQG,2018,"Chuyên ngành: Cơ giới hóa xếp dỡ, cơ khí ô tô, Máy xây dựng, Cơ khí tự động",daniele15,
GTS,7520103,Kỹ thuật cơ khí,D90,19.10,,THPTQG,2018,"Chuyên ngành: Cơ giới hóa xếp dỡ, cơ khí ô tô, Máy xây dựng, Cơ khí tự động",daniele15,
GTS,7520103H,Kỹ thuật cơ khí,A00,19.00,,THPTQG,2018,Chuyên ngành Cơ khí ô tô,daniele15,
GTS,7520103H,Kỹ thuật cơ khí,A01,19.00,,THPTQG,2018,Chuyên ngành Cơ khí ô tô,daniele15,
GTS,7520103H,Kỹ thuật cơ khí,D90,19.00,,THPTQG,2018,Chuyên ngành Cơ khí ô tô,daniele15,
GTS,7520122,Kỹ thuật tàu thuỷ,A00,14.40,,THPTQG,2018,"Chuyên ngành: Thiết kế thân tàu thủy, Công nghệ đóng tàu thủy, Kỹ thuật công trình ngoài khơi",daniele15,
GTS,7520122,Kỹ thuật tàu thuỷ,A01,14.40,,THPTQG,2018,"Chuyên ngành: Thiết kế thân tàu thủy, Công nghệ đóng tàu thủy, Kỹ thuật công trình ngoài khơi",daniele15,
GTS,7520122,Kỹ thuật tàu thuỷ,D90,14.40,,THPTQG,2018,"Chuyên ngành: Thiết kế thân tàu thủy, Công nghệ đóng tàu thủy, Kỹ thuật công trình ngoài khơi",daniele15,
GTS,7520201,Kỹ thuật điện,A00,17.50,,THPTQG,2018,"Chuyên ngành: Điện và tự động tàu thủy, Điện công nghiệp, Hệ thống điện giao thông",daniele15,
GTS,7520201,Kỹ thuật điện,A01,17.50,,THPTQG,2018,"Chuyên ngành: Điện và tự động tàu thủy, Điện công nghiệp, Hệ thống điện giao thông",daniele15,
GTS,7520201,Kỹ thuật điện,D90,17.50,,THPTQG,2018,"Chuyên ngành: Điện và tự động tàu thủy, Điện công nghiệp, Hệ thống điện giao thông",daniele15,
GTS,7520207,Kỹ thuật điện tử - viễn thông,A00,17.50,,THPTQG,2018,Chuyên ngành Điện tử viễn thông,daniele15,
GTS,7520207,Kỹ thuật điện tử - viễn thông,A01,17.50,,THPTQG,2018,Chuyên ngành Điện tử viễn thông,daniele15,
GTS,7520207,Kỹ thuật điện tử - viễn thông,D90,17.50,,THPTQG,2018,Chuyên ngành Điện tử viễn thông,daniele15,
GTS,7520207H,Kỹ thuật điện tử - viễn thông,A00,16.80,,THPTQG,2018,Chuyên ngành Điện tử viễn thông,daniele15,
GTS,7520207H,Kỹ thuật điện tử - viễn thông,A01,16.80,,THPTQG,2018,Chuyên ngành Điện tử viễn thông,daniele15,
GTS,7520207H,Kỹ thuật điện tử - viễn thông,D90,16.80,,THPTQG,2018,Chuyên ngành Điện tử viễn thông,daniele15,
GTS,7520216,Kỹ thuật điều khiển và tự động hoá,A00,19.10,,THPTQG,2018,Chuyên ngành Tự động hóa công nghiệp,daniele15,
GTS,7520216,Kỹ thuật điều khiển và tự động hoá,A01,19.10,,THPTQG,2018,Chuyên ngành Tự động hóa công nghiệp,daniele15,
GTS,7520216,Kỹ thuật điều khiển và tự động hoá,D90,19.10,,THPTQG,2018,Chuyên ngành Tự động hóa công nghiệp,daniele15,
GTS,7520320,Kỹ thuật môi trường,A00,16.30,,THPTQG,2018,,daniele15,
GTS,7520320,Kỹ thuật môi trường,A01,16.30,,THPTQG,2018,,daniele15,
GTS,7520320,Kỹ thuật môi trường,B00,16.30,,THPTQG,2018,,daniele15,
GTS,7520320,Kỹ thuật môi trường,D90,16.30,,THPTQG,2018,,daniele15,
GTS,7580201,Kỹ thuật xây dựng,A00,17.50,,THPTQG,2018,"Chuyên ngành: Xây dựng dân dụng và công nghiệp, Kỹ thuật kết cấu công trình, Kỹ thuật nền móng và công trình ngầm",daniele15,
GTS,7580201,Kỹ thuật xây dựng,A01,17.50,,THPTQG,2018,"Chuyên ngành: Xây dựng dân dụng và công nghiệp, Kỹ thuật kết cấu công trình, Kỹ thuật nền móng và công trình ngầm",daniele15,
GTS,7580201,Kỹ thuật xây dựng,D90,17.50,,THPTQG,2018,"Chuyên ngành: Xây dựng dân dụng và công nghiệp, Kỹ thuật kết cấu công trình, Kỹ thuật nền móng và công trình ngầm",daniele15,
GTS,7580201H,Kỹ thuật xây dựng,A00,16.40,,THPTQG,2018,,daniele15,
GTS,7580201H,Kỹ thuật xây dựng,A01,16.40,,THPTQG,2018,,daniele15,
GTS,7580201H,Kỹ thuật xây dựng,D90,16.40,,THPTQG,2018,,daniele15,
GTS,7580205,Kỹ thuật xây dựng,A00,15.60,,THPTQG,2018,Kỹ thuật xây dựng công trình Giao thông (Chuyên ngành: Xây dựng Cầu đường),daniele15,
GTS,7580205,Kỹ thuật xây dựng,A01,15.60,,THPTQG,2018,Kỹ thuật xây dựng công trình Giao thông (Chuyên ngành: Xây dựng Cầu đường),daniele15,
GTS,7580205,Kỹ thuật xây dựng,D90,15.60,,THPTQG,2018,Kỹ thuật xây dựng công trình Giao thông (Chuyên ngành: Xây dựng Cầu đường),daniele15,
GTS,7580205,Kỹ thuật xây dựng,A00,14.50,,THPTQG,2018,Kỹ thuật xây dựng công trình giao thông (Chuyên ngành Xây dựng đường bộ),daniele15,
GTS,7580205,Kỹ thuật xây dựng,A01,14.50,,THPTQG,2018,Kỹ thuật xây dựng công trình giao thông (Chuyên ngành Xây dựng đường bộ),daniele15,
GTS,7580205,Kỹ thuật xây dựng,D90,14.50,,THPTQG,2018,Kỹ thuật xây dựng công trình giao thông (Chuyên ngành Xây dựng đường bộ),daniele15,
GTS,7580205,Kỹ thuật xây dựng,A00,14.00,,THPTQG,2018,Kỹ thuật xây dựng công trình giao thông (Chuyên ngành Quy hoạch và thiết kế công trình giao thông),daniele15,
GTS,7580205,Kỹ thuật xây dựng,A01,14.00,,THPTQG,2018,Kỹ thuật xây dựng công trình giao thông (Chuyên ngành Quy hoạch và thiết kế công trình giao thông),daniele15,
GTS,7580205,Kỹ thuật xây dựng,D90,14.00,,THPTQG,2018,Kỹ thuật xây dựng công trình giao thông (Chuyên ngành Quy hoạch và thiết kế công trình giao thông),daniele15,
GTS,7580205111H,Kỹ thuật xây dựng,A00,14.70,,THPTQG,2018,Ngành Kỹ thuật xây dựng công trình giao thông (Chuyên ngành Xây dựng cầu đường),daniele15,
GTS,7580205111H,Kỹ thuật xây dựng,A01,14.70,,THPTQG,2018,Ngành Kỹ thuật xây dựng công trình giao thông (Chuyên ngành Xây dựng cầu đường),daniele15,
GTS,7580205111H,Kỹ thuật xây dựng,D90,14.70,,THPTQG,2018,Ngành Kỹ thuật xây dựng công trình giao thông (Chuyên ngành Xây dựng cầu đường),daniele15,
GTS,7580301,Kinh tế,A00,17.80,,THPTQG,2018,Kinh tế xây dựng (Chuyên ngành: Kinh tế xây dựng. Quản lí dự án xây dựng),daniele15,
GTS,7580301,Kinh tế,A01,17.80,,THPTQG,2018,Kinh tế xây dựng (Chuyên ngành: Kinh tế xây dựng. Quản lí dự án xây dựng),daniele15,
GTS,7580301,Kinh tế,D01,17.80,,THPTQG,2018,Kinh tế xây dựng (Chuyên ngành: Kinh tế xây dựng. Quản lí dự án xây dựng),daniele15,
GTS,7580301,Kinh tế,D90,17.80,,THPTQG,2018,Kinh tế xây dựng (Chuyên ngành: Kinh tế xây dựng. Quản lí dự án xây dựng),daniele15,
GTS,7580301H,Kinh tế,A00,17.00,,THPTQG,2018,Ngành kinh tế xây dựng,daniele15,
GTS,7580301H,Kinh tế,A01,17.00,,THPTQG,2018,Ngành kinh tế xây dựng,daniele15,
GTS,7580301H,Kinh tế,D01,17.00,,THPTQG,2018,Ngành kinh tế xây dựng,daniele15,
GTS,7580301H,Kinh tế,D90,17.00,,THPTQG,2018,Ngành kinh tế xây dựng,daniele15,
GTS,7840101,Khai thác vận tải,A00,21.20,,THPTQG,2018,"Chuyên ngành: Quản trị Logistics và vận tải đa phương thức, Quản lí và kinh doanh vận tải",daniele15,
GTS,7840101,Khai thác vận tải,A01,21.20,,THPTQG,2018,"Chuyên ngành: Quản trị Logistics và vận tải đa phương thức, Quản lí và kinh doanh vận tải",daniele15,
GTS,7840101,Khai thác vận tải,D01,21.20,,THPTQG,2018,"Chuyên ngành: Quản trị Logistics và vận tải đa phương thức, Quản lí và kinh doanh vận tải",daniele15,
GTS,7840101,Khai thác vận tải,D90,21.20,,THPTQG,2018,"Chuyên ngành: Quản trị Logistics và vận tải đa phương thức, Quản lí và kinh doanh vận tải",daniele15,
GTS,7840101H,Khai thác vận tải,A00,20.90,,THPTQG,2018,Chuyên ngành Quản trị Logistics và vận tải đa phương thức,daniele15,
GTS,7840101H,Khai thác vận tải,A01,20.90,,THPTQG,2018,Chuyên ngành Quản trị Logistics và vận tải đa phương thức,daniele15,
GTS,7840101H,Khai thác vận tải,D01,20.90,,THPTQG,2018,Chuyên ngành Quản trị Logistics và vận tải đa phương thức,daniele15,
GTS,7840101H,Khai thác vận tải,D90,20.90,,THPTQG,2018,Chuyên ngành Quản trị Logistics và vận tải đa phương thức,daniele15,
GTS,7840104,Kinh tế,A00,19.60,,THPTQG,2018,Kinh tế vận tải (Chuyên ngành Kinh tế vận tải biển),daniele15,
GTS,7840104,Kinh tế,A01,19.60,,THPTQG,2018,Kinh tế vận tải (Chuyên ngành Kinh tế vận tải biển),daniele15,
GTS,7840104,Kinh tế,D01,19.60,,THPTQG,2018,Kinh tế vận tải (Chuyên ngành Kinh tế vận tải biển),daniele15,
GTS,7840104,Kinh tế,D90,19.60,,THPTQG,2018,Kinh tế vận tải (Chuyên ngành Kinh tế vận tải biển),daniele15,
GTS,7840104H,Kinh tế,A00,18.80,,THPTQG,2018,Ngành Kinh tế vận tải,daniele15,
GTS,7840104H,Kinh tế,A01,18.80,,THPTQG,2018,Ngành Kinh tế vận tải,daniele15,
GTS,7840104H,Kinh tế,D01,18.80,,THPTQG,2018,Ngành Kinh tế vận tải,daniele15,
GTS,7840104H,Kinh tế,D90,18.80,,THPTQG,2018,Ngành Kinh tế vận tải,daniele15,
GTS,7840106102,Khoa học hàng hải,A00,14.00,,THPTQG,2018,Chuyên ngành Vận hành khai thác máy tàu biển,daniele15,
GTS,7840106102,Khoa học hàng hải,A01,14.00,,THPTQG,2018,Chuyên ngành Vận hành khai thác máy tàu biển,daniele15,
GTS,7840106102,Khoa học hàng hải,D90,14.00,,THPTQG,2018,Chuyên ngành Vận hành khai thác máy tàu biển,daniele15,
GTS,7840106103,Khoa học hàng hải,A00,14.00,,THPTQG,2018,Chuyên ngành Thiết bị năng lượng tàu thủy,daniele15,
GTS,7840106103,Khoa học hàng hải,A01,14.00,,THPTQG,2018,Chuyên ngành Thiết bị năng lượng tàu thủy,daniele15,
GTS,7840106103,Khoa học hàng hải,D90,14.00,,THPTQG,2018,Chuyên ngành Thiết bị năng lượng tàu thủy,daniele15,
GTS,7840106104,Khoa học hàng hải,A00,17.70,,THPTQG,2018,Chuyên ngành Quản lý hàng hải,daniele15,
GTS,7840106104,Khoa học hàng hải,A01,17.70,,THPTQG,2018,Chuyên ngành Quản lý hàng hải,daniele15,
GTS,7840106104,Khoa học hàng hải,D90,17.70,,THPTQG,2018,Chuyên ngành Quản lý hàng hải,daniele15,
GTS,784016101H,Khoa học hàng hải,A00,14.00,,THPTQG,2018,Chuyên ngành Điều khiển tàu biển,daniele15,
GTS,784016101H,Khoa học hàng hải,A01,14.00,,THPTQG,2018,Chuyên ngành Điều khiển tàu biển,daniele15,
GTS,784016101H,Khoa học hàng hải,D90,14.00,,THPTQG,2018,Chuyên ngành Điều khiển tàu biển,daniele15,
GTS,784016104H,Khoa học hàng hải,A00,17.30,,THPTQG,2018,Chuyên ngành Quản lý hàng hải,daniele15,
GTS,784016104H,Khoa học hàng hải,A01,17.30,,THPTQG,2018,Chuyên ngành Quản lý hàng hải,daniele15,
GTS,784016104H,Khoa học hàng hải,D90,17.30,,THPTQG,2018,Chuyên ngành Quản lý hàng hải,daniele15,
HBU,7140201,Giáo dục Mầm non,,17.00,,THPTQG,2018,,daniele15,
HBU,7140206,Giáo dục Thể chất,T00,14.00,,THPTQG,2018,,daniele15,
HBU,7140206,Giáo dục Thể chất,T02,14.00,,THPTQG,2018,,daniele15,
HBU,7140206,Giáo dục Thể chất,T03,14.00,,THPTQG,2018,,daniele15,
HBU,7140206,Giáo dục Thể chất,T07,14.00,,THPTQG,2018,,daniele15,
HBU,7210302,"Công nghệ điện ảnh, truyền hình",H00,14.00,,THPTQG,2018,,daniele15,
HBU,7210302,"Công nghệ điện ảnh, truyền hình",H01,14.00,,THPTQG,2018,,daniele15,
HBU,7210302,"Công nghệ điện ảnh, truyền hình",V00,14.00,,THPTQG,2018,,daniele15,
HBU,7210302,"Công nghệ điện ảnh, truyền hình",V01,14.00,,THPTQG,2018,,daniele15,
HBU,7210402,Thiết kế công nghiệp,H00,14.00,,THPTQG,2018,,daniele15,
HBU,7210402,Thiết kế công nghiệp,H01,14.00,,THPTQG,2018,,daniele15,
HBU,7210402,Thiết kế công nghiệp,V00,14.00,,THPTQG,2018,,daniele15,
HBU,7210402,Thiết kế công nghiệp,V01,14.00,,THPTQG,2018,,daniele15,
HBU,7210403,Thiết kế đồ họa,H00,14.00,,THPTQG,2018,,daniele15,
HBU,7210403,Thiết kế đồ họa,H01,14.00,,THPTQG,2018,,daniele15,
HBU,7210403,Thiết kế đồ họa,V00,14.00,,THPTQG,2018,,daniele15,
HBU,7210403,Thiết kế đồ họa,V01,14.00,,THPTQG,2018,,daniele15,
HBU,7210404,Thiết kế thời trang,H00,14.00,,THPTQG,2018,,daniele15,
HBU,7210404,Thiết kế thời trang,H01,14.00,,THPTQG,2018,,daniele15,
HBU,7210404,Thiết kế thời trang,V00,14.00,,THPTQG,2018,,daniele15,
HBU,7210404,Thiết kế thời trang,V01,14.00,,THPTQG,2018,,daniele15,
HBU,7220201,Ngôn ngữ Anh,A01,14.00,,THPTQG,2018,,daniele15,
HBU,7220201,Ngôn ngữ Anh,C00,14.00,,THPTQG,2018,,daniele15,
HBU,7220201,Ngôn ngữ Anh,D01,14.00,,THPTQG,2018,,daniele15,
HBU,7220201,Ngôn ngữ Anh,D96,14.00,,THPTQG,2018,,daniele15,
HBU,7310101,Kinh tế,A00,14.00,,THPTQG,2018,Kinh tế: Kiểm toán,daniele15,
HBU,7310101,Kinh tế,A01,14.00,,THPTQG,2018,Kinh tế: Kiểm toán,daniele15,
HBU,7310101,Kinh tế,D01,14.00,,THPTQG,2018,Kinh tế: Kiểm toán,daniele15,
HBU,7310101,Kinh tế,D90,14.00,,THPTQG,2018,Kinh tế: Kiểm toán,daniele15,
HBU,7310206,Quan hệ quốc tế,A00,14.00,,THPTQG,2018,,daniele15,
HBU,7310206,Quan hệ quốc tế,A01,14.00,,THPTQG,2018,,daniele15,
HBU,7310206,Quan hệ quốc tế,C00,14.00,,THPTQG,2018,,daniele15,
HBU,7310206,Quan hệ quốc tế,D01,14.00,,THPTQG,2018,,daniele15,
HBU,7310612,Trung Quốc học,A01,14.00,,THPTQG,2018,,daniele15,
HBU,7310612,Trung Quốc học,C00,14.00,,THPTQG,2018,,daniele15,
HBU,7310612,Trung Quốc học,D01,14.00,,THPTQG,2018,,daniele15,
HBU,7310612,Trung Quốc học,D04,14.00,,THPTQG,2018,,daniele15,
HBU,7310613,Nhật Bản học,A01,14.00,,THPTQG,2018,,daniele15,
HBU,7310613,Nhật Bản học,C00,14.00,,THPTQG,2018,,daniele15,
HBU,7310613,Nhật Bản học,D01,14.00,,THPTQG,2018,,daniele15,
HBU,7310613,Nhật Bản học,D06,14.00,,THPTQG,2018,,daniele15,
HBU,7310614,Hàn Quốc học,A01,14.00,,THPTQG,2018,,daniele15,
HBU,7310614,Hàn Quốc học,C00,14.00,,THPTQG,2018,,daniele15,
HBU,7310614,Hàn Quốc học,D01,14.00,,THPTQG,2018,,daniele15,
HBU,7310614,Hàn Quốc học,D78,14.00,,THPTQG,2018,,daniele15,
HBU,7310630,Việt Nam học,A01,14.00,,THPTQG,2018,,daniele15,
HBU,7310630,Việt Nam học,C00,14.00,,THPTQG,2018,,daniele15,
HBU,7310630,Việt Nam học,D01,14.00,,THPTQG,2018,,daniele15,
HBU,7310630,Việt Nam học,D78,14.00,,THPTQG,2018,,daniele15,
HBU,7320104,Truyền thông đa phương tiện,A01,14.00,,THPTQG,2018,,daniele15,
HBU,7320104,Truyền thông đa phương tiện,C00,14.00,,THPTQG,2018,,daniele15,
HBU,7320104,Truyền thông đa phương tiện,D01,14.00,,THPTQG,2018,,daniele15,
HBU,7320104,Truyền thông đa phương tiện,D78,14.00,,THPTQG,2018,,daniele15,
HBU,7340101,Quản trị kinh doanh,A00,14.00,,THPTQG,2018,,daniele15,
HBU,7340101,Quản trị kinh doanh,A01,14.00,,THPTQG,2018,,daniele15,
HBU,7340101,Quản trị kinh doanh,C00,14.00,,THPTQG,2018,,daniele15,
HBU,7340101,Quản trị kinh doanh,D01,14.00,,THPTQG,2018,,daniele15,
HBU,7340201,Tài chính - Ngân hàng,A00,14.00,,THPTQG,2018,,daniele15,
HBU,7340201,Tài chính - Ngân hàng,A01,14.00,,THPTQG,2018,,daniele15,
HBU,7340201,Tài chính - Ngân hàng,D01,14.00,,THPTQG,2018,,daniele15,
HBU,7340201,Tài chính - Ngân hàng,D90,14.00,,THPTQG,2018,,daniele15,
HBU,7340301,Kế toán,A00,14.00,,THPTQG,2018,,daniele15,
HBU,7340301,Kế toán,A01,14.00,,THPTQG,2018,,daniele15,
HBU,7340301,Kế toán,D01,14.00,,THPTQG,2018,,daniele15,
HBU,7340301,Kế toán,D90,14.00,,THPTQG,2018,,daniele15,
HBU,7380107,Luật,A00,14.00,,THPTQG,2018,Luật kinh tế,daniele15,
HBU,7380107,Luật,A01,14.00,,THPTQG,2018,Luật kinh tế,daniele15,
HBU,7380107,Luật,C00,14.00,,THPTQG,2018,Luật kinh tế,daniele15,
HBU,7380107,Luật,D01,14.00,,THPTQG,2018,Luật kinh tế,daniele15,
HBU,7440301,Khoa học môi trường,A00,14.00,,THPTQG,2018,,daniele15,
HBU,7440301,Khoa học môi trường,A01,14.00,,THPTQG,2018,,daniele15,
HBU,7440301,Khoa học môi trường,B00,14.00,,THPTQG,2018,,daniele15,
HBU,7440301,Khoa học môi trường,D90,14.00,,THPTQG,2018,,daniele15,
HBU,7480201,Công nghệ thông tin,A00,14.00,,THPTQG,2018,,daniele15,
HBU,7480201,Công nghệ thông tin,A01,14.00,,THPTQG,2018,,daniele15,
HBU,7480201,Công nghệ thông tin,D01,14.00,,THPTQG,2018,,daniele15,
HBU,7480201,Công nghệ thông tin,D90,14.00,,THPTQG,2018,,daniele15,
HBU,7520201,Kỹ thuật điện,A00,14.00,,THPTQG,2018,,daniele15,
HBU,7520201,Kỹ thuật điện,A01,14.00,,THPTQG,2018,,daniele15,
HBU,7520201,Kỹ thuật điện,D01,14.00,,THPTQG,2018,,daniele15,
HBU,7520201,Kỹ thuật điện,D90,14.00,,THPTQG,2018,,daniele15,
HBU,7520207,Kỹ thuật điện tử - viễn thông,A00,14.00,,THPTQG,2018,,daniele15,
HBU,7520207,Kỹ thuật điện tử - viễn thông,A01,14.00,,THPTQG,2018,,daniele15,
HBU,7520207,Kỹ thuật điện tử - viễn thông,D01,14.00,,THPTQG,2018,,daniele15,
HBU,7520207,Kỹ thuật điện tử - viễn thông,D90,14.00,,THPTQG,2018,,daniele15,
HBU,7580101,Kiến trúc,V00,14.00,,THPTQG,2018,,daniele15,
HBU,7580101,Kiến trúc,V01,14.00,,THPTQG,2018,,daniele15,
HBU,7580201,Kỹ thuật xây dựng,A00,14.00,,THPTQG,2018,,daniele15,
HBU,7580201,Kỹ thuật xây dựng,A01,14.00,,THPTQG,2018,,daniele15,
HBU,7580201,Kỹ thuật xây dựng,D01,14.00,,THPTQG,2018,,daniele15,
HBU,7580201,Kỹ thuật xây dựng,D90,14.00,,THPTQG,2018,,daniele15,
HBU,7580205,Kỹ thuật xây dựng,A00,14.00,,THPTQG,2018,Kỹ thuật xây dựng công trình giao thông,daniele15,
HBU,7580205,Kỹ thuật xây dựng,A01,14.00,,THPTQG,2018,Kỹ thuật xây dựng công trình giao thông,daniele15,
HBU,7580205,Kỹ thuật xây dựng,D01,14.00,,THPTQG,2018,Kỹ thuật xây dựng công trình giao thông,daniele15,
HBU,7580205,Kỹ thuật xây dựng,D90,14.00,,THPTQG,2018,Kỹ thuật xây dựng công trình giao thông,daniele15,
HBU,7720201,Dược học,A00,16.00,,THPTQG,2018,,daniele15,
HBU,7720201,Dược học,B00,16.00,,THPTQG,2018,,daniele15,
HBU,7720201,Dược học,D90,16.00,,THPTQG,2018,,daniele15,
HBU,7720301,Điều dưỡng,A00,14.00,,THPTQG,2018,,daniele15,
HBU,7720301,Điều dưỡng,B00,14.00,,THPTQG,2018,,daniele15,
HBU,7720301,Điều dưỡng,D90,14.00,,THPTQG,2018,,daniele15,
HBU,7720501,Răng - Hàm - Mặt,A00,18.50,,THPTQG,2018,,daniele15,
HBU,7720501,Răng - Hàm - Mặt,B00,18.50,,THPTQG,2018,,daniele15,
HBU,7720501,Răng - Hàm - Mặt,D90,18.50,,THPTQG,2018,,daniele15,
HBU,7720601,Kỹ thuật xét nghiệm y học,A00,14.00,,THPTQG,2018,,daniele15,
HBU,7720601,Kỹ thuật xét nghiệm y học,B00,14.00,,THPTQG,2018,,daniele15,
HBU,7720601,Kỹ thuật xét nghiệm y học,D90,14.00,,THPTQG,2018,,daniele15,
HBU,7720603,Kỹ thuật phục hồi chức năng,A00,14.00,,THPTQG,2018,,daniele15,
HBU,7720603,Kỹ thuật phục hồi chức năng,B00,14.00,,THPTQG,2018,,daniele15,
HBU,7720603,Kỹ thuật phục hồi chức năng,D90,14.00,,THPTQG,2018,,daniele15,
HBU,7810103,Quản trị dịch vụ du lịch và lữ hành,A00,14.00,,THPTQG,2018,,daniele15,
HBU,7810103,Quản trị dịch vụ du lịch và lữ hành,A01,14.00,,THPTQG,2018,,daniele15,
HBU,7810103,Quản trị dịch vụ du lịch và lữ hành,C00,14.00,,THPTQG,2018,,daniele15,
HBU,7810103,Quản trị dịch vụ du lịch và lữ hành,D01,14.00,,THPTQG,2018,,daniele15,
HBU,7810201,Quản trị khách sạn,A00,14.00,,THPTQG,2018,,daniele15,
HBU,7810201,Quản trị khách sạn,A01,14.00,,THPTQG,2018,,daniele15,
HBU,7810201,Quản trị khách sạn,C00,14.00,,THPTQG,2018,,daniele15,
HBU,7810201,Quản trị khách sạn,D01,14.00,,THPTQG,2018,,daniele15,
HCP,7310101,Kinh tế,A00,17.00,,XTKH,2018,Điểm chuẩn xét tuyển kết hợp 19,daniele15,
HCP,7310101,Kinh tế,A01,17.00,,XTKH,2018,Điểm chuẩn xét tuyển kết hợp 19,daniele15,
HCP,7310101,Kinh tế,C01,17.00,,XTKH,2018,Điểm chuẩn xét tuyển kết hợp 19,daniele15,
HCP,7310101,Kinh tế,D01,17.00,,XTKH,2018,Điểm chuẩn xét tuyển kết hợp 19,daniele15,
HCP,7310106,Kinh tế,A00,18.00,,XTKH,2018,Kinh tế quốc tếĐiểm chuẩn xét tuyển kết hợp 19,daniele15,
HCP,7310106,Kinh tế,A01,18.00,,XTKH,2018,Kinh tế quốc tếĐiểm chuẩn xét tuyển kết hợp 19,daniele15,
HCP,7310106,Kinh tế,D01,18.00,,XTKH,2018,Kinh tế quốc tếĐiểm chuẩn xét tuyển kết hợp 19,daniele15,
HCP,7310106,Kinh tế,D07,18.00,,XTKH,2018,Kinh tế quốc tếĐiểm chuẩn xét tuyển kết hợp 19,daniele15,
HCP,7310205,Quản lý nhà nước,A00,17.00,,XTKH,2018,Điểm chuẩn xét tuyển kết hợp 19,daniele15,
HCP,7310205,Quản lý nhà nước,A01,17.00,,XTKH,2018,Điểm chuẩn xét tuyển kết hợp 19,daniele15,
HCP,7310205,Quản lý nhà nước,C02,17.00,,XTKH,2018,Điểm chuẩn xét tuyển kết hợp 19,daniele15,
HCP,7310205,Quản lý nhà nước,D01,17.00,,XTKH,2018,Điểm chuẩn xét tuyển kết hợp 19,daniele15,
HCP,7340101,Quản trị kinh doanh,A00,17.00,,XTKH,2018,Điểm chuẩn xét tuyển kết hợp 19,daniele15,
HCP,7340101,Quản trị kinh doanh,A01,17.00,,XTKH,2018,Điểm chuẩn xét tuyển kết hợp 19,daniele15,
HCP,7340101,Quản trị kinh doanh,C01,17.00,,XTKH,2018,Điểm chuẩn xét tuyển kết hợp 19,daniele15,
HCP,7340101,Quản trị kinh doanh,D01,17.00,,XTKH,2018,Điểm chuẩn xét tuyển kết hợp 19,daniele15,
HCP,7340201,Tài chính - Ngân hàng,A00,17.50,,XTKH,2018,Điểm chuẩn xét tuyển kết hợp 19,daniele15,
HCP,7340201,Tài chính - Ngân hàng,A01,17.50,,XTKH,2018,Điểm chuẩn xét tuyển kết hợp 19,daniele15,
HCP,7340201,Tài chính - Ngân hàng,D01,17.50,,XTKH,2018,Điểm chuẩn xét tuyển kết hợp 19,daniele15,
HCP,7340201,Tài chính - Ngân hàng,D07,17.50,,XTKH,2018,Điểm chuẩn xét tuyển kết hợp 19,daniele15,
HCV,7310201,Chính trị học,C00,19.75,,THPTQG,2018,,daniele15,
HCV,7310201,Chính trị học,C01,19.75,,THPTQG,2018,,daniele15,
HCV,7310201,Chính trị học,C03,19.75,,THPTQG,2018,,daniele15,
HCV,7310201,Chính trị học,C04,19.75,,THPTQG,2018,,daniele15,
HCV,7310202,Xây dựng Đảng và chính quyền nhà nước,C00,21.15,,THPTQG,2018,,daniele15,
HCV,7310202,Xây dựng Đảng và chính quyền nhà nước,C01,21.15,,THPTQG,2018,,daniele15,
HCV,7310202,Xây dựng Đảng và chính quyền nhà nước,C03,21.15,,THPTQG,2018,,daniele15,
HCV,7310202,Xây dựng Đảng và chính quyền nhà nước,C04,21.15,,THPTQG,2018,,daniele15,
HCV,7310205,Quản lý nhà nước,A00,21.30,,THPTQG,2018,,daniele15,
HCV,7310205,Quản lý nhà nước,A01,21.30,,THPTQG,2018,,daniele15,
HCV,7310205,Quản lý nhà nước,C00,21.30,,THPTQG,2018,,daniele15,
HCV,7310205,Quản lý nhà nước,D01,21.30,,THPTQG,2018,,daniele15,
HCV,7380101,Luật,A00,21.00,,THPTQG,2018,,daniele15,
HCV,7380101,Luật,A01,21.00,,THPTQG,2018,,daniele15,
HCV,7380101,Luật,C00,21.00,,THPTQG,2018,,daniele15,
HCV,7380101,Luật,D01,21.00,,THPTQG,2018,,daniele15,
HCV,7760101,Công tác xã hội,C00,19.62,,THPTQG,2018,,daniele15,
HCV,7760101,Công tác xã hội,C14,19.62,,THPTQG,2018,,daniele15,
HCV,7760101,Công tác xã hội,D01,19.62,,THPTQG,2018,,daniele15,
HCV,7760101,Công tác xã hội,D14,19.62,,THPTQG,2018,,daniele15,
HDT,5140201,Giáo dục Mầm non,,15.00,,HocBa,2018,Cao đẳngĐiểm chuẩn học bạ lấy 15 điểm và Học lực lớp 12 khá trở lên,daniele15,
HDT,5140202,Giáo dục Tiểu học,A00,15.00,,HocBa,2018,Cao đẳngĐiểm chuẩn học bạ lấy 15 điểm và Học lực lớp 12 khá trở lên,daniele15,
HDT,5140202,Giáo dục Tiểu học,C00,15.00,,HocBa,2018,Cao đẳngĐiểm chuẩn học bạ lấy 15 điểm và Học lực lớp 12 khá trở lên,daniele15,
HDT,5140202,Giáo dục Tiểu học,D01,15.00,,HocBa,2018,Cao đẳngĐiểm chuẩn học bạ lấy 15 điểm và Học lực lớp 12 khá trở lên,daniele15,
HDT,5140206,Giáo dục Thể chất,T00,15.00,,HocBa,2018,Cao đẳngĐiểm chuẩn học bạ lấy 15 điểm và Học lực lớp 12 khá trở lên,daniele15,
HDT,5140209,Sư phạm Toán học,A00,15.00,,HocBa,2018,Cao đẳngĐiểm chuẩn học bạ lấy 15 điểm và Học lực lớp 12 khá trở lên,daniele15,
HDT,5140209,Sư phạm Toán học,A01,15.00,,HocBa,2018,Cao đẳngĐiểm chuẩn học bạ lấy 15 điểm và Học lực lớp 12 khá trở lên,daniele15,
HDT,5140209,Sư phạm Toán học,A02,15.00,,HocBa,2018,Cao đẳngĐiểm chuẩn học bạ lấy 15 điểm và Học lực lớp 12 khá trở lên,daniele15,
HDT,5140209,Sư phạm Toán học,D07,15.00,,HocBa,2018,Cao đẳngĐiểm chuẩn học bạ lấy 15 điểm và Học lực lớp 12 khá trở lên,daniele15,
HDT,5140211,Sư phạm Vật lý,A00,15.00,,HocBa,2018,Cao đẳngĐiểm chuẩn học bạ lấy 15 điểm và Học lực lớp 12 khá trở lên,daniele15,
HDT,5140211,Sư phạm Vật lý,A01,15.00,,HocBa,2018,Cao đẳngĐiểm chuẩn học bạ lấy 15 điểm và Học lực lớp 12 khá trở lên,daniele15,
HDT,5140211,Sư phạm Vật lý,A02,15.00,,HocBa,2018,Cao đẳngĐiểm chuẩn học bạ lấy 15 điểm và Học lực lớp 12 khá trở lên,daniele15,
HDT,5140211,Sư phạm Vật lý,C01,15.00,,HocBa,2018,Cao đẳngĐiểm chuẩn học bạ lấy 15 điểm và Học lực lớp 12 khá trở lên,daniele15,
HDT,5140213,Sư phạm Hóa học,B00,15.00,,HocBa,2018,Cao đẳngĐiểm chuẩn học bạ lấy 15 điểm và Học lực lớp 12 khá trở lên,daniele15,
HDT,5140213,Sư phạm Hóa học,D03,15.00,,HocBa,2018,Cao đẳngĐiểm chuẩn học bạ lấy 15 điểm và Học lực lớp 12 khá trở lên,daniele15,
HDT,5140213,Sư phạm Hóa học,D08,15.00,,HocBa,2018,Cao đẳngĐiểm chuẩn học bạ lấy 15 điểm và Học lực lớp 12 khá trở lên,daniele15,
HDT,5140217,Sư phạm Ngữ văn,C00,15.00,,HocBa,2018,Cao đẳngĐiểm chuẩn học bạ lấy 15 điểm và Học lực lớp 12 khá trở lên,daniele15,
HDT,5140217,Sư phạm Ngữ văn,C03,15.00,,HocBa,2018,Cao đẳngĐiểm chuẩn học bạ lấy 15 điểm và Học lực lớp 12 khá trở lên,daniele15,
HDT,5140217,Sư phạm Ngữ văn,C04,15.00,,HocBa,2018,Cao đẳngĐiểm chuẩn học bạ lấy 15 điểm và Học lực lớp 12 khá trở lên,daniele15,
HDT,5140217,Sư phạm Ngữ văn,D01,15.00,,HocBa,2018,Cao đẳngĐiểm chuẩn học bạ lấy 15 điểm và Học lực lớp 12 khá trở lên,daniele15,
HDT,5140218,Sư phạm Lịch sử,C00,15.00,,HocBa,2018,Hệ Cao đẳngĐiểm chuẩn học bạ lấy 15 điểm và Học lực lớp 12 khá trở lên,daniele15,
HDT,5140218,Sư phạm Lịch sử,C03,15.00,,HocBa,2018,Hệ Cao đẳngĐiểm chuẩn học bạ lấy 15 điểm và Học lực lớp 12 khá trở lên,daniele15,
HDT,5140218,Sư phạm Lịch sử,D14,15.00,,HocBa,2018,Hệ Cao đẳngĐiểm chuẩn học bạ lấy 15 điểm và Học lực lớp 12 khá trở lên,daniele15,
HDT,5140219,Sư phạm Địa lý,A00,15.00,,HocBa,2018,Cao đẳngĐiểm chuẩn học bạ lấy 15 điểm và Học lực lớp 12 khá trở lên,daniele15,
HDT,5140219,Sư phạm Địa lý,C00,15.00,,HocBa,2018,Cao đẳngĐiểm chuẩn học bạ lấy 15 điểm và Học lực lớp 12 khá trở lên,daniele15,
HDT,5140219,Sư phạm Địa lý,C04,15.00,,HocBa,2018,Cao đẳngĐiểm chuẩn học bạ lấy 15 điểm và Học lực lớp 12 khá trở lên,daniele15,
HDT,5140219,Sư phạm Địa lý,C20,15.00,,HocBa,2018,Cao đẳngĐiểm chuẩn học bạ lấy 15 điểm và Học lực lớp 12 khá trở lên,daniele15,
HDT,5140231,Sư phạm Tiếng Anh,A01,15.00,,HocBa,2018,Cao đẳngĐiểm chuẩn học bạ lấy 15 điểm và Học lực lớp 12 khá trở lên,daniele15,
HDT,5140231,Sư phạm Tiếng Anh,D01,15.00,,HocBa,2018,Cao đẳngĐiểm chuẩn học bạ lấy 15 điểm và Học lực lớp 12 khá trở lên,daniele15,
HDT,5140231,Sư phạm Tiếng Anh,D90,15.00,,HocBa,2018,Cao đẳngĐiểm chuẩn học bạ lấy 15 điểm và Học lực lớp 12 khá trở lên,daniele15,
HDT,5140231,Sư phạm Tiếng Anh,D96,15.00,,HocBa,2018,Cao đẳngĐiểm chuẩn học bạ lấy 15 điểm và Học lực lớp 12 khá trở lên,daniele15,
HDT,5620114,Kinh doanh Nông nghiệp,A00,17.00,,HocBa,2018,Điểm chuẩn học bạ lấy 15 điểm và Học lực lớp 12,daniele15,
HDT,5620114,Kinh doanh Nông nghiệp,C01,17.00,,HocBa,2018,Điểm chuẩn học bạ lấy 15 điểm và Học lực lớp 12,daniele15,
HDT,5620114,Kinh doanh Nông nghiệp,C02,17.00,,HocBa,2018,Điểm chuẩn học bạ lấy 15 điểm và Học lực lớp 12,daniele15,
HDT,5620114,Kinh doanh Nông nghiệp,D01,17.00,,HocBa,2018,Điểm chuẩn học bạ lấy 15 điểm và Học lực lớp 12,daniele15,
HDT,5620301,Nuôi trồng thủy sản,A00,17.00,,HocBa,2018,Điểm chuẩn học bạ lấy 15 điểm và Học lực lớp 12,daniele15,
HDT,5620301,Nuôi trồng thủy sản,B00,17.00,,HocBa,2018,Điểm chuẩn học bạ lấy 15 điểm và Học lực lớp 12,daniele15,
HDT,5620301,Nuôi trồng thủy sản,B03,17.00,,HocBa,2018,Điểm chuẩn học bạ lấy 15 điểm và Học lực lớp 12,daniele15,
HDT,5620301,Nuôi trồng thủy sản,D08,17.00,,HocBa,2018,Điểm chuẩn học bạ lấy 15 điểm và Học lực lớp 12,daniele15,
HDT,7140201,Giáo dục Mầm non,,17.00,,THPTQG,2018,,daniele15,
HDT,7140202,Giáo dục Tiểu học,A00,19.95,,THPTQG,2018,,daniele15,
HDT,7140202,Giáo dục Tiểu học,C00,19.95,,THPTQG,2018,,daniele15,
HDT,7140202,Giáo dục Tiểu học,D01,19.95,,THPTQG,2018,,daniele15,
HDT,7140206,Giáo dục Thể chất,T00,17.00,,HocBa,2018,Điểm chuẩn học bạ lấy 15 điểm và Học lực lớp 12 khá trở lên,daniele15,
HDT,7140209,Sư phạm Toán học,A00,24.00,,THPTQG,2018,Chất lượng cao,daniele15,
HDT,7140209,Sư phạm Toán học,A01,24.00,,THPTQG,2018,Chất lượng cao,daniele15,
HDT,7140209,Sư phạm Toán học,A02,24.00,,THPTQG,2018,Chất lượng cao,daniele15,
HDT,7140209,Sư phạm Toán học,D07,24.00,,THPTQG,2018,Chất lượng cao,daniele15,
HDT,7140209,Sư phạm Toán học,A00,17.00,,THPTQG,2018,,daniele15,
HDT,7140209,Sư phạm Toán học,A01,17.00,,THPTQG,2018,,daniele15,
HDT,7140209,Sư phạm Toán học,A02,17.00,,THPTQG,2018,,daniele15,
HDT,7140209,Sư phạm Toán học,D07,17.00,,THPTQG,2018,,daniele15,
HDT,7140211,Sư phạm Vật lý,A00,24.00,,THPTQG,2018,Chất lượng cao,daniele15,
HDT,7140211,Sư phạm Vật lý,A01,24.00,,THPTQG,2018,Chất lượng cao,daniele15,
HDT,7140211,Sư phạm Vật lý,A02,24.00,,THPTQG,2018,Chất lượng cao,daniele15,
HDT,7140211,Sư phạm Vật lý,C01,24.00,,THPTQG,2018,Chất lượng cao,daniele15,
HDT,7140211,Sư phạm Vật lý,A00,17.00,,THPTQG,2018,,daniele15,
HDT,7140211,Sư phạm Vật lý,A01,17.00,,THPTQG,2018,,daniele15,
HDT,7140211,Sư phạm Vật lý,A02,17.00,,THPTQG,2018,,daniele15,
HDT,7140211,Sư phạm Vật lý,C01,17.00,,THPTQG,2018,,daniele15,
HDT,7140213,Sư phạm Sinh học,B00,17.00,,THPTQG,2018,Cao đẳng,daniele15,
HDT,7140213,Sư phạm Sinh học,D03,17.00,,THPTQG,2018,Cao đẳng,daniele15,
HDT,7140213,Sư phạm Sinh học,D08,17.00,,THPTQG,2018,Cao đẳng,daniele15,
HDT,7140217,Sư phạm Ngữ văn,C00,24.00,,THPTQG,2018,Chất lượng cao,daniele15,
HDT,7140217,Sư phạm Ngữ văn,C03,24.00,,THPTQG,2018,Chất lượng cao,daniele15,
HDT,7140217,Sư phạm Ngữ văn,C04,24.00,,THPTQG,2018,Chất lượng cao,daniele15,
HDT,7140217,Sư phạm Ngữ văn,D01,24.00,,THPTQG,2018,Chất lượng cao,daniele15,
HDT,7140217,Sư phạm Ngữ văn,C00,21.00,,THPTQG,2018,Cao đẳng,daniele15,
HDT,7140217,Sư phạm Ngữ văn,C03,21.00,,THPTQG,2018,Cao đẳng,daniele15,
HDT,7140217,Sư phạm Ngữ văn,C04,21.00,,THPTQG,2018,Cao đẳng,daniele15,
HDT,7140217,Sư phạm Ngữ văn,D01,21.00,,THPTQG,2018,Cao đẳng,daniele15,
HDT,7140218,Sư phạm Lịch sử,C00,24.00,,THPTQG,2018,Chất lượng cao,daniele15,
HDT,7140218,Sư phạm Lịch sử,C03,24.00,,THPTQG,2018,Chất lượng cao,daniele15,
HDT,7140218,Sư phạm Lịch sử,D14,24.00,,THPTQG,2018,Chất lượng cao,daniele15,
HDT,7140218,Sư phạm Lịch sử,C00,21.50,,THPTQG,2018,Hệ Đại học,daniele15,
HDT,7140218,Sư phạm Lịch sử,C03,21.50,,THPTQG,2018,Hệ Đại học,daniele15,
HDT,7140218,Sư phạm Lịch sử,D14,21.50,,THPTQG,2018,Hệ Đại học,daniele15,
HDT,7140219,Sư phạm Địa lý,A00,17.00,,THPTQG,2018,Cao đẳng,daniele15,
HDT,7140219,Sư phạm Địa lý,C00,17.00,,THPTQG,2018,Cao đẳng,daniele15,
HDT,7140219,Sư phạm Địa lý,C04,17.00,,THPTQG,2018,Cao đẳng,daniele15,
HDT,7140219,Sư phạm Địa lý,C20,17.00,,THPTQG,2018,Cao đẳng,daniele15,
HDT,7140231,Sư phạm Tiếng Anh,A01,17.00,,THPTQG,2018,,daniele15,
HDT,7140231,Sư phạm Tiếng Anh,D01,17.00,,THPTQG,2018,,daniele15,
HDT,7140231,Sư phạm Tiếng Anh,D90,17.00,,THPTQG,2018,,daniele15,
HDT,7140231,Sư phạm Tiếng Anh,D96,17.00,,THPTQG,2018,,daniele15,
HEH,7340301,Kế toán,A00,14.05,,THPTQG,2018,Hệ dân sự,daniele15,
HEH,7340301,Kế toán,A01,14.05,,THPTQG,2018,Hệ dân sự,daniele15,
HEH,7860218,Hậu cần quân sự,A00,21.90,,THPTQG,2018,"Thí sinh Nam miền BắcThí sinh mức 21,90 điểm: Tiêu chí phụ 1: Điểm môn Toán  ≥ 7,40.  Tiêu chí phụ 2: Điểm môn Lý  ≥ 7,00.",daniele15,
HEH,7860218,Hậu cần quân sự,A01,21.90,,THPTQG,2018,"Thí sinh Nam miền BắcThí sinh mức 21,90 điểm: Tiêu chí phụ 1: Điểm môn Toán  ≥ 7,40.  Tiêu chí phụ 2: Điểm môn Lý  ≥ 7,00.",daniele15,
HEH,7860218,Hậu cần quân sự,A00,19.65,,THPTQG,2018,"Thí sinh Nam miền NamThí sinh mức 19,65 điểm:  Điểm môn Toán  ≥ 6,60.",daniele15,
HEH,7860218,Hậu cần quân sự,A01,19.65,,THPTQG,2018,"Thí sinh Nam miền NamThí sinh mức 19,65 điểm:  Điểm môn Toán  ≥ 6,60.",daniele15,
HGM,7860229,Chỉ huy kỹ thuật Hoá học,A00,20.60,,THPTQG,2018,,daniele15,
HGM,7860229,Chỉ huy kỹ thuật Hoá học,A01,20.60,,THPTQG,2018,,daniele15,
HGM,7860229,Chỉ huy kỹ thuật Hoá học,A00,19.05,,THPTQG,2018,,daniele15,
HGM,7860229,Chỉ huy kỹ thuật Hoá học,A01,19.05,,THPTQG,2018,,daniele15,
HHA,7220201D124,Tiếng Anh thương mại,A01,25.00,,THPTQG,2018,Tiếng Anh hệ số 2,daniele15,
HHA,7220201D124,Tiếng Anh thương mại,D01,25.00,,THPTQG,2018,Tiếng Anh hệ số 2,daniele15,
HHA,7220201D124,Tiếng Anh thương mại,D10,25.00,,THPTQG,2018,Tiếng Anh hệ số 2,daniele15,
HHA,7220201D124,Tiếng Anh thương mại,D14,25.00,,THPTQG,2018,Tiếng Anh hệ số 2,daniele15,
HHA,7220201D125,Ngôn ngữ Anh,A01,25.50,,THPTQG,2018,Tiếng Anh hệ số 2,daniele15,
HHA,7220201D125,Ngôn ngữ Anh,D01,25.50,,THPTQG,2018,Tiếng Anh hệ số 2,daniele15,
HHA,7220201D125,Ngôn ngữ Anh,D10,25.50,,THPTQG,2018,Tiếng Anh hệ số 2,daniele15,
HHA,7220201D125,Ngôn ngữ Anh,D14,25.50,,THPTQG,2018,Tiếng Anh hệ số 2,daniele15,
HHA,7340101A403,Quản lý kinh doanh và marketing,A01,17.50,,THPTQG,2018,,daniele15,
HHA,7340101A403,Quản lý kinh doanh và marketing,D01,17.50,,THPTQG,2018,,daniele15,
HHA,7340101A403,Quản lý kinh doanh và marketing,D07,17.50,,THPTQG,2018,,daniele15,
HHA,7340101A403,Quản lý kinh doanh và marketing,D15,17.50,,THPTQG,2018,,daniele15,
HHA,7340101D403,Quản trị kinh doanh,A00,18.50,,THPTQG,2018,,daniele15,
HHA,7340101D403,Quản trị kinh doanh,A01,18.50,,THPTQG,2018,,daniele15,
HHA,7340101D403,Quản trị kinh doanh,C01,18.50,,THPTQG,2018,,daniele15,
HHA,7340101D403,Quản trị kinh doanh,D01,18.50,,THPTQG,2018,,daniele15,
HHA,7340101D404,Quản trị tài chính kế toán,A00,18.00,,THPTQG,2018,,daniele15,
HHA,7340101D404,Quản trị tài chính kế toán,A01,18.00,,THPTQG,2018,,daniele15,
HHA,7340101D404,Quản trị tài chính kế toán,C01,18.00,,THPTQG,2018,,daniele15,
HHA,7340101D404,Quản trị tài chính kế toán,D01,18.00,,THPTQG,2018,,daniele15,
HHA,7340101D411,Quản trị tài chính ngân hàng,A00,17.50,,THPTQG,2018,,daniele15,
HHA,7340101D411,Quản trị tài chính ngân hàng,A01,17.50,,THPTQG,2018,,daniele15,
HHA,7340101D411,Quản trị tài chính ngân hàng,C01,17.50,,THPTQG,2018,,daniele15,
HHA,7340101D411,Quản trị tài chính ngân hàng,D01,17.50,,THPTQG,2018,,daniele15,
HHA,7340120A409,Kinh doanh quốc tế và logistics,A01,18.50,,THPTQG,2018,,daniele15,
HHA,7340120A409,Kinh doanh quốc tế và logistics,D01,18.50,,THPTQG,2018,,daniele15,
HHA,7340120A409,Kinh doanh quốc tế và logistics,D07,18.50,,THPTQG,2018,,daniele15,
HHA,7340120A409,Kinh doanh quốc tế và logistics,D15,18.50,,THPTQG,2018,,daniele15,
HHA,7340120D402,Kinh tế,A00,20.50,,THPTQG,2018,Kinh tế ngoại thương,daniele15,
HHA,7340120D402,Kinh tế,A01,20.50,,THPTQG,2018,Kinh tế ngoại thương,daniele15,
HHA,7340120D402,Kinh tế,C01,20.50,,THPTQG,2018,Kinh tế ngoại thương,daniele15,
HHA,7340120D402,Kinh tế,D01,20.50,,THPTQG,2018,Kinh tế ngoại thương,daniele15,
HHA,7340120H402,Kinh tế,A00,16.00,,THPTQG,2018,Kinh tế ngoại thương (Chất lượng cao),daniele15,
HHA,7340120H402,Kinh tế,A01,16.00,,THPTQG,2018,Kinh tế ngoại thương (Chất lượng cao),daniele15,
HHA,7340120H402,Kinh tế,C01,16.00,,THPTQG,2018,Kinh tế ngoại thương (Chất lượng cao),daniele15,
HHA,7340120H402,Kinh tế,D01,16.00,,THPTQG,2018,Kinh tế ngoại thương (Chất lượng cao),daniele15,
HHA,7380101D120,Luật,A00,16.00,,THPTQG,2018,Luật hàng hải,daniele15,
HHA,7380101D120,Luật,A01,16.00,,THPTQG,2018,Luật hàng hải,daniele15,
HHA,7380101D120,Luật,C01,16.00,,THPTQG,2018,Luật hàng hải,daniele15,
HHA,7380101D120,Luật,D01,16.00,,THPTQG,2018,Luật hàng hải,daniele15,
HHA,7480201D114,Công nghệ thông tin,A00,18.50,,THPTQG,2018,,daniele15,
HHA,7480201D114,Công nghệ thông tin,A01,18.50,,THPTQG,2018,,daniele15,
HHA,7480201D114,Công nghệ thông tin,C01,18.50,,THPTQG,2018,,daniele15,
HHA,7480201D114,Công nghệ thông tin,D01,18.50,,THPTQG,2018,,daniele15,
HHA,7480201D118,Công nghệ phần mềm,A00,17.00,,THPTQG,2018,,daniele15,
HHA,7480201D118,Công nghệ phần mềm,A01,17.00,,THPTQG,2018,,daniele15,
HHA,7480201D118,Công nghệ phần mềm,C01,17.00,,THPTQG,2018,,daniele15,
HHA,7480201D118,Công nghệ phần mềm,D01,17.00,,THPTQG,2018,,daniele15,
HHA,7480201D119,Mạng máy tính và Truyền thông dữ liệu,A00,15.50,,THPTQG,2018,Kỹ thuật truyền thông và mạng máy tính,daniele15,
HHA,7480201D119,Mạng máy tính và Truyền thông dữ liệu,A01,15.50,,THPTQG,2018,Kỹ thuật truyền thông và mạng máy tính,daniele15,
HHA,7480201D119,Mạng máy tính và Truyền thông dữ liệu,C01,15.50,,THPTQG,2018,Kỹ thuật truyền thông và mạng máy tính,daniele15,
HHA,7480201D119,Mạng máy tính và Truyền thông dữ liệu,D01,15.50,,THPTQG,2018,Kỹ thuật truyền thông và mạng máy tính,daniele15,
HHA,7480201H114,Công nghệ thông tin,A00,14.00,,THPTQG,2018,Chất lượng cao,daniele15,
HHA,7480201H114,Công nghệ thông tin,A01,14.00,,THPTQG,2018,Chất lượng cao,daniele15,
HHA,7480201H114,Công nghệ thông tin,C01,14.00,,THPTQG,2018,Chất lượng cao,daniele15,
HHA,7480201H114,Công nghệ thông tin,D01,14.00,,THPTQG,2018,Chất lượng cao,daniele15,
HHA,7520103D109,Máy và tự động hóa xếp dỡ,A00,14.00,,THPTQG,2018,,daniele15,
HHA,7520103D109,Máy và tự động hóa xếp dỡ,A01,14.00,,THPTQG,2018,,daniele15,
HHA,7520103D109,Máy và tự động hóa xếp dỡ,C01,14.00,,THPTQG,2018,,daniele15,
HHA,7520103D109,Máy và tự động hóa xếp dỡ,D01,14.00,,THPTQG,2018,,daniele15,
HHA,7520103D116,Kỹ thuật cơ khí,A00,15.00,,THPTQG,2018,Chuyên ngành kỹ thuật cơ khí,daniele15,
HHA,7520103D116,Kỹ thuật cơ khí,A01,15.00,,THPTQG,2018,Chuyên ngành kỹ thuật cơ khí,daniele15,
HHA,7520103D116,Kỹ thuật cơ khí,C01,15.00,,THPTQG,2018,Chuyên ngành kỹ thuật cơ khí,daniele15,
HHA,7520103D116,Kỹ thuật cơ khí,D01,15.00,,THPTQG,2018,Chuyên ngành kỹ thuật cơ khí,daniele15,
HHA,7520103D117,Kỹ thuật cơ điện tử,A00,15.50,,THPTQG,2018,,daniele15,
HHA,7520103D117,Kỹ thuật cơ điện tử,A01,15.50,,THPTQG,2018,,daniele15,
HHA,7520103D117,Kỹ thuật cơ điện tử,C01,15.50,,THPTQG,2018,,daniele15,
HHA,7520103D117,Kỹ thuật cơ điện tử,D01,15.50,,THPTQG,2018,,daniele15,
HHA,7520103D122,Kỹ thuật ô tô,A00,17.25,,THPTQG,2018,,daniele15,
HHA,7520103D122,Kỹ thuật ô tô,A01,17.25,,THPTQG,2018,,daniele15,
HHA,7520103D122,Kỹ thuật ô tô,C01,17.25,,THPTQG,2018,,daniele15,
HHA,7520103D122,Kỹ thuật ô tô,D01,17.25,,THPTQG,2018,,daniele15,
HHA,7520103D123,Công nghệ Kỹ thuật Nhiệt (Cơ điện lạnh),A00,14.00,,THPTQG,2018,Nhiệt lạnh,daniele15,
HHA,7520103D123,Công nghệ Kỹ thuật Nhiệt (Cơ điện lạnh),A01,14.00,,THPTQG,2018,Nhiệt lạnh,daniele15,
HHA,7520103D123,Công nghệ Kỹ thuật Nhiệt (Cơ điện lạnh),C01,14.00,,THPTQG,2018,Nhiệt lạnh,daniele15,
HHA,7520103D123,Công nghệ Kỹ thuật Nhiệt (Cơ điện lạnh),D01,14.00,,THPTQG,2018,Nhiệt lạnh,daniele15,
HHA,7520103D128,Máy và tự động công nghiệp,A00,14.00,,THPTQG,2018,,daniele15,
HHA,7520103D128,Máy và tự động công nghiệp,A01,14.00,,THPTQG,2018,,daniele15,
HHA,7520103D128,Máy và tự động công nghiệp,C01,14.00,,THPTQG,2018,,daniele15,
HHA,7520103D128,Máy và tự động công nghiệp,D01,14.00,,THPTQG,2018,,daniele15,
HHA,7520122D106,Máy tàu thủy,A00,14.00,,THPTQG,2018,,daniele15,
HHA,7520122D106,Máy tàu thủy,A01,14.00,,THPTQG,2018,,daniele15,
HHA,7520122D106,Máy tàu thủy,C01,14.00,,THPTQG,2018,,daniele15,
HHA,7520122D106,Máy tàu thủy,D01,14.00,,THPTQG,2018,,daniele15,
HHA,7520122D107,Thiết kế tàu và công trình ngoài khơi,A00,14.00,,THPTQG,2018,,daniele15,
HHA,7520122D107,Thiết kế tàu và công trình ngoài khơi,A01,14.00,,THPTQG,2018,,daniele15,
HHA,7520122D107,Thiết kế tàu và công trình ngoài khơi,C01,14.00,,THPTQG,2018,,daniele15,
HHA,7520122D107,Thiết kế tàu và công trình ngoài khơi,D01,14.00,,THPTQG,2018,,daniele15,
HHA,7520122D108,Đóng tàu và công trình ngoài khơi,A00,14.00,,THPTQG,2018,,daniele15,
HHA,7520122D108,Đóng tàu và công trình ngoài khơi,A01,14.00,,THPTQG,2018,,daniele15,
HHA,7520122D108,Đóng tàu và công trình ngoài khơi,C01,14.00,,THPTQG,2018,,daniele15,
HHA,7520122D108,Đóng tàu và công trình ngoài khơi,D01,14.00,,THPTQG,2018,,daniele15,
HHA,7520207D104,Điện tử viễn thông,A00,14.00,,THPTQG,2018,,daniele15,
HHA,7520207D104,Điện tử viễn thông,A01,14.00,,THPTQG,2018,,daniele15,
HHA,7520207D104,Điện tử viễn thông,C01,14.00,,THPTQG,2018,,daniele15,
HHA,7520207D104,Điện tử viễn thông,D01,14.00,,THPTQG,2018,,daniele15,
HHA,7520216D103,Điện tự động tàu thủy,A00,14.00,,THPTQG,2018,,daniele15,
HHA,7520216D103,Điện tự động tàu thủy,A01,14.00,,THPTQG,2018,,daniele15,
HHA,7520216D103,Điện tự động tàu thủy,C01,14.00,,THPTQG,2018,,daniele15,
HHA,7520216D103,Điện tự động tàu thủy,D01,14.00,,THPTQG,2018,,daniele15,
HHA,7520216D105,Điện tự động công nghiệp,A00,17.50,,THPTQG,2018,,daniele15,
HHA,7520216D105,Điện tự động công nghiệp,A01,17.50,,THPTQG,2018,,daniele15,
HHA,7520216D105,Điện tự động công nghiệp,C01,17.50,,THPTQG,2018,,daniele15,
HHA,7520216D105,Điện tự động công nghiệp,D01,17.50,,THPTQG,2018,,daniele15,
HHA,7520216D121,Tự động hóa hệ thống điện,A00,14.00,,THPTQG,2018,,daniele15,
HHA,7520216D121,Tự động hóa hệ thống điện,A01,14.00,,THPTQG,2018,,daniele15,
HHA,7520216D121,Tự động hóa hệ thống điện,C01,14.00,,THPTQG,2018,,daniele15,
HHA,7520216D121,Tự động hóa hệ thống điện,D01,14.00,,THPTQG,2018,,daniele15,
HHA,7520216H105,Điện tự động công nghiệp,A00,14.00,,THPTQG,2018,Chất lượng cao,daniele15,
HHA,7520216H105,Điện tự động công nghiệp,A01,14.00,,THPTQG,2018,Chất lượng cao,daniele15,
HHA,7520216H105,Điện tự động công nghiệp,C01,14.00,,THPTQG,2018,Chất lượng cao,daniele15,
HHA,7520216H105,Điện tự động công nghiệp,D01,14.00,,THPTQG,2018,Chất lượng cao,daniele15,
HHA,7520320D115,Kỹ thuật môi trường,A00,14.00,,THPTQG,2018,Chuyên ngành kỹ thuật môi trường,daniele15,
HHA,7520320D115,Kỹ thuật môi trường,A01,14.00,,THPTQG,2018,Chuyên ngành kỹ thuật môi trường,daniele15,
HHA,7520320D115,Kỹ thuật môi trường,C01,14.00,,THPTQG,2018,Chuyên ngành kỹ thuật môi trường,daniele15,
HHA,7520320D115,Kỹ thuật môi trường,D01,14.00,,THPTQG,2018,Chuyên ngành kỹ thuật môi trường,daniele15,
HHA,7520320D126,Kỹ thuật công nghệ hóa học,A00,14.00,,THPTQG,2018,,daniele15,
HHA,7520320D126,Kỹ thuật công nghệ hóa học,A01,14.00,,THPTQG,2018,,daniele15,
HHA,7520320D126,Kỹ thuật công nghệ hóa học,C01,14.00,,THPTQG,2018,,daniele15,
HHA,7520320D126,Kỹ thuật công nghệ hóa học,D01,14.00,,THPTQG,2018,,daniele15,
HHA,7580201D112,Xây dựng dân dụng và công nghiệp,V00,14.00,,THPTQG,2018,Vẽ Mỹ Thuật hệ số 2,daniele15,
HHA,7580201D112,Xây dựng dân dụng và công nghiệp,V01,14.00,,THPTQG,2018,Vẽ Mỹ Thuật hệ số 2,daniele15,
HHA,7580201D112,Xây dựng dân dụng và công nghiệp,V02,14.00,,THPTQG,2018,Vẽ Mỹ Thuật hệ số 2,daniele15,
HHA,7580201D112,Xây dựng dân dụng và công nghiệp,V03,14.00,,THPTQG,2018,Vẽ Mỹ Thuật hệ số 2,daniele15,
HHA,7580201D127,Kiến trúc và nội thất,V00,20.00,,THPTQG,2018,Vẽ Mỹ thuật hệ số 2,daniele15,
HHA,7580201D127,Kiến trúc và nội thất,V01,20.00,,THPTQG,2018,Vẽ Mỹ thuật hệ số 2,daniele15,
HHA,7580201D127,Kiến trúc và nội thất,V02,20.00,,THPTQG,2018,Vẽ Mỹ thuật hệ số 2,daniele15,
HHA,7580201D127,Kiến trúc và nội thất,V03,20.00,,THPTQG,2018,Vẽ Mỹ thuật hệ số 2,daniele15,
HHA,7580203D110,Xây dựng công trình thủy,A00,14.00,,THPTQG,2018,,daniele15,
HHA,7580203D110,Xây dựng công trình thủy,A01,14.00,,THPTQG,2018,,daniele15,
HHA,7580203D110,Xây dựng công trình thủy,C01,14.00,,THPTQG,2018,,daniele15,
HHA,7580203D110,Xây dựng công trình thủy,D01,14.00,,THPTQG,2018,,daniele15,
HHA,7580203D111,Kỹ thuật an toàn hàng hải,A00,14.00,,THPTQG,2018,,daniele15,
HHA,7580203D111,Kỹ thuật an toàn hàng hải,A01,14.00,,THPTQG,2018,,daniele15,
HHA,7580203D111,Kỹ thuật an toàn hàng hải,C01,14.00,,THPTQG,2018,,daniele15,
HHA,7580203D111,Kỹ thuật an toàn hàng hải,D01,14.00,,THPTQG,2018,,daniele15,
HHA,7580205D113,Kỹ thuật cầu đường,A00,14.00,,THPTQG,2018,,daniele15,
HHA,7580205D113,Kỹ thuật cầu đường,A01,14.00,,THPTQG,2018,,daniele15,
HHA,7580205D113,Kỹ thuật cầu đường,C01,14.00,,THPTQG,2018,,daniele15,
HHA,7580205D113,Kỹ thuật cầu đường,D01,14.00,,THPTQG,2018,,daniele15,
HHA,7720101,Y khoa,B00,20.75,,THPTQG,2018,,daniele15,
HHA,7720101,Y khoa,B00,16.50,,THPTQG,2018,Liên thông môn Sinh×2,daniele15,
HHA,7720110,Y học dự phòng,B00,16.00,,THPTQG,2018,,daniele15,
HHA,7720201,Dược học,B00,19.25,,THPTQG,2018,,daniele15,
HHA,7720201,Dược học,B00,16.75,,THPTQG,2018,,daniele15,
HHA,7720601,Kỹ thuật xét nghiệm y học,B00,18.00,,THPTQG,2018,,daniele15,
HHA,7720701,Y tế công cộng,B00,18.50,,THPTQG,2018,,daniele15,
HHA,7840104A408,Kinh tế,A01,16.00,,THPTQG,2018,Kinh tế Hàng hải,daniele15,
HHA,7840104A408,Kinh tế,D01,16.00,,THPTQG,2018,Kinh tế Hàng hải,daniele15,
HHA,7840104A408,Kinh tế,D07,16.00,,THPTQG,2018,Kinh tế Hàng hải,daniele15,
HHA,7840104A408,Kinh tế,D15,16.00,,THPTQG,2018,Kinh tế Hàng hải,daniele15,
HHA,7840104D401,Kinh tế,A00,19.00,,THPTQG,2018,Kinh tế vận tải biển,daniele15,
HHA,7840104D401,Kinh tế,A01,19.00,,THPTQG,2018,Kinh tế vận tải biển,daniele15,
HHA,7840104D401,Kinh tế,C01,19.00,,THPTQG,2018,Kinh tế vận tải biển,daniele15,
HHA,7840104D401,Kinh tế,D01,19.00,,THPTQG,2018,Kinh tế vận tải biển,daniele15,
HHA,7840104D407,Logistics và Quản lý chuỗi cung ứng,A00,20.00,,THPTQG,2018,Logistics và chuỗi cung ứng,daniele15,
HHA,7840104D407,Logistics và Quản lý chuỗi cung ứng,A01,20.00,,THPTQG,2018,Logistics và chuỗi cung ứng,daniele15,
HHA,7840104D407,Logistics và Quản lý chuỗi cung ứng,C01,20.00,,THPTQG,2018,Logistics và chuỗi cung ứng,daniele15,
HHA,7840104D407,Logistics và Quản lý chuỗi cung ứng,D01,20.00,,THPTQG,2018,Logistics và chuỗi cung ứng,daniele15,
HHA,7840104D410,Kinh tế,A00,17.50,,THPTQG,2018,Kinh tế vận tải thủy,daniele15,
HHA,7840104D410,Kinh tế,A01,17.50,,THPTQG,2018,Kinh tế vận tải thủy,daniele15,
HHA,7840104D410,Kinh tế,C01,17.50,,THPTQG,2018,Kinh tế vận tải thủy,daniele15,
HHA,7840104D410,Kinh tế,D01,17.50,,THPTQG,2018,Kinh tế vận tải thủy,daniele15,
HHA,7840104H401,Kinh tế,A00,14.50,,THPTQG,2018,Kinh tế vận tải biển (Chất lượng cao),daniele15,
HHA,7840104H401,Kinh tế,A01,14.50,,THPTQG,2018,Kinh tế vận tải biển (Chất lượng cao),daniele15,
HHA,7840104H401,Kinh tế,C01,14.50,,THPTQG,2018,Kinh tế vận tải biển (Chất lượng cao),daniele15,
HHA,7840104H401,Kinh tế,D01,14.50,,THPTQG,2018,Kinh tế vận tải biển (Chất lượng cao),daniele15,
HHA,7840106D101,Điều khiển tàu biển,A00,14.50,,THPTQG,2018,,daniele15,
HHA,7840106D101,Điều khiển tàu biển,A01,14.50,,THPTQG,2018,,daniele15,
HHA,7840106D101,Điều khiển tàu biển,C01,14.50,,THPTQG,2018,,daniele15,
HHA,7840106D101,Điều khiển tàu biển,D01,14.50,,THPTQG,2018,,daniele15,
HHA,7840106D102,Khai thác máy tàu biển,A00,14.00,,THPTQG,2018,,daniele15,
HHA,7840106D102,Khai thác máy tàu biển,A01,14.00,,THPTQG,2018,,daniele15,
HHA,7840106D102,Khai thác máy tàu biển,C01,14.00,,THPTQG,2018,,daniele15,
HHA,7840106D102,Khai thác máy tàu biển,D01,14.00,,THPTQG,2018,,daniele15,
HHK,7340101,Quản trị kinh doanh,A00,19.00,,THPTQG,2018,,daniele15,
HHK,7340101,Quản trị kinh doanh,A01,19.00,,THPTQG,2018,,daniele15,
HHK,7340101,Quản trị kinh doanh,D01,19.00,,THPTQG,2018,,daniele15,
HHK,7340101,Quản trị kinh doanh,D96,19.00,,THPTQG,2018,,daniele15,
HHK,7510302,Công nghệ kỹ thuật điện tử - viễn thông,A00,18.00,,THPTQG,2018,,daniele15,
HHK,7510302,Công nghệ kỹ thuật điện tử - viễn thông,A01,18.00,,THPTQG,2018,,daniele15,
HHK,7510302,Công nghệ kỹ thuật điện tử - viễn thông,D01,18.00,,THPTQG,2018,,daniele15,
HHK,7510302,Công nghệ kỹ thuật điện tử - viễn thông,D90,18.00,,THPTQG,2018,,daniele15,
HHK,7520120,Kỹ thuật Hàng không,A00,19.80,,THPTQG,2018,,daniele15,
HHK,7520120,Kỹ thuật Hàng không,A01,19.80,,THPTQG,2018,,daniele15,
HHK,7520120,Kỹ thuật Hàng không,D90,19.80,,THPTQG,2018,,daniele15,
HHK,7840102,Quản lý hoạt động bay,A00,21.85,,THPTQG,2018,,daniele15,
HHK,7840102,Quản lý hoạt động bay,A01,21.85,,THPTQG,2018,,daniele15,
HHK,7840102,Quản lý hoạt động bay,D01,21.85,,THPTQG,2018,,daniele15,
HHK,7840102,Quản lý hoạt động bay,D90,21.85,,THPTQG,2018,,daniele15,
HNM,51140201,Giáo dục Mầm non,,29.52,,THPTQG,2018,TTNV ≤1Cao đẳng,daniele15,
HNM,51140202,Giáo dục Tiểu học,D01,22.20,,THPTQG,2018,TTNV ≤3Hệ cao đẳng,daniele15,
HNM,51140202,Giáo dục Tiểu học,D72,22.20,,THPTQG,2018,TTNV ≤3Hệ cao đẳng,daniele15,
HNM,51140202,Giáo dục Tiểu học,D96,22.20,,THPTQG,2018,TTNV ≤3Hệ cao đẳng,daniele15,
HNM,51140206,Giáo dục Thể chất,T03,27.42,,THPTQG,2018,Cao đẳngTTNV ≤1,daniele15,
HNM,51140209,Sư phạm Toán học,A00,20.68,,THPTQG,2018,TTNV ≤4Hệ cao đẳng,daniele15,
HNM,51140209,Sư phạm Toán học,A01,20.68,,THPTQG,2018,TTNV ≤4Hệ cao đẳng,daniele15,
HNM,51140209,Sư phạm Toán học,D07,20.68,,THPTQG,2018,TTNV ≤4Hệ cao đẳng,daniele15,
HNM,51140209,Sư phạm Toán học,D90,20.68,,THPTQG,2018,TTNV ≤4Hệ cao đẳng,daniele15,
HNM,51140213,Sư phạm Sinh học,A00,22.83,,THPTQG,2018,TTNV ≤4Hệ cao đẳng,daniele15,
HNM,51140213,Sư phạm Sinh học,B00,22.83,,THPTQG,2018,TTNV ≤4Hệ cao đẳng,daniele15,
HNM,51140213,Sư phạm Sinh học,D08,22.83,,THPTQG,2018,TTNV ≤4Hệ cao đẳng,daniele15,
HNM,51140213,Sư phạm Sinh học,D90,22.83,,THPTQG,2018,TTNV ≤4Hệ cao đẳng,daniele15,
HNM,51140217,Sư phạm Ngữ văn,C00,24.47,,THPTQG,2018,TTNV ≤ 4Hệ cao đẳng,daniele15,
HNM,51140217,Sư phạm Ngữ văn,D14,24.47,,THPTQG,2018,TTNV ≤ 4Hệ cao đẳng,daniele15,
HNM,51140217,Sư phạm Ngữ văn,D15,24.47,,THPTQG,2018,TTNV ≤ 4Hệ cao đẳng,daniele15,
HNM,51140217,Sư phạm Ngữ văn,D78,24.47,,THPTQG,2018,TTNV ≤ 4Hệ cao đẳng,daniele15,
HNM,51140219,Sư phạm Địa lý,C00,20.50,,THPTQG,2018,TTNV ≤ 3Hệ cao đẳng,daniele15,
HNM,51140219,Sư phạm Địa lý,C15,20.50,,THPTQG,2018,TTNV ≤ 3Hệ cao đẳng,daniele15,
HNM,51140219,Sư phạm Địa lý,D15,20.50,,THPTQG,2018,TTNV ≤ 3Hệ cao đẳng,daniele15,
HNM,51140219,Sư phạm Địa lý,D78,20.50,,THPTQG,2018,TTNV ≤ 3Hệ cao đẳng,daniele15,
HNM,7140114,Quản lý giáo dục,C00,21.25,,THPTQG,2018,TTNV ≤ 4Hệ đại học,daniele15,
HNM,7140114,Quản lý giáo dục,D14,21.25,,THPTQG,2018,TTNV ≤ 4Hệ đại học,daniele15,
HNM,7140114,Quản lý giáo dục,D15,21.25,,THPTQG,2018,TTNV ≤ 4Hệ đại học,daniele15,
HNM,7140114,Quản lý giáo dục,D78,21.25,,THPTQG,2018,TTNV ≤ 4Hệ đại học,daniele15,
HNM,7140201,Giáo dục Mầm non,,37.58,40,THPTQG,2018,TTNV ≤ 1Hệ đại học | thang 40 (suy ra),daniele15,
HNM,7140202,Giáo dục Tiểu học,D01,25.25,,THPTQG,2018,TTNV ≤ 8Hệ đại học,daniele15,
HNM,7140202,Giáo dục Tiểu học,D72,25.25,,THPTQG,2018,TTNV ≤ 8Hệ đại học,daniele15,
HNM,7140202,Giáo dục Tiểu học,D96,25.25,,THPTQG,2018,TTNV ≤ 8Hệ đại học,daniele15,
HNM,7140203,Giáo dục Đặc biệt,C00,21.58,,THPTQG,2018,TTNV ≤ 1Hệ đại học,daniele15,
HNM,7140203,Giáo dục Đặc biệt,D14,21.58,,THPTQG,2018,TTNV ≤ 1Hệ đại học,daniele15,
HNM,7140203,Giáo dục Đặc biệt,D15,21.58,,THPTQG,2018,TTNV ≤ 1Hệ đại học,daniele15,
HNM,7140203,Giáo dục Đặc biệt,D78,21.58,,THPTQG,2018,TTNV ≤ 1Hệ đại học,daniele15,
HNM,7140204,Giáo dục Công dân,C00,22.58,,THPTQG,2018,TTNV ≤5Hệ đại học,daniele15,
HNM,7140204,Giáo dục Công dân,C19,22.58,,THPTQG,2018,TTNV ≤5Hệ đại học,daniele15,
HNM,7140204,Giáo dục Công dân,D66,22.58,,THPTQG,2018,TTNV ≤5Hệ đại học,daniele15,
HNM,7140204,Giáo dục Công dân,D78,22.58,,THPTQG,2018,TTNV ≤5Hệ đại học,daniele15,
HNM,7140209,Sư phạm Toán học,A00,26.58,,THPTQG,2018,TTNV ≤1Hệ đại học,daniele15,
HNM,7140209,Sư phạm Toán học,A01,26.58,,THPTQG,2018,TTNV ≤1Hệ đại học,daniele15,
HNM,7140209,Sư phạm Toán học,D07,26.58,,THPTQG,2018,TTNV ≤1Hệ đại học,daniele15,
HNM,7140209,Sư phạm Toán học,D90,26.58,,THPTQG,2018,TTNV ≤1Hệ đại học,daniele15,
HNM,7140211,Sư phạm Vật lý,A00,23.03,,THPTQG,2018,TTNV ≤2Hệ đại học,daniele15,
HNM,7140211,Sư phạm Vật lý,A01,23.03,,THPTQG,2018,TTNV ≤2Hệ đại học,daniele15,
HNM,7140211,Sư phạm Vật lý,A02,23.03,,THPTQG,2018,TTNV ≤2Hệ đại học,daniele15,
HNM,7140211,Sư phạm Vật lý,D90,23.03,,THPTQG,2018,TTNV ≤2Hệ đại học,daniele15,
HNM,7140217,Sư phạm Ngữ văn,C00,28.67,,THPTQG,2018,TTNV ≤1Hệ đại học,daniele15,
HNM,7140217,Sư phạm Ngữ văn,D14,28.67,,THPTQG,2018,TTNV ≤1Hệ đại học,daniele15,
HNM,7140217,Sư phạm Ngữ văn,D15,28.67,,THPTQG,2018,TTNV ≤1Hệ đại học,daniele15,
HNM,7140217,Sư phạm Ngữ văn,D78,28.67,,THPTQG,2018,TTNV ≤1Hệ đại học,daniele15,
HNM,7140218,Sư phạm Lịch sử,C00,21.33,,THPTQG,2018,TTNV ≤1Hệ đại học,daniele15,
HNM,7140218,Sư phạm Lịch sử,C19,21.33,,THPTQG,2018,TTNV ≤1Hệ đại học,daniele15,
HNM,7140218,Sư phạm Lịch sử,D14,21.33,,THPTQG,2018,TTNV ≤1Hệ đại học,daniele15,
HNM,7140218,Sư phạm Lịch sử,D78,21.33,,THPTQG,2018,TTNV ≤1Hệ đại học,daniele15,
HNM,7220201,Ngôn ngữ Anh,D01,27.80,,THPTQG,2018,Đại họcTTNV ≤1,daniele15,
HNM,7220201,Ngôn ngữ Anh,D14,27.80,,THPTQG,2018,Đại họcTTNV ≤1,daniele15,
HNM,7220201,Ngôn ngữ Anh,D15,27.80,,THPTQG,2018,Đại họcTTNV ≤1,daniele15,
HNM,7220201,Ngôn ngữ Anh,D78,27.80,,THPTQG,2018,Đại họcTTNV ≤1,daniele15,
HNM,7220204,Ngôn ngữ Trung Quốc,D01,27.02,,THPTQG,2018,TTNV ≤2,daniele15,
HNM,7220204,Ngôn ngữ Trung Quốc,D14,27.02,,THPTQG,2018,TTNV ≤2,daniele15,
HNM,7220204,Ngôn ngữ Trung Quốc,D15,27.02,,THPTQG,2018,TTNV ≤2,daniele15,
HNM,7220204,Ngôn ngữ Trung Quốc,D78,27.02,,THPTQG,2018,TTNV ≤2,daniele15,
HNM,7310201,Chính trị học,C00,19.83,,THPTQG,2018,TTNV ≤2,daniele15,
HNM,7310201,Chính trị học,C19,19.83,,THPTQG,2018,TTNV ≤2,daniele15,
HNM,7310201,Chính trị học,D66,19.83,,THPTQG,2018,TTNV ≤2,daniele15,
HNM,7310201,Chính trị học,D78,19.83,,THPTQG,2018,TTNV ≤2,daniele15,
HNM,7310630,Việt Nam học,C00,22.58,,THPTQG,2018,TTNV ≤9,daniele15,
HNM,7310630,Việt Nam học,D14,22.58,,THPTQG,2018,TTNV ≤9,daniele15,
HNM,7310630,Việt Nam học,D15,22.58,,THPTQG,2018,TTNV ≤9,daniele15,
HNM,7310630,Việt Nam học,D78,22.58,,THPTQG,2018,TTNV ≤9,daniele15,
HNM,7340101,Quản trị kinh doanh,A00,25.85,,THPTQG,2018,TTNV ≤5,daniele15,
HNM,7340101,Quản trị kinh doanh,D01,25.85,,THPTQG,2018,TTNV ≤5,daniele15,
HNM,7340101,Quản trị kinh doanh,D78,25.85,,THPTQG,2018,TTNV ≤5,daniele15,
HNM,7340101,Quản trị kinh doanh,D90,25.85,,THPTQG,2018,TTNV ≤5,daniele15,
HNM,7380101,Luật,C00,29.28,,THPTQG,2018,TTNV ≤2,daniele15,
HNM,7380101,Luật,D66,29.28,,THPTQG,2018,TTNV ≤2,daniele15,
HNM,7380101,Luật,D78,29.28,,THPTQG,2018,TTNV ≤2,daniele15,
HNM,7380101,Luật,D90,29.28,,THPTQG,2018,TTNV ≤2,daniele15,
HNM,7460112,Toán ứng dụng,A00,20.95,,THPTQG,2018,TTNV ≤8,daniele15,
HNM,7460112,Toán ứng dụng,A01,20.95,,THPTQG,2018,TTNV ≤8,daniele15,
HNM,7460112,Toán ứng dụng,D07,20.95,,THPTQG,2018,TTNV ≤8,daniele15,
HNM,7460112,Toán ứng dụng,D90,20.95,,THPTQG,2018,TTNV ≤8,daniele15,
HNM,7480201,Công nghệ thông tin,A01,23.93,,THPTQG,2018,TTNV ≤4,daniele15,
HNM,7480201,Công nghệ thông tin,D00,23.93,,THPTQG,2018,TTNV ≤4,daniele15,
HNM,7480201,Công nghệ thông tin,D01,23.93,,THPTQG,2018,TTNV ≤4,daniele15,
HNM,7480201,Công nghệ thông tin,D90,23.93,,THPTQG,2018,TTNV ≤4,daniele15,
HNM,7510406,Công nghệ kỹ thuật môi trường,A02,20.52,,THPTQG,2018,TTNV ≤4,daniele15,
HNM,7510406,Công nghệ kỹ thuật môi trường,B00,20.52,,THPTQG,2018,TTNV ≤4,daniele15,
HNM,7510406,Công nghệ kỹ thuật môi trường,D07,20.52,,THPTQG,2018,TTNV ≤4,daniele15,
HNM,7510406,Công nghệ kỹ thuật môi trường,D08,20.52,,THPTQG,2018,TTNV ≤4,daniele15,
HNM,7510605,Logistics và Quản lý chuỗi cung ứng,A00,23.83,,THPTQG,2018,TTNV ≤1,daniele15,
HNM,7510605,Logistics và Quản lý chuỗi cung ứng,D01,23.83,,THPTQG,2018,TTNV ≤1,daniele15,
HNM,7510605,Logistics và Quản lý chuỗi cung ứng,D78,23.83,,THPTQG,2018,TTNV ≤1,daniele15,
HNM,7510605,Logistics và Quản lý chuỗi cung ứng,D90,23.83,,THPTQG,2018,TTNV ≤1,daniele15,
HNM,7720101,Y khoa,B00,24.75,,THPTQG,2018,"Thí sinh có cùng mức  24.75 điểm xét trúng tuyển theo tiêu chí: Điểm ngoại ngữ (tiếng Anh, tiếng Pháp) cao hơn và đăng kí nguyện vọng 1",daniele15,
HNM,7720101_YHT,Y Đa Khoa,B00,22.10,,THPTQG,2018,"Phân hiệu Thanh HóaThí sinh có cùng mức  22.1 điểm xét trúng tuyển theo tiêu chí: Điểm ngoại ngữ (tiếng Anh, tiếng Pháp) cao hơn và đăng kí nguyện vọng 1",daniele15,
HNM,7720110,Y học dự phòng,B00,20.00,,THPTQG,2018,"Thí sinh có cùng mức  20.00 điểm xét trúng tuyển theo tiêu chí: Điểm ngoại ngữ (tiếng Anh, tiếng Pháp) cao hơn và đăng kí nguyện vọng 1",daniele15,
HNM,7720115,Y học cổ truyền,B00,21.85,,THPTQG,2018,"Thí sinh có cùng mức  21.85 điểm xét trúng tuyển theo tiêu chí: Điểm ngoại ngữ (tiếng Anh, tiếng Pháp) cao hơn và đăng kí nguyện vọng 1",daniele15,
HNM,7720301,Điều dưỡng,B00,21.25,,THPTQG,2018,"Thí sinh có cùng mức  21.25 điểm xét trúng tuyển theo tiêu chí: Điểm ngoại ngữ (tiếng Anh, tiếng Pháp) cao hơn và đăng kí nguyện vọng 1",daniele15,
HNM,7720401,Dinh dưỡng,B00,19.65,,THPTQG,2018,"Thí sinh có cùng mức 19.65 điểm xét trúng tuyển theo tiêu chí: Điểm ngoại ngữ (tiếng Anh, tiếng Pháp) cao hơn và đăng kí nguyện vọng 1",daniele15,
HNM,7720501,Răng - Hàm - Mặt,B00,24.30,,THPTQG,2018,"Thí sinh có cùng mức  24.3 điểm xét trúng tuyển theo tiêu chí: Điểm ngoại ngữ (tiếng Anh, tiếng Pháp) cao hơn và đăng kí nguyện vọng 1",daniele15,
HNM,7720601,Kỹ thuật xét nghiệm y học,B00,21.55,,THPTQG,2018,"Thí sinh có cùng mức  21.55 điểm xét trúng tuyển theo tiêu chí: Điểm ngoại ngữ (tiếng Anh, tiếng Pháp) cao hơn và đăng kí nguyện vọng 1",daniele15,
HNM,7720699,Khúc xạ nhãn khoa,B00,21.60,,THPTQG,2018,"Thí sinh có cùng mức  21.6 điểm xét trúng tuyển theo tiêu chí: Điểm ngoại ngữ (tiếng Anh, tiếng Pháp) cao hơn và đăng kí nguyện vọng 1",daniele15,
HNM,7720701,Y tế công cộng,B00,18.10,,THPTQG,2018,"Thí sinh có cùng mức  18.1 điểm xét trúng tuyển theo tiêu chí: Điểm ngoại ngữ (tiếng Anh, tiếng Pháp) cao hơn và đăng kí nguyện vọng 1",daniele15,
HNM,7760101,Công tác xã hội,C00,22.25,,THPTQG,2018,TTNV ≤5,daniele15,
HNM,7760101,Công tác xã hội,D01,22.25,,THPTQG,2018,TTNV ≤5,daniele15,
HNM,7760101,Công tác xã hội,D66,22.25,,THPTQG,2018,TTNV ≤5,daniele15,
HNM,7760101,Công tác xã hội,D78,22.25,,THPTQG,2018,TTNV ≤5,daniele15,
HNM,7810103,Quản trị dịch vụ du lịch và lữ hành,C00,30.42,40,THPTQG,2018,TTNV ≤2 | thang 40 (suy ra),daniele15,
HNM,7810103,Quản trị dịch vụ du lịch và lữ hành,D14,30.42,40,THPTQG,2018,TTNV ≤2 | thang 40 (suy ra),daniele15,
HNM,7810103,Quản trị dịch vụ du lịch và lữ hành,D15,30.42,40,THPTQG,2018,TTNV ≤2 | thang 40 (suy ra),daniele15,
HNM,7810103,Quản trị dịch vụ du lịch và lữ hành,D78,30.42,40,THPTQG,2018,TTNV ≤2 | thang 40 (suy ra),daniele15,
HNM,7810201,Quản trị khách sạn,C00,30.75,40,THPTQG,2018,TTNV ≤2 | thang 40 (suy ra),daniele15,
HNM,7810201,Quản trị khách sạn,D14,30.75,40,THPTQG,2018,TTNV ≤2 | thang 40 (suy ra),daniele15,
HNM,7810201,Quản trị khách sạn,D15,30.75,40,THPTQG,2018,TTNV ≤2 | thang 40 (suy ra),daniele15,
HNM,7810201,Quản trị khách sạn,D78,30.75,40,THPTQG,2018,TTNV ≤2 | thang 40 (suy ra),daniele15,
HNM,SI 140210,Sư phạm Tin học,A00,20.23,,THPTQG,2018,Cao đẳngTTNV ≤2,daniele15,
HNM,SI 140210,Sư phạm Tin học,A01,20.23,,THPTQG,2018,Cao đẳngTTNV ≤2,daniele15,
HNM,SI 140210,Sư phạm Tin học,D01,20.23,,THPTQG,2018,Cao đẳngTTNV ≤2,daniele15,
HNM,SI 140210,Sư phạm Tin học,D90,20.23,,THPTQG,2018,Cao đẳngTTNV ≤2,daniele15,
HNM,SI 140212,Sư phạm Hóa học,A00,21.23,,THPTQG,2018,TTNV ≤2Hệ cao đẳng,daniele15,
HNM,SI 140212,Sư phạm Hóa học,B00,21.23,,THPTQG,2018,TTNV ≤2Hệ cao đẳng,daniele15,
HNM,SI 140212,Sư phạm Hóa học,D07,21.23,,THPTQG,2018,TTNV ≤2Hệ cao đẳng,daniele15,
HNM,SI 140212,Sư phạm Hóa học,D90,21.23,,THPTQG,2018,TTNV ≤2Hệ cao đẳng,daniele15,
HNM,SI 140231,Sư phạm Tiếng Anh,D01,25.05,,THPTQG,2018,TTNV ≤ 5Hệ cao đẳng,daniele15,
HNM,SI 140231,Sư phạm Tiếng Anh,D14,25.05,,THPTQG,2018,TTNV ≤ 5Hệ cao đẳng,daniele15,
HNM,SI 140231,Sư phạm Tiếng Anh,D15,25.05,,THPTQG,2018,TTNV ≤ 5Hệ cao đẳng,daniele15,
HNM,SI 140231,Sư phạm Tiếng Anh,D78,25.05,,THPTQG,2018,TTNV ≤ 5Hệ cao đẳng,daniele15,
HPN,7320104,Truyền thông đa phương tiện,A00,18.50,,THPTQG,2018,,daniele15,
HPN,7320104,Truyền thông đa phương tiện,A01,18.50,,THPTQG,2018,,daniele15,
HPN,7320104,Truyền thông đa phương tiện,D01,18.50,,THPTQG,2018,,daniele15,
HPN,7320104,Truyền thông đa phương tiện,A00,17.50,,THPTQG,2018,,daniele15,
HPN,7320104,Truyền thông đa phương tiện,A01,17.50,,THPTQG,2018,,daniele15,
HPN,7320104,Truyền thông đa phương tiện,D01,17.50,,THPTQG,2018,,daniele15,
HPN,7340101,Quản trị kinh doanh,A00,19.00,,THPTQG,2018,,daniele15,
HPN,7340101,Quản trị kinh doanh,A01,19.00,,THPTQG,2018,,daniele15,
HPN,7340101,Quản trị kinh doanh,D01,19.00,,THPTQG,2018,,daniele15,
HPN,7340101,Quản trị kinh doanh,A00,18.00,,THPTQG,2018,,daniele15,
HPN,7340101,Quản trị kinh doanh,A01,18.00,,THPTQG,2018,,daniele15,
HPN,7340101,Quản trị kinh doanh,D01,18.00,,THPTQG,2018,,daniele15,
HPN,7340103,Quản trị dịch vụ du lịch và lữ hành,A00,20.00,,THPTQG,2018,,daniele15,
HPN,7340103,Quản trị dịch vụ du lịch và lữ hành,A01,20.00,,THPTQG,2018,,daniele15,
HPN,7340103,Quản trị dịch vụ du lịch và lữ hành,C00,20.00,,THPTQG,2018,,daniele15,
HPN,7340103,Quản trị dịch vụ du lịch và lữ hành,D01,20.00,,THPTQG,2018,,daniele15,
HPN,7340103,Quản trị dịch vụ du lịch và lữ hành,A00,19.00,,THPTQG,2018,,daniele15,
HPN,7340103,Quản trị dịch vụ du lịch và lữ hành,A01,19.00,,THPTQG,2018,,daniele15,
HPN,7340103,Quản trị dịch vụ du lịch và lữ hành,C00,19.00,,THPTQG,2018,,daniele15,
HPN,7340103,Quản trị dịch vụ du lịch và lữ hành,D01,19.00,,THPTQG,2018,,daniele15,
HPN,7340103,Quản trị dịch vụ du lịch và lữ hành,A00,15.00,,THPTQG,2018,,daniele15,
HPN,7340103,Quản trị dịch vụ du lịch và lữ hành,A01,15.00,,THPTQG,2018,,daniele15,
HPN,7340103,Quản trị dịch vụ du lịch và lữ hành,C00,15.00,,THPTQG,2018,,daniele15,
HPN,7340103,Quản trị dịch vụ du lịch và lữ hành,D01,15.00,,THPTQG,2018,,daniele15,
HPN,7380101,Luật,A00,17.50,,THPTQG,2018,,daniele15,
HPN,7380101,Luật,A01,17.50,,THPTQG,2018,,daniele15,
HPN,7380101,Luật,C00,17.50,,THPTQG,2018,,daniele15,
HPN,7380101,Luật,D01,17.50,,THPTQG,2018,,daniele15,
HPN,7760101,Công tác xã hội,A00,16.00,,THPTQG,2018,,daniele15,
HPN,7760101,Công tác xã hội,A01,16.00,,THPTQG,2018,,daniele15,
HPN,7760101,Công tác xã hội,C00,16.00,,THPTQG,2018,,daniele15,
HPN,7760101,Công tác xã hội,D01,16.00,,THPTQG,2018,,daniele15,
HQH,7860202,Chỉ huy tham mưu Hải quân,A00,20.45,,THPTQG,2018,"Thí sinh Nam miền BắcThí sinh mức 20,45 điểm: - Thí sinh có điểm môn Toán  ≥ 7,20 trúng tuyển.  - Thí sinh có điểm môn Toán ≥ 6,20, điểm môn Lý  ≥ 7,50 trúng tuyển.",daniele15,
HQH,7860202,Chỉ huy tham mưu Hải quân,A01,20.45,,THPTQG,2018,"Thí sinh Nam miền BắcThí sinh mức 20,45 điểm: - Thí sinh có điểm môn Toán  ≥ 7,20 trúng tuyển.  - Thí sinh có điểm môn Toán ≥ 6,20, điểm môn Lý  ≥ 7,50 trúng tuyển.",daniele15,
HQH,7860202,Chỉ huy tham mưu Hải quân,A00,19.80,,THPTQG,2018,Thí sinh Nam miền Nam,daniele15,
HQH,7860202,Chỉ huy tham mưu Hải quân,A01,19.80,,THPTQG,2018,Thí sinh Nam miền Nam,daniele15,
HTA,7380101,Luật,A01,26.00,,THPTQG,2018,Nữ miền Bắc,daniele15,
HTA,7380101,Luật,A01,24.50,,THPTQG,2018,Nam miền bắc,daniele15,
HTA,7380101,Luật,A01,22.25,,THPTQG,2018,Nữ miền Nam,daniele15,
HTA,7380101,Luật,A01,21.40,,THPTQG,2018,Nữ miền Bắc,daniele15,
HTA,7380101,Luật,A01,19.75,,THPTQG,2018,Nam miền Nam,daniele15,
HTA,7380101,Luật,A01,18.75,,THPTQG,2018,Nam miền Bắc,daniele15,
HTA,7380101,Luật,A01,18.35,,THPTQG,2018,Nữ miền Bắc,daniele15,
HTA,7380101,Luật,A01,18.15,,THPTQG,2018,Nữ miền Nam,daniele15,
HTA,7380101,Luật,A01,18.10,,THPTQG,2018,Nam miền bắc,daniele15,
HTA,7380101,Luật,A01,17.85,,THPTQG,2018,Nam miền Nam,daniele15,
HTA,7380101,Luật,A01,17.70,,THPTQG,2018,Nữ miền Bắc,daniele15,
HTA,7380101,Luật,A01,17.40,,THPTQG,2018,Nam miền Nam,daniele15,
HTA,7380101,Luật,A01,17.35,,THPTQG,2018,Nam miền Bắc,daniele15,
HTA,7380101,Luật,A01,17.15,,THPTQG,2018,Nữ miền Nam,daniele15,
HTA,7380101,Luật,A01,17.05,,THPTQG,2018,Nữ miền Nam,daniele15,
HTA,7380101,Luật,A01,16.85,,THPTQG,2018,Nam miền Nam,daniele15,
HTC,7220201,Ngôn ngữ Anh,D01,27.00,,THPTQG,2018,"Điểm môn toán >= 4.8, thứ tự nv 1 - 5",daniele15,
HTC,7310101,Kinh tế,A01,20.55,,THPTQG,2018,Điểm môn toán >= 6.8; thứ tự nv 1,daniele15,
HTC,7310101,Kinh tế,D01,20.55,,THPTQG,2018,Điểm môn toán >= 6.8; thứ tự nv 1,daniele15,
HTC,7340101,Quản trị kinh doanh,A00,21.30,,THPTQG,2018,Điểm môn toán >= 7.8; thứ tự nv 1 - 7,daniele15,
HTC,7340101,Quản trị kinh doanh,A01,21.30,,THPTQG,2018,Điểm môn toán >= 7.8; thứ tự nv 1 - 7,daniele15,
HTC,7340101,Quản trị kinh doanh,D01,21.30,,THPTQG,2018,Điểm môn toán >= 7.8; thứ tự nv 1 - 7,daniele15,
HTC,7340201,Tài chính - Ngân hàng,A00,20.00,,THPTQG,2018,Điểm môn toán >= 6;  thứ tự nv 1 - 5,daniele15,
HTC,7340201,Tài chính - Ngân hàng,A01,20.00,,THPTQG,2018,Điểm môn toán >= 6;  thứ tự nv 1 - 5,daniele15,
HTC,7340201D,Tài chính - Ngân hàng,D01,20.20,,THPTQG,2018,Điểm môn toán >= 6.6; thứ tự nv 1 - 6,daniele15,
HTC,7340301,Kế toán,A00,21.25,,THPTQG,2018,"Điểm môn toán >= 6, thứ tự nv 1 - 3",daniele15,
HTC,7340301,Kế toán,A01,21.25,,THPTQG,2018,"Điểm môn toán >= 6, thứ tự nv 1 - 3",daniele15,
HTC,7340301D,Kế toán,D01,21.55,,THPTQG,2018,Điểm môn toán >= 6.6; thứ tự nv 1,daniele15,
HTC,7340405,Hệ thống thông tin quản lý,A00,19.75,,THPTQG,2018,,daniele15,
HTC,7340405,Hệ thống thông tin quản lý,A01,19.75,,THPTQG,2018,,daniele15,
HTC,7340405,Hệ thống thông tin quản lý,D01,19.75,,THPTQG,2018,,daniele15,
HTN,7310202,Xây dựng Đảng và chính quyền nhà nước,A00,15.00,,THPTQG,2018,,daniele15,
HTN,7310202,Xây dựng Đảng và chính quyền nhà nước,C00,15.00,,THPTQG,2018,,daniele15,
HTN,7310202,Xây dựng Đảng và chính quyền nhà nước,C04,15.00,,THPTQG,2018,,daniele15,
HTN,7310202,Xây dựng Đảng và chính quyền nhà nước,D01,15.00,,THPTQG,2018,,daniele15,
HTN,7310205,Quản lý nhà nước,A00,15.00,,THPTQG,2018,,daniele15,
HTN,7310205,Quản lý nhà nước,A01,15.00,,THPTQG,2018,,daniele15,
HTN,7310205,Quản lý nhà nước,C00,15.00,,THPTQG,2018,,daniele15,
HTN,7310205,Quản lý nhà nước,D01,15.00,,THPTQG,2018,,daniele15,
HTN,7320108,Quan hệ công chúng,A01,15.00,,THPTQG,2018,,daniele15,
HTN,7320108,Quan hệ công chúng,D01,15.00,,THPTQG,2018,,daniele15,
HTN,7320108,Quan hệ công chúng,D14,15.00,,THPTQG,2018,,daniele15,
HTN,7320108,Quan hệ công chúng,D15,15.00,,THPTQG,2018,,daniele15,
HTN,7380101,Luật,A00,16.00,,THPTQG,2018,,daniele15,
HTN,7380101,Luật,A01,16.00,,THPTQG,2018,,daniele15,
HTN,7380101,Luật,C00,16.00,,THPTQG,2018,,daniele15,
HTN,7380101,Luật,D01,16.00,,THPTQG,2018,,daniele15,
HTN,7760101,Công tác xã hội,C00,15.00,,THPTQG,2018,,daniele15,
HTN,7760101,Công tác xã hội,C14,15.00,,THPTQG,2018,,daniele15,
HTN,7760101,Công tác xã hội,D01,15.00,,THPTQG,2018,,daniele15,
HTN,7760101,Công tác xã hội,D15,15.00,,THPTQG,2018,,daniele15,
HTN,7760102,Công tác thanh thiếu niên,A00,15.00,,THPTQG,2018,,daniele15,
HTN,7760102,Công tác thanh thiếu niên,C00,15.00,,THPTQG,2018,,daniele15,
HTN,7760102,Công tác thanh thiếu niên,C04,15.00,,THPTQG,2018,,daniele15,
HTN,7760102,Công tác thanh thiếu niên,D01,15.00,,THPTQG,2018,,daniele15,
HVN,7140215P,Sư phạm Kỹ thuật nông nghiệp,A00,21.00,,THPTQG,2018,,daniele15,
HVN,7140215P,Sư phạm Kỹ thuật nông nghiệp,A01,21.00,,THPTQG,2018,,daniele15,
HVN,7140215P,Sư phạm Kỹ thuật nông nghiệp,B00,21.00,,THPTQG,2018,,daniele15,
HVN,7140215P,Sư phạm Kỹ thuật nông nghiệp,D01,21.00,,THPTQG,2018,,daniele15,
HVN,7220201,Ngôn ngữ Anh,D01,18.00,,THPTQG,2018,,daniele15,
HVN,7220201,Ngôn ngữ Anh,D07,18.00,,THPTQG,2018,,daniele15,
HVN,7220201,Ngôn ngữ Anh,D14,18.00,,THPTQG,2018,,daniele15,
HVN,7220201,Ngôn ngữ Anh,D15,18.00,,THPTQG,2018,,daniele15,
HVN,7310101,Kinh tế,A00,14.50,,THPTQG,2018,,daniele15,
HVN,7310101,Kinh tế,A01,14.50,,THPTQG,2018,,daniele15,
HVN,7310101,Kinh tế,C00,14.50,,THPTQG,2018,,daniele15,
HVN,7310101,Kinh tế,D01,14.50,,THPTQG,2018,,daniele15,
HVN,7310101E,Kinh tế,A00,14.50,,THPTQG,2018,Kinh tế tài chính chất lượng cao (dạy bằng tiếng Anh),daniele15,
HVN,7310101E,Kinh tế,A01,14.50,,THPTQG,2018,Kinh tế tài chính chất lượng cao (dạy bằng tiếng Anh),daniele15,
HVN,7310101E,Kinh tế,B00,14.50,,THPTQG,2018,Kinh tế tài chính chất lượng cao (dạy bằng tiếng Anh),daniele15,
HVN,7310101E,Kinh tế,D01,14.50,,THPTQG,2018,Kinh tế tài chính chất lượng cao (dạy bằng tiếng Anh),daniele15,
HVN,7310104,Kinh tế,A00,14.50,,THPTQG,2018,Kinh tế đầu tư,daniele15,
HVN,7310104,Kinh tế,A01,14.50,,THPTQG,2018,Kinh tế đầu tư,daniele15,
HVN,7310104,Kinh tế,C00,14.50,,THPTQG,2018,Kinh tế đầu tư,daniele15,
HVN,7310104,Kinh tế,D01,14.50,,THPTQG,2018,Kinh tế đầu tư,daniele15,
HVN,7310301,Xã hội học,A00,14.00,,THPTQG,2018,,daniele15,
HVN,7310301,Xã hội học,A01,14.00,,THPTQG,2018,,daniele15,
HVN,7310301,Xã hội học,C00,14.00,,THPTQG,2018,,daniele15,
HVN,7310301,Xã hội học,D01,14.00,,THPTQG,2018,,daniele15,
HVN,7340101,Quản trị kinh doanh,A00,17.00,,THPTQG,2018,,daniele15,
HVN,7340101,Quản trị kinh doanh,A01,17.00,,THPTQG,2018,,daniele15,
HVN,7340101,Quản trị kinh doanh,C02,17.00,,THPTQG,2018,,daniele15,
HVN,7340101,Quản trị kinh doanh,D01,17.00,,THPTQG,2018,,daniele15,
HVN,7340102T,Quản trị kinh doanh,A00,17.00,,THPTQG,2018,Quản trị kinh doanh nông nghiệp tiên tiến (dạy bằng tiếng Anh),daniele15,
HVN,7340102T,Quản trị kinh doanh,A01,17.00,,THPTQG,2018,Quản trị kinh doanh nông nghiệp tiên tiến (dạy bằng tiếng Anh),daniele15,
HVN,7340102T,Quản trị kinh doanh,C02,17.00,,THPTQG,2018,Quản trị kinh doanh nông nghiệp tiên tiến (dạy bằng tiếng Anh),daniele15,
HVN,7340102T,Quản trị kinh doanh,D01,17.00,,THPTQG,2018,Quản trị kinh doanh nông nghiệp tiên tiến (dạy bằng tiếng Anh),daniele15,
HVN,7340301,Kế toán,A00,18.00,,THPTQG,2018,,daniele15,
HVN,7340301,Kế toán,A01,18.00,,THPTQG,2018,,daniele15,
HVN,7340301,Kế toán,C01,18.00,,THPTQG,2018,,daniele15,
HVN,7340301,Kế toán,D01,18.00,,THPTQG,2018,,daniele15,
HVN,7340301P,Kế toán,A00,15.00,,THPTQG,2018,định hướng nghề nghiệp (POHE),daniele15,
HVN,7340301P,Kế toán,A01,15.00,,THPTQG,2018,định hướng nghề nghiệp (POHE),daniele15,
HVN,7340301P,Kế toán,C01,15.00,,THPTQG,2018,định hướng nghề nghiệp (POHE),daniele15,
HVN,7340301P,Kế toán,D01,15.00,,THPTQG,2018,định hướng nghề nghiệp (POHE),daniele15,
HVN,7420201,Công nghệ sinh học,A00,15.50,,THPTQG,2018,,daniele15,
HVN,7420201,Công nghệ sinh học,B00,15.50,,THPTQG,2018,,daniele15,
HVN,7420201,Công nghệ sinh học,D08,15.50,,THPTQG,2018,,daniele15,
HVN,7420201E,Công nghệ sinh học,A00,15.50,,THPTQG,2018,chất lượng cao (dạy bằng tiếng Anh),daniele15,
HVN,7420201E,Công nghệ sinh học,B00,15.50,,THPTQG,2018,chất lượng cao (dạy bằng tiếng Anh),daniele15,
HVN,7420201E,Công nghệ sinh học,D08,15.50,,THPTQG,2018,chất lượng cao (dạy bằng tiếng Anh),daniele15,
HVN,7420201P,Công nghệ sinh học,A00,15.50,,THPTQG,2018,định hướng nghề nghiệp (POHE),daniele15,
HVN,7420201P,Công nghệ sinh học,B00,15.50,,THPTQG,2018,định hướng nghề nghiệp (POHE),daniele15,
HVN,7420201P,Công nghệ sinh học,D08,15.50,,THPTQG,2018,định hướng nghề nghiệp (POHE),daniele15,
HVN,7440301,Khoa học môi trường,A01,15.00,,THPTQG,2018,,daniele15,
HVN,7440301,Khoa học môi trường,B00,15.00,,THPTQG,2018,,daniele15,
HVN,7440301,Khoa học môi trường,C00,15.00,,THPTQG,2018,,daniele15,
HVN,7440301,Khoa học môi trường,D01,15.00,,THPTQG,2018,,daniele15,
HVN,7480201,Công nghệ thông tin,A00,17.00,,THPTQG,2018,,daniele15,
HVN,7480201,Công nghệ thông tin,A01,17.00,,THPTQG,2018,,daniele15,
HVN,7480201,Công nghệ thông tin,C01,17.00,,THPTQG,2018,,daniele15,
HVN,7480201,Công nghệ thông tin,D01,17.00,,THPTQG,2018,,daniele15,
HVN,7480201P,Công nghệ thông tin,A00,17.00,,THPTQG,2018,định hướng nghề nghiệp (POHE),daniele15,
HVN,7480201P,Công nghệ thông tin,A01,17.00,,THPTQG,2018,định hướng nghề nghiệp (POHE),daniele15,
HVN,7480201P,Công nghệ thông tin,C01,17.00,,THPTQG,2018,định hướng nghề nghiệp (POHE),daniele15,
HVN,7480201P,Công nghệ thông tin,D01,17.00,,THPTQG,2018,định hướng nghề nghiệp (POHE),daniele15,
HVN,7510203,Công nghệ kỹ thuật cơ điện tử,A00,14.50,,THPTQG,2018,,daniele15,
HVN,7510203,Công nghệ kỹ thuật cơ điện tử,A01,14.50,,THPTQG,2018,,daniele15,
HVN,7510203,Công nghệ kỹ thuật cơ điện tử,C01,14.50,,THPTQG,2018,,daniele15,
HVN,7510203,Công nghệ kỹ thuật cơ điện tử,D01,14.50,,THPTQG,2018,,daniele15,
HVN,7510205,Công nghệ kỹ thuật ô tô,A00,14.50,,THPTQG,2018,,daniele15,
HVN,7510205,Công nghệ kỹ thuật ô tô,A01,14.50,,THPTQG,2018,,daniele15,
HVN,7510205,Công nghệ kỹ thuật ô tô,C01,14.50,,THPTQG,2018,,daniele15,
HVN,7510205,Công nghệ kỹ thuật ô tô,D01,14.50,,THPTQG,2018,,daniele15,
HVN,7520103,Kỹ thuật cơ khí,A00,14.00,,THPTQG,2018,,daniele15,
HVN,7520103,Kỹ thuật cơ khí,A01,14.00,,THPTQG,2018,,daniele15,
HVN,7520103,Kỹ thuật cơ khí,B00,14.00,,THPTQG,2018,,daniele15,
HVN,7520103,Kỹ thuật cơ khí,D01,14.00,,THPTQG,2018,,daniele15,
HVN,7520103P,Kỹ thuật cơ khí,A00,14.00,,THPTQG,2018,định hướng nghề nghiệp (POHE),daniele15,
HVN,7520103P,Kỹ thuật cơ khí,A01,14.00,,THPTQG,2018,định hướng nghề nghiệp (POHE),daniele15,
HVN,7520103P,Kỹ thuật cơ khí,B00,14.00,,THPTQG,2018,định hướng nghề nghiệp (POHE),daniele15,
HVN,7520103P,Kỹ thuật cơ khí,D01,14.00,,THPTQG,2018,định hướng nghề nghiệp (POHE),daniele15,
HVN,7520201,Kỹ thuật điện,A00,14.00,,THPTQG,2018,,daniele15,
HVN,7520201,Kỹ thuật điện,A01,14.00,,THPTQG,2018,,daniele15,
HVN,7520201,Kỹ thuật điện,C01,14.00,,THPTQG,2018,,daniele15,
HVN,7520201,Kỹ thuật điện,D01,14.00,,THPTQG,2018,,daniele15,
HVN,7540101,Công nghệ thực phẩm,A00,18.50,,THPTQG,2018,,daniele15,
HVN,7540101,Công nghệ thực phẩm,A01,18.50,,THPTQG,2018,,daniele15,
HVN,7540101,Công nghệ thực phẩm,B00,18.50,,THPTQG,2018,,daniele15,
HVN,7540101,Công nghệ thực phẩm,D01,18.50,,THPTQG,2018,,daniele15,
HVN,7540104,Công nghệ sau thu hoạch,A00,16.00,,THPTQG,2018,,daniele15,
HVN,7540104,Công nghệ sau thu hoạch,A01,16.00,,THPTQG,2018,,daniele15,
HVN,7540104,Công nghệ sau thu hoạch,B00,16.00,,THPTQG,2018,,daniele15,
HVN,7540104,Công nghệ sau thu hoạch,D01,16.00,,THPTQG,2018,,daniele15,
HVN,7540108,Công nghệ và kinh doanh thực phẩm,A00,16.00,,THPTQG,2018,,daniele15,
HVN,7540108,Công nghệ và kinh doanh thực phẩm,A01,16.00,,THPTQG,2018,,daniele15,
HVN,7540108,Công nghệ và kinh doanh thực phẩm,B00,16.00,,THPTQG,2018,,daniele15,
HVN,7540108,Công nghệ và kinh doanh thực phẩm,D01,16.00,,THPTQG,2018,,daniele15,
HVN,7580210,Kỹ thuật cơ sở hạ tầng,A00,21.00,,THPTQG,2018,,daniele15,
HVN,7580210,Kỹ thuật cơ sở hạ tầng,A01,21.00,,THPTQG,2018,,daniele15,
HVN,7580210,Kỹ thuật cơ sở hạ tầng,C01,21.00,,THPTQG,2018,,daniele15,
HVN,7580210,Kỹ thuật cơ sở hạ tầng,D01,21.00,,THPTQG,2018,,daniele15,
HVN,7580212,Kỹ thuật tài nguyên nước,A00,19.00,,THPTQG,2018,,daniele15,
HVN,7580212,Kỹ thuật tài nguyên nước,A01,19.00,,THPTQG,2018,,daniele15,
HVN,7580212,Kỹ thuật tài nguyên nước,A02,19.00,,THPTQG,2018,,daniele15,
HVN,7580212,Kỹ thuật tài nguyên nước,C01,19.00,,THPTQG,2018,,daniele15,
HVN,7620101P,Nông nghiệp,A00,15.00,,THPTQG,2018,định hướng nghề nghiệp (POHE),daniele15,
HVN,7620101P,Nông nghiệp,A01,15.00,,THPTQG,2018,định hướng nghề nghiệp (POHE),daniele15,
HVN,7620101P,Nông nghiệp,B00,15.00,,THPTQG,2018,định hướng nghề nghiệp (POHE),daniele15,
HVN,7620101P,Nông nghiệp,D01,15.00,,THPTQG,2018,định hướng nghề nghiệp (POHE),daniele15,
HVN,7620103,Khoa học đất,A00,20.00,,THPTQG,2018,,daniele15,
HVN,7620103,Khoa học đất,B00,20.00,,THPTQG,2018,,daniele15,
HVN,7620103,Khoa học đất,D07,20.00,,THPTQG,2018,,daniele15,
HVN,7620103,Khoa học đất,D08,20.00,,THPTQG,2018,,daniele15,
HVN,7620105,Chăn nuôi,A00,14.00,,THPTQG,2018,,daniele15,
HVN,7620105,Chăn nuôi,A01,14.00,,THPTQG,2018,,daniele15,
HVN,7620105,Chăn nuôi,B00,14.00,,THPTQG,2018,,daniele15,
HVN,7620105,Chăn nuôi,D01,14.00,,THPTQG,2018,,daniele15,
HVN,7620105P,Chăn nuôi,A00,14.00,,THPTQG,2018,Định hướng nghề nghiệp (POHE),daniele15,
HVN,7620105P,Chăn nuôi,A01,14.00,,THPTQG,2018,Định hướng nghề nghiệp (POHE),daniele15,
HVN,7620105P,Chăn nuôi,B00,14.00,,THPTQG,2018,Định hướng nghề nghiệp (POHE),daniele15,
HVN,7620105P,Chăn nuôi,D01,14.00,,THPTQG,2018,Định hướng nghề nghiệp (POHE),daniele15,
HVN,7620110,Khoa học cây trồng,A00,14.00,,THPTQG,2018,,daniele15,
HVN,7620110,Khoa học cây trồng,A01,14.00,,THPTQG,2018,,daniele15,
HVN,7620110,Khoa học cây trồng,B00,14.00,,THPTQG,2018,,daniele15,
HVN,7620110,Khoa học cây trồng,D01,14.00,,THPTQG,2018,,daniele15,
HVN,7620111T,Khoa học cây trồng,A00,15.00,,THPTQG,2018,Khoa học cây trồng tiên tiến (dạy bằng tiếng Anh),daniele15,
HVN,7620111T,Khoa học cây trồng,A01,15.00,,THPTQG,2018,Khoa học cây trồng tiên tiến (dạy bằng tiếng Anh),daniele15,
HVN,7620111T,Khoa học cây trồng,B00,15.00,,THPTQG,2018,Khoa học cây trồng tiên tiến (dạy bằng tiếng Anh),daniele15,
HVN,7620111T,Khoa học cây trồng,D01,15.00,,THPTQG,2018,Khoa học cây trồng tiên tiến (dạy bằng tiếng Anh),daniele15,
HVN,7620112,Bảo vệ thực vật,A00,14.00,,THPTQG,2018,,daniele15,
HVN,7620112,Bảo vệ thực vật,A01,14.00,,THPTQG,2018,,daniele15,
HVN,7620112,Bảo vệ thực vật,B00,14.00,,THPTQG,2018,,daniele15,
HVN,7620112,Bảo vệ thực vật,D01,14.00,,THPTQG,2018,,daniele15,
HVN,7620113P,Công nghệ rau hoa quả và cảnh quan,A00,15.00,,THPTQG,2018,Định hướng nghề nghiệp (POHE),daniele15,
HVN,7620113P,Công nghệ rau hoa quả và cảnh quan,A01,15.00,,THPTQG,2018,Định hướng nghề nghiệp (POHE),daniele15,
HVN,7620113P,Công nghệ rau hoa quả và cảnh quan,B00,15.00,,THPTQG,2018,Định hướng nghề nghiệp (POHE),daniele15,
HVN,7620113P,Công nghệ rau hoa quả và cảnh quan,D01,15.00,,THPTQG,2018,Định hướng nghề nghiệp (POHE),daniele15,
HVN,7620114,Kinh doanh nông nghiệp,A00,14.00,,THPTQG,2018,,daniele15,
HVN,7620114,Kinh doanh nông nghiệp,A01,14.00,,THPTQG,2018,,daniele15,
HVN,7620114,Kinh doanh nông nghiệp,C02,14.00,,THPTQG,2018,,daniele15,
HVN,7620114,Kinh doanh nông nghiệp,D01,14.00,,THPTQG,2018,,daniele15,
HVN,7620115,Kinh tế,A00,15.00,,THPTQG,2018,Kinh tế nông nghiệp,daniele15,
HVN,7620115,Kinh tế,B00,15.00,,THPTQG,2018,Kinh tế nông nghiệp,daniele15,
HVN,7620115,Kinh tế,D01,15.00,,THPTQG,2018,Kinh tế nông nghiệp,daniele15,
HVN,7620115,Kinh tế,D07,15.00,,THPTQG,2018,Kinh tế nông nghiệp,daniele15,
HVN,7620115E,Kinh tế,A00,15.00,,THPTQG,2018,Kinh tế nông nghiệp Chất lượng cao (dạy bằng tiếng Anh),daniele15,
HVN,7620115E,Kinh tế,B00,15.00,,THPTQG,2018,Kinh tế nông nghiệp Chất lượng cao (dạy bằng tiếng Anh),daniele15,
HVN,7620115E,Kinh tế,D01,15.00,,THPTQG,2018,Kinh tế nông nghiệp Chất lượng cao (dạy bằng tiếng Anh),daniele15,
HVN,7620115E,Kinh tế,D07,15.00,,THPTQG,2018,Kinh tế nông nghiệp Chất lượng cao (dạy bằng tiếng Anh),daniele15,
HVN,7620116,Phát triển nông thôn,A00,14.50,,THPTQG,2018,,daniele15,
HVN,7620116,Phát triển nông thôn,B00,14.50,,THPTQG,2018,,daniele15,
HVN,7620116,Phát triển nông thôn,C00,14.50,,THPTQG,2018,,daniele15,
HVN,7620116,Phát triển nông thôn,D01,14.50,,THPTQG,2018,,daniele15,
HVN,7620116P,Phát triển nông thôn,A00,14.50,,THPTQG,2018,Phát triển nông thôn định hướng nghề nghiệp (POHE),daniele15,
HVN,7620116P,Phát triển nông thôn,B00,14.50,,THPTQG,2018,Phát triển nông thôn định hướng nghề nghiệp (POHE),daniele15,
HVN,7620116P,Phát triển nông thôn,C00,14.50,,THPTQG,2018,Phát triển nông thôn định hướng nghề nghiệp (POHE),daniele15,
HVN,7620116P,Phát triển nông thôn,D01,14.50,,THPTQG,2018,Phát triển nông thôn định hướng nghề nghiệp (POHE),daniele15,
HVN,7620118,Bảo vệ thực vật,A00,15.00,,THPTQG,2018,Công nghệ cao,daniele15,
HVN,7620118,Bảo vệ thực vật,A01,15.00,,THPTQG,2018,Công nghệ cao,daniele15,
HVN,7620118,Bảo vệ thực vật,B00,15.00,,THPTQG,2018,Công nghệ cao,daniele15,
HVN,7620118,Bảo vệ thực vật,D01,15.00,,THPTQG,2018,Công nghệ cao,daniele15,
HVN,7620301,Nuôi trồng thuỷ sản,A00,14.00,,THPTQG,2018,,daniele15,
HVN,7620301,Nuôi trồng thuỷ sản,A01,14.00,,THPTQG,2018,,daniele15,
HVN,7620301,Nuôi trồng thuỷ sản,B00,14.00,,THPTQG,2018,,daniele15,
HVN,7620301,Nuôi trồng thuỷ sản,D01,14.00,,THPTQG,2018,,daniele15,
HVN,7640101,Thú y,A00,16.00,,THPTQG,2018,,daniele15,
HVN,7640101,Thú y,A01,16.00,,THPTQG,2018,,daniele15,
HVN,7640101,Thú y,B00,16.00,,THPTQG,2018,,daniele15,
HVN,7640101,Thú y,D01,16.00,,THPTQG,2018,,daniele15,
HVN,7850103,Quản lý đất đai,A00,14.00,,THPTQG,2018,,daniele15,
HVN,7850103,Quản lý đất đai,B00,14.00,,THPTQG,2018,,daniele15,
HVN,7850103,Quản lý đất đai,D01,14.00,,THPTQG,2018,,daniele15,
HVN,7850103,Quản lý đất đai,D08,14.00,,THPTQG,2018,,daniele15,
HYD,7720101,Y khoa,B00,21.85,,THPTQG,2018,"Tiêu chí phụ ưu tiên 1 điểm môn Sinh 7 điểm, ưu tiên 2 điểm môn Toán 7.6 điểm, ưu tiên 3 nguyện vọng  <=3",daniele15,
HYD,7720115,Y học cổ truyền,B00,19.50,,THPTQG,2018,"Tiêu chí phụ ưu tiên 1 điểm môn Sinh 5.5 điểm, ưu tiên 2 điểm môn Toán 6 điểm, ưu tiên 3 nguyện vọng  <=1",daniele15,
HYD,7720201,Dược học,A00,20.90,,THPTQG,2018,"Tiêu chí phụ ưu tiên 1 điểm môn Hóa 6 điểm, ưu tiên 2 điểm môn Toán 6.4 điểm, ưu tiên 3 nguyện vọng  <=1",daniele15,
IUH,7210404,Thiết kế thời trang,A00,16.50,,THPTQG,2018,,daniele15,
IUH,7210404,Thiết kế thời trang,C01,16.50,,THPTQG,2018,,daniele15,
IUH,7210404,Thiết kế thời trang,D01,16.50,,THPTQG,2018,,daniele15,
IUH,7210404,Thiết kế thời trang,D90,16.50,,THPTQG,2018,,daniele15,
IUH,7220201,Ngôn ngữ Anh,D01,17.75,,THPTQG,2018,,daniele15,
IUH,7220201,Ngôn ngữ Anh,D14,17.75,,THPTQG,2018,,daniele15,
IUH,7220201,Ngôn ngữ Anh,D15,17.75,,THPTQG,2018,,daniele15,
IUH,7220201,Ngôn ngữ Anh,D96,17.75,,THPTQG,2018,,daniele15,
IUH,7340101,Quản trị kinh doanh,A01,18.25,,THPTQG,2018,,daniele15,
IUH,7340101,Quản trị kinh doanh,C01,18.25,,THPTQG,2018,,daniele15,
IUH,7340101,Quản trị kinh doanh,D01,18.25,,THPTQG,2018,,daniele15,
IUH,7340101,Quản trị kinh doanh,D96,18.25,,THPTQG,2018,,daniele15,
IUH,7340115,Marketing,A01,19.00,,THPTQG,2018,,daniele15,
IUH,7340115,Marketing,C01,19.00,,THPTQG,2018,,daniele15,
IUH,7340120,Kinh doanh quốc tế,A01,20.00,,THPTQG,2018,,daniele15,
IUH,7340120,Kinh doanh quốc tế,C01,20.00,,THPTQG,2018,,daniele15,
IUH,7340120,Kinh doanh quốc tế,D01,20.00,,THPTQG,2018,,daniele15,
IUH,7340120,Kinh doanh quốc tế,D96,20.00,,THPTQG,2018,,daniele15,
IUH,7340122,Thương mại điện tử,A01,18.00,,THPTQG,2018,,daniele15,
IUH,7340122,Thương mại điện tử,C01,18.00,,THPTQG,2018,,daniele15,
IUH,7340122,Thương mại điện tử,D01,18.00,,THPTQG,2018,,daniele15,
IUH,7340122,Thương mại điện tử,D90,18.00,,THPTQG,2018,,daniele15,
IUH,7340201,Tài chính - Ngân hàng,A00,17.75,,THPTQG,2018,gôm 02 chuyên ngành: Tài chính ngân hàng; Tài chính doanh nghiệp,daniele15,
IUH,7340201,Tài chính - Ngân hàng,C01,17.75,,THPTQG,2018,gôm 02 chuyên ngành: Tài chính ngân hàng; Tài chính doanh nghiệp,daniele15,
IUH,7340201,Tài chính - Ngân hàng,D01,17.75,,THPTQG,2018,gôm 02 chuyên ngành: Tài chính ngân hàng; Tài chính doanh nghiệp,daniele15,
IUH,7340201,Tài chính - Ngân hàng,D90,17.75,,THPTQG,2018,gôm 02 chuyên ngành: Tài chính ngân hàng; Tài chính doanh nghiệp,daniele15,
IUH,7340301,Kế toán,A00,17.75,,THPTQG,2018,gôm 02 ngành: Kế toán; Kiểm toán,daniele15,
IUH,7340301,Kế toán,C01,17.75,,THPTQG,2018,gôm 02 ngành: Kế toán; Kiểm toán,daniele15,
IUH,7340301,Kế toán,D01,17.75,,THPTQG,2018,gôm 02 ngành: Kế toán; Kiểm toán,daniele15,
IUH,7340301,Kế toán,D90,17.75,,THPTQG,2018,gôm 02 ngành: Kế toán; Kiểm toán,daniele15,
IUH,7380107,Luật,C00,21.00,,THPTQG,2018,Luật kinh tế,daniele15,
IUH,7380108,Luật,C00,18.50,,THPTQG,2018,Luật quốc tế,daniele15,
IUH,7380108,Luật,D96,18.50,,THPTQG,2018,Luật quốc tế,daniele15,
IUH,7420201,Công nghệ sinh học,A00,17.00,,THPTQG,2018,,daniele15,
IUH,7420201,Công nghệ sinh học,B00,17.00,,THPTQG,2018,,daniele15,
IUH,7420201,Công nghệ sinh học,D07,17.00,,THPTQG,2018,,daniele15,
IUH,7420201,Công nghệ sinh học,D90,17.00,,THPTQG,2018,,daniele15,
IUH,7440301,Khoa học môi trường,A00,15.50,,THPTQG,2018,,daniele15,
IUH,7440301,Khoa học môi trường,B00,15.50,,THPTQG,2018,,daniele15,
IUH,7440301,Khoa học môi trường,D07,15.50,,THPTQG,2018,,daniele15,
IUH,7440301,Khoa học môi trường,D90,15.50,,THPTQG,2018,,daniele15,
IUH,7480103C,Kỹ thuật phần mềm,A00,16.00,,THPTQG,2018,,daniele15,
IUH,7480103C,Kỹ thuật phần mềm,C01,16.00,,THPTQG,2018,,daniele15,
IUH,7480103C,Kỹ thuật phần mềm,D01,16.00,,THPTQG,2018,,daniele15,
IUH,7480103C,Kỹ thuật phần mềm,D90,16.00,,THPTQG,2018,,daniele15,
IUH,7480108,Công nghệ kỹ thuật máy tính,A00,16.00,,THPTQG,2018,,daniele15,
IUH,7480108,Công nghệ kỹ thuật máy tính,C01,16.00,,THPTQG,2018,,daniele15,
IUH,7480108,Công nghệ kỹ thuật máy tính,D01,16.00,,THPTQG,2018,,daniele15,
IUH,7480108,Công nghệ kỹ thuật máy tính,D90,16.00,,THPTQG,2018,,daniele15,
IUH,7480201,Công nghệ thông tin,A00,18.75,,THPTQG,2018,"Nhóm ngành Công nghệ thông tin gôm 04 ngành: Công nghệ thông tin, Kỹ thuật phần mềm; Khoa học máy tính, Hệ thống thông tin",daniele15,
IUH,7480201,Công nghệ thông tin,C01,18.75,,THPTQG,2018,"Nhóm ngành Công nghệ thông tin gôm 04 ngành: Công nghệ thông tin, Kỹ thuật phần mềm; Khoa học máy tính, Hệ thống thông tin",daniele15,
IUH,7510201,Công nghệ kỹ thuật cơ khí,A00,19.00,,THPTQG,2018,,daniele15,
IUH,7510201,Công nghệ kỹ thuật cơ khí,A01,19.00,,THPTQG,2018,,daniele15,
IUH,7510201,Công nghệ kỹ thuật cơ khí,C01,19.00,,THPTQG,2018,,daniele15,
IUH,7510201,Công nghệ kỹ thuật cơ khí,D90,19.00,,THPTQG,2018,,daniele15,
IUH,7510201C,Công nghệ kỹ thuật cơ khí,A00,17.50,,THPTQG,2018,,daniele15,
IUH,7510201C,Công nghệ kỹ thuật cơ khí,A01,17.50,,THPTQG,2018,,daniele15,
IUH,7510201C,Công nghệ kỹ thuật cơ khí,C01,17.50,,THPTQG,2018,,daniele15,
IUH,7510201C,Công nghệ kỹ thuật cơ khí,D90,17.50,,THPTQG,2018,,daniele15,
IUH,7510202,Công nghệ chế tạo máy,A00,18.00,,THPTQG,2018,,daniele15,
IUH,7510202,Công nghệ chế tạo máy,A01,18.00,,THPTQG,2018,,daniele15,
IUH,7510202,Công nghệ chế tạo máy,C01,18.00,,THPTQG,2018,,daniele15,
IUH,7510202,Công nghệ chế tạo máy,D90,18.00,,THPTQG,2018,,daniele15,
IUH,7510202C,Công nghệ chế tạo máy,A00,16.25,,THPTQG,2018,,daniele15,
IUH,7510202C,Công nghệ chế tạo máy,A01,16.25,,THPTQG,2018,,daniele15,
IUH,7510203,Công nghệ kỹ thuật cơ điện tử,A00,19.00,,THPTQG,2018,,daniele15,
IUH,7510203,Công nghệ kỹ thuật cơ điện tử,A01,19.00,,THPTQG,2018,,daniele15,
IUH,7510203,Công nghệ kỹ thuật cơ điện tử,C01,19.00,,THPTQG,2018,,daniele15,
IUH,7510203,Công nghệ kỹ thuật cơ điện tử,D90,19.00,,THPTQG,2018,,daniele15,
IUH,7510203C,Công nghệ kỹ thuật cơ điện tử,A00,17.50,,THPTQG,2018,,daniele15,
IUH,7510203C,Công nghệ kỹ thuật cơ điện tử,A01,17.50,,THPTQG,2018,,daniele15,
IUH,7510203C,Công nghệ kỹ thuật cơ điện tử,C01,17.50,,THPTQG,2018,,daniele15,
IUH,7510203C,Công nghệ kỹ thuật cơ điện tử,D90,17.50,,THPTQG,2018,,daniele15,
IUH,7510205,Công nghệ kỹ thuật ô tô,A00,20.00,,THPTQG,2018,,daniele15,
IUH,7510205,Công nghệ kỹ thuật ô tô,A01,20.00,,THPTQG,2018,,daniele15,
IUH,7510205,Công nghệ kỹ thuật ô tô,C01,20.00,,THPTQG,2018,,daniele15,
IUH,7510205,Công nghệ kỹ thuật ô tô,D90,20.00,,THPTQG,2018,,daniele15,
IUH,7510206,Công nghệ Kỹ thuật Nhiệt (Cơ điện lạnh),A00,16.50,,THPTQG,2018,,daniele15,
IUH,7510206,Công nghệ Kỹ thuật Nhiệt (Cơ điện lạnh),A01,16.50,,THPTQG,2018,,daniele15,
IUH,7510206,Công nghệ Kỹ thuật Nhiệt (Cơ điện lạnh),C01,16.50,,THPTQG,2018,,daniele15,
IUH,7510206,Công nghệ Kỹ thuật Nhiệt (Cơ điện lạnh),D90,16.50,,THPTQG,2018,,daniele15,
IUH,7510301,"Công nghệ kỹ thuật điện, điện tử",A00,18.00,,THPTQG,2018,"gồm 02 ngành: Công nghệ kỹ thuật Điện, Điện tử; Công nghệ kỹ thuật điều khiển và tự động hóa",daniele15,
IUH,7510301,"Công nghệ kỹ thuật điện, điện tử",A01,18.00,,THPTQG,2018,"gồm 02 ngành: Công nghệ kỹ thuật Điện, Điện tử; Công nghệ kỹ thuật điều khiển và tự động hóa",daniele15,
IUH,7510301,"Công nghệ kỹ thuật điện, điện tử",C01,18.00,,THPTQG,2018,"gồm 02 ngành: Công nghệ kỹ thuật Điện, Điện tử; Công nghệ kỹ thuật điều khiển và tự động hóa",daniele15,
IUH,7510301,"Công nghệ kỹ thuật điện, điện tử",D90,18.00,,THPTQG,2018,"gồm 02 ngành: Công nghệ kỹ thuật Điện, Điện tử; Công nghệ kỹ thuật điều khiển và tự động hóa",daniele15,
IUH,7510301C,"Công nghệ kỹ thuật điện, điện tử",A00,16.00,,THPTQG,2018,,daniele15,
IUH,7510301C,"Công nghệ kỹ thuật điện, điện tử",A01,16.00,,THPTQG,2018,,daniele15,
IUH,7510302,Công nghệ kỹ thuật điện tử - viễn thông,A00,16.00,,THPTQG,2018,,daniele15,
IUH,7510302,Công nghệ kỹ thuật điện tử - viễn thông,A01,16.00,,THPTQG,2018,,daniele15,
IUH,7510302,Công nghệ kỹ thuật điện tử - viễn thông,C01,16.00,,THPTQG,2018,,daniele15,
IUH,7510302,Công nghệ kỹ thuật điện tử - viễn thông,D90,16.00,,THPTQG,2018,,daniele15,
IUH,7510302C,Công nghệ kỹ thuật điện tử - viễn thông,A00,15.00,,THPTQG,2018,,daniele15,
IUH,7510302C,Công nghệ kỹ thuật điện tử - viễn thông,A01,15.00,,THPTQG,2018,,daniele15,
IUH,7510401,Công nghệ kỹ thuật hoá học,A00,16.00,,THPTQG,2018,"Nhóm ngành Công nghệ thông tin gôm 04 ngành: Công nghệ thông tin, Kỹ thuật phần mềm; Khoa học máy tính, Hệ thống thông tin",daniele15,
IUH,7510401,Công nghệ kỹ thuật hoá học,B00,16.00,,THPTQG,2018,"Nhóm ngành Công nghệ thông tin gôm 04 ngành: Công nghệ thông tin, Kỹ thuật phần mềm; Khoa học máy tính, Hệ thống thông tin",daniele15,
IUH,7510401,Công nghệ kỹ thuật hoá học,D07,16.00,,THPTQG,2018,"Nhóm ngành Công nghệ thông tin gôm 04 ngành: Công nghệ thông tin, Kỹ thuật phần mềm; Khoa học máy tính, Hệ thống thông tin",daniele15,
IUH,7510401C,Công nghệ kỹ thuật hoá học,A00,15.00,,THPTQG,2018,,daniele15,
IUH,7510401C,Công nghệ kỹ thuật hoá học,B00,15.00,,THPTQG,2018,,daniele15,
IUH,7510401C,Công nghệ kỹ thuật hoá học,D07,15.00,,THPTQG,2018,,daniele15,
IUH,7510401C,Công nghệ kỹ thuật hoá học,D90,15.00,,THPTQG,2018,,daniele15,
IUH,7510406,Công nghệ kỹ thuật môi trường,A00,15.50,,THPTQG,2018,,daniele15,
IUH,7510406,Công nghệ kỹ thuật môi trường,B00,15.50,,THPTQG,2018,,daniele15,
IUH,7510406,Công nghệ kỹ thuật môi trường,D07,15.50,,THPTQG,2018,,daniele15,
IUH,7510406,Công nghệ kỹ thuật môi trường,D90,15.50,,THPTQG,2018,,daniele15,
IUH,7510406C,Công nghệ kỹ thuật môi trường,A00,15.00,,THPTQG,2018,,daniele15,
IUH,7510406C,Công nghệ kỹ thuật môi trường,B00,15.00,,THPTQG,2018,,daniele15,
IUH,7510406C,Công nghệ kỹ thuật môi trường,D07,15.00,,THPTQG,2018,,daniele15,
IUH,7510406C,Công nghệ kỹ thuật môi trường,D90,15.00,,THPTQG,2018,,daniele15,
IUH,7540101,Công nghệ thực phẩm,A00,18.00,,THPTQG,2018,,daniele15,
IUH,7540101,Công nghệ thực phẩm,B00,18.00,,THPTQG,2018,,daniele15,
IUH,7540101,Công nghệ thực phẩm,D07,18.00,,THPTQG,2018,,daniele15,
IUH,7540101,Công nghệ thực phẩm,D90,18.00,,THPTQG,2018,,daniele15,
IUH,7540101C,Công nghệ thực phẩm,A00,15.00,,THPTQG,2018,,daniele15,
IUH,7540101C,Công nghệ thực phẩm,B00,15.00,,THPTQG,2018,,daniele15,
IUH,7540101C,Công nghệ thực phẩm,D07,15.00,,THPTQG,2018,,daniele15,
IUH,7540101C,Công nghệ thực phẩm,D90,15.00,,THPTQG,2018,,daniele15,
IUH,7540106,Đảm bảo chất lượng và an toàn thực phẩm,A00,15.50,,THPTQG,2018,,daniele15,
IUH,7540106,Đảm bảo chất lượng và an toàn thực phẩm,B00,15.50,,THPTQG,2018,,daniele15,
IUH,7540106,Đảm bảo chất lượng và an toàn thực phẩm,D07,15.50,,THPTQG,2018,,daniele15,
IUH,7540106,Đảm bảo chất lượng và an toàn thực phẩm,D90,15.50,,THPTQG,2018,,daniele15,
IUH,7540204,"Công nghệ dệt, may",A00,18.00,,THPTQG,2018,,daniele15,
IUH,7540204,"Công nghệ dệt, may",C01,18.00,,THPTQG,2018,,daniele15,
IUH,7540204,"Công nghệ dệt, may",D01,18.00,,THPTQG,2018,,daniele15,
IUH,7540204,"Công nghệ dệt, may",D90,18.00,,THPTQG,2018,,daniele15,
IUH,7580201,Kỹ thuật xây dựng,A00,16.75,,THPTQG,2018,Gồm 02 ngành: Kỳ thuật xây dựng; Kỹ thuật xây dựng công trình giao thông,daniele15,
IUH,7580201,Kỹ thuật xây dựng,A01,16.75,,THPTQG,2018,Gồm 02 ngành: Kỳ thuật xây dựng; Kỹ thuật xây dựng công trình giao thông,daniele15,
IUH,7720497,Dinh dưỡng và khoa học thực phẩm,A00,15.50,,THPTQG,2018,,daniele15,
IUH,7720497,Dinh dưỡng và khoa học thực phẩm,B00,15.50,,THPTQG,2018,,daniele15,
IUH,7720497,Dinh dưỡng và khoa học thực phẩm,D07,15.50,,THPTQG,2018,,daniele15,
IUH,7720497,Dinh dưỡng và khoa học thực phẩm,D90,15.50,,THPTQG,2018,,daniele15,
IUH,7810103,Quản trị dịch vụ du lịch và lữ hành,A01,19.00,,THPTQG,2018,,daniele15,
IUH,7810103,Quản trị dịch vụ du lịch và lữ hành,C01,19.00,,THPTQG,2018,,daniele15,
IUH,7810103,Quản trị dịch vụ du lịch và lữ hành,D01,19.00,,THPTQG,2018,,daniele15,
IUH,7810103,Quản trị dịch vụ du lịch và lữ hành,D96,19.00,,THPTQG,2018,,daniele15,
IUH,7810201,Quản trị khách sạn,A01,19.50,,THPTQG,2018,,daniele15,
IUH,7810201,Quản trị khách sạn,C01,19.50,,THPTQG,2018,,daniele15,
IUH,7810202,Quản trị nhà hàng và dịch vụ ăn uống,A01,18.75,,THPTQG,2018,,daniele15,
IUH,7810202,Quản trị nhà hàng và dịch vụ ăn uống,C01,18.75,,THPTQG,2018,,daniele15,
IUH,7810202,Quản trị nhà hàng và dịch vụ ăn uống,D01,18.75,,THPTQG,2018,,daniele15,
IUH,7810202,Quản trị nhà hàng và dịch vụ ăn uống,D96,18.75,,THPTQG,2018,,daniele15,
IUH,7850101,Quản lý tài nguyên và môi trường,A00,15.50,,THPTQG,2018,,daniele15,
IUH,7850101,Quản lý tài nguyên và môi trường,B00,15.50,,THPTQG,2018,,daniele15,
IUH,7850101,Quản lý tài nguyên và môi trường,D07,15.50,,THPTQG,2018,,daniele15,
IUH,7850101,Quản lý tài nguyên và môi trường,D90,15.50,,THPTQG,2018,,daniele15,
KCC,7420201,Công nghệ sinh học,A02,13.00,,THPTQG,2018,,daniele15,
KCC,7420201,Công nghệ sinh học,B00,13.00,,THPTQG,2018,,daniele15,
KCC,7420201,Công nghệ sinh học,D07,13.00,,THPTQG,2018,,daniele15,
KCC,7420201,Công nghệ sinh học,D08,13.00,,THPTQG,2018,,daniele15,
KCC,7480101,Kỹ thuật xây dựng,A00,14.50,,THPTQG,2018,,daniele15,
KCC,7480101,Kỹ thuật xây dựng,A01,14.50,,THPTQG,2018,,daniele15,
KCC,7480101,Kỹ thuật xây dựng,C01,14.50,,THPTQG,2018,,daniele15,
KCC,7480101,Kỹ thuật xây dựng,D07,14.50,,THPTQG,2018,,daniele15,
KCC,7480103,Kỹ thuật phần mềm,A00,16.00,,THPTQG,2018,,daniele15,
KCC,7480103,Kỹ thuật phần mềm,A01,16.00,,THPTQG,2018,,daniele15,
KCC,7480103,Kỹ thuật phần mềm,C01,16.00,,THPTQG,2018,,daniele15,
KCC,7480103,Kỹ thuật phần mềm,D07,16.00,,THPTQG,2018,,daniele15,
KCC,7480104,Hệ thống thông tin,A00,14.25,,THPTQG,2018,,daniele15,
KCC,7480104,Hệ thống thông tin,A01,14.25,,THPTQG,2018,,daniele15,
KCC,7480104,Hệ thống thông tin,C01,14.25,,THPTQG,2018,,daniele15,
KCC,7480104,Hệ thống thông tin,D07,14.25,,THPTQG,2018,,daniele15,
KCC,7510102,Công nghệ kỹ thuật công trình xây dựng,A00,13.00,,THPTQG,2018,,daniele15,
KCC,7510102,Công nghệ kỹ thuật công trình xây dựng,A01,13.00,,THPTQG,2018,,daniele15,
KCC,7510102,Công nghệ kỹ thuật công trình xây dựng,A02,13.00,,THPTQG,2018,,daniele15,
KCC,7510102,Công nghệ kỹ thuật công trình xây dựng,C01,13.00,,THPTQG,2018,,daniele15,
KCC,7510203,Công nghệ kỹ thuật cơ điện tử,A00,14.50,,THPTQG,2018,,daniele15,
KCC,7510203,Công nghệ kỹ thuật cơ điện tử,A01,14.50,,THPTQG,2018,,daniele15,
KCC,7510203,Công nghệ kỹ thuật cơ điện tử,A02,14.50,,THPTQG,2018,,daniele15,
KCC,7510203,Công nghệ kỹ thuật cơ điện tử,C01,14.50,,THPTQG,2018,,daniele15,
KCC,7510301,"Công nghệ kỹ thuật điện, điện tử",A00,14.50,,THPTQG,2018,,daniele15,
KCC,7510301,"Công nghệ kỹ thuật điện, điện tử",A01,14.50,,THPTQG,2018,,daniele15,
KCC,7510301,"Công nghệ kỹ thuật điện, điện tử",A02,14.50,,THPTQG,2018,,daniele15,
KCC,7510301,"Công nghệ kỹ thuật điện, điện tử",C01,14.50,,THPTQG,2018,,daniele15,
KCC,7510303,Công nghệ kỹ thuật điều khiển và tự động hóa,A00,14.50,,THPTQG,2018,,daniele15,
KCC,7510303,Công nghệ kỹ thuật điều khiển và tự động hóa,A01,14.50,,THPTQG,2018,,daniele15,
KCC,7510303,Công nghệ kỹ thuật điều khiển và tự động hóa,A02,14.50,,THPTQG,2018,,daniele15,
KCC,7510303,Công nghệ kỹ thuật điều khiển và tự động hóa,C01,14.50,,THPTQG,2018,,daniele15,
KCC,7510601,Quản lý công nghiệp,A00,16.00,,THPTQG,2018,,daniele15,
KCC,7510601,Quản lý công nghiệp,A01,16.00,,THPTQG,2018,,daniele15,
KCC,7510601,Quản lý công nghiệp,C01,16.00,,THPTQG,2018,,daniele15,
KCC,7510601,Quản lý công nghiệp,D01,16.00,,THPTQG,2018,,daniele15,
KCC,7520118,Kỹ thuật hệ thống công nghiệp,A00,13.00,,THPTQG,2018,,daniele15,
KCC,7520118,Kỹ thuật hệ thống công nghiệp,A02,13.00,,THPTQG,2018,,daniele15,
KCC,7520118,Kỹ thuật hệ thống công nghiệp,C01,13.00,,THPTQG,2018,,daniele15,
KCC,7520118,Kỹ thuật hệ thống công nghiệp,D01,13.00,,THPTQG,2018,,daniele15,
KCC,7540101,Công nghệ thực phẩm,A00,15.50,,THPTQG,2018,,daniele15,
KCC,7540101,Công nghệ thực phẩm,B00,15.50,,THPTQG,2018,,daniele15,
KCC,7540101,Công nghệ thực phẩm,D07,15.50,,THPTQG,2018,,daniele15,
KCC,7540101,Công nghệ thực phẩm,D08,15.50,,THPTQG,2018,,daniele15,
KCC,7580302,Quản lý xây dựng,A00,13.00,,THPTQG,2018,,daniele15,
KCC,7580302,Quản lý xây dựng,A01,13.00,,THPTQG,2018,,daniele15,
KCC,7580302,Quản lý xây dựng,A02,13.00,,THPTQG,2018,,daniele15,
KCC,7580302,Quản lý xây dựng,C01,13.00,,THPTQG,2018,,daniele15,
KGH,7860203,Chỉ huy tham mưu Không quân,A00,20.60,,THPTQG,2018,Thí sinh Nam miền Bắc (Hệ cao đẳng),daniele15,
KGH,7860203,Chỉ huy tham mưu Không quân,A01,20.60,,THPTQG,2018,Thí sinh Nam miền Bắc (Hệ cao đẳng),daniele15,
KGH,7860203,Chỉ huy tham mưu Không quân,A00,18.45,,THPTQG,2018,Thí sinh Nam miền Nam (Hệ cao đẳng),daniele15,
KGH,7860203,Chỉ huy tham mưu Không quân,A01,18.45,,THPTQG,2018,Thí sinh Nam miền Nam (Hệ cao đẳng),daniele15,
KGH,7860203,Chỉ huy tham mưu Không quân,A00,17.30,,THPTQG,2018,Sĩ quan chỉ huy tham mưu không quân (Thí sinh nam cả nước),daniele15,
KGH,7860203,Chỉ huy tham mưu Không quân,A01,17.30,,THPTQG,2018,Sĩ quan chỉ huy tham mưu không quân (Thí sinh nam cả nước),daniele15,
KHA,7220201,Ngôn ngữ Anh,A01,30.75,40,THPTQG,2018,thang 40 (suy ra),daniele15,
KHA,7220201,Ngôn ngữ Anh,D01,30.75,40,THPTQG,2018,thang 40 (suy ra),daniele15,
KHA,7220201,Ngôn ngữ Anh,D09,30.75,40,THPTQG,2018,thang 40 (suy ra),daniele15,
KHA,7220201,Ngôn ngữ Anh,D10,30.75,40,THPTQG,2018,thang 40 (suy ra),daniele15,
KHA,7310101,Kinh tế,A00,22.75,,THPTQG,2018,,daniele15,
KHA,7310101,Kinh tế,A01,22.75,,THPTQG,2018,,daniele15,
KHA,7310101,Kinh tế,D01,22.75,,THPTQG,2018,,daniele15,
KHA,7310101,Kinh tế,D07,22.75,,THPTQG,2018,,daniele15,
KHA,7310104,Kinh tế đầu tư,A00,22.85,,THPTQG,2018,Kinh tế đầu tư,daniele15,
KHA,7310104,Kinh tế đầu tư,A01,22.85,,THPTQG,2018,Kinh tế đầu tư,daniele15,
KHA,7310104,Kinh tế đầu tư,B00,22.85,,THPTQG,2018,Kinh tế đầu tư,daniele15,
KHA,7310104,Kinh tế đầu tư,D01,22.85,,THPTQG,2018,Kinh tế đầu tư,daniele15,
KHA,7310105,Kinh tế,A00,22.30,,THPTQG,2018,Kinh tế phát triển,daniele15,
KHA,7310105,Kinh tế,A01,22.30,,THPTQG,2018,Kinh tế phát triển,daniele15,
KHA,7310105,Kinh tế,D01,22.30,,THPTQG,2018,Kinh tế phát triển,daniele15,
KHA,7310105,Kinh tế,D07,22.30,,THPTQG,2018,Kinh tế phát triển,daniele15,
KHA,7310106,Kinh tế,A00,24.35,,THPTQG,2018,Kinh tế quốc tế,daniele15,
KHA,7310106,Kinh tế,A01,24.35,,THPTQG,2018,Kinh tế quốc tế,daniele15,
KHA,7310106,Kinh tế,D01,24.35,,THPTQG,2018,Kinh tế quốc tế,daniele15,
KHA,7310106,Kinh tế,D07,24.35,,THPTQG,2018,Kinh tế quốc tế,daniele15,
KHA,7310107,Thống kê kinh tế,A00,21.65,,THPTQG,2018,,daniele15,
KHA,7310107,Thống kê kinh tế,A01,21.65,,THPTQG,2018,,daniele15,
KHA,7310107,Thống kê kinh tế,D01,21.65,,THPTQG,2018,,daniele15,
KHA,7310107,Thống kê kinh tế,D07,21.65,,THPTQG,2018,,daniele15,
KHA,7310108,Toán kinh tế,A00,21.45,,THPTQG,2018,,daniele15,
KHA,7310108,Toán kinh tế,A01,21.45,,THPTQG,2018,,daniele15,
KHA,7310108,Toán kinh tế,D01,21.45,,THPTQG,2018,,daniele15,
KHA,7310108,Toán kinh tế,D07,21.45,,THPTQG,2018,,daniele15,
KHA,7320108,Quan hệ công chúng,A01,24.00,,THPTQG,2018,,daniele15,
KHA,7320108,Quan hệ công chúng,C03,24.00,,THPTQG,2018,,daniele15,
KHA,7320108,Quan hệ công chúng,C04,24.00,,THPTQG,2018,,daniele15,
KHA,7320108,Quan hệ công chúng,D01,24.00,,THPTQG,2018,,daniele15,
KHA,7340101,Quản trị kinh doanh,A00,23.00,,THPTQG,2018,,daniele15,
KHA,7340101,Quản trị kinh doanh,A01,23.00,,THPTQG,2018,,daniele15,
KHA,7340101,Quản trị kinh doanh,D01,23.00,,THPTQG,2018,,daniele15,
KHA,7340101,Quản trị kinh doanh,D07,23.00,,THPTQG,2018,,daniele15,
KHA,7340115,Marketing,A00,23.60,,THPTQG,2018,,daniele15,
KHA,7340115,Marketing,A01,23.60,,THPTQG,2018,,daniele15,
KHA,7340115,Marketing,D01,23.60,,THPTQG,2018,,daniele15,
KHA,7340115,Marketing,D07,23.60,,THPTQG,2018,,daniele15,
KHA,7340116,Bất động sản,A00,21.50,,THPTQG,2018,,daniele15,
KHA,7340116,Bất động sản,A01,21.50,,THPTQG,2018,,daniele15,
KHA,7340116,Bất động sản,D01,21.50,,THPTQG,2018,,daniele15,
KHA,7340116,Bất động sản,D07,21.50,,THPTQG,2018,,daniele15,
KHA,7340120,Kinh doanh quốc tế,A00,24.25,,THPTQG,2018,,daniele15,
KHA,7340120,Kinh doanh quốc tế,A01,24.25,,THPTQG,2018,,daniele15,
KHA,7340120,Kinh doanh quốc tế,D01,24.25,,THPTQG,2018,,daniele15,
KHA,7340120,Kinh doanh quốc tế,D07,24.25,,THPTQG,2018,,daniele15,
KHA,7340121,Kinh doanh thương mại,A00,23.15,,THPTQG,2018,,daniele15,
KHA,7340121,Kinh doanh thương mại,A01,23.15,,THPTQG,2018,,daniele15,
KHA,7340121,Kinh doanh thương mại,D01,23.15,,THPTQG,2018,,daniele15,
KHA,7340121,Kinh doanh thương mại,D07,23.15,,THPTQG,2018,,daniele15,
KHA,7340122,Thương mại điện tử,A00,23.25,,THPTQG,2018,,daniele15,
KHA,7340122,Thương mại điện tử,A01,23.25,,THPTQG,2018,,daniele15,
KHA,7340122,Thương mại điện tử,D01,23.25,,THPTQG,2018,,daniele15,
KHA,7340122,Thương mại điện tử,D07,23.25,,THPTQG,2018,,daniele15,
KHA,7340201,Tài chính - Ngân hàng,A00,22.85,,THPTQG,2018,,daniele15,
KHA,7340201,Tài chính - Ngân hàng,A01,22.85,,THPTQG,2018,,daniele15,
KHA,7340201,Tài chính - Ngân hàng,D01,22.85,,THPTQG,2018,,daniele15,
KHA,7340201,Tài chính - Ngân hàng,D07,22.85,,THPTQG,2018,,daniele15,
KHA,7340204,Bảo hiểm,A00,21.35,,THPTQG,2018,,daniele15,
KHA,7340204,Bảo hiểm,A01,21.35,,THPTQG,2018,,daniele15,
KHA,7340204,Bảo hiểm,D01,21.35,,THPTQG,2018,,daniele15,
KHA,7340204,Bảo hiểm,D07,21.35,,THPTQG,2018,,daniele15,
KHA,7340301,Kế toán,A00,23.60,,THPTQG,2018,,daniele15,
KHA,7340301,Kế toán,A01,23.60,,THPTQG,2018,,daniele15,
KHA,7340301,Kế toán,D01,23.60,,THPTQG,2018,,daniele15,
KHA,7340301,Kế toán,D07,23.60,,THPTQG,2018,,daniele15,
KHA,7340401,Khoa học quản lý,A00,21.25,,THPTQG,2018,,daniele15,
KHA,7340401,Khoa học quản lý,A01,21.25,,THPTQG,2018,,daniele15,
KHA,7340401,Khoa học quản lý,D01,21.25,,THPTQG,2018,,daniele15,
KHA,7340401,Khoa học quản lý,D07,21.25,,THPTQG,2018,,daniele15,
KHA,7340403,Quản lý công,A00,20.75,,THPTQG,2018,,daniele15,
KHA,7340403,Quản lý công,A01,20.75,,THPTQG,2018,,daniele15,
KHA,7340403,Quản lý công,D01,20.75,,THPTQG,2018,,daniele15,
KHA,7340403,Quản lý công,D07,20.75,,THPTQG,2018,,daniele15,
KHA,7340404,Quản trị nhân lực,A00,22.85,,THPTQG,2018,,daniele15,
KHA,7340404,Quản trị nhân lực,A01,22.85,,THPTQG,2018,,daniele15,
KHA,7340404,Quản trị nhân lực,D01,22.85,,THPTQG,2018,,daniele15,
KHA,7340404,Quản trị nhân lực,D07,22.85,,THPTQG,2018,,daniele15,
KHA,7340405,Hệ thống thông tin quản lý,A00,22.00,,THPTQG,2018,,daniele15,
KHA,7340405,Hệ thống thông tin quản lý,A01,22.00,,THPTQG,2018,,daniele15,
KHA,7340405,Hệ thống thông tin quản lý,D01,22.00,,THPTQG,2018,,daniele15,
KHA,7340405,Hệ thống thông tin quản lý,D07,22.00,,THPTQG,2018,,daniele15,
KHA,7340409,Quản lý dự án,A00,22.00,,THPTQG,2018,,daniele15,
KHA,7340409,Quản lý dự án,A01,22.00,,THPTQG,2018,,daniele15,
KHA,7340409,Quản lý dự án,B00,22.00,,THPTQG,2018,,daniele15,
KHA,7340409,Quản lý dự án,D01,22.00,,THPTQG,2018,,daniele15,
KHA,7380107,Luật,A00,22.35,,THPTQG,2018,Luật kinh tế,daniele15,
KHA,7380107,Luật,A01,22.35,,THPTQG,2018,Luật kinh tế,daniele15,
KHA,7380107,Luật,D01,22.35,,THPTQG,2018,Luật kinh tế,daniele15,
KHA,7380107,Luật,D07,22.35,,THPTQG,2018,Luật kinh tế,daniele15,
KHA,7480101,Khoa học máy tính,A00,21.50,,THPTQG,2018,,daniele15,
KHA,7480101,Khoa học máy tính,A01,21.50,,THPTQG,2018,,daniele15,
KHA,7480101,Khoa học máy tính,D01,21.50,,THPTQG,2018,,daniele15,
KHA,7480101,Khoa học máy tính,D07,21.50,,THPTQG,2018,,daniele15,
KHA,7480201,Công nghệ thông tin,A00,21.75,,THPTQG,2018,,daniele15,
KHA,7480201,Công nghệ thông tin,A01,21.75,,THPTQG,2018,,daniele15,
KHA,7480201,Công nghệ thông tin,D01,21.75,,THPTQG,2018,,daniele15,
KHA,7480201,Công nghệ thông tin,D07,21.75,,THPTQG,2018,,daniele15,
KHA,7510605,Logistics và Quản lý chuỗi cung ứng,A00,23.85,,THPTQG,2018,,daniele15,
KHA,7510605,Logistics và Quản lý chuỗi cung ứng,A01,23.85,,THPTQG,2018,,daniele15,
KHA,7510605,Logistics và Quản lý chuỗi cung ứng,D01,23.85,,THPTQG,2018,,daniele15,
KHA,7510605,Logistics và Quản lý chuỗi cung ứng,D07,23.85,,THPTQG,2018,,daniele15,
KHA,7620115,Kinh tế,A00,20.75,,THPTQG,2018,Kinh tế nông nghiệp,daniele15,
KHA,7620115,Kinh tế,A01,20.75,,THPTQG,2018,Kinh tế nông nghiệp,daniele15,
KHA,7620115,Kinh tế,B00,20.75,,THPTQG,2018,Kinh tế nông nghiệp,daniele15,
KHA,7620115,Kinh tế,D01,20.75,,THPTQG,2018,Kinh tế nông nghiệp,daniele15,
KHA,7810103,Quản trị dịch vụ du lịch và lữ hành,A00,22.75,,THPTQG,2018,,daniele15,
KHA,7810103,Quản trị dịch vụ du lịch và lữ hành,A01,22.75,,THPTQG,2018,,daniele15,
KHA,7810103,Quản trị dịch vụ du lịch và lữ hành,D01,22.75,,THPTQG,2018,,daniele15,
KHA,7810103,Quản trị dịch vụ du lịch và lữ hành,D07,22.75,,THPTQG,2018,,daniele15,
KHA,7810201,Quản trị khách sạn,A00,23.15,,THPTQG,2018,,daniele15,
KHA,7810201,Quản trị khách sạn,A01,23.15,,THPTQG,2018,,daniele15,
KHA,7810201,Quản trị khách sạn,D01,23.15,,THPTQG,2018,,daniele15,
KHA,7810201,Quản trị khách sạn,D07,23.15,,THPTQG,2018,,daniele15,
KHA,7850101,Quản lý tài nguyên và môi trường,A00,20.50,,THPTQG,2018,,daniele15,
KHA,7850101,Quản lý tài nguyên và môi trường,A01,20.50,,THPTQG,2018,,daniele15,
KHA,7850101,Quản lý tài nguyên và môi trường,D01,20.50,,THPTQG,2018,,daniele15,
KHA,7850101,Quản lý tài nguyên và môi trường,D07,20.50,,THPTQG,2018,,daniele15,
KHA,7850102,Kinh tế Tài nguyên thiên nhiên,A00,20.75,,THPTQG,2018,Kinh tế tài nguyên thiên nhiên,daniele15,
KHA,7850102,Kinh tế Tài nguyên thiên nhiên,A01,20.75,,THPTQG,2018,Kinh tế tài nguyên thiên nhiên,daniele15,
KHA,7850102,Kinh tế Tài nguyên thiên nhiên,B00,20.75,,THPTQG,2018,Kinh tế tài nguyên thiên nhiên,daniele15,
KHA,7850102,Kinh tế Tài nguyên thiên nhiên,D01,20.75,,THPTQG,2018,Kinh tế tài nguyên thiên nhiên,daniele15,
KHA,7850103,Quản lý đất đai,A00,20.50,,THPTQG,2018,,daniele15,
KHA,7850103,Quản lý đất đai,A01,20.50,,THPTQG,2018,,daniele15,
KHA,7850103,Quản lý đất đai,D01,20.50,,THPTQG,2018,,daniele15,
KHA,7850103,Quản lý đất đai,D07,20.50,,THPTQG,2018,,daniele15,
KHA,EBBA,Quản trị kinh doanh,A00,22.10,,THPTQG,2018,học bằng tiếng Anh (EBBA),daniele15,
KHA,EBBA,Quản trị kinh doanh,A01,22.10,,THPTQG,2018,học bằng tiếng Anh (EBBA),daniele15,
KHA,EBBA,Quản trị kinh doanh,D01,22.10,,THPTQG,2018,học bằng tiếng Anh (EBBA),daniele15,
KHA,EBBA,Quản trị kinh doanh,D07,22.10,,THPTQG,2018,học bằng tiếng Anh (EBBA),daniele15,
KHA,EP01,Khởi nghiệp và phát triển kinh doanh,A01,28.00,,THPTQG,2018,BBAE - tiếng Anh hệ số 2học bằng tiếng Anh,daniele15,
KHA,EP01,Khởi nghiệp và phát triển kinh doanh,D01,28.00,,THPTQG,2018,BBAE - tiếng Anh hệ số 2học bằng tiếng Anh,daniele15,
KHA,EP01,Khởi nghiệp và phát triển kinh doanh,D07,28.00,,THPTQG,2018,BBAE - tiếng Anh hệ số 2học bằng tiếng Anh,daniele15,
KHA,EP01,Khởi nghiệp và phát triển kinh doanh,D09,28.00,,THPTQG,2018,BBAE - tiếng Anh hệ số 2học bằng tiếng Anh,daniele15,
KHA,EP02,Định phí Bảo hiểm & Quản trị rủi ro,A00,21.50,,THPTQG,2018,Actuaryhọc bằng tiếng Anh,daniele15,
KHA,EP02,Định phí Bảo hiểm & Quản trị rủi ro,A01,21.50,,THPTQG,2018,Actuaryhọc bằng tiếng Anh,daniele15,
KHA,EP02,Định phí Bảo hiểm & Quản trị rủi ro,D01,21.50,,THPTQG,2018,Actuaryhọc bằng tiếng Anh,daniele15,
KHA,EP02,Định phí Bảo hiểm & Quản trị rủi ro,D07,21.50,,THPTQG,2018,Actuaryhọc bằng tiếng Anh,daniele15,
KHA,EPMP,Quản lý công và Chính sách,A00,21.00,,THPTQG,2018,EPMPHọc bằng tiếng anh,daniele15,
KHA,EPMP,Quản lý công và Chính sách,A01,21.00,,THPTQG,2018,EPMPHọc bằng tiếng anh,daniele15,
KHA,EPMP,Quản lý công và Chính sách,D01,21.00,,THPTQG,2018,EPMPHọc bằng tiếng anh,daniele15,
KHA,EPMP,Quản lý công và Chính sách,D07,21.00,,THPTQG,2018,EPMPHọc bằng tiếng anh,daniele15,
KHA,POHE,Các chương trình định hướng ứng dụng,A01,28.75,,THPTQG,2018,POHE - tiếng Anh hệ số 2,daniele15,
KHA,POHE,Các chương trình định hướng ứng dụng,D01,28.75,,THPTQG,2018,POHE - tiếng Anh hệ số 2,daniele15,
KHA,POHE,Các chương trình định hướng ứng dụng,D07,28.75,,THPTQG,2018,POHE - tiếng Anh hệ số 2,daniele15,
KHA,POHE,Các chương trình định hướng ứng dụng,D09,28.75,,THPTQG,2018,POHE - tiếng Anh hệ số 2,daniele15,
KMA,7480201,Công nghệ thông tin,A00,20.15,,THPTQG,2018,,daniele15,
KMA,7480201,Công nghệ thông tin,A01,20.15,,THPTQG,2018,,daniele15,
KMA,7480201,Công nghệ thông tin,D90,20.15,,THPTQG,2018,,daniele15,
KMA,7480202,An toàn thông tin,A00,19.00,,THPTQG,2018,,daniele15,
KMA,7480202,An toàn thông tin,A01,19.00,,THPTQG,2018,,daniele15,
KMA,7480202,An toàn thông tin,D90,19.00,,THPTQG,2018,,daniele15,
KMA,7520207,Kỹ thuật điện tử - viễn thông,A00,18.25,,THPTQG,2018,,daniele15,
KMA,7520207,Kỹ thuật điện tử - viễn thông,A01,18.25,,THPTQG,2018,,daniele15,
KMA,7520207,Kỹ thuật điện tử - viễn thông,D90,18.25,,THPTQG,2018,,daniele15,
KQH,7480101,Kỹ thuật xây dựng,A00,20.00,,THPTQG,2018,Hệ dân sự,daniele15,
KQH,7480101,Kỹ thuật xây dựng,A01,20.00,,THPTQG,2018,Hệ dân sự,daniele15,
KQH,7480201,Công nghệ thông tin,A00,21.70,,THPTQG,2018,Hệ dân sự,daniele15,
KQH,7480201,Công nghệ thông tin,A01,21.70,,THPTQG,2018,Hệ dân sự,daniele15,
KQH,7520114,Kỹ thuật cơ điện tử,A00,19.10,,THPTQG,2018,Hệ dân sự,daniele15,
KQH,7520114,Kỹ thuật cơ điện tử,A01,19.10,,THPTQG,2018,Hệ dân sự,daniele15,
KQH,7520207,Kỹ thuật điện tử - viễn thông,A00,18.10,,THPTQG,2018,Hệ dân sự,daniele15,
KQH,7520207,Kỹ thuật điện tử - viễn thông,A01,18.10,,THPTQG,2018,Hệ dân sự,daniele15,
KQH,7520216,Kỹ thuật điều khiển và tự động hoá,A00,19.60,,THPTQG,2018,Hệ dân sự,daniele15,
KQH,7520216,Kỹ thuật điều khiển và tự động hoá,A01,19.60,,THPTQG,2018,Hệ dân sự,daniele15,
KQH,7860220,Chỉ huy tham mưu thông tin,A00,25.10,,THPTQG,2018,Thí sinh Nữ miền Bắc,daniele15,
KQH,7860220,Chỉ huy tham mưu thông tin,A01,25.10,,THPTQG,2018,Thí sinh Nữ miền Bắc,daniele15,
KQH,7860220,Chỉ huy tham mưu thông tin,A00,24.25,,THPTQG,2018,"Thí sinh Nữ miền NamThí sinh mức 24,25 điểm: Tiêu chí phụ 1: Điểm môn Toán  ≥ 8,00.  Tiêu chí phụ 2: Điểm môn Lý ≥ 7,50.  Tiêu chí phụ 3: Điểm môn Hóa  ≥ 8,00.",daniele15,
KQH,7860220,Chỉ huy tham mưu thông tin,A01,24.25,,THPTQG,2018,"Thí sinh Nữ miền NamThí sinh mức 24,25 điểm: Tiêu chí phụ 1: Điểm môn Toán  ≥ 8,00.  Tiêu chí phụ 2: Điểm môn Lý ≥ 7,50.  Tiêu chí phụ 3: Điểm môn Hóa  ≥ 8,00.",daniele15,
KQH,7860220,Chỉ huy tham mưu thông tin,A00,22.40,,THPTQG,2018,Thí sinh Nam miền Bắc,daniele15,
KQH,7860220,Chỉ huy tham mưu thông tin,A01,22.40,,THPTQG,2018,Thí sinh Nam miền Bắc,daniele15,
KQH,7860220,Chỉ huy tham mưu thông tin,A00,21.35,,THPTQG,2018,"Thí sinh Nam miền NamThí sinh mức 21,35 điểm: Điểm môn Toán  ≥ 6,60.",daniele15,
KQH,7860220,Chỉ huy tham mưu thông tin,A01,21.35,,THPTQG,2018,"Thí sinh Nam miền NamThí sinh mức 21,35 điểm: Điểm môn Toán  ≥ 6,60.",daniele15,
KSA,7220201,Ngôn ngữ Anh,D01,22.50,,THPTQG,2018,,daniele15,
KSA,7220201,Ngôn ngữ Anh,D96,22.50,,THPTQG,2018,,daniele15,
KSA,7310101,Kinh tế,A00,20.70,,THPTQG,2018,Chuyên ngành Kinh tế học ứng dụng,daniele15,
KSA,7310101,Kinh tế,A01,20.70,,THPTQG,2018,Chuyên ngành Kinh tế học ứng dụng,daniele15,
KSA,7310101,Kinh tế,D01,20.70,,THPTQG,2018,Chuyên ngành Kinh tế học ứng dụng,daniele15,
KSA,7310101,Kinh tế,D96,20.70,,THPTQG,2018,Chuyên ngành Kinh tế học ứng dụng,daniele15,
KSA,7310101,Kinh tế,D07,20.70,,THPTQG,2018,,daniele15,
KSA,7310101,Kinh tế,A00,19.00,,THPTQG,2018,Chuyên ngành Kinh tế chính trị,daniele15,
KSA,7310101,Kinh tế,A01,19.00,,THPTQG,2018,Chuyên ngành Kinh tế chính trị,daniele15,
KSA,7310101,Kinh tế,D01,19.00,,THPTQG,2018,Chuyên ngành Kinh tế chính trị,daniele15,
KSA,7310101,Kinh tế,D96,19.00,,THPTQG,2018,Chuyên ngành Kinh tế chính trị,daniele15,
KSA,7310107,Thống kê kinh tế,A00,19.30,,THPTQG,2018,,daniele15,
KSA,7310107,Thống kê kinh tế,A01,19.30,,THPTQG,2018,,daniele15,
KSA,7310107,Thống kê kinh tế,D01,19.30,,THPTQG,2018,,daniele15,
KSA,7310107,Thống kê kinh tế,D07,19.30,,THPTQG,2018,,daniele15,
KSA,7310108,Toán kinh tế,A00,19.20,,THPTQG,2018,,daniele15,
KSA,7310108,Toán kinh tế,A01,19.20,,THPTQG,2018,,daniele15,
KSA,7310108,Toán kinh tế,D01,19.20,,THPTQG,2018,,daniele15,
KSA,7310108,Toán kinh tế,D07,19.20,,THPTQG,2018,,daniele15,
KSA,7340101,Quản trị kinh doanh,A00,21.40,,THPTQG,2018,,daniele15,
KSA,7340101,Quản trị kinh doanh,A01,21.40,,THPTQG,2018,,daniele15,
KSA,7340101,Quản trị kinh doanh,D01,21.40,,THPTQG,2018,,daniele15,
KSA,7340101,Quản trị kinh doanh,D07,21.40,,THPTQG,2018,,daniele15,
KSA,7340101,Quản trị kinh doanh,A00,18.00,,THPTQG,2018,,daniele15,
KSA,7340101,Quản trị kinh doanh,A01,18.00,,THPTQG,2018,,daniele15,
KSA,7340101,Quản trị kinh doanh,D01,18.00,,THPTQG,2018,,daniele15,
KSA,7340101,Quản trị kinh doanh,D07,18.00,,THPTQG,2018,,daniele15,
KSA,7340115,Marketing,A00,22.40,,THPTQG,2018,,daniele15,
KSA,7340115,Marketing,A01,22.40,,THPTQG,2018,,daniele15,
KSA,7340115,Marketing,D01,22.40,,THPTQG,2018,,daniele15,
KSA,7340115,Marketing,D07,22.40,,THPTQG,2018,,daniele15,
KSA,7340120,Kinh doanh quốc tế,A00,22.80,,THPTQG,2018,,daniele15,
KSA,7340120,Kinh doanh quốc tế,A01,22.80,,THPTQG,2018,,daniele15,
KSA,7340120,Kinh doanh quốc tế,D01,22.80,,THPTQG,2018,,daniele15,
KSA,7340120,Kinh doanh quốc tế,D07,22.80,,THPTQG,2018,,daniele15,
KSA,7340120,Kinh doanh quốc tế,A00,22.60,,THPTQG,2018,,daniele15,
KSA,7340120,Kinh doanh quốc tế,A01,22.60,,THPTQG,2018,,daniele15,
KSA,7340120,Kinh doanh quốc tế,D01,22.60,,THPTQG,2018,,daniele15,
KSA,7340120,Kinh doanh quốc tế,D07,22.60,,THPTQG,2018,,daniele15,
KSA,7340121,Kinh doanh thương mại,A00,21.70,,THPTQG,2018,,daniele15,
KSA,7340121,Kinh doanh thương mại,A01,21.70,,THPTQG,2018,,daniele15,
KSA,7340121,Kinh doanh thương mại,D01,21.70,,THPTQG,2018,,daniele15,
KSA,7340121,Kinh doanh thương mại,D07,21.70,,THPTQG,2018,,daniele15,
KSA,7340201,Tài chính - Ngân hàng,A00,21.30,,THPTQG,2018,,daniele15,
KSA,7340201,Tài chính - Ngân hàng,A01,21.30,,THPTQG,2018,,daniele15,
KSA,7340201,Tài chính - Ngân hàng,D01,21.30,,THPTQG,2018,,daniele15,
KSA,7340201,Tài chính - Ngân hàng,D07,21.30,,THPTQG,2018,,daniele15,
KSA,7340201,Tài chính - Ngân hàng,A00,21.20,,THPTQG,2018,,daniele15,
KSA,7340201,Tài chính - Ngân hàng,A01,21.20,,THPTQG,2018,,daniele15,
KSA,7340201,Tài chính - Ngân hàng,D01,21.20,,THPTQG,2018,,daniele15,
KSA,7340201,Tài chính - Ngân hàng,D07,21.20,,THPTQG,2018,,daniele15,
KSA,7340201,Tài chính - Ngân hàng,A00,20.00,,THPTQG,2018,,daniele15,
KSA,7340201,Tài chính - Ngân hàng,A01,20.00,,THPTQG,2018,,daniele15,
KSA,7340201,Tài chính - Ngân hàng,D01,20.00,,THPTQG,2018,,daniele15,
KSA,7340201,Tài chính - Ngân hàng,D07,20.00,,THPTQG,2018,,daniele15,
KSA,7340201,Tài chính - Ngân hàng,A00,19.00,,THPTQG,2018,,daniele15,
KSA,7340201,Tài chính - Ngân hàng,A01,19.00,,THPTQG,2018,,daniele15,
KSA,7340201,Tài chính - Ngân hàng,D01,19.00,,THPTQG,2018,,daniele15,
KSA,7340201,Tài chính - Ngân hàng,D07,19.00,,THPTQG,2018,,daniele15,
KSA,7340201,Tài chính - Ngân hàng,A00,18.80,,THPTQG,2018,,daniele15,
KSA,7340201,Tài chính - Ngân hàng,A01,18.80,,THPTQG,2018,,daniele15,
KSA,7340201,Tài chính - Ngân hàng,D01,18.80,,THPTQG,2018,,daniele15,
KSA,7340201,Tài chính - Ngân hàng,D07,18.80,,THPTQG,2018,,daniele15,
KSA,7340201,Tài chính - Ngân hàng,A00,18.00,,THPTQG,2018,,daniele15,
KSA,7340201,Tài chính - Ngân hàng,A01,18.00,,THPTQG,2018,,daniele15,
KSA,7340201,Tài chính - Ngân hàng,D01,18.00,,THPTQG,2018,,daniele15,
KSA,7340201,Tài chính - Ngân hàng,D07,18.00,,THPTQG,2018,,daniele15,
KSA,7340201,Tài chính - Ngân hàng,A00,17.50,,THPTQG,2018,,daniele15,
KSA,7340201,Tài chính - Ngân hàng,A01,17.50,,THPTQG,2018,,daniele15,
KSA,7340201,Tài chính - Ngân hàng,D01,17.50,,THPTQG,2018,,daniele15,
KSA,7340201,Tài chính - Ngân hàng,D07,17.50,,THPTQG,2018,,daniele15,
KSA,7340301,Kế toán,A00,20.40,,THPTQG,2018,,daniele15,
KSA,7340301,Kế toán,A01,20.40,,THPTQG,2018,,daniele15,
KSA,7340301,Kế toán,D01,20.40,,THPTQG,2018,,daniele15,
KSA,7340301,Kế toán,D07,20.40,,THPTQG,2018,,daniele15,
KSA,7340403,Quản lý công,A00,17.50,,THPTQG,2018,,daniele15,
KSA,7340403,Quản lý công,A01,17.50,,THPTQG,2018,,daniele15,
KSA,7340403,Quản lý công,D01,17.50,,THPTQG,2018,,daniele15,
KSA,7340403,Quản lý công,D07,17.50,,THPTQG,2018,,daniele15,
KSA,7340405,Hệ thống thông tin quản lý,A00,21.20,,THPTQG,2018,,daniele15,
KSA,7340405,Hệ thống thông tin quản lý,A01,21.20,,THPTQG,2018,,daniele15,
KSA,7340405,Hệ thống thông tin quản lý,D01,21.20,,THPTQG,2018,,daniele15,
KSA,7340405,Hệ thống thông tin quản lý,D07,21.20,,THPTQG,2018,,daniele15,
KSA,7340405,Hệ thống thông tin quản lý,A00,20.00,,THPTQG,2018,Chuyên ngành Hệ thống thông tin kinh doanh,daniele15,
KSA,7340405,Hệ thống thông tin quản lý,A01,20.00,,THPTQG,2018,Chuyên ngành Hệ thống thông tin kinh doanh,daniele15,
KSA,7340405,Hệ thống thông tin quản lý,D01,20.00,,THPTQG,2018,Chuyên ngành Hệ thống thông tin kinh doanh,daniele15,
KSA,7340405,Hệ thống thông tin quản lý,D07,20.00,,THPTQG,2018,Chuyên ngành Hệ thống thông tin kinh doanh,daniele15,
KSA,7340405,Hệ thống thông tin quản lý,A00,17.50,,THPTQG,2018,,daniele15,
KSA,7340405,Hệ thống thông tin quản lý,A01,17.50,,THPTQG,2018,,daniele15,
KSA,7340405,Hệ thống thông tin quản lý,D01,17.50,,THPTQG,2018,,daniele15,
KSA,7340405,Hệ thống thông tin quản lý,D07,17.50,,THPTQG,2018,,daniele15,
KSA,7380101,Luật,A00,20.50,,THPTQG,2018,Chuyên ngành Luật kinh doanh quốc tế,daniele15,
KSA,7380101,Luật,A01,20.50,,THPTQG,2018,Chuyên ngành Luật kinh doanh quốc tế,daniele15,
KSA,7380101,Luật,D01,20.50,,THPTQG,2018,Chuyên ngành Luật kinh doanh quốc tế,daniele15,
KSA,7380101,Luật,D96,20.50,,THPTQG,2018,Chuyên ngành Luật kinh doanh quốc tế,daniele15,
KSA,7380101,Luật,A00,20.30,,THPTQG,2018,Chuyên ngành Luật kinh doanh,daniele15,
KSA,7380101,Luật,A01,20.30,,THPTQG,2018,Chuyên ngành Luật kinh doanh,daniele15,
KSA,7380101,Luật,D01,20.30,,THPTQG,2018,Chuyên ngành Luật kinh doanh,daniele15,
KSA,7380101,Luật,D96,20.30,,THPTQG,2018,Chuyên ngành Luật kinh doanh,daniele15,
KSA,7480103,Kỹ thuật phần mềm,A00,19.00,,THPTQG,2018,,daniele15,
KSA,7480103,Kỹ thuật phần mềm,A01,19.00,,THPTQG,2018,,daniele15,
KSA,7480103,Kỹ thuật phần mềm,D01,19.00,,THPTQG,2018,,daniele15,
KSA,7480103,Kỹ thuật phần mềm,D07,19.00,,THPTQG,2018,,daniele15,
KSA,7810103,Quản trị dịch vụ du lịch và lữ hành,A00,21.60,,THPTQG,2018,,daniele15,
KSA,7810103,Quản trị dịch vụ du lịch và lữ hành,A01,21.60,,THPTQG,2018,,daniele15,
KSA,7810103,Quản trị dịch vụ du lịch và lữ hành,D01,21.60,,THPTQG,2018,,daniele15,
KSA,7810103,Quản trị dịch vụ du lịch và lữ hành,D07,21.60,,THPTQG,2018,,daniele15,
KSA,7810201,Quản trị khách sạn,A00,22.20,,THPTQG,2018,,daniele15,
KSA,7810201,Quản trị khách sạn,A01,22.20,,THPTQG,2018,,daniele15,
KSA,7810201,Quản trị khách sạn,D01,22.20,,THPTQG,2018,,daniele15,
KSA,7810201,Quản trị khách sạn,D07,22.20,,THPTQG,2018,,daniele15,
KSA,7810201,Quản trị khách sạn,A00,21.40,,THPTQG,2018,,daniele15,
KSA,7810201,Quản trị khách sạn,A01,21.40,,THPTQG,2018,,daniele15,
KSA,7810201,Quản trị khách sạn,D01,21.40,,THPTQG,2018,,daniele15,
KSA,7810201,Quản trị khách sạn,D07,21.40,,THPTQG,2018,,daniele15,
KTA,7210105,Điêu khắc,H00,17.50,,THPTQG,2018,,daniele15,
KTA,7210403,Thiết kế đồ họa,H00,19.50,,THPTQG,2018,,daniele15,
KTA,7210404,Thiết kế thời trang,H00,18.00,,THPTQG,2018,,daniele15,
KTA,7480201,Công nghệ thông tin,A00,16.00,,THPTQG,2018,,daniele15,
KTA,7480201,Công nghệ thông tin,A01,16.00,,THPTQG,2018,,daniele15,
KTA,7510105,Công nghệ kỹ thuật vật liệu xây dựng,A00,14.00,,THPTQG,2018,,daniele15,
KTA,7510105,Công nghệ kỹ thuật vật liệu xây dựng,B00,14.00,,THPTQG,2018,,daniele15,
KTA,7580101,Kiến trúc,V00,24.52,,THPTQG,2018,,daniele15,
KTA,7580101,Kiến trúc,V00,20.00,,THPTQG,2018,Chương trình tiên tiến,daniele15,
KTA,7580102,Kiến trúc,V00,20.00,,THPTQG,2018,Kiến trúc cảnh quan,daniele15,
KTA,7580105,Quy hoạch vùng và đô thị,V00,22.50,,THPTQG,2018,,daniele15,
KTA,7580108,Thiết kế nội thất,H00,18.25,,THPTQG,2018,,daniele15,
KTA,7580201,Kỹ thuật xây dựng,A00,14.50,,THPTQG,2018,chuyên ngành: Xây dựng Dân dụng và Công nghiệp,daniele15,
KTA,7580201,Kỹ thuật xây dựng,B00,14.50,,THPTQG,2018,chuyên ngành: Xây dựng Dân dụng và Công nghiệp,daniele15,
KTA,7580201,Kỹ thuật xây dựng,A00,14.00,,THPTQG,2018,Chuyên ngành Xây dựng công trình ngầm đô thị,daniele15,
KTA,7580201,Kỹ thuật xây dựng,B00,14.00,,THPTQG,2018,Chuyên ngành Xây dựng công trình ngầm đô thị,daniele15,
KTA,7580205,kỹ thuật xây dựng công trình giao thông,A00,14.00,,THPTQG,2018,Kỹ thuật xây dựng công trình giao thông,daniele15,
KTA,7580205,kỹ thuật xây dựng công trình giao thông,A01,14.00,,THPTQG,2018,Kỹ thuật xây dựng công trình giao thông,daniele15,
KTA,7580210,Kỹ thuật cơ sở hạ tầng,A00,14.00,,THPTQG,2018,Chuyên ngành Kỹ thuật hạ tầng đô thị,daniele15,
KTA,7580210,Kỹ thuật cơ sở hạ tầng,B00,14.00,,THPTQG,2018,Chuyên ngành Kỹ thuật hạ tầng đô thị,daniele15,
KTA,7580213,Kỹ thuật cấp thoát nước,A00,14.00,,THPTQG,2018,,daniele15,
KTA,7580213,Kỹ thuật cấp thoát nước,B00,14.00,,THPTQG,2018,,daniele15,
KTA,7580301,Kinh tế xây dựng,A00,15.00,,THPTQG,2018,Kinh tế xây dựng,daniele15,
KTA,7580301,Kinh tế xây dựng,A01,15.00,,THPTQG,2018,Kinh tế xây dựng,daniele15,
KTA,7580302,Quản lý xây dựng,A00,14.50,,THPTQG,2018,,daniele15,
KTA,7580302,Quản lý xây dựng,A01,14.50,,THPTQG,2018,,daniele15,
KTA,7580302,Quản lý xây dựng,D01,14.50,,THPTQG,2018,,daniele15,
KTA,KTA01,Nhóm ngành 1:,V00,22.50,,THPTQG,2018,,daniele15,
KTA,KTA02,Nhóm ngành 2:,V00,20.00,,THPTQG,2018,,daniele15,
KTA,KTA03,Nhóm ngành 3:,H00,18.00,,THPTQG,2018,,daniele15,
KTA,KTA04,Nhóm ngành 4:,H00,17.50,,THPTQG,2018,,daniele15,
KTC,7220201,Ngôn ngữ Anh,A01,16.00,,THPTQG,2018,,daniele15,
KTC,7220201,Ngôn ngữ Anh,D01,16.00,,THPTQG,2018,,daniele15,
KTC,7220201,Ngôn ngữ Anh,D14,16.00,,THPTQG,2018,,daniele15,
KTC,7220201,Ngôn ngữ Anh,D15,16.00,,THPTQG,2018,,daniele15,
KTC,7220209,Ngôn ngữ Nhật,A01,20.00,,THPTQG,2018,,daniele15,
KTC,7220209,Ngôn ngữ Nhật,D01,20.00,,THPTQG,2018,,daniele15,
KTC,7220209,Ngôn ngữ Nhật,D14,20.00,,THPTQG,2018,,daniele15,
KTC,7220209,Ngôn ngữ Nhật,D15,20.00,,THPTQG,2018,,daniele15,
KTC,7310206,Quan hệ quốc tế,A01,20.00,,THPTQG,2018,,daniele15,
KTC,7310206,Quan hệ quốc tế,D01,20.00,,THPTQG,2018,,daniele15,
KTC,7310206,Quan hệ quốc tế,D14,20.00,,THPTQG,2018,,daniele15,
KTC,7310206,Quan hệ quốc tế,D15,20.00,,THPTQG,2018,,daniele15,
KTC,7320108,Quan hệ công chúng,A00,16.00,,THPTQG,2018,,daniele15,
KTC,7320108,Quan hệ công chúng,A01,16.00,,THPTQG,2018,,daniele15,
KTC,7320108,Quan hệ công chúng,C00,16.00,,THPTQG,2018,,daniele15,
KTC,7320108,Quan hệ công chúng,D01,16.00,,THPTQG,2018,,daniele15,
KTC,7340101,Quản trị kinh doanh,A00,17.00,,THPTQG,2018,,daniele15,
KTC,7340101,Quản trị kinh doanh,A01,17.00,,THPTQG,2018,,daniele15,
KTC,7340101,Quản trị kinh doanh,C00,17.00,,THPTQG,2018,,daniele15,
KTC,7340101,Quản trị kinh doanh,D01,17.00,,THPTQG,2018,,daniele15,
KTC,7340115,Marketing,A00,17.00,,THPTQG,2018,,daniele15,
KTC,7340115,Marketing,A01,17.00,,THPTQG,2018,,daniele15,
KTC,7340115,Marketing,C00,17.00,,THPTQG,2018,,daniele15,
KTC,7340115,Marketing,D01,17.00,,THPTQG,2018,,daniele15,
KTC,7340120,Kinh doanh quốc tế,A00,18.00,,THPTQG,2018,,daniele15,
KTC,7340120,Kinh doanh quốc tế,A01,18.00,,THPTQG,2018,,daniele15,
KTC,7340120,Kinh doanh quốc tế,C00,18.00,,THPTQG,2018,,daniele15,
KTC,7340120,Kinh doanh quốc tế,D01,18.00,,THPTQG,2018,,daniele15,
KTC,7340122,Thương mại điện tử,A00,19.00,,THPTQG,2018,,daniele15,
KTC,7340122,Thương mại điện tử,A01,19.00,,THPTQG,2018,,daniele15,
KTC,7340122,Thương mại điện tử,C01,19.00,,THPTQG,2018,,daniele15,
KTC,7340122,Thương mại điện tử,D01,19.00,,THPTQG,2018,,daniele15,
KTC,7340201,Tài chính - Ngân hàng,A00,16.00,,THPTQG,2018,,daniele15,
KTC,7340201,Tài chính - Ngân hàng,A01,16.00,,THPTQG,2018,,daniele15,
KTC,7340201,Tài chính - Ngân hàng,C01,16.00,,THPTQG,2018,,daniele15,
KTC,7340201,Tài chính - Ngân hàng,D01,16.00,,THPTQG,2018,,daniele15,
KTC,7340301,Kế toán,A00,16.00,,THPTQG,2018,,daniele15,
KTC,7340301,Kế toán,A01,16.00,,THPTQG,2018,,daniele15,
KTC,7340301,Kế toán,C01,16.00,,THPTQG,2018,,daniele15,
KTC,7340301,Kế toán,D01,16.00,,THPTQG,2018,,daniele15,
KTC,7340404,Quản trị nhân lực,A00,16.00,,THPTQG,2018,,daniele15,
KTC,7340404,Quản trị nhân lực,A01,16.00,,THPTQG,2018,,daniele15,
KTC,7340404,Quản trị nhân lực,C00,16.00,,THPTQG,2018,,daniele15,
KTC,7340404,Quản trị nhân lực,D01,16.00,,THPTQG,2018,,daniele15,
KTC,7380107,Luật,A00,17.00,,THPTQG,2018,Luật kinh tế,daniele15,
KTC,7380107,Luật,A01,17.00,,THPTQG,2018,Luật kinh tế,daniele15,
KTC,7380107,Luật,C00,17.00,,THPTQG,2018,Luật kinh tế,daniele15,
KTC,7380107,Luật,D01,17.00,,THPTQG,2018,Luật kinh tế,daniele15,
KTC,7380108,Luật,A00,19.00,,THPTQG,2018,Luật quốc tế,daniele15,
KTC,7380108,Luật,A01,19.00,,THPTQG,2018,Luật quốc tế,daniele15,
KTC,7380108,Luật,C00,19.00,,THPTQG,2018,Luật quốc tế,daniele15,
KTC,7380108,Luật,D01,19.00,,THPTQG,2018,Luật quốc tế,daniele15,
KTC,7480201,Công nghệ thông tin,A00,18.00,,THPTQG,2018,,daniele15,
KTC,7480201,Công nghệ thông tin,A01,18.00,,THPTQG,2018,,daniele15,
KTC,7480201,Công nghệ thông tin,C01,18.00,,THPTQG,2018,,daniele15,
KTC,7480201,Công nghệ thông tin,D01,18.00,,THPTQG,2018,,daniele15,
KTC,7810103,Quản trị dịch vụ du lịch và lữ hành,A00,17.00,,THPTQG,2018,,daniele15,
KTC,7810103,Quản trị dịch vụ du lịch và lữ hành,A01,17.00,,THPTQG,2018,,daniele15,
KTC,7810103,Quản trị dịch vụ du lịch và lữ hành,C00,17.00,,THPTQG,2018,,daniele15,
KTC,7810103,Quản trị dịch vụ du lịch và lữ hành,D01,17.00,,THPTQG,2018,,daniele15,
KTC,7810201,Quản trị khách sạn,A00,16.00,,THPTQG,2018,,daniele15,
KTC,7810201,Quản trị khách sạn,A01,16.00,,THPTQG,2018,,daniele15,
KTC,7810201,Quản trị khách sạn,C00,16.00,,THPTQG,2018,,daniele15,
KTC,7810201,Quản trị khách sạn,D01,16.00,,THPTQG,2018,,daniele15,
KTS,7210110,Mỹ thuật đô thị,V00,19.50,,THPTQG,2018,CƠ SỞ TP HCM,daniele15,
KTS,7210110,Mỹ thuật đô thị,V01,19.50,,THPTQG,2018,CƠ SỞ TP HCM,daniele15,
KTS,7210402,Thiết kế công nghiệp,H01,19.20,,THPTQG,2018,CƠ SỞ TP HCM,daniele15,
KTS,7210402,Thiết kế công nghiệp,H02,19.20,,THPTQG,2018,CƠ SỞ TP HCM,daniele15,
KTS,7210403,Thiết kế đồ họa,H01,22.00,,THPTQG,2018,CƠ SỞ TP HCM,daniele15,
KTS,7210403,Thiết kế đồ họa,H06,22.00,,THPTQG,2018,CƠ SỞ TP HCM,daniele15,
KTS,7210404,Thiết kế thời trang,H01,21.30,,THPTQG,2018,CƠ SỞ TP HCM,daniele15,
KTS,7210404,Thiết kế thời trang,H06,21.30,,THPTQG,2018,CƠ SỞ TP HCM,daniele15,
KTS,7580101,Kiến trúc,V00,21.00,,THPTQG,2018,CƠ SỞ TP HCM,daniele15,
KTS,7580101,Kiến trúc,V01,21.00,,THPTQG,2018,CƠ SỞ TP HCM,daniele15,
KTS,7580101,Kiến trúc,V00,18.20,,THPTQG,2018,CƠ SỞ TP CẦN THƠ,daniele15,
KTS,7580101,Kiến trúc,V01,18.20,,THPTQG,2018,CƠ SỞ TP CẦN THƠ,daniele15,
KTS,7580101,Kiến trúc,V00,16.10,,THPTQG,2018,CƠ SỞ TP ĐÀ LẠT,daniele15,
KTS,7580101,Kiến trúc,V01,16.10,,THPTQG,2018,CƠ SỞ TP ĐÀ LẠT,daniele15,
KTS,7580102,Kiến trúc,V00,19.20,,THPTQG,2018,Kiến trúc cảnh quanCƠ SỞ TP HCM,daniele15,
KTS,7580102,Kiến trúc,V01,19.20,,THPTQG,2018,Kiến trúc cảnh quanCƠ SỞ TP HCM,daniele15,
KTS,7580105,Quy hoạch vùng và đô thị,V00,18.30,,THPTQG,2018,CƠ SỞ TP HCM,daniele15,
KTS,7580105,Quy hoạch vùng và đô thị,V01,18.30,,THPTQG,2018,CƠ SỞ TP HCM,daniele15,
KTS,7580108,Thiết kế nội thất,V00,20.70,,THPTQG,2018,CƠ SỞ TP HCM,daniele15,
KTS,7580108,Thiết kế nội thất,V01,20.70,,THPTQG,2018,CƠ SỞ TP HCM,daniele15,
KTS,7580108,Thiết kế nội thất,V00,15.70,,THPTQG,2018,CƠ SỞ TP CẦN THƠ,daniele15,
KTS,7580108,Thiết kế nội thất,V01,15.70,,THPTQG,2018,CƠ SỞ TP CẦN THƠ,daniele15,
KTS,7580201,Kỹ thuật xây dựng,A00,17.50,,THPTQG,2018,CƠ SỞ TP HCM,daniele15,
KTS,7580201,Kỹ thuật xây dựng,A01,17.50,,THPTQG,2018,CƠ SỞ TP HCM,daniele15,
KTS,7580201,Kỹ thuật xây dựng,A00,15.00,,THPTQG,2018,CƠ SỞ TP CẦN THƠ,daniele15,
KTS,7580201,Kỹ thuật xây dựng,A01,15.00,,THPTQG,2018,CƠ SỞ TP CẦN THƠ,daniele15,
KTS,7580210,Kỹ thuật cơ sở hạ tầng,A00,15.50,,THPTQG,2018,CƠ SỞ TP HCM,daniele15,
KTS,7580210,Kỹ thuật cơ sở hạ tầng,A01,15.50,,THPTQG,2018,CƠ SỞ TP HCM,daniele15,
KTS,7580302,Quản lý xây dựng,A00,16.00,,THPTQG,2018,CƠ SỞ TP HCM,daniele15,
KTS,7580302,Quản lý xây dựng,A01,16.00,,THPTQG,2018,CƠ SỞ TP HCM,daniele15,
LAH,7860201,Chỉ huy tham mưu lục quân,A00,20.65,,THPTQG,2018,"Thí sinh nam (cả nước )Thí sinh mức 20,65 điểm: Điểm môn Toán  ≥ 7,40",daniele15,
LAH,7860201,Chỉ huy tham mưu lục quân,A01,20.65,,THPTQG,2018,"Thí sinh nam (cả nước )Thí sinh mức 20,65 điểm: Điểm môn Toán  ≥ 7,40",daniele15,
LBH,7860201,Chỉ huy tham mưu lục quân,A00,21.05,,THPTQG,2018,Thí sinh Nam Quân khu 4 (Quảng Trị và TT-Huế),daniele15,
LBH,7860201,Chỉ huy tham mưu lục quân,A01,21.05,,THPTQG,2018,Thí sinh Nam Quân khu 4 (Quảng Trị và TT-Huế),daniele15,
LBH,7860201,Chỉ huy tham mưu lục quân,A00,19.90,,THPTQG,2018,Thí sinh Nam Quân khu 9,daniele15,
LBH,7860201,Chỉ huy tham mưu lục quân,A01,19.90,,THPTQG,2018,Thí sinh Nam Quân khu 9,daniele15,
LBH,7860201,Chỉ huy tham mưu lục quân,A00,19.30,,THPTQG,2018,Thí sinh Nam Quân khu 7,daniele15,
LBH,7860201,Chỉ huy tham mưu lục quân,A01,19.30,,THPTQG,2018,Thí sinh Nam Quân khu 7,daniele15,
LBH,7860201,Chỉ huy tham mưu lục quân,A00,18.70,,THPTQG,2018,Thí sinh Nam Quân khu 5,daniele15,
LBH,7860201,Chỉ huy tham mưu lục quân,A01,18.70,,THPTQG,2018,Thí sinh Nam Quân khu 5,daniele15,
LCH,7310202,Xây dựng Đảng và chính quyền nhà nước,A00,25.75,,THPTQG,2018,"Thí sinh mức 25,75 điểm: Tiêu chí phụ 1: Điểm môn Văn  ≥ 8,50.",daniele15,
LCH,7310202,Xây dựng Đảng và chính quyền nhà nước,C00,25.75,,THPTQG,2018,"Thí sinh mức 25,75 điểm: Tiêu chí phụ 1: Điểm môn Văn  ≥ 8,50.",daniele15,
LCH,7310202,Xây dựng Đảng và chính quyền nhà nước,D01,25.75,,THPTQG,2018,"Thí sinh mức 25,75 điểm: Tiêu chí phụ 1: Điểm môn Văn  ≥ 8,50.",daniele15,
LCH,7310202,Xây dựng Đảng và chính quyền nhà nước,A00,24.00,,THPTQG,2018,"Thí sinh mức 24,00 điểm:  Tiêu chí phụ 1: Điểm môn Văn  ≥ 7,00.",daniele15,
LCH,7310202,Xây dựng Đảng và chính quyền nhà nước,C00,24.00,,THPTQG,2018,"Thí sinh mức 24,00 điểm:  Tiêu chí phụ 1: Điểm môn Văn  ≥ 7,00.",daniele15,
LCH,7310202,Xây dựng Đảng và chính quyền nhà nước,D01,24.00,,THPTQG,2018,"Thí sinh mức 24,00 điểm:  Tiêu chí phụ 1: Điểm môn Văn  ≥ 7,00.",daniele15,
LCH,7310202,Xây dựng Đảng và chính quyền nhà nước,A00,21.05,,THPTQG,2018,,daniele15,
LCH,7310202,Xây dựng Đảng và chính quyền nhà nước,C00,21.05,,THPTQG,2018,,daniele15,
LCH,7310202,Xây dựng Đảng và chính quyền nhà nước,D01,21.05,,THPTQG,2018,,daniele15,
LCH,7310202,Xây dựng Đảng và chính quyền nhà nước,A00,19.80,,THPTQG,2018,,daniele15,
LCH,7310202,Xây dựng Đảng và chính quyền nhà nước,C00,19.80,,THPTQG,2018,,daniele15,
LCH,7310202,Xây dựng Đảng và chính quyền nhà nước,D01,19.80,,THPTQG,2018,,daniele15,
LCH,7310202,Xây dựng Đảng và chính quyền nhà nước,A00,19.65,,THPTQG,2018,,daniele15,
LCH,7310202,Xây dựng Đảng và chính quyền nhà nước,C00,19.65,,THPTQG,2018,,daniele15,
LCH,7310202,Xây dựng Đảng và chính quyền nhà nước,D01,19.65,,THPTQG,2018,,daniele15,
LCH,7310202,Xây dựng Đảng và chính quyền nhà nước,A00,18.35,,THPTQG,2018,"Thí sinh mức 18,35 điểm: Điểm môn Toán  ≥ 6,60",daniele15,
LCH,7310202,Xây dựng Đảng và chính quyền nhà nước,C00,18.35,,THPTQG,2018,"Thí sinh mức 18,35 điểm: Điểm môn Toán  ≥ 6,60",daniele15,
LCH,7310202,Xây dựng Đảng và chính quyền nhà nước,D01,18.35,,THPTQG,2018,"Thí sinh mức 18,35 điểm: Điểm môn Toán  ≥ 6,60",daniele15,
LDA,7310301,Xã hội học,A01,16.25,,THPTQG,2018,TTNV<=6,daniele15,
LDA,7310301,Xã hội học,D01,16.25,,THPTQG,2018,TTNV<=6,daniele15,
LDA,7310301,Xã hội học,A01,15.25,,THPTQG,2018,TTNV<=6,daniele15,
LDA,7310301,Xã hội học,D01,15.25,,THPTQG,2018,TTNV<=6,daniele15,
LDA,7340101,Quản trị kinh doanh,A00,18.25,,THPTQG,2018,TTNV<=2,daniele15,
LDA,7340101,Quản trị kinh doanh,A01,18.25,,THPTQG,2018,TTNV<=2,daniele15,
LDA,7340101,Quản trị kinh doanh,D01,18.25,,THPTQG,2018,TTNV<=2,daniele15,
LDA,7340201,Tài chính - Ngân hàng,A00,18.20,,THPTQG,2018,TTNV<=4,daniele15,
LDA,7340201,Tài chính - Ngân hàng,A01,18.20,,THPTQG,2018,TTNV<=4,daniele15,
LDA,7340201,Tài chính - Ngân hàng,D01,18.20,,THPTQG,2018,TTNV<=4,daniele15,
LDA,7340301,Kế toán,A00,18.80,,THPTQG,2018,TTNV<=3,daniele15,
LDA,7340301,Kế toán,A01,18.80,,THPTQG,2018,TTNV<=3,daniele15,
LDA,7340301,Kế toán,D01,18.80,,THPTQG,2018,TTNV<=3,daniele15,
LDA,7340404,Quản trị nhân lực,A00,18.20,,THPTQG,2018,TTNV<=4,daniele15,
LDA,7340404,Quản trị nhân lực,A01,18.20,,THPTQG,2018,TTNV<=4,daniele15,
LDA,7340404,Quản trị nhân lực,D01,18.20,,THPTQG,2018,TTNV<=4,daniele15,
LDA,7340408,Quan hệ lao động,A00,15.00,,THPTQG,2018,TTNV<=3,daniele15,
LDA,7340408,Quan hệ lao động,A01,15.00,,THPTQG,2018,TTNV<=3,daniele15,
LDA,7340408,Quan hệ lao động,D01,15.00,,THPTQG,2018,TTNV<=3,daniele15,
LDA,7380101,Luật,A01,20.50,,THPTQG,2018,TTNV<=3,daniele15,
LDA,7380101,Luật,D01,20.50,,THPTQG,2018,TTNV<=3,daniele15,
LDA,7380101,Luật,A01,19.50,,THPTQG,2018,TTNV<=3,daniele15,
LDA,7380101,Luật,D01,19.50,,THPTQG,2018,TTNV<=3,daniele15,
LDA,7760101,Công tác xã hội,A01,18.25,,THPTQG,2018,TTNV<=2,daniele15,
LDA,7760101,Công tác xã hội,D01,18.25,,THPTQG,2018,TTNV<=2,daniele15,
LDA,7760101,Công tác xã hội,A01,17.25,,THPTQG,2018,TTNV<=2,daniele15,
LDA,7760101,Công tác xã hội,D01,17.25,,THPTQG,2018,TTNV<=2,daniele15,
LDA,7850201,Bảo hộ lao động,A00,15.00,,THPTQG,2018,TTNV<=6,daniele15,
LDA,7850201,Bảo hộ lao động,A01,15.00,,THPTQG,2018,TTNV<=6,daniele15,
LDA,7850201,Bảo hộ lao động,D01,15.00,,THPTQG,2018,TTNV<=6,daniele15,
LNH,7210405,Thiết kế nội thất,A00,15.00,,THPTQG,2018,Tốt nghiệp THPT,daniele15,
LNH,7210405,Thiết kế nội thất,B00,15.00,,THPTQG,2018,Tốt nghiệp THPT,daniele15,
LNH,7210405,Thiết kế nội thất,C15,15.00,,THPTQG,2018,Tốt nghiệp THPT,daniele15,
LNH,7210405,Thiết kế nội thất,D01,15.00,,THPTQG,2018,Tốt nghiệp THPT,daniele15,
LNH,7340101,Quản trị kinh doanh,A00,18.00,,HocBa,2018,học bạ,daniele15,
LNH,7340101,Quản trị kinh doanh,A16,18.00,,HocBa,2018,học bạ,daniele15,
LNH,7340101,Quản trị kinh doanh,C15,18.00,,HocBa,2018,học bạ,daniele15,
LNH,7340101,Quản trị kinh doanh,D01,18.00,,HocBa,2018,học bạ,daniele15,
LNH,7340101,Quản trị kinh doanh,A00,15.00,,THPTQG,2018,Tốt nghiệp THPT,daniele15,
LNH,7340101,Quản trị kinh doanh,A16,15.00,,THPTQG,2018,Tốt nghiệp THPT,daniele15,
LNH,7340101,Quản trị kinh doanh,C15,15.00,,THPTQG,2018,Tốt nghiệp THPT,daniele15,
LNH,7340101,Quản trị kinh doanh,D01,15.00,,THPTQG,2018,Tốt nghiệp THPT,daniele15,
LNH,7340201,Tài chính - Ngân hàng,A00,18.00,,HocBa,2018,học bạ,daniele15,
LNH,7340201,Tài chính - Ngân hàng,A01,18.00,,HocBa,2018,học bạ,daniele15,
LNH,7340201,Tài chính - Ngân hàng,C15,18.00,,HocBa,2018,học bạ,daniele15,
LNH,7340201,Tài chính - Ngân hàng,D01,18.00,,HocBa,2018,học bạ,daniele15,
LNH,7340201,Tài chính - Ngân hàng,A00,15.00,,THPTQG,2018,Tốt nghiệp THPT,daniele15,
LNH,7340201,Tài chính - Ngân hàng,A01,15.00,,THPTQG,2018,Tốt nghiệp THPT,daniele15,
LNH,7340201,Tài chính - Ngân hàng,C15,15.00,,THPTQG,2018,Tốt nghiệp THPT,daniele15,
LNH,7340201,Tài chính - Ngân hàng,D01,15.00,,THPTQG,2018,Tốt nghiệp THPT,daniele15,
LNH,7340301,Kế toán,A00,18.00,,HocBa,2018,học bạ,daniele15,
LNH,7340301,Kế toán,C15,18.00,,HocBa,2018,học bạ,daniele15,
LNH,7340301,Kế toán,C16,18.00,,HocBa,2018,học bạ,daniele15,
LNH,7340301,Kế toán,D01,18.00,,HocBa,2018,học bạ,daniele15,
LNH,7340301,Kế toán,A00,15.00,,THPTQG,2018,Tốt nghiệp THPT,daniele15,
LNH,7340301,Kế toán,C15,15.00,,THPTQG,2018,Tốt nghiệp THPT,daniele15,
LNH,7340301,Kế toán,C16,15.00,,THPTQG,2018,Tốt nghiệp THPT,daniele15,
LNH,7340301,Kế toán,D01,15.00,,THPTQG,2018,Tốt nghiệp THPT,daniele15,
LNH,7480104,Hệ thống thông tin,A00,18.00,,HocBa,2018,học bạ,daniele15,
LNH,7480104,Hệ thống thông tin,A16,18.00,,HocBa,2018,học bạ,daniele15,
LNH,7480104,Hệ thống thông tin,B00,18.00,,HocBa,2018,học bạ,daniele15,
LNH,7480104,Hệ thống thông tin,D01,18.00,,HocBa,2018,học bạ,daniele15,
LNH,7480104,Hệ thống thông tin,A00,15.00,,THPTQG,2018,Công nghệ thông tin; Tốt nghiệp THPT,daniele15,
LNH,7480104,Hệ thống thông tin,A16,15.00,,THPTQG,2018,Công nghệ thông tin; Tốt nghiệp THPT,daniele15,
LNH,7480104,Hệ thống thông tin,B00,15.00,,THPTQG,2018,Công nghệ thông tin; Tốt nghiệp THPT,daniele15,
LNH,7480104,Hệ thống thông tin,D01,15.00,,THPTQG,2018,Công nghệ thông tin; Tốt nghiệp THPT,daniele15,
LNH,7510605,Logistics và Quản lý chuỗi cung ứng,A00,18.00,,HocBa,2018,học bạ,daniele15,
LNH,7510605,Logistics và Quản lý chuỗi cung ứng,A01,18.00,,HocBa,2018,học bạ,daniele15,
LNH,7510605,Logistics và Quản lý chuỗi cung ứng,C15,18.00,,HocBa,2018,học bạ,daniele15,
LNH,7510605,Logistics và Quản lý chuỗi cung ứng,D01,18.00,,HocBa,2018,học bạ,daniele15,
LNH,7510605,Logistics và Quản lý chuỗi cung ứng,A00,15.00,,THPTQG,2018,Tốt nghiệp THPT,daniele15,
LNH,7510605,Logistics và Quản lý chuỗi cung ứng,A01,15.00,,THPTQG,2018,Tốt nghiệp THPT,daniele15,
LNH,7510605,Logistics và Quản lý chuỗi cung ứng,C15,15.00,,THPTQG,2018,Tốt nghiệp THPT,daniele15,
LNH,7510605,Logistics và Quản lý chuỗi cung ứng,D01,15.00,,THPTQG,2018,Tốt nghiệp THPT,daniele15,
LNH,7540301,Công nghệ chế biến lâm sản,A00,15.00,,THPTQG,2018,Tốt nghiệp THPT,daniele15,
LNH,7540301,Công nghệ chế biến lâm sản,B00,15.00,,THPTQG,2018,Tốt nghiệp THPT,daniele15,
LNH,7540301,Công nghệ chế biến lâm sản,C15,15.00,,THPTQG,2018,Tốt nghiệp THPT,daniele15,
LNH,7540301,Công nghệ chế biến lâm sản,D01,15.00,,THPTQG,2018,Tốt nghiệp THPT,daniele15,
LNH,7549001,Công nghệ chế biến lâm sản,A00,18.00,,HocBa,2018,học bạ,daniele15,
LNH,7549001,Công nghệ chế biến lâm sản,A16,18.00,,HocBa,2018,học bạ,daniele15,
LNH,7549001,Công nghệ chế biến lâm sản,D01,18.00,,HocBa,2018,học bạ,daniele15,
LNH,7549001,Công nghệ chế biến lâm sản,D07,18.00,,HocBa,2018,học bạ,daniele15,
LNH,7580108,Thiết kế nội thất,A00,18.00,,HocBa,2018,học bạ,daniele15,
LNH,7580108,Thiết kế nội thất,A17,18.00,,HocBa,2018,học bạ,daniele15,
LNH,7580108,Thiết kế nội thất,C15,18.00,,HocBa,2018,học bạ,daniele15,
LNH,7580108,Thiết kế nội thất,D01,18.00,,HocBa,2018,học bạ,daniele15,
LNH,7620110,Khoa học cây trồng,A00,18.00,,HocBa,2018,học bạ,daniele15,
LNH,7620110,Khoa học cây trồng,A16,18.00,,HocBa,2018,học bạ,daniele15,
LNH,7620110,Khoa học cây trồng,B00,18.00,,HocBa,2018,học bạ,daniele15,
LNH,7620110,Khoa học cây trồng,D01,18.00,,HocBa,2018,học bạ,daniele15,
LNH,7620110,Khoa học cây trồng,A00,15.00,,THPTQG,2018,Tốt nghiệp THPT,daniele15,
LNH,7620110,Khoa học cây trồng,A16,15.00,,THPTQG,2018,Tốt nghiệp THPT,daniele15,
LNH,7620110,Khoa học cây trồng,B00,15.00,,THPTQG,2018,Tốt nghiệp THPT,daniele15,
LNH,7620110,Khoa học cây trồng,D01,15.00,,THPTQG,2018,Tốt nghiệp THPT,daniele15,
LNH,7620112,Bảo vệ thực vật,A00,18.00,,HocBa,2018,học bạ,daniele15,
LNH,7620112,Bảo vệ thực vật,A16,18.00,,HocBa,2018,học bạ,daniele15,
LNH,7620112,Bảo vệ thực vật,B00,18.00,,HocBa,2018,học bạ,daniele15,
LNH,7620112,Bảo vệ thực vật,D01,18.00,,HocBa,2018,học bạ,daniele15,
LNH,7620112,Bảo vệ thực vật,A00,15.00,,THPTQG,2018,Tốt nghiệp THPT,daniele15,
LNH,7620112,Bảo vệ thực vật,A16,15.00,,THPTQG,2018,Tốt nghiệp THPT,daniele15,
LNH,7620112,Bảo vệ thực vật,B00,15.00,,THPTQG,2018,Tốt nghiệp THPT,daniele15,
LNH,7620112,Bảo vệ thực vật,D01,15.00,,THPTQG,2018,Tốt nghiệp THPT,daniele15,
LNH,7620205,Lâm sinh,A00,18.00,,HocBa,2018,học bạ,daniele15,
LNH,7620205,Lâm sinh,A16,18.00,,HocBa,2018,học bạ,daniele15,
LNH,7620205,Lâm sinh,B00,18.00,,HocBa,2018,học bạ,daniele15,
LNH,7620205,Lâm sinh,D01,18.00,,HocBa,2018,học bạ,daniele15,
LNH,7620205,Lâm sinh,A00,15.00,,THPTQG,2018,Tốt nghiệp THPT,daniele15,
LNH,7620205,Lâm sinh,A16,15.00,,THPTQG,2018,Tốt nghiệp THPT,daniele15,
LNH,7620205,Lâm sinh,B00,15.00,,THPTQG,2018,Tốt nghiệp THPT,daniele15,
LNH,7620205,Lâm sinh,D01,15.00,,THPTQG,2018,Tốt nghiệp THPT,daniele15,
LNH,7620211,Quản lý tài nguyên rừng,A00,18.00,,HocBa,2018,học bạ,daniele15,
LNH,7620211,Quản lý tài nguyên rừng,A16,18.00,,HocBa,2018,học bạ,daniele15,
LNH,7620211,Quản lý tài nguyên rừng,B00,18.00,,HocBa,2018,học bạ,daniele15,
LNH,7620211,Quản lý tài nguyên rừng,D01,18.00,,HocBa,2018,học bạ,daniele15,
LNH,7620211,Quản lý tài nguyên rừng,A00,15.00,,THPTQG,2018,Tốt nghiệp THPT,daniele15,
LNH,7620211,Quản lý tài nguyên rừng,A16,15.00,,THPTQG,2018,Tốt nghiệp THPT,daniele15,
LNH,7620211,Quản lý tài nguyên rừng,B00,15.00,,THPTQG,2018,Tốt nghiệp THPT,daniele15,
LNH,7620211,Quản lý tài nguyên rừng,D01,15.00,,THPTQG,2018,Tốt nghiệp THPT,daniele15,
LNH,7640101,Thú y,A00,20.00,,HocBa,2018,học bạ,daniele15,
LNH,7640101,Thú y,A16,20.00,,HocBa,2018,học bạ,daniele15,
LNH,7640101,Thú y,B00,20.00,,HocBa,2018,học bạ,daniele15,
LNH,7640101,Thú y,D08,20.00,,HocBa,2018,học bạ,daniele15,
LNH,7640101,Thú y,A00,16.00,,THPTQG,2018,Tốt nghiệp THPT,daniele15,
LNH,7640101,Thú y,A16,16.00,,THPTQG,2018,Tốt nghiệp THPT,daniele15,
LNH,7640101,Thú y,B00,16.00,,THPTQG,2018,Tốt nghiệp THPT,daniele15,
LNH,7640101,Thú y,D08,16.00,,THPTQG,2018,Tốt nghiệp THPT,daniele15,
LNH,7810103,Quản trị dịch vụ du lịch và lữ hành,A00,18.00,,HocBa,2018,học bạ,daniele15,
LNH,7810103,Quản trị dịch vụ du lịch và lữ hành,C00,18.00,,HocBa,2018,học bạ,daniele15,
LNH,7810103,Quản trị dịch vụ du lịch và lữ hành,C15,18.00,,HocBa,2018,học bạ,daniele15,
LNH,7810103,Quản trị dịch vụ du lịch và lữ hành,D01,18.00,,HocBa,2018,học bạ,daniele15,
LNH,7810103,Quản trị dịch vụ du lịch và lữ hành,A00,15.00,,THPTQG,2018,Tốt nghiệp THPT,daniele15,
LNH,7810103,Quản trị dịch vụ du lịch và lữ hành,C00,15.00,,THPTQG,2018,Tốt nghiệp THPT,daniele15,
LNH,7810103,Quản trị dịch vụ du lịch và lữ hành,C15,15.00,,THPTQG,2018,Tốt nghiệp THPT,daniele15,
LNH,7810103,Quản trị dịch vụ du lịch và lữ hành,D01,15.00,,THPTQG,2018,Tốt nghiệp THPT,daniele15,
LNH,7850101,Quản lý tài nguyên và môi trường,A00,18.00,,HocBa,2018,học bạ,daniele15,
LNH,7850101,Quản lý tài nguyên và môi trường,A16,18.00,,HocBa,2018,học bạ,daniele15,
LNH,7850101,Quản lý tài nguyên và môi trường,B00,18.00,,HocBa,2018,học bạ,daniele15,
LNH,7850101,Quản lý tài nguyên và môi trường,D01,18.00,,HocBa,2018,học bạ,daniele15,
LNH,7850101,Quản lý tài nguyên và môi trường,A00,15.00,,THPTQG,2018,Tốt nghiệp THPT,daniele15,
LNH,7850101,Quản lý tài nguyên và môi trường,A16,15.00,,THPTQG,2018,Tốt nghiệp THPT,daniele15,
LNH,7850101,Quản lý tài nguyên và môi trường,B00,15.00,,THPTQG,2018,Tốt nghiệp THPT,daniele15,
LNH,7850101,Quản lý tài nguyên và môi trường,D01,15.00,,THPTQG,2018,Tốt nghiệp THPT,daniele15,
LNH,7850103,Quản lý đất đai,A00,18.00,,HocBa,2018,học bạ,daniele15,
LNH,7850103,Quản lý đất đai,A16,18.00,,HocBa,2018,học bạ,daniele15,
LNH,7850103,Quản lý đất đai,B00,18.00,,HocBa,2018,học bạ,daniele15,
LNH,7850103,Quản lý đất đai,D01,18.00,,HocBa,2018,học bạ,daniele15,
LNH,7850103,Quản lý đất đai,A00,15.00,,THPTQG,2018,Tốt nghiệp THPT,daniele15,
LNH,7850103,Quản lý đất đai,A16,15.00,,THPTQG,2018,Tốt nghiệp THPT,daniele15,
LNH,7850103,Quản lý đất đai,B00,15.00,,THPTQG,2018,Tốt nghiệp THPT,daniele15,
LNH,7850103,Quản lý đất đai,D01,15.00,,THPTQG,2018,Tốt nghiệp THPT,daniele15,
LPH,51140202,Giáo dục Tiểu học,C00,15.00,,THPTQG,2018,,daniele15,
LPH,51140202,Giáo dục Tiểu học,D01,15.00,,THPTQG,2018,,daniele15,
LPH,51140202,Giáo dục Tiểu học,D10,15.00,,THPTQG,2018,,daniele15,
LPH,7220201,Ngôn ngữ Anh,A01,15.00,,THPTQG,2018,,daniele15,
LPH,7220201,Ngôn ngữ Anh,D01,15.00,,THPTQG,2018,,daniele15,
LPH,7220201,Ngôn ngữ Anh,D10,15.00,,THPTQG,2018,,daniele15,
LPH,7220201,Ngôn ngữ Anh,D78,15.00,,THPTQG,2018,,daniele15,
LPH,7220204,Ngôn ngữ Trung Quốc,D01,17.00,,THPTQG,2018,,daniele15,
LPH,7220204,Ngôn ngữ Trung Quốc,D04,17.00,,THPTQG,2018,,daniele15,
LPH,7220204,Ngôn ngữ Trung Quốc,D10,17.00,,THPTQG,2018,,daniele15,
LPH,7220204,Ngôn ngữ Trung Quốc,D78,17.00,,THPTQG,2018,,daniele15,
LPH,7220209,Ngôn ngữ Nhật,D01,15.00,,THPTQG,2018,,daniele15,
LPH,7220209,Ngôn ngữ Nhật,D06,15.00,,THPTQG,2018,,daniele15,
LPH,7220209,Ngôn ngữ Nhật,D10,15.00,,THPTQG,2018,,daniele15,
LPH,7220209,Ngôn ngữ Nhật,D78,15.00,,THPTQG,2018,,daniele15,
LPH,7229042,Quản lý văn hoá,C00,14.50,,THPTQG,2018,,daniele15,
LPH,7229042,Quản lý văn hoá,D01,14.50,,THPTQG,2018,,daniele15,
LPH,7229042,Quản lý văn hoá,D15,14.50,,THPTQG,2018,,daniele15,
LPH,7229042,Quản lý văn hoá,D78,14.50,,THPTQG,2018,,daniele15,
LPH,7380101,Luật,A01,25.00,,THPTQG,2018,,daniele15,
LPH,7380101,Luật,A01,20.50,,THPTQG,2018,,daniele15,
LPH,7380101,Luật,A01,18.35,,THPTQG,2018,,daniele15,
LPH,7380101,Luật,A01,18.00,,THPTQG,2018,,daniele15,
LPH,7380107,Luật,A01,26.50,,THPTQG,2018,Luật kinh tế,daniele15,
LPH,7380107,Luật,A01,22.05,,THPTQG,2018,Luật kinh tế,daniele15,
LPH,7380107,Luật,A01,21.00,,THPTQG,2018,Luật kinh tế,daniele15,
LPH,7380109,Luật,A01,22.00,,THPTQG,2018,Luật Thương mại quốc tế,daniele15,
LPH,7380109,Luật,A01,20.15,,THPTQG,2018,"Luật Thương mại quốc tếTiếng Anh tính hệ số 2, quy về thang điểm 30 theo quy định của Bộ Giáo dục và Đào tạo",daniele15,
LPH,7380109,Luật,A01,18.09,,THPTQG,2018,chuyên ngành Tiếng Anh pháp lý,daniele15,
LPH,7480101,Khoa học máy tính,A00,14.00,,THPTQG,2018,,daniele15,
LPH,7480101,Khoa học máy tính,A01,14.00,,THPTQG,2018,,daniele15,
LPH,7480101,Khoa học máy tính,D01,14.00,,THPTQG,2018,,daniele15,
LPH,7480101,Khoa học máy tính,D90,14.00,,THPTQG,2018,,daniele15,
LPH,7620301,Nuôi trồng thuỷ sản,A00,14.00,,HocBa,2018,Điểm chuẩn học bạ lấy 15.5 điểm,daniele15,
LPH,7620301,Nuôi trồng thuỷ sản,A01,14.00,,HocBa,2018,Điểm chuẩn học bạ lấy 15.5 điểm,daniele15,
LPH,7620301,Nuôi trồng thuỷ sản,B00,14.00,,HocBa,2018,Điểm chuẩn học bạ lấy 15.5 điểm,daniele15,
LPH,7620301,Nuôi trồng thuỷ sản,D10,14.00,,HocBa,2018,Điểm chuẩn học bạ lấy 15.5 điểm,daniele15,
LPH,7810103,Quản trị dịch vụ du lịch và lữ hành,A00,15.50,,THPTQG,2018,,daniele15,
LPH,7810103,Quản trị dịch vụ du lịch và lữ hành,A01,15.50,,THPTQG,2018,,daniele15,
LPH,7810103,Quản trị dịch vụ du lịch và lữ hành,D01,15.50,,THPTQG,2018,,daniele15,
LPH,7810103,Quản trị dịch vụ du lịch và lữ hành,D90,15.50,,THPTQG,2018,,daniele15,
LPH,7810201,Quản trị khách sạn,A00,15.00,,THPTQG,2018,,daniele15,
LPH,7810201,Quản trị khách sạn,A01,15.00,,THPTQG,2018,,daniele15,
LPH,7810201,Quản trị khách sạn,D01,15.00,,THPTQG,2018,,daniele15,
LPH,7810201,Quản trị khách sạn,D90,15.00,,THPTQG,2018,,daniele15,
LPH,7810202,Quản trị nhà hàng và dịch vụ ăn uống,A00,14.00,,THPTQG,2018,,daniele15,
LPH,7810202,Quản trị nhà hàng và dịch vụ ăn uống,A01,14.00,,THPTQG,2018,,daniele15,
LPH,7810202,Quản trị nhà hàng và dịch vụ ăn uống,D01,14.00,,THPTQG,2018,,daniele15,
LPH,7810202,Quản trị nhà hàng và dịch vụ ăn uống,D90,14.00,,THPTQG,2018,,daniele15,
LPH,7850101,Quản lý tài nguyên và môi trường,A00,14.00,,HocBa,2018,Điểm chuẩn học bạ lấy 15.5 điểm,daniele15,
LPH,7850101,Quản lý tài nguyên và môi trường,A01,14.00,,HocBa,2018,Điểm chuẩn học bạ lấy 15.5 điểm,daniele15,
LPH,7850101,Quản lý tài nguyên và môi trường,B00,14.00,,HocBa,2018,Điểm chuẩn học bạ lấy 15.5 điểm,daniele15,
LPH,7850101,Quản lý tài nguyên và môi trường,D10,14.00,,HocBa,2018,Điểm chuẩn học bạ lấy 15.5 điểm,daniele15,
LPS,7220201,Ngôn ngữ Anh,D01,23.00,,THPTQG,2018,,daniele15,
LPS,7220201,Ngôn ngữ Anh,D01,22.00,,THPTQG,2018,,daniele15,
LPS,7220201,Ngôn ngữ Anh,D01,20.00,,THPTQG,2018,,daniele15,
LPS,7340101,Quản trị kinh doanh,A00,19.00,,THPTQG,2018,,daniele15,
LPS,7340101,Quản trị kinh doanh,A01,19.00,,THPTQG,2018,,daniele15,
LPS,7340101,Quản trị kinh doanh,D01,19.00,,THPTQG,2018,,daniele15,
LPS,7340101,Quản trị kinh doanh,D03,19.00,,THPTQG,2018,,daniele15,
LPS,7340101,Quản trị kinh doanh,D06,19.00,,THPTQG,2018,,daniele15,
LPS,7340101,Quản trị kinh doanh,D84,19.00,,THPTQG,2018,,daniele15,
LPS,7340101,Quản trị kinh doanh,D87,19.00,,THPTQG,2018,,daniele15,
LPS,7340101,Quản trị kinh doanh,D88,19.00,,THPTQG,2018,,daniele15,
LPS,7340102,Quản trị - Luật,A01,21.50,,THPTQG,2018,,daniele15,
LPS,7340102,Quản trị - Luật,D01,21.50,,THPTQG,2018,,daniele15,
LPS,7340102,Quản trị - Luật,D03,21.50,,THPTQG,2018,,daniele15,
LPS,7340102,Quản trị - Luật,D06,21.50,,THPTQG,2018,,daniele15,
LPS,7340102,Quản trị - Luật,A01,21.00,,THPTQG,2018,,daniele15,
LPS,7340102,Quản trị - Luật,D01,21.00,,THPTQG,2018,,daniele15,
LPS,7340102,Quản trị - Luật,D03,21.00,,THPTQG,2018,,daniele15,
LPS,7340102,Quản trị - Luật,D06,21.00,,THPTQG,2018,,daniele15,
LPS,7340102,Quản trị - Luật,A01,20.50,,THPTQG,2018,,daniele15,
LPS,7340102,Quản trị - Luật,D01,20.50,,THPTQG,2018,,daniele15,
LPS,7340102,Quản trị - Luật,D03,20.50,,THPTQG,2018,,daniele15,
LPS,7340102,Quản trị - Luật,D06,20.50,,THPTQG,2018,,daniele15,
LPS,7380101,Luật,A00,23.00,,THPTQG,2018,,daniele15,
LPS,7380101,Luật,A01,23.00,,THPTQG,2018,,daniele15,
LPS,7380101,Luật,D01,23.00,,THPTQG,2018,,daniele15,
LPS,7380101,Luật,D03,23.00,,THPTQG,2018,,daniele15,
LPS,7380101,Luật,D06,23.00,,THPTQG,2018,,daniele15,
LPS,7380101,Luật,A00,19.50,,THPTQG,2018,,daniele15,
LPS,7380101,Luật,A01,19.50,,THPTQG,2018,,daniele15,
LPS,7380101,Luật,D01,19.50,,THPTQG,2018,,daniele15,
LPS,7380101,Luật,D03,19.50,,THPTQG,2018,,daniele15,
LPS,7380101,Luật,D06,19.50,,THPTQG,2018,,daniele15,
LPS,7380109,Luật,D03,24.50,,THPTQG,2018,Luật Thương mại quốc tế,daniele15,
LPS,7380109,Luật,D06,24.50,,THPTQG,2018,Luật Thương mại quốc tế,daniele15,
LPS,7380109,Luật,D69,24.50,,THPTQG,2018,Luật Thương mại quốc tế,daniele15,
LPS,7380109,Luật,D70,24.50,,THPTQG,2018,Luật Thương mại quốc tế,daniele15,
LPS,7380109,Luật,D87,24.50,,THPTQG,2018,Luật Thương mại quốc tế,daniele15,
LPS,7380109,Luật,D88,24.50,,THPTQG,2018,Luật Thương mại quốc tế,daniele15,
LPS,7380109,Luật,D03,23.00,,THPTQG,2018,Luật Thương mại quốc tế,daniele15,
LPS,7380109,Luật,D06,23.00,,THPTQG,2018,Luật Thương mại quốc tế,daniele15,
LPS,7380109,Luật,D69,23.00,,THPTQG,2018,Luật Thương mại quốc tế,daniele15,
LPS,7380109,Luật,D70,23.00,,THPTQG,2018,Luật Thương mại quốc tế,daniele15,
LPS,7380109,Luật,D87,23.00,,THPTQG,2018,Luật Thương mại quốc tế,daniele15,
LPS,7380109,Luật,D88,23.00,,THPTQG,2018,Luật Thương mại quốc tế,daniele15,
LPS,7380109,Luật,D03,22.50,,THPTQG,2018,Luật Thương mại quốc tế,daniele15,
LPS,7380109,Luật,D06,22.50,,THPTQG,2018,Luật Thương mại quốc tế,daniele15,
LPS,7380109,Luật,D69,22.50,,THPTQG,2018,Luật Thương mại quốc tế,daniele15,
LPS,7380109,Luật,D70,22.50,,THPTQG,2018,Luật Thương mại quốc tế,daniele15,
LPS,7380109,Luật,D87,22.50,,THPTQG,2018,Luật Thương mại quốc tế,daniele15,
LPS,7380109,Luật,D88,22.50,,THPTQG,2018,Luật Thương mại quốc tế,daniele15,
LPS,7380109,Luật,D03,20.00,,THPTQG,2018,Luật Thương mại quốc tế,daniele15,
LPS,7380109,Luật,D06,20.00,,THPTQG,2018,Luật Thương mại quốc tế,daniele15,
LPS,7380109,Luật,D69,20.00,,THPTQG,2018,Luật Thương mại quốc tế,daniele15,
LPS,7380109,Luật,D70,20.00,,THPTQG,2018,Luật Thương mại quốc tế,daniele15,
LPS,7380109,Luật,D87,20.00,,THPTQG,2018,Luật Thương mại quốc tế,daniele15,
LPS,7380109,Luật,D88,20.00,,THPTQG,2018,Luật Thương mại quốc tế,daniele15,
MDA,7340101,Quản trị kinh doanh,A00,14.00,,THPTQG,2018,Tiêu chí phụ: Toán,daniele15,
MDA,7340101,Quản trị kinh doanh,A01,14.00,,THPTQG,2018,Tiêu chí phụ: Toán,daniele15,
MDA,7340101,Quản trị kinh doanh,D01,14.00,,THPTQG,2018,Tiêu chí phụ: Toán,daniele15,
MDA,7340301,Kế toán,A00,14.00,,THPTQG,2018,Tiêu chí phụ: Toán,daniele15,
MDA,7340301,Kế toán,A01,14.00,,THPTQG,2018,Tiêu chí phụ: Toán,daniele15,
MDA,7340301,Kế toán,D01,14.00,,THPTQG,2018,Tiêu chí phụ: Toán,daniele15,
MDA,7480201,Công nghệ thông tin,A00,14.00,,THPTQG,2018,Tiêu chí phụ: Toán,daniele15,
MDA,7480201,Công nghệ thông tin,A01,14.00,,THPTQG,2018,Tiêu chí phụ: Toán,daniele15,
MDA,7480201,Công nghệ thông tin,D01,14.00,,THPTQG,2018,Tiêu chí phụ: Toán,daniele15,
MDA,7510401,Công nghệ kỹ thuật hoá học,A00,15.00,,THPTQG,2018,Tiêu chí phụ: Toán,daniele15,
MDA,7510401,Công nghệ kỹ thuật hoá học,A01,15.00,,THPTQG,2018,Tiêu chí phụ: Toán,daniele15,
MDA,7510401,Công nghệ kỹ thuật hoá học,D07,15.00,,THPTQG,2018,Tiêu chí phụ: Toán,daniele15,
MDA,7520103,Kỹ thuật cơ khí,A00,14.00,,THPTQG,2018,Tiêu chí phụ: Toán,daniele15,
MDA,7520103,Kỹ thuật cơ khí,A01,14.00,,THPTQG,2018,Tiêu chí phụ: Toán,daniele15,
MDA,7520201,Kỹ thuật điện,A00,14.00,,THPTQG,2018,Tiêu chí phụ: Toán,daniele15,
MDA,7520201,Kỹ thuật điện,A01,14.00,,THPTQG,2018,Tiêu chí phụ: Toán,daniele15,
MDA,7520216,Kỹ thuật điều khiển và tự động hoá,A00,16.00,,THPTQG,2018,Tiêu chí phụ: Toán,daniele15,
MDA,7520216,Kỹ thuật điều khiển và tự động hoá,A01,16.00,,THPTQG,2018,Tiêu chí phụ: Toán,daniele15,
MDA,7520320,Kỹ thuật môi trường,A00,14.00,,THPTQG,2018,Tiêu chí phụ: Toán,daniele15,
MDA,7520320,Kỹ thuật môi trường,A01,14.00,,THPTQG,2018,Tiêu chí phụ: Toán,daniele15,
MDA,7520320,Kỹ thuật môi trường,B00,14.00,,THPTQG,2018,Tiêu chí phụ: Toán,daniele15,
MDA,7520501,Kỹ thuật địa chất,A00,14.00,,THPTQG,2018,Tiêu chí phụ: Toán,daniele15,
MDA,7520501,Kỹ thuật địa chất,A01,14.00,,THPTQG,2018,Tiêu chí phụ: Toán,daniele15,
MDA,7520501,Kỹ thuật địa chất,A04,14.00,,THPTQG,2018,Tiêu chí phụ: Toán,daniele15,
MDA,7520501,Kỹ thuật địa chất,A06,14.00,,THPTQG,2018,Tiêu chí phụ: Toán,daniele15,
MDA,7520502,Kỹ thuật địa vật lý,A00,15.00,,THPTQG,2018,Tiêu chí phụ: Toán,daniele15,
MDA,7520502,Kỹ thuật địa vật lý,A01,15.00,,THPTQG,2018,Tiêu chí phụ: Toán,daniele15,
MDA,7520503,Kỹ thuật trắc địa - bản đồ,A00,14.00,,THPTQG,2018,Tiêu chí phụ: Toán,daniele15,
MDA,7520503,Kỹ thuật trắc địa - bản đồ,A01,14.00,,THPTQG,2018,Tiêu chí phụ: Toán,daniele15,
MDA,7520503,Kỹ thuật trắc địa - bản đồ,C01,14.00,,THPTQG,2018,Tiêu chí phụ: Toán,daniele15,
MDA,7520503,Kỹ thuật trắc địa - bản đồ,D01,14.00,,THPTQG,2018,Tiêu chí phụ: Toán,daniele15,
MDA,7520601,Kỹ thuật mỏ,A00,14.00,,THPTQG,2018,Tiêu chí phụ: Toán,daniele15,
MDA,7520601,Kỹ thuật mỏ,A01,14.00,,THPTQG,2018,Tiêu chí phụ: Toán,daniele15,
MDA,7520601,Kỹ thuật mỏ,D01,14.00,,THPTQG,2018,Tiêu chí phụ: Toán,daniele15,
MDA,7520604,Kỹ thuật dầu khí,A00,15.00,,THPTQG,2018,Tiêu chí phụ: Toán,daniele15,
MDA,7520604,Kỹ thuật dầu khí,A01,15.00,,THPTQG,2018,Tiêu chí phụ: Toán,daniele15,
MDA,7520607,Kỹ thuật tuyển khoáng,A00,14.00,,THPTQG,2018,Tiêu chí phụ: Toán,daniele15,
MDA,7520607,Kỹ thuật tuyển khoáng,A01,14.00,,THPTQG,2018,Tiêu chí phụ: Toán,daniele15,
MDA,7520607,Kỹ thuật tuyển khoáng,D01,14.00,,THPTQG,2018,Tiêu chí phụ: Toán,daniele15,
MDA,7580201,Kỹ thuật xây dựng,A00,14.00,,THPTQG,2018,Tiêu chí phụ: Toán,daniele15,
MDA,7580201,Kỹ thuật xây dựng,A01,14.00,,THPTQG,2018,Tiêu chí phụ: Toán,daniele15,
MDA,7580201,Kỹ thuật xây dựng,C01,14.00,,THPTQG,2018,Tiêu chí phụ: Toán,daniele15,
MDA,7580201,Kỹ thuật xây dựng,D07,14.00,,THPTQG,2018,Tiêu chí phụ: Toán,daniele15,
MDA,7850103,Quản lý đất đai,A00,14.00,,THPTQG,2018,Tiêu chí phụ: Toán,daniele15,
MDA,7850103,Quản lý đất đai,A01,14.00,,THPTQG,2018,Tiêu chí phụ: Toán,daniele15,
MDA,7850103,Quản lý đất đai,B00,14.00,,THPTQG,2018,Tiêu chí phụ: Toán,daniele15,
MDA,7850103,Quản lý đất đai,D01,14.00,,THPTQG,2018,Tiêu chí phụ: Toán,daniele15,
MHN,7210402,Thiết kế công nghiệp,H00,20.35,,THPTQG,2018,"Hình họa (H00, H01, H06): 7,50gồm 03 chuyên ngành: Thiết kế nội thất, Thiết kế thời trang, Thiết kế đồ họa",daniele15,
MHN,7210402,Thiết kế công nghiệp,H01,20.35,,THPTQG,2018,"Hình họa (H00, H01, H06): 7,50gồm 03 chuyên ngành: Thiết kế nội thất, Thiết kế thời trang, Thiết kế đồ họa",daniele15,
MHN,7210402,Thiết kế công nghiệp,H06,20.35,,THPTQG,2018,"Hình họa (H00, H01, H06): 7,50gồm 03 chuyên ngành: Thiết kế nội thất, Thiết kế thời trang, Thiết kế đồ họa",daniele15,
MHN,7220201,Ngôn ngữ Anh,D01,25.92,,THPTQG,2018,"Tiếng Anh (D01): 5,60",daniele15,
MHN,7220204,Ngôn ngữ Trung Quốc,D01,27.08,,THPTQG,2018,"Tiếng Anh (D01), Tiếng Trung (D04): 6,40",daniele15,
MHN,7220204,Ngôn ngữ Trung Quốc,D04,27.08,,THPTQG,2018,"Tiếng Anh (D01), Tiếng Trung (D04): 6,40",daniele15,
MHN,7340101,Quản trị kinh doanh,A00,18.90,,THPTQG,2018,"Toán (A00), Tiếng Anh (A01, D01): 7,20",daniele15,
MHN,7340101,Quản trị kinh doanh,A01,18.90,,THPTQG,2018,"Toán (A00), Tiếng Anh (A01, D01): 7,20",daniele15,
MHN,7340101,Quản trị kinh doanh,D01,18.90,,THPTQG,2018,"Toán (A00), Tiếng Anh (A01, D01): 7,20",daniele15,
MHN,7340201,Tài chính - Ngân hàng,A00,18.65,,THPTQG,2018,"Toán (A00, A01, D01): 5,40",daniele15,
MHN,7340201,Tài chính - Ngân hàng,A01,18.65,,THPTQG,2018,"Toán (A00, A01, D01): 5,40",daniele15,
MHN,7340201,Tài chính - Ngân hàng,D01,18.65,,THPTQG,2018,"Toán (A00, A01, D01): 5,40",daniele15,
MHN,7340301,Kế toán,A00,19.50,,THPTQG,2018,"Toán (A00, A01, D01): 6,80",daniele15,
MHN,7340301,Kế toán,A01,19.50,,THPTQG,2018,"Toán (A00, A01, D01): 6,80",daniele15,
MHN,7340301,Kế toán,D01,19.50,,THPTQG,2018,"Toán (A00, A01, D01): 6,80",daniele15,
MHN,7380101,Luật,A00,18.50,,THPTQG,2018,"Toán (A00, A01, D01), Ngữ văn (C00): 5,40",daniele15,
MHN,7380101,Luật,A01,18.50,,THPTQG,2018,"Toán (A00, A01, D01), Ngữ văn (C00): 5,40",daniele15,
MHN,7380101,Luật,C00,18.50,,THPTQG,2018,"Toán (A00, A01, D01), Ngữ văn (C00): 5,40",daniele15,
MHN,7380101,Luật,D01,18.50,,THPTQG,2018,"Toán (A00, A01, D01), Ngữ văn (C00): 5,40",daniele15,
MHN,7380107,Luật,A00,19.00,,THPTQG,2018,"Luật kinh tếToán (A00, A01, D01), Ngữ văn (C00): 5,75",daniele15,
MHN,7380107,Luật,A01,19.00,,THPTQG,2018,"Luật kinh tếToán (A00, A01, D01), Ngữ văn (C00): 5,75",daniele15,
MHN,7380107,Luật,C00,19.00,,THPTQG,2018,"Luật kinh tếToán (A00, A01, D01), Ngữ văn (C00): 5,75",daniele15,
MHN,7380107,Luật,D01,19.00,,THPTQG,2018,"Luật kinh tếToán (A00, A01, D01), Ngữ văn (C00): 5,75",daniele15,
MHN,7380108,Luật,A00,17.75,,THPTQG,2018,"Luật quốc tếToán (A00, A01, D01), Ngữ văn (C00): 6,25",daniele15,
MHN,7380108,Luật,A01,17.75,,THPTQG,2018,"Luật quốc tếToán (A00, A01, D01), Ngữ văn (C00): 6,25",daniele15,
MHN,7380108,Luật,C00,17.75,,THPTQG,2018,"Luật quốc tếToán (A00, A01, D01), Ngữ văn (C00): 6,25",daniele15,
MHN,7380108,Luật,D01,17.75,,THPTQG,2018,"Luật quốc tếToán (A00, A01, D01), Ngữ văn (C00): 6,25",daniele15,
MHN,7420201,Công nghệ sinh học,A00,14.50,,THPTQG,2018,,daniele15,
MHN,7420201,Công nghệ sinh học,B00,14.50,,THPTQG,2018,,daniele15,
MHN,7420201,Công nghệ sinh học,D07,14.50,,THPTQG,2018,,daniele15,
MHN,7480201,Công nghệ thông tin,A00,18.70,,THPTQG,2018,"Toán (A00, A01, D01): 5,60",daniele15,
MHN,7480201,Công nghệ thông tin,A01,18.70,,THPTQG,2018,"Toán (A00, A01, D01): 5,60",daniele15,
MHN,7480201,Công nghệ thông tin,D01,18.70,,THPTQG,2018,"Toán (A00, A01, D01): 5,60",daniele15,
MHN,7510302,Công nghệ kỹ thuật điện tử - viễn thông,A00,15.05,,THPTQG,2018,"Toán (A00, A01, D01, C01): 5,20",daniele15,
MHN,7510302,Công nghệ kỹ thuật điện tử - viễn thông,A01,15.05,,THPTQG,2018,"Toán (A00, A01, D01, C01): 5,20",daniele15,
MHN,7510302,Công nghệ kỹ thuật điện tử - viễn thông,C01,15.05,,THPTQG,2018,"Toán (A00, A01, D01, C01): 5,20",daniele15,
MHN,7510302,Công nghệ kỹ thuật điện tử - viễn thông,D01,15.05,,THPTQG,2018,"Toán (A00, A01, D01, C01): 5,20",daniele15,
MHN,7510303,Công nghệ kỹ thuật điều khiển và tự động hóa,A00,15.15,,THPTQG,2018,"Toán (A00, A01, D01, C01): 5,40",daniele15,
MHN,7510303,Công nghệ kỹ thuật điều khiển và tự động hóa,A01,15.15,,THPTQG,2018,"Toán (A00, A01, D01, C01): 5,40",daniele15,
MHN,7510303,Công nghệ kỹ thuật điều khiển và tự động hóa,C01,15.15,,THPTQG,2018,"Toán (A00, A01, D01, C01): 5,40",daniele15,
MHN,7510303,Công nghệ kỹ thuật điều khiển và tự động hóa,D01,15.15,,THPTQG,2018,"Toán (A00, A01, D01, C01): 5,40",daniele15,
MHN,7540101,Công nghệ thực phẩm,A00,14.50,,THPTQG,2018,,daniele15,
MHN,7540101,Công nghệ thực phẩm,B00,14.50,,THPTQG,2018,,daniele15,
MHN,7540101,Công nghệ thực phẩm,D07,14.50,,THPTQG,2018,,daniele15,
MHN,7580101,Kiến trúc,V00,20.00,,THPTQG,2018,,daniele15,
MHN,7580101,Kiến trúc,V01,20.00,,THPTQG,2018,,daniele15,
MHN,7580101,Kiến trúc,V02,20.00,,THPTQG,2018,,daniele15,
MHN,7810103,Quản trị dịch vụ du lịch và lữ hành,D01,26.40,,THPTQG,2018,"Tiếng Anh (D01): 6,40",daniele15,
MIT,7220201,Ngôn ngữ Anh,D01,15.00,,THPTQG,2018,,daniele15,
MIT,7220201,Ngôn ngữ Anh,D10,15.00,,THPTQG,2018,,daniele15,
MIT,7220201,Ngôn ngữ Anh,D14,15.00,,THPTQG,2018,,daniele15,
MIT,7220201,Ngôn ngữ Anh,D15,15.00,,THPTQG,2018,,daniele15,
MIT,7320108,Quan hệ công chúng,C04,15.00,,THPTQG,2018,,daniele15,
MIT,7320108,Quan hệ công chúng,D01,15.00,,THPTQG,2018,,daniele15,
MIT,7320108,Quan hệ công chúng,D14,15.00,,THPTQG,2018,,daniele15,
MIT,7320108,Quan hệ công chúng,D15,15.00,,THPTQG,2018,,daniele15,
MIT,7340120,Kinh doanh quốc tế,A00,15.00,,THPTQG,2018,,daniele15,
MIT,7340120,Kinh doanh quốc tế,A01,15.00,,THPTQG,2018,,daniele15,
MIT,7340120,Kinh doanh quốc tế,C04,15.00,,THPTQG,2018,,daniele15,
MIT,7340120,Kinh doanh quốc tế,D01,15.00,,THPTQG,2018,,daniele15,
MIT,7380107,Luật,A00,15.00,,THPTQG,2018,Luật kinh tế,daniele15,
MIT,7380107,Luật,A01,15.00,,THPTQG,2018,Luật kinh tế,daniele15,
MIT,7380107,Luật,D01,15.00,,THPTQG,2018,Luật kinh tế,daniele15,
MIT,7380107,Luật,D15,15.00,,THPTQG,2018,Luật kinh tế,daniele15,
MIT,7510601,Quản lý công nghiệp,A00,15.00,,THPTQG,2018,,daniele15,
MIT,7510601,Quản lý công nghiệp,A01,15.00,,THPTQG,2018,,daniele15,
MIT,7510601,Quản lý công nghiệp,B00,15.00,,THPTQG,2018,,daniele15,
MIT,7510601,Quản lý công nghiệp,D01,15.00,,THPTQG,2018,,daniele15,
MIT,7580201,Kỹ thuật xây dựng,A00,15.00,,THPTQG,2018,,daniele15,
MIT,7580201,Kỹ thuật xây dựng,A01,15.00,,THPTQG,2018,,daniele15,
MIT,7580201,Kỹ thuật xây dựng,A02,15.00,,THPTQG,2018,,daniele15,
MIT,7580201,Kỹ thuật xây dựng,C01,15.00,,THPTQG,2018,,daniele15,
MIT,7720201,Dược học,A00,15.50,,THPTQG,2018,,daniele15,
MIT,7720201,Dược học,B00,15.50,,THPTQG,2018,,daniele15,
MIT,7720201,Dược học,C02,15.50,,THPTQG,2018,,daniele15,
MIT,7720201,Dược học,D07,15.50,,THPTQG,2018,,daniele15,
MIT,7850101,Quản lý tài nguyên và môi trường,A00,15.00,,THPTQG,2018,,daniele15,
MIT,7850101,Quản lý tài nguyên và môi trường,A01,15.00,,THPTQG,2018,,daniele15,
MIT,7850101,Quản lý tài nguyên và môi trường,B00,15.00,,THPTQG,2018,,daniele15,
MIT,7850101,Quản lý tài nguyên và môi trường,D01,15.00,,THPTQG,2018,,daniele15,
MIT,7850103,Quản lý đất đai,A00,15.00,,THPTQG,2018,,daniele15,
MIT,7850103,Quản lý đất đai,A01,15.00,,THPTQG,2018,,daniele15,
MIT,7850103,Quản lý đất đai,B00,15.00,,THPTQG,2018,,daniele15,
MIT,7850103,Quản lý đất đai,D01,15.00,,THPTQG,2018,,daniele15,
MTC,7210103,Hội hoạ,,16.50,,THPTQG,2018,,daniele15,
MTC,7210105,Điêu khắc,,16.50,,THPTQG,2018,,daniele15,
MTC,7210107,Gốm,,16.50,,THPTQG,2018,,daniele15,
MTC,7210402,Thiết kế công nghiệp,,16.75,,THPTQG,2018,,daniele15,
MTC,7210403,Thiết kế đồ họa,,19.00,,THPTQG,2018,,daniele15,
MTC,7210404,Thiết kế thời trang,,18.00,,THPTQG,2018,,daniele15,
MTC,7580108,Thiết kế nội thất,,17.00,,THPTQG,2018,,daniele15,
MTH,5140222,Sư phạm Mỹ thuật,,26.25,,THPTQG,2018,,daniele15,
MTH,5210103,Hội hoạ,,26.25,,THPTQG,2018,Chuyên ngành: - Tranh Lụa - Tranh Sơn dầu - Tranh Sơn mài,daniele15,
MTH,52210101,"Lý luận, lịch sử và phê bình mỹ thuật",,31.75,40,THPTQG,2018,thang 40 (suy ra),daniele15,
MTH,52210104,Đồ họa,,27.00,,THPTQG,2018,,daniele15,
MTH,52210105,Điêu khắc,,28.00,,THPTQG,2018,Chuyên ngành: - Điêu khắc tạo hình - Điêu khắc ứng dụng,daniele15,
MTH,52210403,Thiết kế đồ họa,,25.75,,THPTQG,2018,,daniele15,
MTU,7340301,Kế toán,A00,14.00,,THPTQG,2018,,daniele15,
MTU,7340301,Kế toán,A01,14.00,,THPTQG,2018,,daniele15,
MTU,7340301,Kế toán,C00,14.00,,THPTQG,2018,,daniele15,
MTU,7340301,Kế toán,D15,14.00,,THPTQG,2018,,daniele15,
MTU,7520320,Kỹ thuật môi trường,A00,14.00,,THPTQG,2018,,daniele15,
MTU,7520320,Kỹ thuật môi trường,A01,14.00,,THPTQG,2018,,daniele15,
MTU,7520320,Kỹ thuật môi trường,B00,14.00,,THPTQG,2018,,daniele15,
MTU,7520320,Kỹ thuật môi trường,D01,14.00,,THPTQG,2018,,daniele15,
MTU,7580101,Kiến trúc,V00,14.00,,THPTQG,2018,,daniele15,
MTU,7580101,Kiến trúc,V01,14.00,,THPTQG,2018,,daniele15,
MTU,7580101,Kiến trúc,V02,14.00,,THPTQG,2018,,daniele15,
MTU,7580101,Kiến trúc,V03,14.00,,THPTQG,2018,,daniele15,
MTU,7580105,Quy hoạch vùng và đô thị,V00,14.00,,THPTQG,2018,,daniele15,
MTU,7580105,Quy hoạch vùng và đô thị,V01,14.00,,THPTQG,2018,,daniele15,
MTU,7580105,Quy hoạch vùng và đô thị,V02,14.00,,THPTQG,2018,,daniele15,
MTU,7580105,Quy hoạch vùng và đô thị,V03,14.00,,THPTQG,2018,,daniele15,
MTU,7580201,Kỹ thuật xây dựng,A00,14.00,,THPTQG,2018,,daniele15,
MTU,7580201,Kỹ thuật xây dựng,A01,14.00,,THPTQG,2018,,daniele15,
MTU,7580201,Kỹ thuật xây dựng,B00,14.00,,THPTQG,2018,,daniele15,
MTU,7580201,Kỹ thuật xây dựng,D01,14.00,,THPTQG,2018,,daniele15,
MTU,7580205,Kỹ thuật xây dựng,A00,14.00,,THPTQG,2018,Kỹ thuật xây dựng công trình giao thông,daniele15,
MTU,7580205,Kỹ thuật xây dựng,A01,14.00,,THPTQG,2018,Kỹ thuật xây dựng công trình giao thông,daniele15,
MTU,7580205,Kỹ thuật xây dựng,B00,14.00,,THPTQG,2018,Kỹ thuật xây dựng công trình giao thông,daniele15,
MTU,7580205,Kỹ thuật xây dựng,D01,14.00,,THPTQG,2018,Kỹ thuật xây dựng công trình giao thông,daniele15,
MTU,7580213,Kỹ thuật cấp thoát nước,A00,14.00,,THPTQG,2018,,daniele15,
MTU,7580213,Kỹ thuật cấp thoát nước,A01,14.00,,THPTQG,2018,,daniele15,
MTU,7580213,Kỹ thuật cấp thoát nước,B00,14.00,,THPTQG,2018,,daniele15,
MTU,7580213,Kỹ thuật cấp thoát nước,D01,14.00,,THPTQG,2018,,daniele15,
MTU,7580302,Quản lý xây dựng,A00,14.00,,THPTQG,2018,,daniele15,
MTU,7580302,Quản lý xây dựng,A01,14.00,,THPTQG,2018,,daniele15,
MTU,7580302,Quản lý xây dựng,V00,14.00,,THPTQG,2018,,daniele15,
MTU,7580302,Quản lý xây dựng,V01,14.00,,THPTQG,2018,,daniele15,
NHF,7220201,Ngôn ngữ Anh,D01,30.60,40,THPTQG,2018,Môn ngoại ngữ tổ hợp xét ×2 | thang 40 (suy ra),daniele15,
NHF,7220202,Ngôn ngữ Nga,D01,25.30,,THPTQG,2018,Môn ngoại ngữ tổ hợp xét ×2,daniele15,
NHF,7220203,Ngôn ngữ Pháp,D01,29.00,,THPTQG,2018,Môn ngoại ngữ tổ hợp xét ×2,daniele15,
NHF,7220203,Ngôn ngữ Pháp,D03,29.00,,THPTQG,2018,Môn ngoại ngữ tổ hợp xét ×2,daniele15,
NHF,7220204,Ngôn ngữ Trung Quốc,D01,30.37,40,THPTQG,2018,Môn ngoại ngữ tổ hợp xét ×2 | thang 40 (suy ra),daniele15,
NHF,7220204,Ngôn ngữ Trung Quốc,D04,30.37,40,THPTQG,2018,Môn ngoại ngữ tổ hợp xét ×2 | thang 40 (suy ra),daniele15,
NHF,7220205,Ngôn ngữ Đức,D01,27.93,,THPTQG,2018,Môn ngoại ngữ tổ hợp xét ×2,daniele15,
NHF,7220205,Ngôn ngữ Đức,D05,27.93,,THPTQG,2018,Môn ngoại ngữ tổ hợp xét ×2,daniele15,
NHF,7220206,Ngôn ngữ Tây Ban Nha,D01,28.40,,THPTQG,2018,Môn ngoại ngữ tổ hợp xét ×2,daniele15,
NHF,7220207,Ngôn ngữ Bồ Đào Nha,D01,26.03,,THPTQG,2018,Môn ngoại ngữ tổ hợp xét ×2,daniele15,
NHF,7220208,Ngôn ngữ Italia,D01,26.70,,THPTQG,2018,Môn ngoại ngữ tổ hợp xét ×2,daniele15,
NHF,7220209,Ngôn ngữ Nhật,D01,29.75,,THPTQG,2018,Môn ngoại ngữ tổ hợp xét ×2,daniele15,
NHF,7220209,Ngôn ngữ Nhật,D06,29.75,,THPTQG,2018,Môn ngoại ngữ tổ hợp xét ×2,daniele15,
NHF,7220210,Ngôn ngữ Hàn Quốc,D01,31.37,40,THPTQG,2018,Môn ngoại ngữ tổ hợp xét ×2 | thang 40 (suy ra),daniele15,
NHF,7310601,Quốc tế học,D01,27.25,,THPTQG,2018,dạy bằng tiếng AnhMôn ngoại ngữ tổ hợp xét ×2,daniele15,
NHF,7320109,Truyền thông doanh nghiệp,D01,29.33,,THPTQG,2018,dạy bằng tiếng PhápMôn ngoại ngữ tổ hợp xét ×2,daniele15,
NHF,7320109,Truyền thông doanh nghiệp,D03,29.33,,THPTQG,2018,dạy bằng tiếng PhápMôn ngoại ngữ tổ hợp xét ×2,daniele15,
NHF,7340101,Quản trị kinh doanh,D01,27.92,,THPTQG,2018,dạy bằng tiếng AnhMôn ngoại ngữ tổ hợp xét ×2,daniele15,
NHF,7340301,Kế toán,D01,25.10,,THPTQG,2018,dạy bằng tiếng AnhMôn ngoại ngữ tổ hợp xét ×2,daniele15,
NHF,7340301,Kế toán,D01,23.70,,THPTQG,2018,dạy bằng tiếng AnhMôn ngoại ngữ tổ hợp xét ×2,daniele15,
NHF,7480201,Công nghệ thông tin,A01,20.60,,THPTQG,2018,dạy bằng tiếng Anh,daniele15,
NHF,7480201,Công nghệ thông tin,D01,20.60,,THPTQG,2018,dạy bằng tiếng Anh,daniele15,
NHF,7810103,Quản trị dịch vụ du lịch và lữ hành,D01,29.68,,THPTQG,2018,Môn ngoại ngữ tổ hợp xét ×2 (dạy bằng tiếng anh),daniele15,
NHH,7220201,Ngôn ngữ Anh,A01,21.25,,THPTQG,2018,,daniele15,
NHH,7220201,Ngôn ngữ Anh,D01,21.25,,THPTQG,2018,,daniele15,
NHH,7220201,Ngôn ngữ Anh,D07,21.25,,THPTQG,2018,,daniele15,
NHH,7220201,Ngôn ngữ Anh,D09,21.25,,THPTQG,2018,,daniele15,
NHH,7310101,Kinh tế,A01,20.00,,THPTQG,2018,,daniele15,
NHH,7310101,Kinh tế,D01,20.00,,THPTQG,2018,,daniele15,
NHH,7310101,Kinh tế,D07,20.00,,THPTQG,2018,,daniele15,
NHH,7310101,Kinh tế,D09,20.00,,THPTQG,2018,,daniele15,
NHH,7340101,Quản trị kinh doanh,A00,20.25,,THPTQG,2018,,daniele15,
NHH,7340101,Quản trị kinh doanh,A01,20.25,,THPTQG,2018,,daniele15,
NHH,7340101,Quản trị kinh doanh,D01,20.25,,THPTQG,2018,,daniele15,
NHH,7340101,Quản trị kinh doanh,D07,20.25,,THPTQG,2018,,daniele15,
NHH,7340101,Quản trị kinh doanh,A00,19.25,,THPTQG,2018,"Liên kết với Đại học CityU, Hoa Kỳ",daniele15,
NHH,7340101,Quản trị kinh doanh,A01,19.25,,THPTQG,2018,"Liên kết với Đại học CityU, Hoa Kỳ",daniele15,
NHH,7340101,Quản trị kinh doanh,D01,19.25,,THPTQG,2018,"Liên kết với Đại học CityU, Hoa Kỳ",daniele15,
NHH,7340101,Quản trị kinh doanh,D07,19.25,,THPTQG,2018,"Liên kết với Đại học CityU, Hoa Kỳ",daniele15,
NHH,7340120,Kinh doanh quốc tế,A01,20.25,,THPTQG,2018,,daniele15,
NHH,7340120,Kinh doanh quốc tế,D01,20.25,,THPTQG,2018,,daniele15,
NHH,7340120,Kinh doanh quốc tế,D07,20.25,,THPTQG,2018,,daniele15,
NHH,7340120,Kinh doanh quốc tế,D09,20.25,,THPTQG,2018,,daniele15,
NHH,7340201,Tài chính - Ngân hàng,A00,20.25,,THPTQG,2018,,daniele15,
NHH,7340201,Tài chính - Ngân hàng,A01,20.25,,THPTQG,2018,,daniele15,
NHH,7340201,Tài chính - Ngân hàng,D01,20.25,,THPTQG,2018,,daniele15,
NHH,7340201,Tài chính - Ngân hàng,D07,20.25,,THPTQG,2018,,daniele15,
NHH,7340201,Tài chính - Ngân hàng,A00,19.00,,THPTQG,2018,chuyên ngành Tài chính doanh nghiệp,daniele15,
NHH,7340201,Tài chính - Ngân hàng,A01,19.00,,THPTQG,2018,chuyên ngành Tài chính doanh nghiệp,daniele15,
NHH,7340201,Tài chính - Ngân hàng,D01,19.00,,THPTQG,2018,chuyên ngành Tài chính doanh nghiệp,daniele15,
NHH,7340201,Tài chính - Ngân hàng,D07,19.00,,THPTQG,2018,chuyên ngành Tài chính doanh nghiệp,daniele15,
NHH,7340301,Kế toán,A00,20.50,,THPTQG,2018,,daniele15,
NHH,7340301,Kế toán,A01,20.50,,THPTQG,2018,,daniele15,
NHH,7340301,Kế toán,D01,20.50,,THPTQG,2018,,daniele15,
NHH,7340301,Kế toán,D07,20.50,,THPTQG,2018,,daniele15,
NHH,7340301,Kế toán,A00,17.75,,THPTQG,2018,"Liên kết với Đại học Sunderland, Vương quốc Anh",daniele15,
NHH,7340301,Kế toán,A01,17.75,,THPTQG,2018,"Liên kết với Đại học Sunderland, Vương quốc Anh",daniele15,
NHH,7340301,Kế toán,D01,17.75,,THPTQG,2018,"Liên kết với Đại học Sunderland, Vương quốc Anh",daniele15,
NHH,7340301,Kế toán,D07,17.75,,THPTQG,2018,"Liên kết với Đại học Sunderland, Vương quốc Anh",daniele15,
NHH,7340405,Hệ thống thông tin quản lý,A00,20.00,,THPTQG,2018,,daniele15,
NHH,7340405,Hệ thống thông tin quản lý,A01,20.00,,THPTQG,2018,,daniele15,
NHH,7340405,Hệ thống thông tin quản lý,D01,20.00,,THPTQG,2018,,daniele15,
NHH,7340405,Hệ thống thông tin quản lý,D07,20.00,,THPTQG,2018,,daniele15,
NHS,7220201,Ngôn ngữ Anh,D01,20.20,,THPTQG,2018,Khối ngành Ngôn ngữ (chương trình đại trà),daniele15,
NHS,7220201,Ngôn ngữ Anh,D96,20.20,,THPTQG,2018,Khối ngành Ngôn ngữ (chương trình đại trà),daniele15,
NHS,7310106,Kinh tế,A00,20.60,,THPTQG,2018,,daniele15,
NHS,7310106,Kinh tế,A01,20.60,,THPTQG,2018,,daniele15,
NHS,7310106,Kinh tế,D01,20.60,,THPTQG,2018,,daniele15,
NHS,7310106,Kinh tế,D90,20.60,,THPTQG,2018,,daniele15,
NHS,7340101,Quản trị kinh doanh,A00,20.00,,THPTQG,2018,,daniele15,
NHS,7340101,Quản trị kinh doanh,A01,20.00,,THPTQG,2018,,daniele15,
NHS,7340101,Quản trị kinh doanh,D01,20.00,,THPTQG,2018,,daniele15,
NHS,7340101,Quản trị kinh doanh,D90,20.00,,THPTQG,2018,,daniele15,
NHS,7340201,Tài chính - Ngân hàng,A00,19.10,,THPTQG,2018,,daniele15,
NHS,7340201,Tài chính - Ngân hàng,A01,19.10,,THPTQG,2018,,daniele15,
NHS,7340201,Tài chính - Ngân hàng,D01,19.10,,THPTQG,2018,,daniele15,
NHS,7340201,Tài chính - Ngân hàng,D90,19.10,,THPTQG,2018,,daniele15,
NHS,7340301,Kế toán,A00,19.50,,THPTQG,2018,,daniele15,
NHS,7340301,Kế toán,A01,19.50,,THPTQG,2018,,daniele15,
NHS,7340301,Kế toán,D01,19.50,,THPTQG,2018,,daniele15,
NHS,7340301,Kế toán,D90,19.50,,THPTQG,2018,,daniele15,
NHS,7340405,Hệ thống thông tin quản lý,A00,18.60,,THPTQG,2018,,daniele15,
NHS,7340405,Hệ thống thông tin quản lý,A01,18.60,,THPTQG,2018,,daniele15,
NHS,7340405,Hệ thống thông tin quản lý,D10,18.60,,THPTQG,2018,,daniele15,
NHS,7340405,Hệ thống thông tin quản lý,D90,18.60,,THPTQG,2018,,daniele15,
NHS,7380107,Luật,D01,18.70,,THPTQG,2018,Khối ngành luật chương trình đại trà -Luật kinh tế,daniele15,
NHS,7380107,Luật,D96,18.70,,THPTQG,2018,Khối ngành luật chương trình đại trà -Luật kinh tế,daniele15,
NQH,7220201,Ngôn ngữ Anh,D01,25.65,,THPTQG,2018,Thí sinh Nữ (cả nước),daniele15,
NQH,7220201,Ngôn ngữ Anh,D01,17.54,,THPTQG,2018,Thí sinh Nam (cả nước),daniele15,
NQH,7220202,Ngôn ngữ Nga,D01,25.71,,THPTQG,2018,Thí sinh Nữ (cả nước),daniele15,
NQH,7220202,Ngôn ngữ Nga,D02,25.71,,THPTQG,2018,Thí sinh Nữ (cả nước),daniele15,
NQH,7220202,Ngôn ngữ Nga,D01,20.23,,THPTQG,2018,Thí sinh Nam (cả nước),daniele15,
NQH,7220202,Ngôn ngữ Nga,D02,20.23,,THPTQG,2018,Thí sinh Nam (cả nước),daniele15,
NQH,7220204,Ngôn ngữ Trung Quốc,D01,25.55,,THPTQG,2018,Thí sinh Nữ (cả nước),daniele15,
NQH,7220204,Ngôn ngữ Trung Quốc,D04,25.55,,THPTQG,2018,Thí sinh Nữ (cả nước),daniele15,
NQH,7220204,Ngôn ngữ Trung Quốc,D01,20.73,,THPTQG,2018,Thí sinh Nam (cả nước),daniele15,
NQH,7220204,Ngôn ngữ Trung Quốc,D04,20.73,,THPTQG,2018,Thí sinh Nam (cả nước),daniele15,
NQH,7310206,Quan hệ quốc tế,D01,26.14,,THPTQG,2018,Thí sinh Nữ (cả nước),daniele15,
NQH,7310206,Quan hệ quốc tế,D01,22.65,,THPTQG,2018,Thí sinh Nam (cả nước),daniele15,
NQH,7860231,Trinh sát kỹ thuật,A00,23.85,,THPTQG,2018,Nam miền Bắc,daniele15,
NQH,7860231,Trinh sát kỹ thuật,A01,23.85,,THPTQG,2018,Nam miền Bắc,daniele15,
NQH,7860231,Trinh sát kỹ thuật,A00,17.65,,THPTQG,2018,Nam miền Nam,daniele15,
NQH,7860231,Trinh sát kỹ thuật,A01,17.65,,THPTQG,2018,Nam miền Nam,daniele15,
NTH,NTH01,"Nhóm ngành Kinh tế, Kinh tế quốc tế",A00,24.10,,THPTQG,2018,"Cơ sở Hà Nội - Các tổ hợp A01, D01, D03, D04, D06, D07 chênh lệch giảm 0,5 điểm",daniele15,
NTH,NTH01,"Nhóm ngành Kinh tế, Kinh tế quốc tế",A01,24.10,,THPTQG,2018,"Cơ sở Hà Nội - Các tổ hợp A01, D01, D03, D04, D06, D07 chênh lệch giảm 0,5 điểm",daniele15,
NTH,NTH01,"Nhóm ngành Kinh tế, Kinh tế quốc tế",D01,24.10,,THPTQG,2018,"Cơ sở Hà Nội - Các tổ hợp A01, D01, D03, D04, D06, D07 chênh lệch giảm 0,5 điểm",daniele15,
NTH,NTH01,"Nhóm ngành Kinh tế, Kinh tế quốc tế",D02,24.10,,THPTQG,2018,"Cơ sở Hà Nội - Các tổ hợp A01, D01, D03, D04, D06, D07 chênh lệch giảm 0,5 điểm",daniele15,
NTH,NTH01,"Nhóm ngành Kinh tế, Kinh tế quốc tế",D03,24.10,,THPTQG,2018,"Cơ sở Hà Nội - Các tổ hợp A01, D01, D03, D04, D06, D07 chênh lệch giảm 0,5 điểm",daniele15,
NTH,NTH01,"Nhóm ngành Kinh tế, Kinh tế quốc tế",D04,24.10,,THPTQG,2018,"Cơ sở Hà Nội - Các tổ hợp A01, D01, D03, D04, D06, D07 chênh lệch giảm 0,5 điểm",daniele15,
NTH,NTH01,"Nhóm ngành Kinh tế, Kinh tế quốc tế",D06,24.10,,THPTQG,2018,"Cơ sở Hà Nội - Các tổ hợp A01, D01, D03, D04, D06, D07 chênh lệch giảm 0,5 điểm",daniele15,
NTH,NTH01,"Nhóm ngành Kinh tế, Kinh tế quốc tế",D07,24.10,,THPTQG,2018,"Cơ sở Hà Nội - Các tổ hợp A01, D01, D03, D04, D06, D07 chênh lệch giảm 0,5 điểm",daniele15,
NTH,NTH02,Nhóm ngành Quản trị kinh doanh; Kinh doanh quốc tế; Quản trị khách sạn; Marketing,A00,24.10,,THPTQG,2018,"Cơ sở Hà Nội - Các tổ hợp A01, D01, D03, D04, D06, D07 chênh lệch giảm 0,5 điểm",daniele15,
NTH,NTH02,Nhóm ngành Quản trị kinh doanh; Kinh doanh quốc tế; Quản trị khách sạn; Marketing,A01,24.10,,THPTQG,2018,"Cơ sở Hà Nội - Các tổ hợp A01, D01, D03, D04, D06, D07 chênh lệch giảm 0,5 điểm",daniele15,
NTH,NTH02,Nhóm ngành Quản trị kinh doanh; Kinh doanh quốc tế; Quản trị khách sạn; Marketing,D01,24.10,,THPTQG,2018,"Cơ sở Hà Nội - Các tổ hợp A01, D01, D03, D04, D06, D07 chênh lệch giảm 0,5 điểm",daniele15,
NTH,NTH02,Nhóm ngành Quản trị kinh doanh; Kinh doanh quốc tế; Quản trị khách sạn; Marketing,D06,24.10,,THPTQG,2018,"Cơ sở Hà Nội - Các tổ hợp A01, D01, D03, D04, D06, D07 chênh lệch giảm 0,5 điểm",daniele15,
NTH,NTH02,Nhóm ngành Quản trị kinh doanh; Kinh doanh quốc tế; Quản trị khách sạn; Marketing,D07,24.10,,THPTQG,2018,"Cơ sở Hà Nội - Các tổ hợp A01, D01, D03, D04, D06, D07 chênh lệch giảm 0,5 điểm",daniele15,
NTH,NTH03,"Kế toán , Tài chính - Ngân hàng",A00,23.65,,THPTQG,2018,"Cơ sở Hà Nội - Các tổ hợp A01, D01, D03, D04, D06, D07 chênh lệch giảm 0,5 điểm",daniele15,
NTH,NTH03,"Kế toán , Tài chính - Ngân hàng",A01,23.65,,THPTQG,2018,"Cơ sở Hà Nội - Các tổ hợp A01, D01, D03, D04, D06, D07 chênh lệch giảm 0,5 điểm",daniele15,
NTH,NTH03,"Kế toán , Tài chính - Ngân hàng",D01,23.65,,THPTQG,2018,"Cơ sở Hà Nội - Các tổ hợp A01, D01, D03, D04, D06, D07 chênh lệch giảm 0,5 điểm",daniele15,
NTH,NTH03,"Kế toán , Tài chính - Ngân hàng",D07,23.65,,THPTQG,2018,"Cơ sở Hà Nội - Các tổ hợp A01, D01, D03, D04, D06, D07 chênh lệch giảm 0,5 điểm",daniele15,
NTH,NTH04,Ngôn ngữ Anh,D01,23.73,,THPTQG,2018,Cơ sở Hà Nội - Điểm quy đổi về thang điểm 30,daniele15,
NTH,NTH05,Ngôn ngữ Pháp,D01,22.65,,THPTQG,2018,Cơ sở Hà Nội - Điểm quy đổi về thang điểm 30,daniele15,
NTH,NTH05,Ngôn ngữ Pháp,D03,22.65,,THPTQG,2018,Cơ sở Hà Nội - Điểm quy đổi về thang điểm 30,daniele15,
NTH,NTH06,Ngôn ngữ Trung Quốc,D01,23.69,,THPTQG,2018,Cơ sở Hà Nội - Điểm quy đổi về thang điểm 30,daniele15,
NTH,NTH06,Ngôn ngữ Trung Quốc,D04,23.69,,THPTQG,2018,Cơ sở Hà Nội - Điểm quy đổi về thang điểm 30,daniele15,
NTH,NTH07,Ngôn ngữ Nhật,D01,23.70,,THPTQG,2018,Cơ sở Hà Nội - Điểm quy đổi về thang điểm 30,daniele15,
NTH,NTH07,Ngôn ngữ Nhật,D06,23.70,,THPTQG,2018,Cơ sở Hà Nội - Điểm quy đổi về thang điểm 30,daniele15,
NTS,NTS01,Kinh tế,A01,24.25,,THPTQG,2018,Kinh tế quản trị kinh doanh,daniele15,
NTS,NTS01,Kinh tế,D01,24.25,,THPTQG,2018,Kinh tế quản trị kinh doanh,daniele15,
NTS,NTS01,Kinh tế,D06,24.25,,THPTQG,2018,Kinh tế quản trị kinh doanh,daniele15,
NTS,NTS01,Kinh tế,D07,24.25,,THPTQG,2018,Kinh tế quản trị kinh doanh,daniele15,
NTS,NTS01,Kinh tế,A01,23.75,,THPTQG,2018,Kinh tế quản trị kinh doanh,daniele15,
NTS,NTS01,Kinh tế,D01,23.75,,THPTQG,2018,Kinh tế quản trị kinh doanh,daniele15,
NTS,NTS01,Kinh tế,D06,23.75,,THPTQG,2018,Kinh tế quản trị kinh doanh,daniele15,
NTS,NTS01,Kinh tế,D07,23.75,,THPTQG,2018,Kinh tế quản trị kinh doanh,daniele15,
NTS,NTS02,"Kế toán , Tài chính - Ngân hàng",A01,23.50,,THPTQG,2018,,daniele15,
NTS,NTS02,"Kế toán , Tài chính - Ngân hàng",D01,23.50,,THPTQG,2018,,daniele15,
NTS,NTS02,"Kế toán , Tài chính - Ngân hàng",D07,23.50,,THPTQG,2018,,daniele15,
NTS,NTS02,"Kế toán , Tài chính - Ngân hàng",A01,23.00,,THPTQG,2018,,daniele15,
NTS,NTS02,"Kế toán , Tài chính - Ngân hàng",D01,23.00,,THPTQG,2018,,daniele15,
NTS,NTS02,"Kế toán , Tài chính - Ngân hàng",D07,23.00,,THPTQG,2018,,daniele15,
NTT,7210205,Thanh nhạc,N01,15.00,,THPTQG,2018,,daniele15,
NTT,7210208,Piano,N00,15.00,,THPTQG,2018,,daniele15,
NTT,7210235,"Đạo diễn điện ảnh, truyền hình",N05,15.00,,THPTQG,2018,,daniele15,
NTT,7210403,Thiết kế đồ họa,H00,15.00,,THPTQG,2018,,daniele15,
NTT,7210403,Thiết kế đồ họa,H02,15.00,,THPTQG,2018,,daniele15,
NTT,7210403,Thiết kế đồ họa,V00,15.00,,THPTQG,2018,,daniele15,
NTT,7210403,Thiết kế đồ họa,V01,15.00,,THPTQG,2018,,daniele15,
NTT,7220201,Ngôn ngữ Anh,A01,15.00,,THPTQG,2018,,daniele15,
NTT,7220201,Ngôn ngữ Anh,D14,15.00,,THPTQG,2018,,daniele15,
NTT,7220201,Ngôn ngữ Anh,D15,15.00,,THPTQG,2018,,daniele15,
NTT,7220204,Ngôn ngữ Trung Quốc,D01,15.00,,THPTQG,2018,,daniele15,
NTT,7220204,Ngôn ngữ Trung Quốc,D04,15.00,,THPTQG,2018,,daniele15,
NTT,7220204,Ngôn ngữ Trung Quốc,D14,15.00,,THPTQG,2018,,daniele15,
NTT,7220204,Ngôn ngữ Trung Quốc,D15,15.00,,THPTQG,2018,,daniele15,
NTT,7310608,Đông phương học,D01,15.00,,THPTQG,2018,,daniele15,
NTT,7310608,Đông phương học,D04,15.00,,THPTQG,2018,,daniele15,
NTT,7310608,Đông phương học,D14,15.00,,THPTQG,2018,,daniele15,
NTT,7310608,Đông phương học,D15,15.00,,THPTQG,2018,,daniele15,
NTT,7310630,Việt Nam học,C00,15.00,,THPTQG,2018,,daniele15,
NTT,7310630,Việt Nam học,D01,15.00,,THPTQG,2018,,daniele15,
NTT,7310630,Việt Nam học,D14,15.00,,THPTQG,2018,,daniele15,
NTT,7310630,Việt Nam học,D15,15.00,,THPTQG,2018,,daniele15,
NTT,7340101,Quản trị kinh doanh,A00,15.00,,THPTQG,2018,,daniele15,
NTT,7340101,Quản trị kinh doanh,A01,15.00,,THPTQG,2018,,daniele15,
NTT,7340101,Quản trị kinh doanh,D01,15.00,,THPTQG,2018,,daniele15,
NTT,7340101,Quản trị kinh doanh,D07,15.00,,THPTQG,2018,,daniele15,
NTT,7340201,Tài chính - Ngân hàng,A00,15.00,,THPTQG,2018,,daniele15,
NTT,7340201,Tài chính - Ngân hàng,A01,15.00,,THPTQG,2018,,daniele15,
NTT,7340201,Tài chính - Ngân hàng,D01,15.00,,THPTQG,2018,,daniele15,
NTT,7340201,Tài chính - Ngân hàng,D07,15.00,,THPTQG,2018,,daniele15,
NTT,7340301,Kế toán,A00,15.00,,THPTQG,2018,,daniele15,
NTT,7340301,Kế toán,A01,15.00,,THPTQG,2018,,daniele15,
NTT,7340301,Kế toán,D01,15.00,,THPTQG,2018,,daniele15,
NTT,7340301,Kế toán,D07,15.00,,THPTQG,2018,,daniele15,
NTT,7340404,Quản trị nhân lực,A00,15.00,,THPTQG,2018,,daniele15,
NTT,7340404,Quản trị nhân lực,A01,15.00,,THPTQG,2018,,daniele15,
NTT,7340404,Quản trị nhân lực,D01,15.00,,THPTQG,2018,,daniele15,
NTT,7340404,Quản trị nhân lực,D07,15.00,,THPTQG,2018,,daniele15,
NTT,7380107,Luật,A00,15.00,,THPTQG,2018,Luật kinh tế,daniele15,
NTT,7380107,Luật,A01,15.00,,THPTQG,2018,Luật kinh tế,daniele15,
NTT,7380107,Luật,D01,15.00,,THPTQG,2018,Luật kinh tế,daniele15,
NTT,7380107,Luật,D07,15.00,,THPTQG,2018,Luật kinh tế,daniele15,
NTT,7420201,Công nghệ sinh học,A00,15.00,,THPTQG,2018,,daniele15,
NTT,7420201,Công nghệ sinh học,B00,15.00,,THPTQG,2018,,daniele15,
NTT,7420201,Công nghệ sinh học,D07,15.00,,THPTQG,2018,,daniele15,
NTT,7420201,Công nghệ sinh học,D08,15.00,,THPTQG,2018,,daniele15,
NTT,7480201,Công nghệ thông tin,A00,15.00,,THPTQG,2018,,daniele15,
NTT,7480201,Công nghệ thông tin,A01,15.00,,THPTQG,2018,,daniele15,
NTT,7480201,Công nghệ thông tin,D01,15.00,,THPTQG,2018,,daniele15,
NTT,7510203,Công nghệ kỹ thuật cơ điện tử,A00,15.00,,THPTQG,2018,,daniele15,
NTT,7510203,Công nghệ kỹ thuật cơ điện tử,A01,15.00,,THPTQG,2018,,daniele15,
NTT,7510203,Công nghệ kỹ thuật cơ điện tử,D01,15.00,,THPTQG,2018,,daniele15,
NTT,7510203,Công nghệ kỹ thuật cơ điện tử,D07,15.00,,THPTQG,2018,,daniele15,
NTT,7510205,Công nghệ kỹ thuật ô tô,A00,15.50,,THPTQG,2018,,daniele15,
NTT,7510205,Công nghệ kỹ thuật ô tô,A01,15.50,,THPTQG,2018,,daniele15,
NTT,7510205,Công nghệ kỹ thuật ô tô,D01,15.50,,THPTQG,2018,,daniele15,
NTT,7510205,Công nghệ kỹ thuật ô tô,D07,15.50,,THPTQG,2018,,daniele15,
NTT,7510301,"Công nghệ kỹ thuật điện, điện tử",A00,15.00,,THPTQG,2018,,daniele15,
NTT,7510301,"Công nghệ kỹ thuật điện, điện tử",A01,15.00,,THPTQG,2018,,daniele15,
NTT,7510301,"Công nghệ kỹ thuật điện, điện tử",D01,15.00,,THPTQG,2018,,daniele15,
NTT,7510301,"Công nghệ kỹ thuật điện, điện tử",D07,15.00,,THPTQG,2018,,daniele15,
NTT,7510401,Công nghệ kỹ thuật hoá học,A00,15.00,,THPTQG,2018,,daniele15,
NTT,7510401,Công nghệ kỹ thuật hoá học,A01,15.00,,THPTQG,2018,,daniele15,
NTT,7510401,Công nghệ kỹ thuật hoá học,B00,15.00,,THPTQG,2018,,daniele15,
NTT,7510401,Công nghệ kỹ thuật hoá học,D07,15.00,,THPTQG,2018,,daniele15,
NTT,7520118,Kỹ thuật hệ thống công nghiệp,A00,15.00,,THPTQG,2018,,daniele15,
NTT,7520118,Kỹ thuật hệ thống công nghiệp,A01,15.00,,THPTQG,2018,,daniele15,
NTT,7520118,Kỹ thuật hệ thống công nghiệp,D01,15.00,,THPTQG,2018,,daniele15,
NTT,7520118,Kỹ thuật hệ thống công nghiệp,D07,15.00,,THPTQG,2018,,daniele15,
NTT,7520212,Kỹ thuật y sinh,A00,15.00,,THPTQG,2018,,daniele15,
NTT,7520212,Kỹ thuật y sinh,A01,15.00,,THPTQG,2018,,daniele15,
NTT,7520212,Kỹ thuật y sinh,B00,15.00,,THPTQG,2018,,daniele15,
NTT,7520403,Vật lý y khoa,A00,15.00,,THPTQG,2018,,daniele15,
NTT,7520403,Vật lý y khoa,A01,15.00,,THPTQG,2018,,daniele15,
NTT,7520403,Vật lý y khoa,A02,15.00,,THPTQG,2018,,daniele15,
NTT,7520403,Vật lý y khoa,B00,15.00,,THPTQG,2018,,daniele15,
NTT,7540101,Công nghệ thực phẩm,A00,15.00,,THPTQG,2018,,daniele15,
NTT,7540101,Công nghệ thực phẩm,A01,15.00,,THPTQG,2018,,daniele15,
NTT,7540101,Công nghệ thực phẩm,B00,15.00,,THPTQG,2018,,daniele15,
NTT,7540101,Công nghệ thực phẩm,D07,15.00,,THPTQG,2018,,daniele15,
NTT,7580101,Kiến trúc,H00,15.00,,THPTQG,2018,,daniele15,
NTT,7580101,Kiến trúc,H02,15.00,,THPTQG,2018,,daniele15,
NTT,7580101,Kiến trúc,V00,15.00,,THPTQG,2018,,daniele15,
NTT,7580101,Kiến trúc,V01,15.00,,THPTQG,2018,,daniele15,
NTT,7580108,Thiết kế nội thất,H00,15.00,,THPTQG,2018,,daniele15,
NTT,7580108,Thiết kế nội thất,H02,15.00,,THPTQG,2018,,daniele15,
NTT,7580108,Thiết kế nội thất,V00,15.00,,THPTQG,2018,,daniele15,
NTT,7580108,Thiết kế nội thất,V01,15.00,,THPTQG,2018,,daniele15,
NTT,7580201,Kỹ thuật xây dựng,A00,15.00,,THPTQG,2018,,daniele15,
NTT,7580201,Kỹ thuật xây dựng,A01,15.00,,THPTQG,2018,,daniele15,
NTT,7580201,Kỹ thuật xây dựng,D01,15.00,,THPTQG,2018,,daniele15,
NTT,7580201,Kỹ thuật xây dựng,D07,15.00,,THPTQG,2018,,daniele15,
NTT,7720101,Y khoa,B00,20.00,,THPTQG,2018,,daniele15,
NTT,7720110,Y học dự phòng,B00,17.00,,THPTQG,2018,,daniele15,
NTT,7720201,Dược học,A01,16.00,,THPTQG,2018,,daniele15,
NTT,7720201,Dược học,B00,16.00,,THPTQG,2018,,daniele15,
NTT,7720201,Dược học,D07,16.00,,THPTQG,2018,,daniele15,
NTT,7720301,Điều dưỡng,A01,15.00,,THPTQG,2018,,daniele15,
NTT,7720301,Điều dưỡng,B00,15.00,,THPTQG,2018,,daniele15,
NTT,7720301,Điều dưỡng,D08,15.00,,THPTQG,2018,,daniele15,
NTT,7810201,Quản trị khách sạn,A00,16.00,,THPTQG,2018,,daniele15,
NTT,7810201,Quản trị khách sạn,A01,16.00,,THPTQG,2018,,daniele15,
NTT,7810201,Quản trị khách sạn,C00,16.00,,THPTQG,2018,,daniele15,
NTT,7810201,Quản trị khách sạn,D01,16.00,,THPTQG,2018,,daniele15,
NTT,7810202,Quản trị nhà hàng và dịch vụ ăn uống,A00,16.00,,THPTQG,2018,,daniele15,
NTT,7810202,Quản trị nhà hàng và dịch vụ ăn uống,A01,16.00,,THPTQG,2018,,daniele15,
NTT,7810202,Quản trị nhà hàng và dịch vụ ăn uống,C00,16.00,,THPTQG,2018,,daniele15,
NTT,7810202,Quản trị nhà hàng và dịch vụ ăn uống,D01,16.00,,THPTQG,2018,,daniele15,
NTT,7850101,Quản lý tài nguyên và môi trường,A00,15.00,,THPTQG,2018,,daniele15,
NTT,7850101,Quản lý tài nguyên và môi trường,A01,15.00,,THPTQG,2018,,daniele15,
NTT,7850101,Quản lý tài nguyên và môi trường,B00,15.00,,THPTQG,2018,,daniele15,
NTT,7850101,Quản lý tài nguyên và môi trường,D07,15.00,,THPTQG,2018,,daniele15,
NTU,7210403,Thiết kế đồ họa,C01,14.00,,HocBa,2018,Điểm chuẩn học bạ lấy 18 điểm,daniele15,
NTU,7210403,Thiết kế đồ họa,C03,14.00,,HocBa,2018,Điểm chuẩn học bạ lấy 18 điểm,daniele15,
NTU,7210403,Thiết kế đồ họa,C04,14.00,,HocBa,2018,Điểm chuẩn học bạ lấy 18 điểm,daniele15,
NTU,7210403,Thiết kế đồ họa,C09,14.00,,HocBa,2018,Điểm chuẩn học bạ lấy 18 điểm,daniele15,
NTU,7220201,Ngôn ngữ Anh,A01,17.50,,THPTQG,2018,3 chuyên ngành: Biên - phiên dịch; Tiếng Anh du lịch; Phương pháp giảng dạy Tiếng Anh,daniele15,
NTU,7220201,Ngôn ngữ Anh,D01,17.50,,THPTQG,2018,3 chuyên ngành: Biên - phiên dịch; Tiếng Anh du lịch; Phương pháp giảng dạy Tiếng Anh,daniele15,
NTU,7220201,Ngôn ngữ Anh,D14,17.50,,THPTQG,2018,3 chuyên ngành: Biên - phiên dịch; Tiếng Anh du lịch; Phương pháp giảng dạy Tiếng Anh,daniele15,
NTU,7220201,Ngôn ngữ Anh,D15,17.50,,THPTQG,2018,3 chuyên ngành: Biên - phiên dịch; Tiếng Anh du lịch; Phương pháp giảng dạy Tiếng Anh,daniele15,
NTU,7220209,Ngôn ngữ Nhật,A01,14.00,,HocBa,2018,Điểm chuẩn học bạ lấy 18 điểm,daniele15,
NTU,7220209,Ngôn ngữ Nhật,C00,14.00,,HocBa,2018,Điểm chuẩn học bạ lấy 18 điểm,daniele15,
NTU,7220209,Ngôn ngữ Nhật,D01,14.00,,HocBa,2018,Điểm chuẩn học bạ lấy 18 điểm,daniele15,
NTU,7220209,Ngôn ngữ Nhật,D63,14.00,,HocBa,2018,Điểm chuẩn học bạ lấy 18 điểm,daniele15,
NTU,7310101A,Luật,A00,15.50,,THPTQG,2018,Kinh tế (chuyên ngành Luật kinh tế),daniele15,
NTU,7310101A,Luật,A01,15.50,,THPTQG,2018,Kinh tế (chuyên ngành Luật kinh tế),daniele15,
NTU,7310101A,Luật,D01,15.50,,THPTQG,2018,Kinh tế (chuyên ngành Luật kinh tế),daniele15,
NTU,7310101A,Luật,D96,15.50,,THPTQG,2018,Kinh tế (chuyên ngành Luật kinh tế),daniele15,
NTU,7310101B,Kinh tế,A00,14.00,,THPTQG,2018,chuyên ngành Kinh tế thủy sản,daniele15,
NTU,7310101B,Kinh tế,A01,14.00,,THPTQG,2018,chuyên ngành Kinh tế thủy sản,daniele15,
NTU,7310101B,Kinh tế,D01,14.00,,THPTQG,2018,chuyên ngành Kinh tế thủy sản,daniele15,
NTU,7310101B,Kinh tế,D07,14.00,,THPTQG,2018,chuyên ngành Kinh tế thủy sản,daniele15,
NTU,7310105,Kinh tế,A00,15.00,,THPTQG,2018,Kinh tế phát triển,daniele15,
NTU,7310105,Kinh tế,A01,15.00,,THPTQG,2018,Kinh tế phát triển,daniele15,
NTU,7310105,Kinh tế,D01,15.00,,THPTQG,2018,Kinh tế phát triển,daniele15,
NTU,7310105,Kinh tế,D07,15.00,,THPTQG,2018,Kinh tế phát triển,daniele15,
NTU,7320108,Quan hệ công chúng,C00,14.00,,HocBa,2018,Điểm chuẩn học bạ lấy 18 điểm,daniele15,
NTU,7320108,Quan hệ công chúng,C12,14.00,,HocBa,2018,Điểm chuẩn học bạ lấy 18 điểm,daniele15,
NTU,7320108,Quan hệ công chúng,C19,14.00,,HocBa,2018,Điểm chuẩn học bạ lấy 18 điểm,daniele15,
NTU,7340101,Quản trị kinh doanh,A00,17.00,,THPTQG,2018,,daniele15,
NTU,7340101,Quản trị kinh doanh,A07,17.00,,THPTQG,2018,,daniele15,
NTU,7340101,Quản trị kinh doanh,C04,17.00,,THPTQG,2018,,daniele15,
NTU,7340101,Quản trị kinh doanh,D01,17.00,,THPTQG,2018,,daniele15,
NTU,7340101,Quản trị kinh doanh,A00,14.00,,HocBa,2018,Điểm chuẩn học bạ lấy 18 điểm,daniele15,
NTU,7340101,Quản trị kinh doanh,A07,14.00,,HocBa,2018,Điểm chuẩn học bạ lấy 18 điểm,daniele15,
NTU,7340101,Quản trị kinh doanh,C04,14.00,,HocBa,2018,Điểm chuẩn học bạ lấy 18 điểm,daniele15,
NTU,7340101,Quản trị kinh doanh,D01,14.00,,HocBa,2018,Điểm chuẩn học bạ lấy 18 điểm,daniele15,
NTU,7340101P,Quản trị kinh doanh,A00,16.00,,THPTQG,2018,chương trình song ngữ Pháp-Việt,daniele15,
NTU,7340101P,Quản trị kinh doanh,A01,16.00,,THPTQG,2018,chương trình song ngữ Pháp-Việt,daniele15,
NTU,7340101P,Quản trị kinh doanh,D03,16.00,,THPTQG,2018,chương trình song ngữ Pháp-Việt,daniele15,
NTU,7340101P,Quản trị kinh doanh,D97,16.00,,THPTQG,2018,chương trình song ngữ Pháp-Việt,daniele15,
NTU,7340115,Marketing,A00,16.00,,THPTQG,2018,,daniele15,
NTU,7340115,Marketing,A01,16.00,,THPTQG,2018,,daniele15,
NTU,7340115,Marketing,D01,16.00,,THPTQG,2018,,daniele15,
NTU,7340115,Marketing,D07,16.00,,THPTQG,2018,,daniele15,
NTU,7340121,Kinh doanh thương mại,A00,15.50,,THPTQG,2018,,daniele15,
NTU,7340121,Kinh doanh thương mại,A01,15.50,,THPTQG,2018,,daniele15,
NTU,7340121,Kinh doanh thương mại,D01,15.50,,THPTQG,2018,,daniele15,
NTU,7340121,Kinh doanh thương mại,D07,15.50,,THPTQG,2018,,daniele15,
NTU,7340201,Tài chính - Ngân hàng,A00,15.00,,THPTQG,2018,,daniele15,
NTU,7340201,Tài chính - Ngân hàng,A07,15.00,,THPTQG,2018,,daniele15,
NTU,7340201,Tài chính - Ngân hàng,C04,15.00,,THPTQG,2018,,daniele15,
NTU,7340201,Tài chính - Ngân hàng,D01,15.00,,THPTQG,2018,,daniele15,
NTU,7340201,Tài chính - Ngân hàng,A00,14.00,,HocBa,2018,Điểm chuẩn học bạ lấy 18 điểm,daniele15,
NTU,7340201,Tài chính - Ngân hàng,A07,14.00,,HocBa,2018,Điểm chuẩn học bạ lấy 18 điểm,daniele15,
NTU,7340201,Tài chính - Ngân hàng,C04,14.00,,HocBa,2018,Điểm chuẩn học bạ lấy 18 điểm,daniele15,
NTU,7340201,Tài chính - Ngân hàng,D01,14.00,,HocBa,2018,Điểm chuẩn học bạ lấy 18 điểm,daniele15,
NTU,7340301,Kế toán,A00,16.00,,THPTQG,2018,2 chuyên ngành: Kế toán; Kiểm toán,daniele15,
NTU,7340301,Kế toán,A07,16.00,,THPTQG,2018,2 chuyên ngành: Kế toán; Kiểm toán,daniele15,
NTU,7340301,Kế toán,D01,16.00,,THPTQG,2018,2 chuyên ngành: Kế toán; Kiểm toán,daniele15,
NTU,7340301,Kế toán,A00,14.00,,HocBa,2018,Điểm chuẩn học bạ lấy 18 điểm,daniele15,
NTU,7340301,Kế toán,A07,14.00,,HocBa,2018,Điểm chuẩn học bạ lấy 18 điểm,daniele15,
NTU,7340301,Kế toán,D01,14.00,,HocBa,2018,Điểm chuẩn học bạ lấy 18 điểm,daniele15,
NTU,7340405,Hệ thống thông tin quản lý,A00,14.00,,THPTQG,2018,,daniele15,
NTU,7340405,Hệ thống thông tin quản lý,A01,14.00,,THPTQG,2018,,daniele15,
NTU,7340405,Hệ thống thông tin quản lý,D01,14.00,,THPTQG,2018,,daniele15,
NTU,7340405,Hệ thống thông tin quản lý,D07,14.00,,THPTQG,2018,,daniele15,
NTU,7420201,Công nghệ sinh học,A00,14.00,,THPTQG,2018,,daniele15,
NTU,7420201,Công nghệ sinh học,A01,14.00,,THPTQG,2018,,daniele15,
NTU,7420201,Công nghệ sinh học,B00,14.00,,THPTQG,2018,,daniele15,
NTU,7420201,Công nghệ sinh học,D07,14.00,,THPTQG,2018,,daniele15,
NTU,7480201,Công nghệ thông tin,A00,15.50,,THPTQG,2018,2 chuyên ngành: Công nghệ thông tin; Truyền thông và Mạng máy tính,daniele15,
NTU,7480201,Công nghệ thông tin,A01,15.50,,THPTQG,2018,2 chuyên ngành: Công nghệ thông tin; Truyền thông và Mạng máy tính,daniele15,
NTU,7480201,Công nghệ thông tin,A07,15.50,,THPTQG,2018,2 chuyên ngành: Công nghệ thông tin; Truyền thông và Mạng máy tính,daniele15,
NTU,7480201,Công nghệ thông tin,D01,15.50,,THPTQG,2018,2 chuyên ngành: Công nghệ thông tin; Truyền thông và Mạng máy tính,daniele15,
NTU,7480201,Công nghệ thông tin,A00,14.00,,HocBa,2018,Điểm chuẩn học bạ lấy 18 điểm,daniele15,
NTU,7480201,Công nghệ thông tin,A01,14.00,,HocBa,2018,Điểm chuẩn học bạ lấy 18 điểm,daniele15,
NTU,7480201,Công nghệ thông tin,A07,14.00,,HocBa,2018,Điểm chuẩn học bạ lấy 18 điểm,daniele15,
NTU,7480201,Công nghệ thông tin,D01,14.00,,HocBa,2018,Điểm chuẩn học bạ lấy 18 điểm,daniele15,
NTU,7510102,Công nghệ kỹ thuật công trình xây dựng,A00,14.00,,HocBa,2018,Điểm chuẩn học bạ lấy 18 điểm,daniele15,
NTU,7510102,Công nghệ kỹ thuật công trình xây dựng,A07,14.00,,HocBa,2018,Điểm chuẩn học bạ lấy 18 điểm,daniele15,
NTU,7510102,Công nghệ kỹ thuật công trình xây dựng,C01,14.00,,HocBa,2018,Điểm chuẩn học bạ lấy 18 điểm,daniele15,
NTU,7510102,Công nghệ kỹ thuật công trình xây dựng,C04,14.00,,HocBa,2018,Điểm chuẩn học bạ lấy 18 điểm,daniele15,
NTU,7510202,Công nghệ chế tạo máy,A00,14.00,,THPTQG,2018,,daniele15,
NTU,7510202,Công nghệ chế tạo máy,A01,14.00,,THPTQG,2018,,daniele15,
NTU,7510202,Công nghệ chế tạo máy,C01,14.00,,THPTQG,2018,,daniele15,
NTU,7510202,Công nghệ chế tạo máy,D07,14.00,,THPTQG,2018,,daniele15,
NTU,7510301,"Công nghệ kỹ thuật điện, điện tử",A00,14.50,,THPTQG,2018,,daniele15,
NTU,7510301,"Công nghệ kỹ thuật điện, điện tử",A01,14.50,,THPTQG,2018,,daniele15,
NTU,7510301,"Công nghệ kỹ thuật điện, điện tử",C01,14.50,,THPTQG,2018,,daniele15,
NTU,7510301,"Công nghệ kỹ thuật điện, điện tử",D07,14.50,,THPTQG,2018,,daniele15,
NTU,7520103A,Kỹ thuật cơ khí,A00,14.00,,THPTQG,2018,chuyên ngành Kỹ thuật cơ khí,daniele15,
NTU,7520103A,Kỹ thuật cơ khí,A01,14.00,,THPTQG,2018,chuyên ngành Kỹ thuật cơ khí,daniele15,
NTU,7520103A,Kỹ thuật cơ khí,C01,14.00,,THPTQG,2018,chuyên ngành Kỹ thuật cơ khí,daniele15,
NTU,7520103A,Kỹ thuật cơ khí,D07,14.00,,THPTQG,2018,chuyên ngành Kỹ thuật cơ khí,daniele15,
NTU,7520103B,Kỹ thuật cơ khí,A00,14.00,,THPTQG,2018,chuyên ngành Kỹ thuật cơ khí động lực,daniele15,
NTU,7520103B,Kỹ thuật cơ khí,A01,14.00,,THPTQG,2018,chuyên ngành Kỹ thuật cơ khí động lực,daniele15,
NTU,7520103B,Kỹ thuật cơ khí,C01,14.00,,THPTQG,2018,chuyên ngành Kỹ thuật cơ khí động lực,daniele15,
NTU,7520103B,Kỹ thuật cơ khí,D07,14.00,,THPTQG,2018,chuyên ngành Kỹ thuật cơ khí động lực,daniele15,
NTU,7520114,Kỹ thuật cơ điện tử,A00,14.00,,THPTQG,2018,,daniele15,
NTU,7520114,Kỹ thuật cơ điện tử,A01,14.00,,THPTQG,2018,,daniele15,
NTU,7520114,Kỹ thuật cơ điện tử,C01,14.00,,THPTQG,2018,,daniele15,
NTU,7520114,Kỹ thuật cơ điện tử,D07,14.00,,THPTQG,2018,,daniele15,
NTU,7520115,Công nghệ Kỹ thuật Nhiệt (Cơ điện lạnh),A00,14.00,,THPTQG,2018,"3 chuyên ngành: Kỹ thuật điện lạnh; Máy lạnh, điều hòa không khí và thông gió; Máy lạnh và thiết bị thực phẩm",daniele15,
NTU,7520115,Công nghệ Kỹ thuật Nhiệt (Cơ điện lạnh),A01,14.00,,THPTQG,2018,"3 chuyên ngành: Kỹ thuật điện lạnh; Máy lạnh, điều hòa không khí và thông gió; Máy lạnh và thiết bị thực phẩm",daniele15,
NTU,7520115,Công nghệ Kỹ thuật Nhiệt (Cơ điện lạnh),C01,14.00,,THPTQG,2018,"3 chuyên ngành: Kỹ thuật điện lạnh; Máy lạnh, điều hòa không khí và thông gió; Máy lạnh và thiết bị thực phẩm",daniele15,
NTU,7520115,Công nghệ Kỹ thuật Nhiệt (Cơ điện lạnh),D07,14.00,,THPTQG,2018,"3 chuyên ngành: Kỹ thuật điện lạnh; Máy lạnh, điều hòa không khí và thông gió; Máy lạnh và thiết bị thực phẩm",daniele15,
NTU,7520122,Kỹ thuật tàu thuỷ,A00,14.00,,THPTQG,2018,,daniele15,
NTU,7520122,Kỹ thuật tàu thuỷ,A01,14.00,,THPTQG,2018,,daniele15,
NTU,7520122,Kỹ thuật tàu thuỷ,C01,14.00,,THPTQG,2018,,daniele15,
NTU,7520122,Kỹ thuật tàu thuỷ,D07,14.00,,THPTQG,2018,,daniele15,
NTU,7520130,Kỹ thuật ô tô,A00,15.50,,THPTQG,2018,,daniele15,
NTU,7520130,Kỹ thuật ô tô,A01,15.50,,THPTQG,2018,,daniele15,
NTU,7520130,Kỹ thuật ô tô,C01,15.50,,THPTQG,2018,,daniele15,
NTU,7520130,Kỹ thuật ô tô,D07,15.50,,THPTQG,2018,,daniele15,
NTU,7520301,Kỹ thuật hoá học,A00,14.00,,THPTQG,2018,,daniele15,
NTU,7520301,Kỹ thuật hoá học,A01,14.00,,THPTQG,2018,,daniele15,
NTU,7520301,Kỹ thuật hoá học,B00,14.00,,THPTQG,2018,,daniele15,
NTU,7520301,Kỹ thuật hoá học,D07,14.00,,THPTQG,2018,,daniele15,
NTU,7520320,Kỹ thuật môi trường,B00,14.00,,THPTQG,2018,,daniele15,
NTU,7520320,Kỹ thuật môi trường,B01,14.00,,THPTQG,2018,,daniele15,
NTU,7520320,Kỹ thuật môi trường,B02,14.00,,THPTQG,2018,,daniele15,
NTU,7520320,Kỹ thuật môi trường,B03,14.00,,THPTQG,2018,,daniele15,
NTU,7520320,Kỹ thuật môi trường,B00,14.00,,HocBa,2018,Điểm chuẩn học bạ lấy 18 điểm,daniele15,
NTU,7520320,Kỹ thuật môi trường,B01,14.00,,HocBa,2018,Điểm chuẩn học bạ lấy 18 điểm,daniele15,
NTU,7520320,Kỹ thuật môi trường,B02,14.00,,HocBa,2018,Điểm chuẩn học bạ lấy 18 điểm,daniele15,
NTU,7520320,Kỹ thuật môi trường,B03,14.00,,HocBa,2018,Điểm chuẩn học bạ lấy 18 điểm,daniele15,
NTU,7540101,Công nghệ thực phẩm,A00,15.00,,THPTQG,2018,2 chuyên ngành: Công nghệ thực phẩm; Đảm bảo chất lượng và an toàn thực phẩm,daniele15,
NTU,7540101,Công nghệ thực phẩm,A01,15.00,,THPTQG,2018,2 chuyên ngành: Công nghệ thực phẩm; Đảm bảo chất lượng và an toàn thực phẩm,daniele15,
NTU,7540101,Công nghệ thực phẩm,B00,15.00,,THPTQG,2018,2 chuyên ngành: Công nghệ thực phẩm; Đảm bảo chất lượng và an toàn thực phẩm,daniele15,
NTU,7540101,Công nghệ thực phẩm,D07,15.00,,THPTQG,2018,2 chuyên ngành: Công nghệ thực phẩm; Đảm bảo chất lượng và an toàn thực phẩm,daniele15,
NTU,7540104,Công nghệ sau thu hoạch,A00,14.00,,THPTQG,2018,,daniele15,
NTU,7540104,Công nghệ sau thu hoạch,A01,14.00,,THPTQG,2018,,daniele15,
NTU,7540104,Công nghệ sau thu hoạch,B00,14.00,,THPTQG,2018,,daniele15,
NTU,7540104,Công nghệ sau thu hoạch,D07,14.00,,THPTQG,2018,,daniele15,
NTU,7540105,Công nghệ chế biến thuỷ sản,A00,14.00,,THPTQG,2018,,daniele15,
NTU,7540105,Công nghệ chế biến thuỷ sản,A01,14.00,,THPTQG,2018,,daniele15,
NTU,7540105,Công nghệ chế biến thuỷ sản,B00,14.00,,THPTQG,2018,,daniele15,
NTU,7540105,Công nghệ chế biến thuỷ sản,D07,14.00,,THPTQG,2018,,daniele15,
NTU,7580101,Kiến trúc,A00,14.00,,HocBa,2018,Điểm chuẩn học bạ lấy 18 điểm,daniele15,
NTU,7580101,Kiến trúc,A01,14.00,,HocBa,2018,Điểm chuẩn học bạ lấy 18 điểm,daniele15,
NTU,7580101,Kiến trúc,A03,14.00,,HocBa,2018,Điểm chuẩn học bạ lấy 18 điểm,daniele15,
NTU,7580101,Kiến trúc,A07,14.00,,HocBa,2018,Điểm chuẩn học bạ lấy 18 điểm,daniele15,
NTU,7580108,Thiết kế nội thất,C01,14.00,,HocBa,2018,Điểm chuẩn học bạ lấy 18 điểm,daniele15,
NTU,7580108,Thiết kế nội thất,C03,14.00,,HocBa,2018,Điểm chuẩn học bạ lấy 18 điểm,daniele15,
NTU,7580108,Thiết kế nội thất,C04,14.00,,HocBa,2018,Điểm chuẩn học bạ lấy 18 điểm,daniele15,
NTU,7580108,Thiết kế nội thất,C09,14.00,,HocBa,2018,Điểm chuẩn học bạ lấy 18 điểm,daniele15,
NTU,7580201,Kỹ thuật xây dựng,A00,14.50,,THPTQG,2018,2 chuyên ngành: Kỹ thuật xây dựng; Kỹ thuật xây dựng công trình giao thông,daniele15,
NTU,7580201,Kỹ thuật xây dựng,A01,14.50,,THPTQG,2018,2 chuyên ngành: Kỹ thuật xây dựng; Kỹ thuật xây dựng công trình giao thông,daniele15,
NTU,7580201,Kỹ thuật xây dựng,C01,14.50,,THPTQG,2018,2 chuyên ngành: Kỹ thuật xây dựng; Kỹ thuật xây dựng công trình giao thông,daniele15,
NTU,7580201,Kỹ thuật xây dựng,D07,14.50,,THPTQG,2018,2 chuyên ngành: Kỹ thuật xây dựng; Kỹ thuật xây dựng công trình giao thông,daniele15,
NTU,7620301,Nuôi trồng thuỷ sản,A01,14.00,,THPTQG,2018,2 chuyên ngành: Nuôi trồng thủy sản; Bệnh học thủy sản,daniele15,
NTU,7620301,Nuôi trồng thuỷ sản,B00,14.00,,THPTQG,2018,2 chuyên ngành: Nuôi trồng thủy sản; Bệnh học thủy sản,daniele15,
NTU,7620301,Nuôi trồng thuỷ sản,D01,14.00,,THPTQG,2018,2 chuyên ngành: Nuôi trồng thủy sản; Bệnh học thủy sản,daniele15,
NTU,7620301,Nuôi trồng thuỷ sản,D96,14.00,,THPTQG,2018,2 chuyên ngành: Nuôi trồng thủy sản; Bệnh học thủy sản,daniele15,
NTU,7620304,Khai thác thuỷ sản,A00,14.00,,THPTQG,2018,,daniele15,
NTU,7620304,Khai thác thuỷ sản,A01,14.00,,THPTQG,2018,,daniele15,
NTU,7620304,Khai thác thuỷ sản,B00,14.00,,THPTQG,2018,,daniele15,
NTU,7620304,Khai thác thuỷ sản,D07,14.00,,THPTQG,2018,,daniele15,
NTU,7620305,Quản lý thủy sản,A00,14.00,,THPTQG,2018,,daniele15,
NTU,7620305,Quản lý thủy sản,A01,14.00,,THPTQG,2018,,daniele15,
NTU,7620305,Quản lý thủy sản,B00,14.00,,THPTQG,2018,,daniele15,
NTU,7620305,Quản lý thủy sản,D07,14.00,,THPTQG,2018,,daniele15,
NTU,7810103,Quản trị dịch vụ du lịch và lữ hành,A00,18.00,,THPTQG,2018,2 chuyên ngành: Quản trị khách sạn; Quản trị dịch vụ du lịch và lữ hành,daniele15,
NTU,7810103,Quản trị dịch vụ du lịch và lữ hành,A01,18.00,,THPTQG,2018,2 chuyên ngành: Quản trị khách sạn; Quản trị dịch vụ du lịch và lữ hành,daniele15,
NTU,7810103,Quản trị dịch vụ du lịch và lữ hành,D01,18.00,,THPTQG,2018,2 chuyên ngành: Quản trị khách sạn; Quản trị dịch vụ du lịch và lữ hành,daniele15,
NTU,7810103,Quản trị dịch vụ du lịch và lữ hành,D07,18.00,,THPTQG,2018,2 chuyên ngành: Quản trị khách sạn; Quản trị dịch vụ du lịch và lữ hành,daniele15,
NTU,7810103P,Quản trị dịch vụ du lịch và lữ hành,A00,17.00,,THPTQG,2018,chương trình song ngữ Pháp-Việt),daniele15,
NTU,7810103P,Quản trị dịch vụ du lịch và lữ hành,A01,17.00,,THPTQG,2018,chương trình song ngữ Pháp-Việt),daniele15,
NTU,7810103P,Quản trị dịch vụ du lịch và lữ hành,D03,17.00,,THPTQG,2018,chương trình song ngữ Pháp-Việt),daniele15,
NTU,7810103P,Quản trị dịch vụ du lịch và lữ hành,D07,17.00,,THPTQG,2018,chương trình song ngữ Pháp-Việt),daniele15,
NTU,7840106,Khoa học hàng hải,A00,14.00,,THPTQG,2018,,daniele15,
NTU,7840106,Khoa học hàng hải,A01,14.00,,THPTQG,2018,,daniele15,
NTU,7840106,Khoa học hàng hải,C01,14.00,,THPTQG,2018,,daniele15,
NTU,7840106,Khoa học hàng hải,D07,14.00,,THPTQG,2018,,daniele15,
PBH,7860205,Chỉ huy tham mưu Pháo binh,A00,22.75,,THPTQG,2018,Thí sinh Nam miền Bắc; Điểm môn Toán >= 8.00; Tốt nghiệp THPT,daniele15,
PBH,7860205,Chỉ huy tham mưu Pháo binh,A01,22.75,,THPTQG,2018,Thí sinh Nam miền Bắc; Điểm môn Toán >= 8.00; Tốt nghiệp THPT,daniele15,
PBH,7860205,Chỉ huy tham mưu Pháo binh,A00,22.30,,THPTQG,2018,Thí sinh Nam miền Nam; Tốt nghiệp THPT,daniele15,
PBH,7860205,Chỉ huy tham mưu Pháo binh,A01,22.30,,THPTQG,2018,Thí sinh Nam miền Nam; Tốt nghiệp THPT,daniele15,
PBH,7860205,Chỉ huy tham mưu Pháo binh,A00,20.85,,THPTQG,2018,"Nam miền BắcThí sinh mức 20,85:  - Thí sinh cứ điểm môn toán ≥ 7,00 trúng tuyển - Thí sinh có điểm môn toán ≥ 6,60; điểm môn lý ≥ 7,25; điểm môn hóa ≥ 6,75 trúng tuyển",daniele15,
PBH,7860205,Chỉ huy tham mưu Pháo binh,A01,20.85,,THPTQG,2018,"Nam miền BắcThí sinh mức 20,85:  - Thí sinh cứ điểm môn toán ≥ 7,00 trúng tuyển - Thí sinh có điểm môn toán ≥ 6,60; điểm môn lý ≥ 7,25; điểm môn hóa ≥ 6,75 trúng tuyển",daniele15,
PBH,7860205,Chỉ huy tham mưu Pháo binh,A00,19.50,,THPTQG,2018,Nam miền Nam,daniele15,
PBH,7860205,Chỉ huy tham mưu Pháo binh,A01,19.50,,THPTQG,2018,Nam miền Nam,daniele15,
PCH,7860113,Công an,A00,24.40,,THPTQG,2018,hệ chính quy (Nữ phía Bắc),daniele15,
PCH,7860113,Công an,A00,23.65,,THPTQG,2018,hệ chính quy (Nam phía Nam)Tổng điểm 03 môn: 20.9; môn Toán 7.4,daniele15,
PCH,7860113,Công an,A00,22.95,,THPTQG,2018,hệ chính quy (Nữ phía Nam),daniele15,
PCH,7860113,Công an,A00,13.75,,THPTQG,2018,hệ chính quy (Nam phía Bắc)Tổng điểm 03 môn: 23.75,daniele15,
PCH,7860113DS,Hệ dân sự,A00,15.00,,THPTQG,2018,,daniele15,
PKH,7520120,Kỹ thuật Hàng không,A00,21.70,,THPTQG,2018,Thí sinh Nam miền Nam,daniele15,
PKH,7520120,Kỹ thuật Hàng không,A01,21.70,,THPTQG,2018,Thí sinh Nam miền Nam,daniele15,
PKH,7520120,Kỹ thuật Hàng không,A00,20.40,,THPTQG,2018,"Thí sinh Nam miền BắcThí sinh mức 20,40 điểm:  Tiêu chí phụ 1: Điểm môn Toán  ≥ 7,40.  Tiêu chí phụ 2: Điểm môn Lý  ≥ 6,75.",daniele15,
PKH,7520120,Kỹ thuật Hàng không,A01,20.40,,THPTQG,2018,"Thí sinh Nam miền BắcThí sinh mức 20,40 điểm:  Tiêu chí phụ 1: Điểm môn Toán  ≥ 7,40.  Tiêu chí phụ 2: Điểm môn Lý  ≥ 6,75.",daniele15,
PKH,7860226,Chỉ huy kỹ thuật Phòng không,A00,20.10,,THPTQG,2018,"Thí sinh Nam miền BắcThí sinh mức 20,10 điểm: Điểm môn Toán  ≥ 6,60",daniele15,
PKH,7860226,Chỉ huy kỹ thuật Phòng không,A01,20.10,,THPTQG,2018,"Thí sinh Nam miền BắcThí sinh mức 20,10 điểm: Điểm môn Toán  ≥ 6,60",daniele15,
PKH,7860226,Chỉ huy kỹ thuật Phòng không,A00,19.25,,THPTQG,2018,"Thí sinh Nam miền NamThí sinh mức 19,25 điểm:  Tiêu chí phụ 1: Điểm môn Toán  ≥ 6,00.  Tiêu chí phụ 2: Điểm môn Lý  ≥ 7,25.",daniele15,
PKH,7860226,Chỉ huy kỹ thuật Phòng không,A01,19.25,,THPTQG,2018,"Thí sinh Nam miền NamThí sinh mức 19,25 điểm:  Tiêu chí phụ 1: Điểm môn Toán  ≥ 6,00.  Tiêu chí phụ 2: Điểm môn Lý  ≥ 7,25.",daniele15,
QHE,QHE01,Kinh tế,A00,21.70,,THPTQG,2018,Kinh tế phát triển,daniele15,
QHE,QHE01,Kinh tế,A01,21.70,,THPTQG,2018,Kinh tế phát triển,daniele15,
QHE,QHE01,Kinh tế,C04,21.70,,THPTQG,2018,Kinh tế phát triển,daniele15,
QHE,QHE01,Kinh tế,D01,21.70,,THPTQG,2018,Kinh tế phát triển,daniele15,
QHE,QHE40,Quản trị kinh doanh,A01,26.55,,THPTQG,2018,Chất lượng cao,daniele15,
QHE,QHE40,Quản trị kinh doanh,D01,26.55,,THPTQG,2018,Chất lượng cao,daniele15,
QHE,QHE40,Quản trị kinh doanh,D09,26.55,,THPTQG,2018,Chất lượng cao,daniele15,
QHE,QHE40,Quản trị kinh doanh,D10,26.55,,THPTQG,2018,Chất lượng cao,daniele15,
QHE,QHE41,Tài chính - Ngân hàng,A01,25.58,,THPTQG,2018,Chất lượng cao,daniele15,
QHE,QHE41,Tài chính - Ngân hàng,D01,25.58,,THPTQG,2018,Chất lượng cao,daniele15,
QHE,QHE41,Tài chính - Ngân hàng,D09,25.58,,THPTQG,2018,Chất lượng cao,daniele15,
QHE,QHE41,Tài chính - Ngân hàng,D10,25.58,,THPTQG,2018,Chất lượng cao,daniele15,
QHE,QHE42,Kế toán,A01,25.45,,THPTQG,2018,Chất lượng cao,daniele15,
QHE,QHE42,Kế toán,D01,25.45,,THPTQG,2018,Chất lượng cao,daniele15,
QHE,QHE42,Kế toán,D09,25.45,,THPTQG,2018,Chất lượng cao,daniele15,
QHE,QHE42,Kế toán,D10,25.45,,THPTQG,2018,Chất lượng cao,daniele15,
QHE,QHE43,Kinh tế,A01,27.05,,THPTQG,2018,Kinh tế quốc tế chất lượng cao,daniele15,
QHE,QHE43,Kinh tế,D01,27.05,,THPTQG,2018,Kinh tế quốc tế chất lượng cao,daniele15,
QHE,QHE43,Kinh tế,D09,27.05,,THPTQG,2018,Kinh tế quốc tế chất lượng cao,daniele15,
QHE,QHE43,Kinh tế,D10,27.05,,THPTQG,2018,Kinh tế quốc tế chất lượng cao,daniele15,
QHE,QHE44,Kinh tế,A01,22.35,,THPTQG,2018,chất lượng cao,daniele15,
QHE,QHE44,Kinh tế,D01,22.35,,THPTQG,2018,chất lượng cao,daniele15,
QHE,QHE44,Kinh tế,D09,22.35,,THPTQG,2018,chất lượng cao,daniele15,
QHE,QHE44,Kinh tế,D10,22.35,,THPTQG,2018,chất lượng cao,daniele15,
QHE,QHE80,Quản trị kinh doanh,A01,22.85,,THPTQG,2018,Do Đại học Troy (Hoa Kỳ) cấp bằng,daniele15,
QHE,QHE80,Quản trị kinh doanh,D01,22.85,,THPTQG,2018,Do Đại học Troy (Hoa Kỳ) cấp bằng,daniele15,
QHE,QHE80,Quản trị kinh doanh,D07,22.85,,THPTQG,2018,Do Đại học Troy (Hoa Kỳ) cấp bằng,daniele15,
QHE,QHE80,Quản trị kinh doanh,D08,22.85,,THPTQG,2018,Do Đại học Troy (Hoa Kỳ) cấp bằng,daniele15,
QHF,CN1,Công nghệ thông tin,A00,23.75,,THPTQG,2018,,daniele15,
QHF,CN1,Công nghệ thông tin,A01,23.75,,THPTQG,2018,,daniele15,
QHF,CN1,Công nghệ thông tin,D07,23.75,,THPTQG,2018,,daniele15,
QHF,CN2,Máy tính và Robot,A00,21.00,,THPTQG,2018,,daniele15,
QHF,CN2,Máy tính và Robot,A01,21.00,,THPTQG,2018,,daniele15,
QHF,CN2,Máy tính và Robot,D07,21.00,,THPTQG,2018,,daniele15,
QHF,CN3,Vật lý kỹ thuật,A00,18.75,,THPTQG,2018,,daniele15,
QHF,CN3,Vật lý kỹ thuật,A01,18.75,,THPTQG,2018,,daniele15,
QHF,CN3,Vật lý kỹ thuật,D07,18.75,,THPTQG,2018,,daniele15,
QHF,CN4,Cơ Kỹ thuật,A00,20.50,,THPTQG,2018,,daniele15,
QHF,CN4,Cơ Kỹ thuật,A01,20.50,,THPTQG,2018,,daniele15,
QHF,CN4,Cơ Kỹ thuật,D07,20.50,,THPTQG,2018,,daniele15,
QHF,CN5,Công nghệ kỹ thuật xây dựng,A00,18.00,,THPTQG,2018,,daniele15,
QHF,CN5,Công nghệ kỹ thuật xây dựng,A01,18.00,,THPTQG,2018,,daniele15,
QHF,CN5,Công nghệ kỹ thuật xây dựng,D07,18.00,,THPTQG,2018,,daniele15,
QHF,CN6,Công nghệ kỹ thuật cơ điện tử,A00,22.00,,THPTQG,2018,,daniele15,
QHF,CN6,Công nghệ kỹ thuật cơ điện tử,A01,22.00,,THPTQG,2018,,daniele15,
QHF,CN6,Công nghệ kỹ thuật cơ điện tử,D07,22.00,,THPTQG,2018,,daniele15,
QHF,CN7,Công nghệ Hàng không vũ trụ,A00,19.00,,THPTQG,2018,,daniele15,
QHF,CN7,Công nghệ Hàng không vũ trụ,A01,19.00,,THPTQG,2018,,daniele15,
QHF,CN7,Công nghệ Hàng không vũ trụ,D07,19.00,,THPTQG,2018,,daniele15,
QHF,CN8,Kỹ thuật xây dựng,A00,22.00,,THPTQG,2018,,daniele15,
QHF,CN8,Kỹ thuật xây dựng,A01,22.00,,THPTQG,2018,,daniele15,
QHF,CN8,Kỹ thuật xây dựng,D07,22.00,,THPTQG,2018,,daniele15,
QHF,CN9,Công nghệ kỹ thuật điện tử - viễn thông,A00,20.00,,THPTQG,2018,,daniele15,
QHF,CN9,Công nghệ kỹ thuật điện tử - viễn thông,A01,20.00,,THPTQG,2018,,daniele15,
QHF,CN9,Công nghệ kỹ thuật điện tử - viễn thông,D07,20.00,,THPTQG,2018,,daniele15,
QHI,CN1,Công nghệ thông tin,A00,23.75,,THPTQG,2018,,daniele15,
QHI,CN1,Công nghệ thông tin,A01,23.75,,THPTQG,2018,,daniele15,
QHI,CN1,Công nghệ thông tin,D07,23.75,,THPTQG,2018,,daniele15,
QHI,CN2,Máy tính và Robot,A00,21.00,,THPTQG,2018,,daniele15,
QHI,CN2,Máy tính và Robot,A01,21.00,,THPTQG,2018,,daniele15,
QHI,CN2,Máy tính và Robot,D07,21.00,,THPTQG,2018,,daniele15,
QHI,CN3,Vật lý kỹ thuật,A00,18.75,,THPTQG,2018,,daniele15,
QHI,CN3,Vật lý kỹ thuật,A01,18.75,,THPTQG,2018,,daniele15,
QHI,CN3,Vật lý kỹ thuật,D07,18.75,,THPTQG,2018,,daniele15,
QHI,CN4,Cơ Kỹ thuật,A00,20.50,,THPTQG,2018,,daniele15,
QHI,CN4,Cơ Kỹ thuật,A01,20.50,,THPTQG,2018,,daniele15,
QHI,CN4,Cơ Kỹ thuật,D07,20.50,,THPTQG,2018,,daniele15,
QHI,CN5,Công nghệ kỹ thuật xây dựng,A00,18.00,,THPTQG,2018,,daniele15,
QHI,CN5,Công nghệ kỹ thuật xây dựng,A01,18.00,,THPTQG,2018,,daniele15,
QHI,CN5,Công nghệ kỹ thuật xây dựng,D07,18.00,,THPTQG,2018,,daniele15,
QHI,CN6,Công nghệ kỹ thuật cơ điện tử,A00,22.00,,THPTQG,2018,,daniele15,
QHI,CN6,Công nghệ kỹ thuật cơ điện tử,A01,22.00,,THPTQG,2018,,daniele15,
QHI,CN6,Công nghệ kỹ thuật cơ điện tử,D07,22.00,,THPTQG,2018,,daniele15,
QHI,CN7,Công nghệ Hàng không vũ trụ,A00,19.00,,THPTQG,2018,,daniele15,
QHI,CN7,Công nghệ Hàng không vũ trụ,A01,19.00,,THPTQG,2018,,daniele15,
QHI,CN7,Công nghệ Hàng không vũ trụ,D07,19.00,,THPTQG,2018,,daniele15,
QHI,CN8,Khoa học máy tính,A00,22.00,,THPTQG,2018,,daniele15,
QHI,CN8,Khoa học máy tính,A01,22.00,,THPTQG,2018,,daniele15,
QHI,CN8,Khoa học máy tính,D07,22.00,,THPTQG,2018,,daniele15,
QHI,CN9,Công nghệ kỹ thuật điện tử - viễn thông,A00,20.00,,THPTQG,2018,,daniele15,
QHI,CN9,Công nghệ kỹ thuật điện tử - viễn thông,A01,20.00,,THPTQG,2018,,daniele15,
QHI,CN9,Công nghệ kỹ thuật điện tử - viễn thông,D07,20.00,,THPTQG,2018,,daniele15,
QHL,7380101,Luật,D03,24.50,,THPTQG,2018,,daniele15,
QHL,7380101,Luật,D03,19.00,,THPTQG,2018,,daniele15,
QHL,7380101,Luật,D03,18.50,,THPTQG,2018,,daniele15,
QHL,7380101,Luật,D03,18.00,,THPTQG,2018,,daniele15,
QHL,7380101 CLC,Luật,A00,18.25,,THPTQG,2018,Chất Lượng cao,daniele15,
QHL,7380101 CLC,Luật,A01,18.25,,THPTQG,2018,Chất Lượng cao,daniele15,
QHL,7380101 CLC,Luật,D01,18.25,,THPTQG,2018,Chất Lượng cao,daniele15,
QHL,7380101 CLC,Luật,D78,18.25,,THPTQG,2018,Chất Lượng cao,daniele15,
QHL,7380110,Luật,A00,20.75,,THPTQG,2018,Luật kinh doanh,daniele15,
QHL,7380110,Luật,A01,20.75,,THPTQG,2018,Luật kinh doanh,daniele15,
QHL,7380110,Luật,D01,20.75,,THPTQG,2018,Luật kinh doanh,daniele15,
QHL,7380110,Luật,D03,20.75,,THPTQG,2018,Luật kinh doanh,daniele15,
QHL,7380110,Luật,D78,20.75,,THPTQG,2018,Luật kinh doanh,daniele15,
QHL,7380110,Luật,D82,20.75,,THPTQG,2018,Luật kinh doanh,daniele15,
QHQ,QHQ01,Kinh doanh quốc tế,A00,18.50,,THPTQG,2018,Thang điểm 30,daniele15,
QHQ,QHQ01,Kinh doanh quốc tế,A01,18.50,,THPTQG,2018,Thang điểm 30,daniele15,
QHQ,QHQ01,Kinh doanh quốc tế,D00,18.50,,THPTQG,2018,Thang điểm 30,daniele15,
QHQ,QHQ01,Kinh doanh quốc tế,D01,18.50,,THPTQG,2018,Thang điểm 30,daniele15,
QHQ,QHQ01,Kinh doanh quốc tế,D03,18.50,,THPTQG,2018,Thang điểm 30,daniele15,
QHQ,QHQ01,Kinh doanh quốc tế,D06,18.50,,THPTQG,2018,Thang điểm 30,daniele15,
QHQ,QHQ01,Kinh doanh quốc tế,D96,18.50,,THPTQG,2018,Thang điểm 30,daniele15,
QHQ,QHQ01,Kinh doanh quốc tế,D97,18.50,,THPTQG,2018,Thang điểm 30,daniele15,
QHQ,QHQ02,"Kế toán, Phân tích và Kiểm toán",A00,16.75,,THPTQG,2018,Thang điểm 30,daniele15,
QHQ,QHQ02,"Kế toán, Phân tích và Kiểm toán",A01,16.75,,THPTQG,2018,Thang điểm 30,daniele15,
QHQ,QHQ02,"Kế toán, Phân tích và Kiểm toán",D00,16.75,,THPTQG,2018,Thang điểm 30,daniele15,
QHQ,QHQ02,"Kế toán, Phân tích và Kiểm toán",D01,16.75,,THPTQG,2018,Thang điểm 30,daniele15,
QHQ,QHQ02,"Kế toán, Phân tích và Kiểm toán",D03,16.75,,THPTQG,2018,Thang điểm 30,daniele15,
QHQ,QHQ02,"Kế toán, Phân tích và Kiểm toán",D06,16.75,,THPTQG,2018,Thang điểm 30,daniele15,
QHQ,QHQ02,"Kế toán, Phân tích và Kiểm toán",D96,16.75,,THPTQG,2018,Thang điểm 30,daniele15,
QHQ,QHQ02,"Kế toán, Phân tích và Kiểm toán",D97,16.75,,THPTQG,2018,Thang điểm 30,daniele15,
QHQ,QHQ03,Hệ thống thông tin quản lý,A00,16.00,,THPTQG,2018,Thang điểm 30,daniele15,
QHQ,QHQ03,Hệ thống thông tin quản lý,A01,16.00,,THPTQG,2018,Thang điểm 30,daniele15,
QHQ,QHQ03,Hệ thống thông tin quản lý,D00,16.00,,THPTQG,2018,Thang điểm 30,daniele15,
QHQ,QHQ03,Hệ thống thông tin quản lý,D01,16.00,,THPTQG,2018,Thang điểm 30,daniele15,
QHQ,QHQ03,Hệ thống thông tin quản lý,D03,16.00,,THPTQG,2018,Thang điểm 30,daniele15,
QHQ,QHQ03,Hệ thống thông tin quản lý,D06,16.00,,THPTQG,2018,Thang điểm 30,daniele15,
QHQ,QHQ03,Hệ thống thông tin quản lý,D96,16.00,,THPTQG,2018,Thang điểm 30,daniele15,
QHQ,QHQ03,Hệ thống thông tin quản lý,D97,16.00,,THPTQG,2018,Thang điểm 30,daniele15,
QHQ,QHQ04,Tin học và kỹ thuật máy tính,A00,15.00,,THPTQG,2018,Thang điểm 30,daniele15,
QHQ,QHQ04,Tin học và kỹ thuật máy tính,A01,15.00,,THPTQG,2018,Thang điểm 30,daniele15,
QHQ,QHQ04,Tin học và kỹ thuật máy tính,D01,15.00,,THPTQG,2018,Thang điểm 30,daniele15,
QHQ,QHQ04,Tin học và kỹ thuật máy tính,D03,15.00,,THPTQG,2018,Thang điểm 30,daniele15,
QHQ,QHQ04,Tin học và kỹ thuật máy tính,D06,15.00,,THPTQG,2018,Thang điểm 30,daniele15,
QHQ,QHQ04,Tin học và kỹ thuật máy tính,D90,15.00,,THPTQG,2018,Thang điểm 30,daniele15,
QHQ,QHQ04,Tin học và kỹ thuật máy tính,D91,15.00,,THPTQG,2018,Thang điểm 30,daniele15,
QHQ,QHQ04,Tin học và kỹ thuật máy tính,D94,15.00,,THPTQG,2018,Thang điểm 30,daniele15,
QHS,GD1,Sư phạm Toán và Khoa học tự nhiên,A00,18.00,,THPTQG,2018,,daniele15,
QHS,GD1,Sư phạm Toán và Khoa học tự nhiên,A16,18.00,,THPTQG,2018,,daniele15,
QHS,GD1,Sư phạm Toán và Khoa học tự nhiên,B00,18.00,,THPTQG,2018,,daniele15,
QHS,GD1,Sư phạm Toán và Khoa học tự nhiên,D90,18.00,,THPTQG,2018,,daniele15,
QHS,GD2,Sư phạm Ngữ văn và Lịch sử,C00,20.25,,THPTQG,2018,,daniele15,
QHS,GD2,Sư phạm Ngữ văn và Lịch sử,D01,20.25,,THPTQG,2018,,daniele15,
QHS,GD2,Sư phạm Ngữ văn và Lịch sử,D78,20.25,,THPTQG,2018,,daniele15,
QHS,GD3,Sư phạm Toán và Khoa học tự nhiên,A00,16.00,,THPTQG,2018,,daniele15,
QHS,GD3,Sư phạm Toán và Khoa học tự nhiên,C00,16.00,,THPTQG,2018,,daniele15,
QHS,GD3,Sư phạm Toán và Khoa học tự nhiên,C15,16.00,,THPTQG,2018,,daniele15,
QHS,GD3,Sư phạm Toán và Khoa học tự nhiên,D01,16.00,,THPTQG,2018,,daniele15,
QHT,QHT01,Toán học,A00,18.10,,THPTQG,2018,,daniele15,
QHT,QHT01,Toán học,A01,18.10,,THPTQG,2018,,daniele15,
QHT,QHT01,Toán học,D07,18.10,,THPTQG,2018,,daniele15,
QHT,QHT01,Toán học,D08,18.10,,THPTQG,2018,,daniele15,
QHT,QHT02,Khối ngành Toán - Tin học,A00,19.25,,THPTQG,2018,,daniele15,
QHT,QHT02,Khối ngành Toán - Tin học,A01,19.25,,THPTQG,2018,,daniele15,
QHT,QHT02,Khối ngành Toán - Tin học,D07,19.25,,THPTQG,2018,,daniele15,
QHT,QHT02,Khối ngành Toán - Tin học,D08,19.25,,THPTQG,2018,,daniele15,
QHT,QHT03,Vật lý học,A00,17.25,,THPTQG,2018,,daniele15,
QHT,QHT03,Vật lý học,A01,17.25,,THPTQG,2018,,daniele15,
QHT,QHT03,Vật lý học,B00,17.25,,THPTQG,2018,,daniele15,
QHT,QHT03,Vật lý học,C01,17.25,,THPTQG,2018,,daniele15,
QHT,QHT04,Khoa học vật liệu,A00,16.00,,THPTQG,2018,,daniele15,
QHT,QHT04,Khoa học vật liệu,A01,16.00,,THPTQG,2018,,daniele15,
QHT,QHT04,Khoa học vật liệu,B00,16.00,,THPTQG,2018,,daniele15,
QHT,QHT04,Khoa học vật liệu,C01,16.00,,THPTQG,2018,,daniele15,
QHT,QHT05,Công nghệ kỹ thuật hạt nhân,A00,16.05,,THPTQG,2018,,daniele15,
QHT,QHT05,Công nghệ kỹ thuật hạt nhân,A01,16.05,,THPTQG,2018,,daniele15,
QHT,QHT05,Công nghệ kỹ thuật hạt nhân,B00,16.05,,THPTQG,2018,,daniele15,
QHT,QHT05,Công nghệ kỹ thuật hạt nhân,C01,16.05,,THPTQG,2018,,daniele15,
QHT,QHT06,Hoá học,A00,19.70,,THPTQG,2018,,daniele15,
QHT,QHT06,Hoá học,B00,19.70,,THPTQG,2018,,daniele15,
QHT,QHT06,Hoá học,D07,19.70,,THPTQG,2018,,daniele15,
QHT,QHT07,Công nghệ kỹ thuật hoá học,A00,20.20,,THPTQG,2018,,daniele15,
QHT,QHT07,Công nghệ kỹ thuật hoá học,B00,20.20,,THPTQG,2018,,daniele15,
QHT,QHT07,Công nghệ kỹ thuật hoá học,D07,20.20,,THPTQG,2018,,daniele15,
QHT,QHT08,Sinh học,A00,18.70,,THPTQG,2018,,daniele15,
QHT,QHT08,Sinh học,A02,18.70,,THPTQG,2018,,daniele15,
QHT,QHT08,Sinh học,B00,18.70,,THPTQG,2018,,daniele15,
QHT,QHT08,Sinh học,D08,18.70,,THPTQG,2018,,daniele15,
QHT,QHT09,Công nghệ sinh học,A00,20.55,,THPTQG,2018,,daniele15,
QHT,QHT09,Công nghệ sinh học,A02,20.55,,THPTQG,2018,,daniele15,
QHT,QHT09,Công nghệ sinh học,B00,20.55,,THPTQG,2018,,daniele15,
QHT,QHT09,Công nghệ sinh học,D08,20.55,,THPTQG,2018,,daniele15,
QHT,QHT10,Địa lý tự nhiên,A00,15.00,,THPTQG,2018,,daniele15,
QHT,QHT10,Địa lý tự nhiên,A01,15.00,,THPTQG,2018,,daniele15,
QHT,QHT10,Địa lý tự nhiên,B00,15.00,,THPTQG,2018,,daniele15,
QHT,QHT10,Địa lý tự nhiên,D10,15.00,,THPTQG,2018,,daniele15,
QHT,QHT12,Quản lý đất đai,A00,16.35,,THPTQG,2018,,daniele15,
QHT,QHT12,Quản lý đất đai,A01,16.35,,THPTQG,2018,,daniele15,
QHT,QHT12,Quản lý đất đai,B00,16.35,,THPTQG,2018,,daniele15,
QHT,QHT12,Quản lý đất đai,D10,16.35,,THPTQG,2018,,daniele15,
QHT,QHT13,Khoa học môi trường,A00,16.00,,THPTQG,2018,,daniele15,
QHT,QHT13,Khoa học môi trường,A01,16.00,,THPTQG,2018,,daniele15,
QHT,QHT13,Khoa học môi trường,B00,16.00,,THPTQG,2018,,daniele15,
QHT,QHT13,Khoa học môi trường,D07,16.00,,THPTQG,2018,,daniele15,
QHT,QHT15,Công nghệ kỹ thuật môi trường,A00,16.45,,THPTQG,2018,,daniele15,
QHT,QHT15,Công nghệ kỹ thuật môi trường,A01,16.45,,THPTQG,2018,,daniele15,
QHT,QHT15,Công nghệ kỹ thuật môi trường,B00,16.45,,THPTQG,2018,,daniele15,
QHT,QHT15,Công nghệ kỹ thuật môi trường,D07,16.45,,THPTQG,2018,,daniele15,
QHT,QHT16,Khí tượng và khí hậu học,A00,15.05,,THPTQG,2018,,daniele15,
QHT,QHT16,Khí tượng và khí hậu học,A01,15.05,,THPTQG,2018,,daniele15,
QHT,QHT16,Khí tượng và khí hậu học,B00,15.05,,THPTQG,2018,,daniele15,
QHT,QHT16,Khí tượng và khí hậu học,D07,15.05,,THPTQG,2018,,daniele15,
QHT,QHT17,Hải dương học,A00,15.05,,THPTQG,2018,,daniele15,
QHT,QHT17,Hải dương học,A01,15.05,,THPTQG,2018,,daniele15,
QHT,QHT17,Hải dương học,B00,15.05,,THPTQG,2018,,daniele15,
QHT,QHT17,Hải dương học,D07,15.05,,THPTQG,2018,,daniele15,
QHT,QHT18,Địa chất học,A00,15.20,,THPTQG,2018,,daniele15,
QHT,QHT18,Địa chất học,A01,15.20,,THPTQG,2018,,daniele15,
QHT,QHT18,Địa chất học,B00,15.20,,THPTQG,2018,,daniele15,
QHT,QHT18,Địa chất học,D07,15.20,,THPTQG,2018,,daniele15,
QHT,QHT19,Kỹ thuật địa chất,A00,15.20,,THPTQG,2018,,daniele15,
QHT,QHT19,Kỹ thuật địa chất,A01,15.20,,THPTQG,2018,,daniele15,
QHT,QHT19,Kỹ thuật địa chất,B00,15.20,,THPTQG,2018,,daniele15,
QHT,QHT19,Kỹ thuật địa chất,D07,15.20,,THPTQG,2018,,daniele15,
QHT,QHT20,Quản lý tài nguyên và môi trường,A00,15.20,,THPTQG,2018,,daniele15,
QHT,QHT20,Quản lý tài nguyên và môi trường,A01,15.20,,THPTQG,2018,,daniele15,
QHT,QHT20,Quản lý tài nguyên và môi trường,B00,15.20,,THPTQG,2018,,daniele15,
QHT,QHT20,Quản lý tài nguyên và môi trường,D07,15.20,,THPTQG,2018,,daniele15,
QHT,QHT40,Máy tính và khoa học thông tin,A00,18.45,,THPTQG,2018,,daniele15,
QHT,QHT40,Máy tính và khoa học thông tin,A01,18.45,,THPTQG,2018,,daniele15,
QHT,QHT40,Máy tính và khoa học thông tin,D07,18.45,,THPTQG,2018,,daniele15,
QHT,QHT40,Máy tính và khoa học thông tin,D08,18.45,,THPTQG,2018,,daniele15,
QHT,QHT41,Hoá học,A00,17.00,,THPTQG,2018,,daniele15,
QHT,QHT41,Hoá học,B00,17.00,,THPTQG,2018,,daniele15,
QHT,QHT41,Hoá học,D07,17.00,,THPTQG,2018,,daniele15,
QHT,QHT42,Công nghệ kỹ thuật hoá học,A00,17.05,,THPTQG,2018,,daniele15,
QHT,QHT42,Công nghệ kỹ thuật hoá học,B00,17.05,,THPTQG,2018,,daniele15,
QHT,QHT42,Công nghệ kỹ thuật hoá học,D07,17.05,,THPTQG,2018,,daniele15,
QHT,QHT43,Hoá dược,A00,20.35,,THPTQG,2018,,daniele15,
QHT,QHT43,Hoá dược,B00,20.35,,THPTQG,2018,,daniele15,
QHT,QHT43,Hoá dược,D07,20.35,,THPTQG,2018,,daniele15,
QHT,QHT44,Công nghệ sinh học,A00,19.10,,THPTQG,2018,,daniele15,
QHT,QHT44,Công nghệ sinh học,A02,19.10,,THPTQG,2018,,daniele15,
QHT,QHT44,Công nghệ sinh học,B00,19.10,,THPTQG,2018,,daniele15,
QHT,QHT44,Công nghệ sinh học,D08,19.10,,THPTQG,2018,,daniele15,
QHT,QHT45,Khoa học môi trường,A00,15.05,,THPTQG,2018,,daniele15,
QHT,QHT45,Khoa học môi trường,A01,15.05,,THPTQG,2018,,daniele15,
QHT,QHT45,Khoa học môi trường,B00,15.05,,THPTQG,2018,,daniele15,
QHT,QHT45,Khoa học môi trường,D07,15.05,,THPTQG,2018,,daniele15,
QHT,QHT90,Máy tính và khoa học thông tin,A00,20.15,,THPTQG,2018,,daniele15,
QHT,QHT90,Máy tính và khoa học thông tin,A01,20.15,,THPTQG,2018,,daniele15,
QHT,QHT90,Máy tính và khoa học thông tin,D07,20.15,,THPTQG,2018,,daniele15,
QHT,QHT90,Máy tính và khoa học thông tin,D08,20.15,,THPTQG,2018,,daniele15,
QHT,QHT91,Khoa học thông tin địa không gian,A00,15.20,,THPTQG,2018,,daniele15,
QHT,QHT91,Khoa học thông tin địa không gian,A01,15.20,,THPTQG,2018,,daniele15,
QHT,QHT91,Khoa học thông tin địa không gian,B00,15.20,,THPTQG,2018,,daniele15,
QHT,QHT91,Khoa học thông tin địa không gian,D10,15.20,,THPTQG,2018,,daniele15,
QHX,QHX01,Báo chí,D06,25.00,,THPTQG,2018,,daniele15,
QHX,QHX01,Báo chí,D06,19.75,,THPTQG,2018,,daniele15,
QHX,QHX01,Báo chí,D06,19.50,,THPTQG,2018,,daniele15,
QHX,QHX01,Báo chí,D06,19.00,,THPTQG,2018,,daniele15,
QHX,QHX01,Báo chí,D06,18.50,,THPTQG,2018,,daniele15,
QHX,QHX01,Báo chí,D06,18.00,,THPTQG,2018,,daniele15,
QHX,QHX01,Báo chí,D06,17.75,,THPTQG,2018,,daniele15,
QHX,QHX01,Báo chí,D06,17.50,,THPTQG,2018,,daniele15,
QHX,QHX01,Báo chí,D06,17.00,,THPTQG,2018,,daniele15,
QHX,QHX02,Chính trị học,D01,22.00,,THPTQG,2018,,daniele15,
QHX,QHX02,Chính trị học,D01,18.00,,THPTQG,2018,,daniele15,
QHX,QHX02,Chính trị học,D01,16.50,,THPTQG,2018,,daniele15,
QHX,QHX02,Chính trị học,D01,16.25,,THPTQG,2018,,daniele15,
QHX,QHX06,Hán Nôm,D78,22.00,,THPTQG,2018,,daniele15,
QHX,QHX06,Hán Nôm,D78,18.00,,THPTQG,2018,,daniele15,
QHX,QHX06,Hán Nôm,D78,17.00,,THPTQG,2018,,daniele15,
QHX,QHX08,Lịch sử,D01,21.00,,THPTQG,2018,,daniele15,
QHX,QHX08,Lịch sử,D01,18.00,,THPTQG,2018,,daniele15,
QHX,QHX08,Lịch sử,D01,16.50,,THPTQG,2018,,daniele15,
QHX,QHX09,Lưu trữ học,D01,21.00,,THPTQG,2018,,daniele15,
QHX,QHX09,Lưu trữ học,D01,18.00,,THPTQG,2018,,daniele15,
QHX,QHX09,Lưu trữ học,D01,17.00,,THPTQG,2018,,daniele15,
QHX,QHX09,Lưu trữ học,D01,16.50,,THPTQG,2018,,daniele15,
QHX,QHX11,Nhân học,A00,20.75,,THPTQG,2018,,daniele15,
QHX,QHX11,Nhân học,A00,19.00,,THPTQG,2018,,daniele15,
QHX,QHX11,Nhân học,A00,18.00,,THPTQG,2018,,daniele15,
QHX,QHX11,Nhân học,A00,16.50,,THPTQG,2018,,daniele15,
QHX,QHX11,Nhân học,A00,16.00,,THPTQG,2018,,daniele15,
QHX,QHX19,Tâm lý học,D05,24.25,,THPTQG,2018,,daniele15,
QHX,QHX19,Tâm lý học,D05,21.50,,THPTQG,2018,,daniele15,
QHX,QHX19,Tâm lý học,D05,21.00,,THPTQG,2018,,daniele15,
QHX,QHX19,Tâm lý học,D05,20.25,,THPTQG,2018,,daniele15,
QHX,QHX19,Tâm lý học,D05,19.50,,THPTQG,2018,,daniele15,
QHX,QHX19,Tâm lý học,D05,19.00,,THPTQG,2018,,daniele15,
QHX,QHX19,Tâm lý học,D05,18.75,,THPTQG,2018,,daniele15,
QHX,QHX19,Tâm lý học,D05,18.00,,THPTQG,2018,,daniele15,
QHX,QHX21,Tôn giáo học,A00,18.00,,THPTQG,2018,,daniele15,
QHX,QHX21,Tôn giáo học,A00,17.75,,THPTQG,2018,,daniele15,
QHX,QHX21,Tôn giáo học,A00,17.50,,THPTQG,2018,,daniele15,
QHX,QHX21,Tôn giáo học,A00,16.50,,THPTQG,2018,,daniele15,
QHX,QHX22,Triết học,A00,18.50,,THPTQG,2018,,daniele15,
QHX,QHX22,Triết học,A00,18.00,,THPTQG,2018,,daniele15,
QHX,QHX22,Triết học,A00,17.00,,THPTQG,2018,,daniele15,
QHX,QHX22,Triết học,A00,16.50,,THPTQG,2018,,daniele15,
QHX,QHX22,Triết học,A00,16.00,,THPTQG,2018,,daniele15,
QHX,QHX23,Văn học,D78,21.50,,THPTQG,2018,,daniele15,
QHX,QHX23,Văn học,D78,19.00,,THPTQG,2018,,daniele15,
QHX,QHX23,Văn học,D78,18.00,,THPTQG,2018,,daniele15,
QHX,QHX23,Văn học,D78,17.50,,THPTQG,2018,,daniele15,
QHX,QHX23,Văn học,D78,17.25,,THPTQG,2018,,daniele15,
QHX,QHX24,Việt Nam học,D01,23.50,,THPTQG,2018,,daniele15,
QHX,QHX24,Việt Nam học,D01,18.00,,THPTQG,2018,,daniele15,
QHX,QHX24,Việt Nam học,D01,17.00,,THPTQG,2018,,daniele15,
QHX,QHX24,Việt Nam học,D01,16.50,,THPTQG,2018,,daniele15,
QHX,QHX25,Xã hội học,A00,21.75,,THPTQG,2018,,daniele15,
QHX,QHX25,Xã hội học,A00,18.00,,THPTQG,2018,,daniele15,
QHX,QHX25,Xã hội học,A00,17.75,,THPTQG,2018,,daniele15,
QHX,QHX25,Xã hội học,A00,17.25,,THPTQG,2018,,daniele15,
QHX,QHX25,Xã hội học,A00,16.00,,THPTQG,2018,,daniele15,
QHY,7720101,Y khoa,B00,22.75,,THPTQG,2018,,daniele15,
QHY,7720201,Dược học,A00,22.50,,THPTQG,2018,,daniele15,
QHY,7720501,Răng - Hàm - Mặt,B00,21.50,,THPTQG,2018,,daniele15,
QSA,51140201,Giáo dục Mầm non,,18.00,,THPTQG,2018,Hệ cao đẳng,daniele15,
QSA,51140202,Sư phạm giáo dục Tiểu học,A00,17.00,,THPTQG,2018,hệ cao đẳng,daniele15,
QSA,51140202,Sư phạm giáo dục Tiểu học,A01,17.00,,THPTQG,2018,hệ cao đẳng,daniele15,
QSA,51140202,Sư phạm giáo dục Tiểu học,C00,17.00,,THPTQG,2018,hệ cao đẳng,daniele15,
QSA,51140202,Sư phạm giáo dục Tiểu học,D01,17.00,,THPTQG,2018,hệ cao đẳng,daniele15,
QSA,51140206,Giáo dục Thể chất,T00,15.00,,THPTQG,2018,Hệ cao đẳng,daniele15,
QSA,51140221,Sư phạm Âm nhạc,N00,15.00,,THPTQG,2018,Hệ cao đẳng,daniele15,
QSA,51140222,Sư phạm Mỹ thuật,H00,15.00,,THPTQG,2018,Hệ cao đẳng,daniele15,
QSA,51140231,Sư phạm Tiếng Anh,A01,15.00,,THPTQG,2018,hệ cao đẳng,daniele15,
QSA,51140231,Sư phạm Tiếng Anh,D01,15.00,,THPTQG,2018,hệ cao đẳng,daniele15,
QSA,6340114,Kế toán,A00,10.00,,THPTQG,2018,,daniele15,
QSA,6340114,Kế toán,A01,10.00,,THPTQG,2018,,daniele15,
QSA,6340114,Kế toán,D01,10.00,,THPTQG,2018,,daniele15,
QSA,6340301,Quản trị kinh doanh,A00,10.00,,THPTQG,2018,,daniele15,
QSA,6340301,Quản trị kinh doanh,A01,10.00,,THPTQG,2018,,daniele15,
QSA,6340301,Quản trị kinh doanh,D01,10.00,,THPTQG,2018,,daniele15,
QSA,6480201,Công nghệ thông tin,A00,10.00,,THPTQG,2018,,daniele15,
QSA,6480201,Công nghệ thông tin,A01,10.00,,THPTQG,2018,,daniele15,
QSA,6480201,Công nghệ thông tin,D01,10.00,,THPTQG,2018,,daniele15,
QSA,6480217,Thiết kế trang web,A00,10.00,,THPTQG,2018,,daniele15,
QSA,6480217,Thiết kế trang web,A01,10.00,,THPTQG,2018,,daniele15,
QSA,6480217,Thiết kế trang web,D01,10.00,,THPTQG,2018,,daniele15,
QSA,6540103,Công nghệ thực phẩm,A00,10.00,,THPTQG,2018,,daniele15,
QSA,6540103,Công nghệ thực phẩm,A01,10.00,,THPTQG,2018,,daniele15,
QSA,6540103,Công nghệ thực phẩm,B00,10.00,,THPTQG,2018,,daniele15,
QSA,6620108,Bảo vệ thực vật,A00,10.00,,THPTQG,2018,,daniele15,
QSA,6620108,Bảo vệ thực vật,A01,10.00,,THPTQG,2018,,daniele15,
QSA,6620108,Bảo vệ thực vật,B00,10.00,,THPTQG,2018,,daniele15,
QSA,6620128,Phát triển nông thôn,A00,10.00,,THPTQG,2018,,daniele15,
QSA,6620128,Phát triển nông thôn,A01,10.00,,THPTQG,2018,,daniele15,
QSA,6620128,Phát triển nông thôn,B00,10.00,,THPTQG,2018,,daniele15,
QSA,6640201,Dịch vụ thú y,A00,10.00,,THPTQG,2018,,daniele15,
QSA,6640201,Dịch vụ thú y,A01,10.00,,THPTQG,2018,,daniele15,
QSA,6640201,Dịch vụ thú y,B00,10.00,,THPTQG,2018,,daniele15,
QSA,6810103,Hướng dẫn du lịch,A01,10.00,,THPTQG,2018,,daniele15,
QSA,6810103,Hướng dẫn du lịch,C00,10.00,,THPTQG,2018,,daniele15,
QSA,6810103,Hướng dẫn du lịch,D01,10.00,,THPTQG,2018,,daniele15,
QSA,6810104,Quản trị lữ hành,A01,10.00,,THPTQG,2018,,daniele15,
QSA,6810104,Quản trị lữ hành,C00,10.00,,THPTQG,2018,,daniele15,
QSA,6810104,Quản trị lữ hành,D01,10.00,,THPTQG,2018,,daniele15,
QSA,6810201,Quản trị khách sạn,A01,10.00,,THPTQG,2018,,daniele15,
QSA,6810201,Quản trị khách sạn,C00,10.00,,THPTQG,2018,,daniele15,
QSA,6810201,Quản trị khách sạn,D01,10.00,,THPTQG,2018,,daniele15,
QSA,6810206,Quản trị nhà hàng,A01,10.00,,THPTQG,2018,,daniele15,
QSA,6810206,Quản trị nhà hàng,C00,10.00,,THPTQG,2018,,daniele15,
QSA,6810206,Quản trị nhà hàng,D01,10.00,,THPTQG,2018,,daniele15,
QSA,7140201,Giáo dục Mầm non,,19.25,,THPTQG,2018,,daniele15,
QSA,7140202,Giáo dục Tiểu học,A00,20.25,,THPTQG,2018,,daniele15,
QSA,7140202,Giáo dục Tiểu học,A01,20.25,,THPTQG,2018,,daniele15,
QSA,7140202,Giáo dục Tiểu học,C00,20.25,,THPTQG,2018,,daniele15,
QSA,7140202,Giáo dục Tiểu học,D01,20.25,,THPTQG,2018,,daniele15,
QSA,7140205,Giáo dục Chính trị,C00,17.00,,THPTQG,2018,,daniele15,
QSA,7140205,Giáo dục Chính trị,C19,17.00,,THPTQG,2018,,daniele15,
QSA,7140205,Giáo dục Chính trị,D01,17.00,,THPTQG,2018,,daniele15,
QSA,7140205,Giáo dục Chính trị,D66,17.00,,THPTQG,2018,,daniele15,
QSA,7140209,Sư phạm Toán học,A00,17.00,,THPTQG,2018,,daniele15,
QSA,7140209,Sư phạm Toán học,A01,17.00,,THPTQG,2018,,daniele15,
QSA,7140211,Sư phạm Vật lý,A00,17.00,,THPTQG,2018,,daniele15,
QSA,7140211,Sư phạm Vật lý,A01,17.00,,THPTQG,2018,,daniele15,
QSA,7140212,Sư phạm Hóa học,A00,17.00,,THPTQG,2018,,daniele15,
QSA,7140212,Sư phạm Hóa học,B00,17.00,,THPTQG,2018,,daniele15,
QSA,7140213,Sư phạm Sinh học,B00,17.00,,THPTQG,2018,,daniele15,
QSA,7140217,Sư phạm Ngữ văn,C00,17.00,,THPTQG,2018,,daniele15,
QSA,7140217,Sư phạm Ngữ văn,D01,17.00,,THPTQG,2018,,daniele15,
QSA,7140217,Sư phạm Ngữ văn,D14,17.00,,THPTQG,2018,,daniele15,
QSA,7140217,Sư phạm Ngữ văn,D15,17.00,,THPTQG,2018,,daniele15,
QSA,7140218,Sư phạm Lịch sử,C00,17.50,,THPTQG,2018,,daniele15,
QSA,7140218,Sư phạm Lịch sử,C19,17.50,,THPTQG,2018,,daniele15,
QSA,7140218,Sư phạm Lịch sử,C20,17.50,,THPTQG,2018,,daniele15,
QSA,7140218,Sư phạm Lịch sử,D14,17.50,,THPTQG,2018,,daniele15,
QSA,7140219,Sư phạm Địa lý,A00,17.50,,THPTQG,2018,,daniele15,
QSA,7140219,Sư phạm Địa lý,C00,17.50,,THPTQG,2018,,daniele15,
QSA,7140219,Sư phạm Địa lý,C04,17.50,,THPTQG,2018,,daniele15,
QSA,7140231,Sư phạm Tiếng Anh,A01,18.00,,THPTQG,2018,,daniele15,
QSA,7140231,Sư phạm Tiếng Anh,D01,18.00,,THPTQG,2018,,daniele15,
QSA,7220201,Ngôn ngữ Anh,A01,16.75,,THPTQG,2018,chuyên ngành: Ngôn ngữ Anh và Tiếng Anh du lịch,daniele15,
QSA,7220201,Ngôn ngữ Anh,D01,16.75,,THPTQG,2018,chuyên ngành: Ngôn ngữ Anh và Tiếng Anh du lịch,daniele15,
QSA,7229001,Triết học,A01,14.50,,THPTQG,2018,,daniele15,
QSA,7229001,Triết học,C00,14.50,,THPTQG,2018,,daniele15,
QSA,7229001,Triết học,C01,14.50,,THPTQG,2018,,daniele15,
QSA,7229001,Triết học,D01,14.50,,THPTQG,2018,,daniele15,
QSA,7229030,Văn học,C00,16.50,,THPTQG,2018,,daniele15,
QSA,7229030,Văn học,D01,16.50,,THPTQG,2018,,daniele15,
QSA,7229030,Văn học,D14,16.50,,THPTQG,2018,,daniele15,
QSA,7229030,Văn học,D15,16.50,,THPTQG,2018,,daniele15,
QSA,7310106,Kinh tế,A00,15.50,,THPTQG,2018,Kinh tế quốc tế,daniele15,
QSA,7310106,Kinh tế,A01,15.50,,THPTQG,2018,Kinh tế quốc tế,daniele15,
QSA,7310106,Kinh tế,D01,15.50,,THPTQG,2018,Kinh tế quốc tế,daniele15,
QSA,7310630,Việt Nam học,A01,19.00,,THPTQG,2018,chuyên ngành Hướng dẫn viên du lịch và Quản lý Nhà hàng - Khách sạn,daniele15,
QSA,7310630,Việt Nam học,C00,19.00,,THPTQG,2018,chuyên ngành Hướng dẫn viên du lịch và Quản lý Nhà hàng - Khách sạn,daniele15,
QSA,7310630,Việt Nam học,D01,19.00,,THPTQG,2018,chuyên ngành Hướng dẫn viên du lịch và Quản lý Nhà hàng - Khách sạn,daniele15,
QSA,7340101,Quản trị kinh doanh,A00,16.75,,THPTQG,2018,,daniele15,
QSA,7340101,Quản trị kinh doanh,A01,16.75,,THPTQG,2018,,daniele15,
QSA,7340101,Quản trị kinh doanh,D01,16.75,,THPTQG,2018,,daniele15,
QSA,7340115,Marketing,A00,14.75,,THPTQG,2018,,daniele15,
QSA,7340115,Marketing,A01,14.75,,THPTQG,2018,,daniele15,
QSA,7340115,Marketing,D01,14.75,,THPTQG,2018,,daniele15,
QSA,7340201,Tài chính - Ngân hàng,A00,14.75,,THPTQG,2018,,daniele15,
QSA,7340201,Tài chính - Ngân hàng,A01,14.75,,THPTQG,2018,,daniele15,
QSA,7340201,Tài chính - Ngân hàng,D01,14.75,,THPTQG,2018,,daniele15,
QSA,7340301,Kế toán,A00,16.50,,THPTQG,2018,,daniele15,
QSA,7340301,Kế toán,A01,16.50,,THPTQG,2018,,daniele15,
QSA,7340301,Kế toán,D01,16.50,,THPTQG,2018,,daniele15,
QSA,7380101,Luật,A01,18.00,,THPTQG,2018,,daniele15,
QSA,7380101,Luật,C00,18.00,,THPTQG,2018,,daniele15,
QSA,7380101,Luật,C01,18.00,,THPTQG,2018,,daniele15,
QSA,7380101,Luật,D01,18.00,,THPTQG,2018,,daniele15,
QSA,7420201,Công nghệ sinh học,A00,14.00,,THPTQG,2018,,daniele15,
QSA,7420201,Công nghệ sinh học,A01,14.00,,THPTQG,2018,,daniele15,
QSA,7420201,Công nghệ sinh học,B00,14.00,,THPTQG,2018,,daniele15,
QSA,7420203,Sinh học ứng dụng,A00,14.00,,THPTQG,2018,,daniele15,
QSA,7420203,Sinh học ứng dụng,A01,14.00,,THPTQG,2018,,daniele15,
QSA,7420203,Sinh học ứng dụng,B00,14.00,,THPTQG,2018,,daniele15,
QSA,7440112,Hoá học,A00,14.00,,THPTQG,2018,,daniele15,
QSA,7440112,Hoá học,B00,14.00,,THPTQG,2018,,daniele15,
QSA,7460112,Toán ứng dụng,A00,14.00,,THPTQG,2018,,daniele15,
QSA,7460112,Toán ứng dụng,A01,14.00,,THPTQG,2018,,daniele15,
QSA,7480103,Kỹ thuật phần mềm,A00,15.00,,THPTQG,2018,,daniele15,
QSA,7480103,Kỹ thuật phần mềm,A01,15.00,,THPTQG,2018,,daniele15,
QSA,7480103,Kỹ thuật phần mềm,D01,15.00,,THPTQG,2018,,daniele15,
QSA,7480201,Công nghệ thông tin,A00,16.00,,THPTQG,2018,,daniele15,
QSA,7480201,Công nghệ thông tin,A01,16.00,,THPTQG,2018,,daniele15,
QSA,7480201,Công nghệ thông tin,D01,16.00,,THPTQG,2018,,daniele15,
QSA,7510401,Công nghệ kỹ thuật hoá học,A00,14.00,,THPTQG,2018,,daniele15,
QSA,7510401,Công nghệ kỹ thuật hoá học,A01,14.00,,THPTQG,2018,,daniele15,
QSA,7510401,Công nghệ kỹ thuật hoá học,B00,14.00,,THPTQG,2018,,daniele15,
QSA,7510406,Công nghệ kỹ thuật môi trường,A00,14.00,,THPTQG,2018,,daniele15,
QSA,7510406,Công nghệ kỹ thuật môi trường,A01,14.00,,THPTQG,2018,,daniele15,
QSA,7510406,Công nghệ kỹ thuật môi trường,B00,14.00,,THPTQG,2018,,daniele15,
QSA,7540101,Công nghệ thực phẩm,A00,15.50,,THPTQG,2018,,daniele15,
QSA,7540101,Công nghệ thực phẩm,A01,15.50,,THPTQG,2018,,daniele15,
QSA,7540101,Công nghệ thực phẩm,B00,15.50,,THPTQG,2018,,daniele15,
QSA,7620105,Chăn nuôi,A00,14.00,,THPTQG,2018,,daniele15,
QSA,7620105,Chăn nuôi,A01,14.00,,THPTQG,2018,,daniele15,
QSA,7620105,Chăn nuôi,B00,14.00,,THPTQG,2018,,daniele15,
QSA,7620110,Khoa học cây trồng,A00,14.00,,THPTQG,2018,,daniele15,
QSA,7620110,Khoa học cây trồng,A01,14.00,,THPTQG,2018,,daniele15,
QSA,7620110,Khoa học cây trồng,B00,14.00,,THPTQG,2018,,daniele15,
QSA,7620112,Bảo vệ thực vật,A00,15.00,,THPTQG,2018,,daniele15,
QSA,7620112,Bảo vệ thực vật,A01,15.00,,THPTQG,2018,,daniele15,
QSA,7620112,Bảo vệ thực vật,B00,15.00,,THPTQG,2018,,daniele15,
QSA,7620116,Phát triển nông thôn,A00,14.00,,THPTQG,2018,,daniele15,
QSA,7620116,Phát triển nông thôn,A01,14.00,,THPTQG,2018,,daniele15,
QSA,7620116,Phát triển nông thôn,B00,14.00,,THPTQG,2018,,daniele15,
QSA,7620301,Nuôi trồng thuỷ sản,A00,14.00,,THPTQG,2018,,daniele15,
QSA,7620301,Nuôi trồng thuỷ sản,A01,14.00,,THPTQG,2018,,daniele15,
QSA,7620301,Nuôi trồng thuỷ sản,B00,14.00,,THPTQG,2018,,daniele15,
QSA,7850101,Quản lý tài nguyên và môi trường,A00,14.00,,THPTQG,2018,,daniele15,
QSA,7850101,Quản lý tài nguyên và môi trường,A01,14.00,,THPTQG,2018,,daniele15,
QSA,7850101,Quản lý tài nguyên và môi trường,B00,14.00,,THPTQG,2018,,daniele15,
QSB,106,Khoa học máy tính,A00,23.25,,THPTQG,2018,,daniele15,
QSB,106,Khoa học máy tính,A01,23.25,,THPTQG,2018,,daniele15,
QSB,108,Kỹ thuật Điện;Kỹ thuật Điện tử - Viễn thông;Kỹ thuật Điều khiển và tự động hóa;(Nhóm ngành),A00,21.50,,THPTQG,2018,,daniele15,
QSB,108,Kỹ thuật Điện;Kỹ thuật Điện tử - Viễn thông;Kỹ thuật Điều khiển và tự động hóa;(Nhóm ngành),A01,21.50,,THPTQG,2018,,daniele15,
QSB,109,Kỹ thuật Cơ khí;Kỹ thuật Cơ điện tử;(Nhóm ngành),A00,21.25,,THPTQG,2018,,daniele15,
QSB,109,Kỹ thuật Cơ khí;Kỹ thuật Cơ điện tử;(Nhóm ngành),A01,21.25,,THPTQG,2018,,daniele15,
QSB,112,Kỹ thuật Dệt;Công nghệ Dệt May;(Nhóm ngành),A00,18.75,,THPTQG,2018,,daniele15,
QSB,112,Kỹ thuật Dệt;Công nghệ Dệt May;(Nhóm ngành),A01,18.75,,THPTQG,2018,,daniele15,
QSB,114,Kỹ thuật Hóa học;Công nghệ Thực phẩm;Công nghệ Sinh học;(Nhóm ngành),A00,22.00,,THPTQG,2018,,daniele15,
QSB,114,Kỹ thuật Hóa học;Công nghệ Thực phẩm;Công nghệ Sinh học;(Nhóm ngành),B00,22.00,,THPTQG,2018,,daniele15,
QSB,114,Kỹ thuật Hóa học;Công nghệ Thực phẩm;Công nghệ Sinh học;(Nhóm ngành),D07,22.00,,THPTQG,2018,,daniele15,
QSB,115,Kỹ thuật xây dựng,A00,18.25,,THPTQG,2018,Đào tạo tại Phân hiệu ĐHQG-HCM tại Bến Tre. thí sinh phải thỏa điều kiện quy định của Phân hiệu,daniele15,
QSB,115,Kỹ thuật xây dựng,A01,18.25,,THPTQG,2018,Đào tạo tại Phân hiệu ĐHQG-HCM tại Bến Tre. thí sinh phải thỏa điều kiện quy định của Phân hiệu,daniele15,
QSB,117,Kiến trúc,V00,18.00,,THPTQG,2018,,daniele15,
QSB,117,Kiến trúc,V01,18.00,,THPTQG,2018,,daniele15,
QSB,120,Kỹ thuật Địa chất;Kỹ thuật Dầu khí;(Nhóm ngành),A00,19.25,,THPTQG,2018,,daniele15,
QSB,120,Kỹ thuật Địa chất;Kỹ thuật Dầu khí;(Nhóm ngành),A01,19.25,,THPTQG,2018,,daniele15,
QSB,123,Quản lý công nghiệp,A00,22.00,,THPTQG,2018,,daniele15,
QSB,123,Quản lý công nghiệp,A01,22.00,,THPTQG,2018,,daniele15,
QSB,123,Quản lý công nghiệp,D01,22.00,,THPTQG,2018,,daniele15,
QSB,123,Quản lý công nghiệp,D07,22.00,,THPTQG,2018,,daniele15,
QSB,125,Kỹ thuật Môi trường;Quản lý Tài nguyên và Môi trường;(Nhóm ngành),A00,18.75,,THPTQG,2018,,daniele15,
QSB,125,Kỹ thuật Môi trường;Quản lý Tài nguyên và Môi trường;(Nhóm ngành),A01,18.75,,THPTQG,2018,,daniele15,
QSB,125,Kỹ thuật Môi trường;Quản lý Tài nguyên và Môi trường;(Nhóm ngành),B00,18.75,,THPTQG,2018,,daniele15,
QSB,125,Kỹ thuật Môi trường;Quản lý Tài nguyên và Môi trường;(Nhóm ngành),D07,18.75,,THPTQG,2018,,daniele15,
QSB,128,Kỹ thuật Hệ thống Công nghiệp;Logistics và Quản lý chuỗi Cung ứng;(Nhóm ngành),A00,22.25,,THPTQG,2018,,daniele15,
QSB,128,Kỹ thuật Hệ thống Công nghiệp;Logistics và Quản lý chuỗi Cung ứng;(Nhóm ngành),A01,22.25,,THPTQG,2018,,daniele15,
QSB,129,Kỹ thuật vật liệu,A00,18.00,,THPTQG,2018,,daniele15,
QSB,129,Kỹ thuật vật liệu,A01,18.00,,THPTQG,2018,,daniele15,
QSB,129,Kỹ thuật vật liệu,D07,18.00,,THPTQG,2018,,daniele15,
QSB,130,Kỹ thuật trắc địa - bản đồ,A00,18.00,,THPTQG,2018,,daniele15,
QSB,130,Kỹ thuật trắc địa - bản đồ,A01,18.00,,THPTQG,2018,,daniele15,
QSB,131,Công nghệ kỹ thuật vật liệu xây dựng,A00,18.00,,THPTQG,2018,,daniele15,
QSB,131,Công nghệ kỹ thuật vật liệu xây dựng,A01,18.00,,THPTQG,2018,,daniele15,
QSB,137,Vật lý kỹ thuật,A00,18.75,,THPTQG,2018,,daniele15,
QSB,137,Vật lý kỹ thuật,A01,18.75,,THPTQG,2018,,daniele15,
QSB,138,Cơ Kỹ thuật,A00,19.25,,THPTQG,2018,,daniele15,
QSB,138,Cơ Kỹ thuật,A01,19.25,,THPTQG,2018,,daniele15,
QSB,140,Công nghệ Kỹ thuật Nhiệt (Cơ điện lạnh),A00,18.00,,THPTQG,2018,Nhiệt lạnh,daniele15,
QSB,140,Công nghệ Kỹ thuật Nhiệt (Cơ điện lạnh),A01,18.00,,THPTQG,2018,Nhiệt lạnh,daniele15,
QSB,141,Bảo dưỡng Công nghiệp,A00,17.25,,THPTQG,2018,,daniele15,
QSB,141,Bảo dưỡng Công nghiệp,A01,17.25,,THPTQG,2018,,daniele15,
QSB,142,Kỹ thuật ô tô,A00,22.00,,THPTQG,2018,,daniele15,
QSB,142,Kỹ thuật ô tô,A01,22.00,,THPTQG,2018,,daniele15,
QSB,143,Kỹ thuật tàu thuỷ,A00,21.75,,THPTQG,2018,,daniele15,
QSB,143,Kỹ thuật tàu thuỷ,A01,21.75,,THPTQG,2018,,daniele15,
QSB,144,Kỹ thuật Hàng không,A00,19.50,,THPTQG,2018,,daniele15,
QSB,144,Kỹ thuật Hàng không,A01,19.50,,THPTQG,2018,,daniele15,
QSB,206,Kỹ thuật xây dựng,A00,22.00,,THPTQG,2018,Chương trình Chất lượng cao. giảng dạy bằng tiếng Anh. học phí tương ứng,daniele15,
QSB,206,Kỹ thuật xây dựng,A01,22.00,,THPTQG,2018,Chương trình Chất lượng cao. giảng dạy bằng tiếng Anh. học phí tương ứng,daniele15,
QSB,207,Kỹ thuật máy tính,A00,21.00,,THPTQG,2018,Chương trình Chất lượng cao. giảng dạy bằng tiếng Anh. học phí tương ứng,daniele15,
QSB,207,Kỹ thuật máy tính,A01,21.00,,THPTQG,2018,Chương trình Chất lượng cao. giảng dạy bằng tiếng Anh. học phí tương ứng,daniele15,
QSB,208,"Kỹ thuật điện, điện tử",A00,20.00,,THPTQG,2018,Kỹ thuật Điện - Điện tử (CT Tiên tiến. giảng dạy bằng tiếng Anh. học phí tương ứng),daniele15,
QSB,208,"Kỹ thuật điện, điện tử",A01,20.00,,THPTQG,2018,Kỹ thuật Điện - Điện tử (CT Tiên tiến. giảng dạy bằng tiếng Anh. học phí tương ứng),daniele15,
QSB,209,Kỹ thuật cơ khí,A00,19.00,,THPTQG,2018,Chương trình Chất lượng cao. giảng dạy bằng tiếng Anh. học phí tương ứng,daniele15,
QSB,209,Kỹ thuật cơ khí,A01,19.00,,THPTQG,2018,Chương trình Chất lượng cao. giảng dạy bằng tiếng Anh. học phí tương ứng,daniele15,
QSB,210,Kỹ thuật cơ điện tử,A00,21.00,,THPTQG,2018,Chương trình Chất lượng cao. giảng dạy bằng tiếng Anh. học phí tương ứng,daniele15,
QSB,210,Kỹ thuật cơ điện tử,A01,21.00,,THPTQG,2018,Chương trình Chất lượng cao. giảng dạy bằng tiếng Anh. học phí tương ứng,daniele15,
QSB,214,Kỹ thuật hoá học,A00,21.00,,THPTQG,2018,Chương trình Chất lượng cao. giảng dạy bằng tiếng Anh. học phí tương ứng,daniele15,
QSB,214,Kỹ thuật hoá học,B00,21.00,,THPTQG,2018,Chương trình Chất lượng cao. giảng dạy bằng tiếng Anh. học phí tương ứng,daniele15,
QSB,214,Kỹ thuật hoá học,D07,21.00,,THPTQG,2018,Chương trình Chất lượng cao. giảng dạy bằng tiếng Anh. học phí tương ứng,daniele15,
QSB,215,Kỹ thuật xây dựng,A00,17.00,,THPTQG,2018,Chương trình Chất lượng cao. giảng dạy bằng tiếng Anh. học phí tương ứng,daniele15,
QSB,215,Kỹ thuật xây dựng,A01,17.00,,THPTQG,2018,Chương trình Chất lượng cao. giảng dạy bằng tiếng Anh. học phí tương ứng,daniele15,
QSB,219,Công nghệ thực phẩm,A00,19.00,,THPTQG,2018,"Chương trình chất lượng cao giảng dạy bằng tiếng Anh, học phí tương ứng",daniele15,
QSB,219,Công nghệ thực phẩm,B00,19.00,,THPTQG,2018,"Chương trình chất lượng cao giảng dạy bằng tiếng Anh, học phí tương ứng",daniele15,
QSB,219,Công nghệ thực phẩm,D07,19.00,,THPTQG,2018,"Chương trình chất lượng cao giảng dạy bằng tiếng Anh, học phí tương ứng",daniele15,
QSB,220,Kỹ thuật dầu khí,A00,17.00,,THPTQG,2018,Chương trình Chất lượng cao. giảng dạy bằng tiếng Anh. học phí tương ứng,daniele15,
QSB,220,Kỹ thuật dầu khí,A01,17.00,,THPTQG,2018,Chương trình Chất lượng cao. giảng dạy bằng tiếng Anh. học phí tương ứng,daniele15,
QSB,223,Quản lý công nghiệp,A00,19.50,,THPTQG,2018,Chương trình Chất lượng cao. giảng dạy bằng tiếng Anh. học phí tương ứng,daniele15,
QSB,223,Quản lý công nghiệp,A01,19.50,,THPTQG,2018,Chương trình Chất lượng cao. giảng dạy bằng tiếng Anh. học phí tương ứng,daniele15,
QSB,223,Quản lý công nghiệp,D01,19.50,,THPTQG,2018,Chương trình Chất lượng cao. giảng dạy bằng tiếng Anh. học phí tương ứng,daniele15,
QSB,223,Quản lý công nghiệp,D07,19.50,,THPTQG,2018,Chương trình Chất lượng cao. giảng dạy bằng tiếng Anh. học phí tương ứng,daniele15,
QSB,225,Quản lý tài nguyên và môi trường,A00,17.00,,THPTQG,2018,Chương trình Chất lượng cao. giảng dạy bằng tiếng Anh. học phí tương ứng,daniele15,
QSB,225,Quản lý tài nguyên và môi trường,A01,17.00,,THPTQG,2018,Chương trình Chất lượng cao. giảng dạy bằng tiếng Anh. học phí tương ứng,daniele15,
QSB,225,Quản lý tài nguyên và môi trường,B00,17.00,,THPTQG,2018,Chương trình Chất lượng cao. giảng dạy bằng tiếng Anh. học phí tương ứng,daniele15,
QSB,225,Quản lý tài nguyên và môi trường,D07,17.00,,THPTQG,2018,Chương trình Chất lượng cao. giảng dạy bằng tiếng Anh. học phí tương ứng,daniele15,
QSB,241,Kỹ thuật môi trường,A00,17.00,,THPTQG,2018,"Chương trình chất lượng cao giảng dạy bằng tiếng Anh, học phí tương ứng",daniele15,
QSB,241,Kỹ thuật môi trường,A01,17.00,,THPTQG,2018,"Chương trình chất lượng cao giảng dạy bằng tiếng Anh, học phí tương ứng",daniele15,
QSB,241,Kỹ thuật môi trường,B00,17.00,,THPTQG,2018,"Chương trình chất lượng cao giảng dạy bằng tiếng Anh, học phí tương ứng",daniele15,
QSB,241,Kỹ thuật môi trường,D07,17.00,,THPTQG,2018,"Chương trình chất lượng cao giảng dạy bằng tiếng Anh, học phí tương ứng",daniele15,
QSB,242,Kỹ thuật ô tô,A00,20.00,,THPTQG,2018,Chương trình Chất lượng cao. giảng dạy bằng tiếng Anh. học phí tương ứng,daniele15,
QSB,242,Kỹ thuật ô tô,A01,20.00,,THPTQG,2018,Chương trình Chất lượng cao. giảng dạy bằng tiếng Anh. học phí tương ứng,daniele15,
QSB,245,Kỹ thuật Hàng không,A00,17.00,,THPTQG,2018,Kỹ thuật Xây dựng Công trình Giao thông (Chương trình Chất lượng cao. giảng dạy bằng tiếng Anh. học phí tương ứng),daniele15,
QSB,245,Kỹ thuật Hàng không,A01,17.00,,THPTQG,2018,Kỹ thuật Xây dựng Công trình Giao thông (Chương trình Chất lượng cao. giảng dạy bằng tiếng Anh. học phí tương ứng),daniele15,
QSB,408,Kỹ thuật điện,A00,19.50,,THPTQG,2018,Đào tạo tại Phân hiệu ĐHQG-HCM tại Bến Tre. thí sinh phải thỏa điều kiện quy định của Phân hiệu,daniele15,
QSB,408,Kỹ thuật điện,A01,19.50,,THPTQG,2018,Đào tạo tại Phân hiệu ĐHQG-HCM tại Bến Tre. thí sinh phải thỏa điều kiện quy định của Phân hiệu,daniele15,
QSB,410,Kỹ thuật cơ điện tử,A00,19.25,,THPTQG,2018,Đào tạo tại Phân hiệu ĐHQG-HCM tại Bến Tre. thí sinh phải thỏa điều kiện quy định của Phân hiệu,daniele15,
QSB,410,Kỹ thuật cơ điện tử,A01,19.25,,THPTQG,2018,Đào tạo tại Phân hiệu ĐHQG-HCM tại Bến Tre. thí sinh phải thỏa điều kiện quy định của Phân hiệu,daniele15,
QSB,415,Kỹ thuật xây dựng,A00,17.00,,THPTQG,2018,Đào tạo tại Phân hiệu ĐHQG-HCM tại Bến Tre. thí sinh phải thỏa điều kiện quy định của Phân hiệu,daniele15,
QSB,415,Kỹ thuật xây dựng,A01,17.00,,THPTQG,2018,Đào tạo tại Phân hiệu ĐHQG-HCM tại Bến Tre. thí sinh phải thỏa điều kiện quy định của Phân hiệu,daniele15,
QSB,419,Công nghệ thực phẩm,A00,20.00,,THPTQG,2018,Đào tạo tại Phân hiệu ĐHQG-HCM tại Bến Tre. thí sinh phải thỏa điều kiện quy định của Phân hiệu,daniele15,
QSB,419,Công nghệ thực phẩm,B00,20.00,,THPTQG,2018,Đào tạo tại Phân hiệu ĐHQG-HCM tại Bến Tre. thí sinh phải thỏa điều kiện quy định của Phân hiệu,daniele15,
QSB,419,Công nghệ thực phẩm,D07,20.00,,THPTQG,2018,Đào tạo tại Phân hiệu ĐHQG-HCM tại Bến Tre. thí sinh phải thỏa điều kiện quy định của Phân hiệu,daniele15,
QSB,425,Quản lý tài nguyên và môi trường,A00,17.00,,THPTQG,2018,Đào tạo tại Phân hiệu ĐHQG-HCM tại Bến Tre. thí sinh phải thỏa điều kiện quy định của Phân hiệu,daniele15,
QSB,425,Quản lý tài nguyên và môi trường,A01,17.00,,THPTQG,2018,Đào tạo tại Phân hiệu ĐHQG-HCM tại Bến Tre. thí sinh phải thỏa điều kiện quy định của Phân hiệu,daniele15,
QSB,425,Quản lý tài nguyên và môi trường,B00,17.00,,THPTQG,2018,Đào tạo tại Phân hiệu ĐHQG-HCM tại Bến Tre. thí sinh phải thỏa điều kiện quy định của Phân hiệu,daniele15,
QSB,425,Quản lý tài nguyên và môi trường,D07,17.00,,THPTQG,2018,Đào tạo tại Phân hiệu ĐHQG-HCM tại Bến Tre. thí sinh phải thỏa điều kiện quy định của Phân hiệu,daniele15,
QSC,7340122,Thương mại điện tử,A00,21.20,,THPTQG,2018,,daniele15,
QSC,7340122,Thương mại điện tử,A01,21.20,,THPTQG,2018,,daniele15,
QSC,7340122,Thương mại điện tử,D01,21.20,,THPTQG,2018,,daniele15,
QSC,7480101,Khoa học máy tính,A00,22.40,,THPTQG,2018,,daniele15,
QSC,7480101,Khoa học máy tính,A01,22.40,,THPTQG,2018,,daniele15,
QSC,7480101,Khoa học máy tính,D01,22.40,,THPTQG,2018,,daniele15,
QSC,7480101_CLCA,Khoa học máy tính,A00,20.25,,THPTQG,2018,chất lượng cao,daniele15,
QSC,7480101_CLCA,Khoa học máy tính,A01,20.25,,THPTQG,2018,chất lượng cao,daniele15,
QSC,7480101_CLCA,Khoa học máy tính,D01,20.25,,THPTQG,2018,chất lượng cao,daniele15,
QSC,7480102,Mạng máy tính và Truyền thông dữ liệu,A00,21.20,,THPTQG,2018,,daniele15,
QSC,7480102,Mạng máy tính và Truyền thông dữ liệu,A01,21.20,,THPTQG,2018,,daniele15,
QSC,7480102,Mạng máy tính và Truyền thông dữ liệu,D01,21.20,,THPTQG,2018,,daniele15,
QSC,7480102_CLCA,Mạng máy tính và Truyền thông dữ liệu,A00,18.60,,THPTQG,2018,chất lượng cao,daniele15,
QSC,7480102_CLCA,Mạng máy tính và Truyền thông dữ liệu,A01,18.60,,THPTQG,2018,chất lượng cao,daniele15,
QSC,7480102_CLCA,Mạng máy tính và Truyền thông dữ liệu,D01,18.60,,THPTQG,2018,chất lượng cao,daniele15,
QSC,7480103,Kỹ thuật phần mềm,A00,23.20,,THPTQG,2018,,daniele15,
QSC,7480103,Kỹ thuật phần mềm,A01,23.20,,THPTQG,2018,,daniele15,
QSC,7480103,Kỹ thuật phần mềm,D01,23.20,,THPTQG,2018,,daniele15,
QSC,7480103_CLCA,Kỹ thuật phần mềm,A00,21.50,,THPTQG,2018,chất lượng cao,daniele15,
QSC,7480103_CLCA,Kỹ thuật phần mềm,A01,21.50,,THPTQG,2018,chất lượng cao,daniele15,
QSC,7480103_CLCA,Kỹ thuật phần mềm,D01,21.50,,THPTQG,2018,chất lượng cao,daniele15,
QSC,7480104,Hệ thống thông tin,A00,21.10,,THPTQG,2018,,daniele15,
QSC,7480104,Hệ thống thông tin,A01,21.10,,THPTQG,2018,,daniele15,
QSC,7480104,Hệ thống thông tin,D01,21.10,,THPTQG,2018,,daniele15,
QSC,7480104_CLCA,Hệ thống thông tin,A00,19.00,,THPTQG,2018,chất lượng cao,daniele15,
QSC,7480104_CLCA,Hệ thống thông tin,A01,19.00,,THPTQG,2018,chất lượng cao,daniele15,
QSC,7480104_CLCA,Hệ thống thông tin,D01,19.00,,THPTQG,2018,chất lượng cao,daniele15,
QSC,7480104_IT,Hệ thống thông tin,A00,17.00,,THPTQG,2018,tiên tiến,daniele15,
QSC,7480104_IT,Hệ thống thông tin,A01,17.00,,THPTQG,2018,tiên tiến,daniele15,
QSC,7480104_IT,Hệ thống thông tin,D01,17.00,,THPTQG,2018,tiên tiến,daniele15,
QSC,7480106,Kỹ thuật máy tính,A00,21.70,,THPTQG,2018,,daniele15,
QSC,7480106,Kỹ thuật máy tính,A01,21.70,,THPTQG,2018,,daniele15,
QSC,7480106,Kỹ thuật máy tính,D01,21.70,,THPTQG,2018,,daniele15,
QSC,7480106_CLCA,Kỹ thuật máy tính,A00,18.40,,THPTQG,2018,chất lượng cao,daniele15,
QSC,7480106_CLCA,Kỹ thuật máy tính,A01,18.40,,THPTQG,2018,chất lượng cao,daniele15,
QSC,7480106_CLCA,Kỹ thuật máy tính,D01,18.40,,THPTQG,2018,chất lượng cao,daniele15,
QSC,7480201,Công nghệ thông tin,A00,22.50,,THPTQG,2018,,daniele15,
QSC,7480201,Công nghệ thông tin,A01,22.50,,THPTQG,2018,,daniele15,
QSC,7480201,Công nghệ thông tin,D01,22.50,,THPTQG,2018,,daniele15,
QSC,7480201_BT,Công nghệ thông tin,A00,20.50,,THPTQG,2018,Đào tạo tại Phân hiệu ĐHQG-HCM tại Bến Tre,daniele15,
QSC,7480201_BT,Công nghệ thông tin,A01,20.50,,THPTQG,2018,Đào tạo tại Phân hiệu ĐHQG-HCM tại Bến Tre,daniele15,
QSC,7480201_BT,Công nghệ thông tin,D01,20.50,,THPTQG,2018,Đào tạo tại Phân hiệu ĐHQG-HCM tại Bến Tre,daniele15,
QSC,7480201_CLCN,Công nghệ thông tin,A00,19.00,,THPTQG,2018,chất lượng cao định hướng Nhật Bản,daniele15,
QSC,7480201_CLCN,Công nghệ thông tin,A01,19.00,,THPTQG,2018,chất lượng cao định hướng Nhật Bản,daniele15,
QSC,7480201_CLCN,Công nghệ thông tin,D01,19.00,,THPTQG,2018,chất lượng cao định hướng Nhật Bản,daniele15,
QSC,7480201_KHDL,Công nghệ thông tin,A00,20.60,,THPTQG,2018,Khoa học dữ liệu,daniele15,
QSC,7480201_KHDL,Công nghệ thông tin,A01,20.60,,THPTQG,2018,Khoa học dữ liệu,daniele15,
QSC,7480201_KHDL,Công nghệ thông tin,D01,20.60,,THPTQG,2018,Khoa học dữ liệu,daniele15,
QSC,7480202,An toàn thông tin,A00,22.25,,THPTQG,2018,,daniele15,
QSC,7480202,An toàn thông tin,A01,22.25,,THPTQG,2018,,daniele15,
QSC,7480202,An toàn thông tin,D01,22.25,,THPTQG,2018,,daniele15,
QSC,7480202_CLCA,An toàn thông tin,A00,20.10,,THPTQG,2018,chất lượng cao,daniele15,
QSC,7480202_CLCA,An toàn thông tin,A01,20.10,,THPTQG,2018,chất lượng cao,daniele15,
QSC,7480202_CLCA,An toàn thông tin,D01,20.10,,THPTQG,2018,chất lượng cao,daniele15,
QSK,7310101,Kinh tế,A00,21.50,,THPTQG,2018,Kinh tế học,daniele15,
QSK,7310101,Kinh tế,A01,21.50,,THPTQG,2018,Kinh tế học,daniele15,
QSK,7310101,Kinh tế,D01,21.50,,THPTQG,2018,Kinh tế học,daniele15,
QSK,7310101,Kinh tế,A00,20.50,,THPTQG,2018,Kinh tế và Quản lý Công,daniele15,
QSK,7310101,Kinh tế,A01,20.50,,THPTQG,2018,Kinh tế và Quản lý Công,daniele15,
QSK,7310101,Kinh tế,D01,20.50,,THPTQG,2018,Kinh tế và Quản lý Công,daniele15,
QSK,7310101_401C,Kinh tế,A00,19.00,,THPTQG,2018,Kinh tế học chất lượng cao,daniele15,
QSK,7310101_401C,Kinh tế,A01,19.00,,THPTQG,2018,Kinh tế học chất lượng cao,daniele15,
QSK,7310101_401C,Kinh tế,D01,19.00,,THPTQG,2018,Kinh tế học chất lượng cao,daniele15,
QSK,7310101_403C,Kinh tế,A00,19.00,,THPTQG,2018,Kinh tế và Quản lý Công chất lượng cao,daniele15,
QSK,7310101_403C,Kinh tế,A01,19.00,,THPTQG,2018,Kinh tế và Quản lý Công chất lượng cao,daniele15,
QSK,7310101_403C,Kinh tế,D01,19.00,,THPTQG,2018,Kinh tế và Quản lý Công chất lượng cao,daniele15,
QSK,7310106,Kinh tế,A00,23.60,,THPTQG,2018,Kinh tế quốc tế (Kinh tế đối ngoại),daniele15,
QSK,7310106,Kinh tế,A01,23.60,,THPTQG,2018,Kinh tế quốc tế (Kinh tế đối ngoại),daniele15,
QSK,7310106,Kinh tế,D01,23.60,,THPTQG,2018,Kinh tế quốc tế (Kinh tế đối ngoại),daniele15,
QSK,7310106_402C,Kinh tế,A00,23.15,,THPTQG,2018,Kinh tế quốc tế (Kinh tế đối ngoại) chất lượng cao,daniele15,
QSK,7310106_402C,Kinh tế,A01,23.15,,THPTQG,2018,Kinh tế quốc tế (Kinh tế đối ngoại) chất lượng cao,daniele15,
QSK,7310106_402C,Kinh tế,D01,23.15,,THPTQG,2018,Kinh tế quốc tế (Kinh tế đối ngoại) chất lượng cao,daniele15,
QSK,7310108,Toán kinh tế,A00,18.00,,THPTQG,2018,"Toán ứng dụng trong kinh tế, quản trị và tài chính",daniele15,
QSK,7310108,Toán kinh tế,A01,18.00,,THPTQG,2018,"Toán ứng dụng trong kinh tế, quản trị và tài chính",daniele15,
QSK,7310108,Toán kinh tế,D01,18.00,,THPTQG,2018,"Toán ứng dụng trong kinh tế, quản trị và tài chính",daniele15,
QSK,7340101,Quản trị kinh doanh,A00,22.60,,THPTQG,2018,,daniele15,
QSK,7340101,Quản trị kinh doanh,A01,22.60,,THPTQG,2018,,daniele15,
QSK,7340101,Quản trị kinh doanh,D01,22.60,,THPTQG,2018,,daniele15,
QSK,7340101_407C,Quản trị kinh doanh,A00,21.40,,THPTQG,2018,Chất lượng cao,daniele15,
QSK,7340101_407C,Quản trị kinh doanh,A01,21.40,,THPTQG,2018,Chất lượng cao,daniele15,
QSK,7340101_407C,Quản trị kinh doanh,D01,21.40,,THPTQG,2018,Chất lượng cao,daniele15,
QSK,7340101_407CA,Quản trị kinh doanh,A00,20.25,,THPTQG,2018,chất lượng cao bằng tiếng Anh,daniele15,
QSK,7340101_407CA,Quản trị kinh doanh,A01,20.25,,THPTQG,2018,chất lượng cao bằng tiếng Anh,daniele15,
QSK,7340101_407CA,Quản trị kinh doanh,D01,20.25,,THPTQG,2018,chất lượng cao bằng tiếng Anh,daniele15,
QSK,7340115,Marketing,A00,23.00,,THPTQG,2018,,daniele15,
QSK,7340115,Marketing,A01,23.00,,THPTQG,2018,,daniele15,
QSK,7340115,Marketing,D01,23.00,,THPTQG,2018,,daniele15,
QSK,7340115_410C,Marketing,A00,22.30,,THPTQG,2018,chất lượng cao,daniele15,
QSK,7340115_410C,Marketing,A01,22.30,,THPTQG,2018,chất lượng cao,daniele15,
QSK,7340115_410C,Marketing,D01,22.30,,THPTQG,2018,chất lượng cao,daniele15,
QSK,7340120,Kinh doanh quốc tế,A00,23.50,,THPTQG,2018,,daniele15,
QSK,7340120,Kinh doanh quốc tế,A01,23.50,,THPTQG,2018,,daniele15,
QSK,7340120,Kinh doanh quốc tế,D01,23.50,,THPTQG,2018,,daniele15,
QSK,7340120_408C,Kinh doanh quốc tế,A00,23.00,,THPTQG,2018,Chất lượng cao,daniele15,
QSK,7340120_408C,Kinh doanh quốc tế,A01,23.00,,THPTQG,2018,Chất lượng cao,daniele15,
QSK,7340120_408C,Kinh doanh quốc tế,D01,23.00,,THPTQG,2018,Chất lượng cao,daniele15,
QSK,7340120_408CA,Kinh doanh quốc tế,A00,22.00,,THPTQG,2018,chất lượng cao bằng tiếng Anh,daniele15,
QSK,7340120_408CA,Kinh doanh quốc tế,A01,22.00,,THPTQG,2018,chất lượng cao bằng tiếng Anh,daniele15,
QSK,7340120_408CA,Kinh doanh quốc tế,D01,22.00,,THPTQG,2018,chất lượng cao bằng tiếng Anh,daniele15,
QSK,7340122,Thương mại điện tử,A00,22.50,,THPTQG,2018,,daniele15,
QSK,7340122,Thương mại điện tử,A01,22.50,,THPTQG,2018,,daniele15,
QSK,7340122,Thương mại điện tử,D01,22.50,,THPTQG,2018,,daniele15,
QSK,7340122_411C,Thương mại điện tử,A00,21.20,,THPTQG,2018,Chất lượng cao,daniele15,
QSK,7340122_411C,Thương mại điện tử,A01,21.20,,THPTQG,2018,Chất lượng cao,daniele15,
QSK,7340122_411C,Thương mại điện tử,D01,21.20,,THPTQG,2018,Chất lượng cao,daniele15,
QSK,7340201,Tài chính - Ngân hàng,A00,20.50,,THPTQG,2018,,daniele15,
QSK,7340201,Tài chính - Ngân hàng,A01,20.50,,THPTQG,2018,,daniele15,
QSK,7340201,Tài chính - Ngân hàng,D01,20.50,,THPTQG,2018,,daniele15,
QSK,7340201_404C,Tài chính - Ngân hàng,A00,19.75,,THPTQG,2018,Chất lượng cao,daniele15,
QSK,7340201_404C,Tài chính - Ngân hàng,A01,19.75,,THPTQG,2018,Chất lượng cao,daniele15,
QSK,7340201_404C,Tài chính - Ngân hàng,D01,19.75,,THPTQG,2018,Chất lượng cao,daniele15,
QSK,7340201_404CA,Tài chính - Ngân hàng,A00,18.75,,THPTQG,2018,chất lượng cao bằng tiếng Anh,daniele15,
QSK,7340201_404CA,Tài chính - Ngân hàng,A01,18.75,,THPTQG,2018,chất lượng cao bằng tiếng Anh,daniele15,
QSK,7340201_404CA,Tài chính - Ngân hàng,D01,18.75,,THPTQG,2018,chất lượng cao bằng tiếng Anh,daniele15,
QSK,7340301,Kế toán,A00,21.75,,THPTQG,2018,,daniele15,
QSK,7340301,Kế toán,A01,21.75,,THPTQG,2018,,daniele15,
QSK,7340301,Kế toán,D01,21.75,,THPTQG,2018,,daniele15,
QSK,7340301_405C,Kế toán,A00,20.40,,THPTQG,2018,Chất lượng cao,daniele15,
QSK,7340301_405C,Kế toán,A01,20.40,,THPTQG,2018,Chất lượng cao,daniele15,
QSK,7340301_405C,Kế toán,D01,20.40,,THPTQG,2018,Chất lượng cao,daniele15,
QSK,7340301_405CA,Kế toán,A00,19.25,,THPTQG,2018,chất lượng cao bằng tiếng Anh,daniele15,
QSK,7340301_405CA,Kế toán,A01,19.25,,THPTQG,2018,chất lượng cao bằng tiếng Anh,daniele15,
QSK,7340301_405CA,Kế toán,D01,19.25,,THPTQG,2018,chất lượng cao bằng tiếng Anh,daniele15,
QSK,7340302,Khoa học máy tính,A00,22.00,,THPTQG,2018,,daniele15,
QSK,7340302,Khoa học máy tính,A01,22.00,,THPTQG,2018,,daniele15,
QSK,7340302,Khoa học máy tính,D01,22.00,,THPTQG,2018,,daniele15,
QSK,7340302_409C,Khoa học máy tính,A00,21.00,,THPTQG,2018,chất lượng cao,daniele15,
QSK,7340302_409C,Khoa học máy tính,A01,21.00,,THPTQG,2018,chất lượng cao,daniele15,
QSK,7340302_409C,Khoa học máy tính,D01,21.00,,THPTQG,2018,chất lượng cao,daniele15,
QSK,7340405,Hệ thống thông tin quản lý,A00,21.25,,THPTQG,2018,,daniele15,
QSK,7340405,Hệ thống thông tin quản lý,A01,21.25,,THPTQG,2018,,daniele15,
QSK,7340405,Hệ thống thông tin quản lý,D01,21.25,,THPTQG,2018,,daniele15,
QSK,7340405_406C,Hệ thống thông tin quản lý,A00,20.15,,THPTQG,2018,chất lượng cao,daniele15,
QSK,7340405_406C,Hệ thống thông tin quản lý,A01,20.15,,THPTQG,2018,chất lượng cao,daniele15,
QSK,7340405_406C,Hệ thống thông tin quản lý,D01,20.15,,THPTQG,2018,chất lượng cao,daniele15,
QSK,7380101,Luật,A00,19.00,,THPTQG,2018,Luật dân sự,daniele15,
QSK,7380101,Luật,A01,19.00,,THPTQG,2018,Luật dân sự,daniele15,
QSK,7380101,Luật,D01,19.00,,THPTQG,2018,Luật dân sự,daniele15,
QSK,7380101_503C,Luật,A00,19.00,,THPTQG,2018,Luật dân sự chất lượng cao,daniele15,
QSK,7380101_503C,Luật,A01,19.00,,THPTQG,2018,Luật dân sự chất lượng cao,daniele15,
QSK,7380101_503C,Luật,D01,19.00,,THPTQG,2018,Luật dân sự chất lượng cao,daniele15,
QSK,7380101_504C,Luật,A00,18.50,,THPTQG,2018,Luật Tài chính - Ngân hàng chất lượng cao,daniele15,
QSK,7380101_504C,Luật,A01,18.50,,THPTQG,2018,Luật Tài chính - Ngân hàng chất lượng cao,daniele15,
QSK,7380101_504C,Luật,D01,18.50,,THPTQG,2018,Luật Tài chính - Ngân hàng chất lượng cao,daniele15,
QSK,7380107,Luật,A00,22.00,,THPTQG,2018,Luật Thương mại quốc tế,daniele15,
QSK,7380107,Luật,A01,22.00,,THPTQG,2018,Luật Thương mại quốc tế,daniele15,
QSK,7380107,Luật,D01,22.00,,THPTQG,2018,Luật Thương mại quốc tế,daniele15,
QSK,7380107,Luật,A00,21.50,,THPTQG,2018,Luật kinh doanh,daniele15,
QSK,7380107,Luật,A01,21.50,,THPTQG,2018,Luật kinh doanh,daniele15,
QSK,7380107,Luật,D01,21.50,,THPTQG,2018,Luật kinh doanh,daniele15,
QSK,7380107_501C,Luật,A00,21.00,,THPTQG,2018,Luật kinh doanh chất lượng cao,daniele15,
QSK,7380107_501C,Luật,A01,21.00,,THPTQG,2018,Luật kinh doanh chất lượng cao,daniele15,
QSK,7380107_501C,Luật,D01,21.00,,THPTQG,2018,Luật kinh doanh chất lượng cao,daniele15,
QSK,7380107_502C,Luật,A00,21.75,,THPTQG,2018,Luật thương mại quốc tế chất lượng cao,daniele15,
QSK,7380107_502C,Luật,A01,21.75,,THPTQG,2018,Luật thương mại quốc tế chất lượng cao,daniele15,
QSK,7380107_502C,Luật,D01,21.75,,THPTQG,2018,Luật thương mại quốc tế chất lượng cao,daniele15,
QSQ,7220201,Ngôn ngữ Anh,A00,22.00,,THPTQG,2018,,daniele15,
QSQ,7220201,Ngôn ngữ Anh,A01,22.00,,THPTQG,2018,,daniele15,
QSQ,7340101,Quản trị kinh doanh,A00,22.00,,THPTQG,2018,,daniele15,
QSQ,7340101,Quản trị kinh doanh,A01,22.00,,THPTQG,2018,,daniele15,
QSQ,7340101,Quản trị kinh doanh,D01,22.00,,THPTQG,2018,,daniele15,
QSQ,7340101_LK,Quản trị kinh doanh,A00,16.00,,THPTQG,2018,Chương trình liên kết với Đại học nước ngoài,daniele15,
QSQ,7340101_LK,Quản trị kinh doanh,A01,16.00,,THPTQG,2018,Chương trình liên kết với Đại học nước ngoài,daniele15,
QSQ,7340101_LK,Quản trị kinh doanh,D01,16.00,,THPTQG,2018,Chương trình liên kết với Đại học nước ngoài,daniele15,
QSQ,7340201,Tài chính - Ngân hàng,A00,19.00,,THPTQG,2018,,daniele15,
QSQ,7340201,Tài chính - Ngân hàng,A01,19.00,,THPTQG,2018,,daniele15,
QSQ,7340201,Tài chính - Ngân hàng,D01,19.00,,THPTQG,2018,,daniele15,
QSQ,7420201,Công nghệ sinh học,A00,18.00,,THPTQG,2018,,daniele15,
QSQ,7420201,Công nghệ sinh học,A01,18.00,,THPTQG,2018,,daniele15,
QSQ,7420201,Công nghệ sinh học,B00,18.00,,THPTQG,2018,,daniele15,
QSQ,7420201,Công nghệ sinh học,D01,18.00,,THPTQG,2018,,daniele15,
QSQ,7420201_LK,Công nghệ sinh học,A00,16.00,,THPTQG,2018,Chương trình liên kết với Đại học nước ngoài,daniele15,
QSQ,7420201_LK,Công nghệ sinh học,A01,16.00,,THPTQG,2018,Chương trình liên kết với Đại học nước ngoài,daniele15,
QSQ,7420201_LK,Công nghệ sinh học,B00,16.00,,THPTQG,2018,Chương trình liên kết với Đại học nước ngoài,daniele15,
QSQ,7420201_LK,Công nghệ sinh học,D01,16.00,,THPTQG,2018,Chương trình liên kết với Đại học nước ngoài,daniele15,
QSQ,7440112,Hoá học,A00,18.00,,THPTQG,2018,,daniele15,
QSQ,7440112,Hoá học,A01,18.00,,THPTQG,2018,,daniele15,
QSQ,7440112,Hoá học,B00,18.00,,THPTQG,2018,,daniele15,
QSQ,7460112,Toán ứng dụng,A00,17.50,,THPTQG,2018,Kỹ thuật tài chính và Quản trị rủi ro,daniele15,
QSQ,7460112,Toán ứng dụng,A01,17.50,,THPTQG,2018,Kỹ thuật tài chính và Quản trị rủi ro,daniele15,
QSQ,7460112,Toán ứng dụng,B00,17.50,,THPTQG,2018,Kỹ thuật tài chính và Quản trị rủi ro,daniele15,
QSQ,7480106_LK,Kỹ thuật máy tính,A00,16.00,,THPTQG,2018,Chương trình liên kết với Đại học nước ngoài,daniele15,
QSQ,7480106_LK,Kỹ thuật máy tính,A01,16.00,,THPTQG,2018,Chương trình liên kết với Đại học nước ngoài,daniele15,
QSQ,7480109,Khoa học dữ liệu,A00,17.00,,THPTQG,2018,,daniele15,
QSQ,7480109,Khoa học dữ liệu,A01,17.00,,THPTQG,2018,,daniele15,
QSQ,7480109,Khoa học dữ liệu,D01,17.00,,THPTQG,2018,,daniele15,
QSQ,7480201,Công nghệ thông tin,A00,19.00,,THPTQG,2018,,daniele15,
QSQ,7480201,Công nghệ thông tin,A01,19.00,,THPTQG,2018,,daniele15,
QSQ,7480201_LK,Công nghệ thông tin,A00,16.00,,THPTQG,2018,Chương trình liên kết với Đại học nước ngoài,daniele15,
QSQ,7480201_LK,Công nghệ thông tin,A01,16.00,,THPTQG,2018,Chương trình liên kết với Đại học nước ngoài,daniele15,
QSQ,7510605,Logistics và Quản lý chuỗi cung ứng,A00,22.00,,THPTQG,2018,,daniele15,
QSQ,7510605,Logistics và Quản lý chuỗi cung ứng,A01,22.00,,THPTQG,2018,,daniele15,
QSQ,7510605,Logistics và Quản lý chuỗi cung ứng,D01,22.00,,THPTQG,2018,,daniele15,
QSQ,7520118,Kỹ thuật hệ thống công nghiệp,A00,18.00,,THPTQG,2018,,daniele15,
QSQ,7520118,Kỹ thuật hệ thống công nghiệp,A01,18.00,,THPTQG,2018,,daniele15,
QSQ,7520118,Kỹ thuật hệ thống công nghiệp,D01,18.00,,THPTQG,2018,,daniele15,
QSQ,7520118_LK,Kỹ thuật hệ thống công nghiệp,A00,16.00,,THPTQG,2018,Chương trình liên kết với Đại học nước ngoài,daniele15,
QSQ,7520118_LK,Kỹ thuật hệ thống công nghiệp,A01,16.00,,THPTQG,2018,Chương trình liên kết với Đại học nước ngoài,daniele15,
QSQ,7520118_LK,Kỹ thuật hệ thống công nghiệp,D01,16.00,,THPTQG,2018,Chương trình liên kết với Đại học nước ngoài,daniele15,
QSQ,7520121,Kỹ thuật không gian,A00,17.00,,THPTQG,2018,,daniele15,
QSQ,7520121,Kỹ thuật không gian,A01,17.00,,THPTQG,2018,,daniele15,
QSQ,7520207,Kỹ thuật điện tử - viễn thông,A00,17.50,,THPTQG,2018,,daniele15,
QSQ,7520207,Kỹ thuật điện tử - viễn thông,A01,17.50,,THPTQG,2018,,daniele15,
QSQ,7520207_LK,Kỹ thuật điện tử truyền thông,A00,16.00,,THPTQG,2018,Chương trình liên kết với Đại học nước ngoài,daniele15,
QSQ,7520207_LK,Kỹ thuật điện tử truyền thông,A01,16.00,,THPTQG,2018,Chương trình liên kết với Đại học nước ngoài,daniele15,
QSQ,7520212,Kỹ thuật y sinh,A00,18.00,,THPTQG,2018,,daniele15,
QSQ,7520212,Kỹ thuật y sinh,A01,18.00,,THPTQG,2018,,daniele15,
QSQ,7520212,Kỹ thuật y sinh,B00,18.00,,THPTQG,2018,,daniele15,
QSQ,7520216,Kỹ thuật điều khiển và tự động hoá,A00,17.50,,THPTQG,2018,,daniele15,
QSQ,7520216,Kỹ thuật điều khiển và tự động hoá,A01,17.50,,THPTQG,2018,,daniele15,
QSQ,7520301,Kỹ thuật hoá học,A00,17.00,,THPTQG,2018,,daniele15,
QSQ,7520301,Kỹ thuật hoá học,A01,17.00,,THPTQG,2018,,daniele15,
QSQ,7520301,Kỹ thuật hoá học,D01,17.00,,THPTQG,2018,,daniele15,
QSQ,7520320,Kỹ thuật môi trường,A00,17.00,,THPTQG,2018,,daniele15,
QSQ,7520320,Kỹ thuật môi trường,A01,17.00,,THPTQG,2018,,daniele15,
QSQ,7520320,Kỹ thuật môi trường,B00,17.00,,THPTQG,2018,,daniele15,
QSQ,7540101,Công nghệ thực phẩm,A00,18.00,,THPTQG,2018,,daniele15,
QSQ,7540101,Công nghệ thực phẩm,A01,18.00,,THPTQG,2018,,daniele15,
QSQ,7540101,Công nghệ thực phẩm,B00,18.00,,THPTQG,2018,,daniele15,
QSQ,7580201,Kỹ thuật xây dựng,A00,17.00,,THPTQG,2018,,daniele15,
QSQ,7580201,Kỹ thuật xây dựng,A01,17.00,,THPTQG,2018,,daniele15,
QSQ,7620305,Quản lý thủy sản,A00,16.00,,THPTQG,2018,,daniele15,
QSQ,7620305,Quản lý thủy sản,A01,16.00,,THPTQG,2018,,daniele15,
QSQ,7620305,Quản lý thủy sản,B00,16.00,,THPTQG,2018,,daniele15,
QSQ,7620305,Quản lý thủy sản,D01,16.00,,THPTQG,2018,,daniele15,
QST,7420101,Sinh học,B00,16.00,,THPTQG,2018,,daniele15,
QST,7420101,Sinh học,D90,16.00,,THPTQG,2018,,daniele15,
QST,7420101_BT,Sinh học,B00,15.45,,THPTQG,2018,Phân hiệu ĐHQG- HCM tại tỉnh bến Tre,daniele15,
QST,7420101_BT,Sinh học,D90,15.45,,THPTQG,2018,Phân hiệu ĐHQG- HCM tại tỉnh bến Tre,daniele15,
QST,7420201,Công nghệ sinh học,A00,20.70,,THPTQG,2018,,daniele15,
QST,7420201,Công nghệ sinh học,B00,20.70,,THPTQG,2018,,daniele15,
QST,7420201,Công nghệ sinh học,D90,20.70,,THPTQG,2018,,daniele15,
QST,7420201_CLC,Công nghệ sinh học,A00,18.25,,THPTQG,2018,Chương trình Chất lượng cao,daniele15,
QST,7420201_CLC,Công nghệ sinh học,B00,18.25,,THPTQG,2018,Chương trình Chất lượng cao,daniele15,
QST,7420201_CLC,Công nghệ sinh học,D90,18.25,,THPTQG,2018,Chương trình Chất lượng cao,daniele15,
QST,7440102,Vật lý học,A00,16.00,,THPTQG,2018,,daniele15,
QST,7440102,Vật lý học,A01,16.00,,THPTQG,2018,,daniele15,
QST,7440102,Vật lý học,A02,16.00,,THPTQG,2018,,daniele15,
QST,7440102,Vật lý học,D90,16.00,,THPTQG,2018,,daniele15,
QST,7440112,Hoá học,A00,20.50,,THPTQG,2018,,daniele15,
QST,7440112,Hoá học,B00,20.50,,THPTQG,2018,,daniele15,
QST,7440112,Hoá học,D07,20.50,,THPTQG,2018,,daniele15,
QST,7440112,Hoá học,D90,20.50,,THPTQG,2018,,daniele15,
QST,7440112_VP,Hoá học,A00,19.40,,THPTQG,2018,Chương trình Việt Pháp,daniele15,
QST,7440112_VP,Hoá học,B00,19.40,,THPTQG,2018,Chương trình Việt Pháp,daniele15,
QST,7440112_VP,Hoá học,D07,19.40,,THPTQG,2018,Chương trình Việt Pháp,daniele15,
QST,7440112_VP,Hoá học,D24,19.40,,THPTQG,2018,Chương trình Việt Pháp,daniele15,
QST,7440122,Khoa học vật liệu,A00,16.10,,THPTQG,2018,,daniele15,
QST,7440122,Khoa học vật liệu,A01,16.10,,THPTQG,2018,,daniele15,
QST,7440122,Khoa học vật liệu,B00,16.10,,THPTQG,2018,,daniele15,
QST,7440122,Khoa học vật liệu,D07,16.10,,THPTQG,2018,,daniele15,
QST,7440201,Địa chất học,A00,16.05,,THPTQG,2018,,daniele15,
QST,7440201,Địa chất học,A01,16.05,,THPTQG,2018,,daniele15,
QST,7440201,Địa chất học,B00,16.05,,THPTQG,2018,,daniele15,
QST,7440201,Địa chất học,D07,16.05,,THPTQG,2018,,daniele15,
QST,7440228,Hải dương học,A00,16.00,,THPTQG,2018,,daniele15,
QST,7440228,Hải dương học,A01,16.00,,THPTQG,2018,,daniele15,
QST,7440228,Hải dương học,B00,16.00,,THPTQG,2018,,daniele15,
QST,7440228,Hải dương học,D07,16.00,,THPTQG,2018,,daniele15,
QST,7440301,Khoa học môi trường,A00,16.00,,THPTQG,2018,,daniele15,
QST,7440301,Khoa học môi trường,B00,16.00,,THPTQG,2018,,daniele15,
QST,7440301,Khoa học môi trường,D07,16.00,,THPTQG,2018,,daniele15,
QST,7440301,Khoa học môi trường,D08,16.00,,THPTQG,2018,,daniele15,
QST,7440301_BT,Khoa học môi trường,A00,15.05,,THPTQG,2018,Phân hiệu ĐHQG- HCM tại tỉnh bến Tre,daniele15,
QST,7440301_BT,Khoa học môi trường,B00,15.05,,THPTQG,2018,Phân hiệu ĐHQG- HCM tại tỉnh bến Tre,daniele15,
QST,7440301_BT,Khoa học môi trường,D07,15.05,,THPTQG,2018,Phân hiệu ĐHQG- HCM tại tỉnh bến Tre,daniele15,
QST,7440301_BT,Khoa học môi trường,D08,15.05,,THPTQG,2018,Phân hiệu ĐHQG- HCM tại tỉnh bến Tre,daniele15,
QST,7460101,Toán học,A00,16.05,,THPTQG,2018,,daniele15,
QST,7460101,Toán học,A01,16.05,,THPTQG,2018,,daniele15,
QST,7460101,Toán học,D90,16.05,,THPTQG,2018,,daniele15,
QST,7480201,Nhóm ngành máy tính và Công nghệ thông tin,A00,22.75,,THPTQG,2018,,daniele15,
QST,7480201,Nhóm ngành máy tính và Công nghệ thông tin,A01,22.75,,THPTQG,2018,,daniele15,
QST,7480201,Nhóm ngành máy tính và Công nghệ thông tin,D07,22.75,,THPTQG,2018,,daniele15,
QST,7480201,Nhóm ngành máy tính và Công nghệ thông tin,D08,22.75,,THPTQG,2018,,daniele15,
QST,7480201_CLC,Công nghệ thông tin,A00,21.20,,THPTQG,2018,chương trình chất lượng cao,daniele15,
QST,7480201_CLC,Công nghệ thông tin,A01,21.20,,THPTQG,2018,chương trình chất lượng cao,daniele15,
QST,7480201_CLC,Công nghệ thông tin,D07,21.20,,THPTQG,2018,chương trình chất lượng cao,daniele15,
QST,7480201_CLC,Công nghệ thông tin,D08,21.20,,THPTQG,2018,chương trình chất lượng cao,daniele15,
QST,7480201_TT,Công nghệ thông tin,A00,21.40,,THPTQG,2018,Chương trình Tiên tiến,daniele15,
QST,7480201_TT,Công nghệ thông tin,A01,21.40,,THPTQG,2018,Chương trình Tiên tiến,daniele15,
QST,7480201_TT,Công nghệ thông tin,D07,21.40,,THPTQG,2018,Chương trình Tiên tiến,daniele15,
QST,7480201_TT,Công nghệ thông tin,D08,21.40,,THPTQG,2018,Chương trình Tiên tiến,daniele15,
QST,7480201_VP,Công nghệ thông tin,A00,20.10,,THPTQG,2018,Chương trình Việt Pháp,daniele15,
QST,7480201_VP,Công nghệ thông tin,A01,20.10,,THPTQG,2018,Chương trình Việt Pháp,daniele15,
QST,7480201_VP,Công nghệ thông tin,D07,20.10,,THPTQG,2018,Chương trình Việt Pháp,daniele15,
QST,7480201_VP,Công nghệ thông tin,D08,20.10,,THPTQG,2018,Chương trình Việt Pháp,daniele15,
QST,7510401_CLC,Công nghệ kỹ thuật hoá học,A00,19.75,,THPTQG,2018,Chương trình Chất lượng cao,daniele15,
QST,7510401_CLC,Công nghệ kỹ thuật hoá học,B00,19.75,,THPTQG,2018,Chương trình Chất lượng cao,daniele15,
QST,7510401_CLC,Công nghệ kỹ thuật hoá học,D07,19.75,,THPTQG,2018,Chương trình Chất lượng cao,daniele15,
QST,7510401_CLC,Công nghệ kỹ thuật hoá học,D90,19.75,,THPTQG,2018,Chương trình Chất lượng cao,daniele15,
QST,7510406,Công nghệ kỹ thuật môi trường,A00,16.00,,THPTQG,2018,,daniele15,
QST,7510406,Công nghệ kỹ thuật môi trường,B00,16.00,,THPTQG,2018,,daniele15,
QST,7510406,Công nghệ kỹ thuật môi trường,D07,16.00,,THPTQG,2018,,daniele15,
QST,7510406,Công nghệ kỹ thuật môi trường,D08,16.00,,THPTQG,2018,,daniele15,
QST,7520207,Kỹ thuật điện tử - viễn thông,A00,17.85,,THPTQG,2018,,daniele15,
QST,7520207,Kỹ thuật điện tử - viễn thông,A01,17.85,,THPTQG,2018,,daniele15,
QST,7520207,Kỹ thuật điện tử - viễn thông,D07,17.85,,THPTQG,2018,,daniele15,
QST,7520207,Kỹ thuật điện tử - viễn thông,D08,17.85,,THPTQG,2018,,daniele15,
QST,7520207_CLC,Kỹ thuật điện tử - viễn thông,A00,16.10,,THPTQG,2018,Chương trình chất lượng cao,daniele15,
QST,7520207_CLC,Kỹ thuật điện tử - viễn thông,A01,16.10,,THPTQG,2018,Chương trình chất lượng cao,daniele15,
QST,7520207_CLC,Kỹ thuật điện tử - viễn thông,D07,16.10,,THPTQG,2018,Chương trình chất lượng cao,daniele15,
QST,7520207_CLC,Kỹ thuật điện tử - viễn thông,D08,16.10,,THPTQG,2018,Chương trình chất lượng cao,daniele15,
QST,7520402,Kỹ thuật hạt nhân,A00,16.90,,THPTQG,2018,,daniele15,
QST,7520402,Kỹ thuật hạt nhân,A01,16.90,,THPTQG,2018,,daniele15,
QST,7520402,Kỹ thuật hạt nhân,A02,16.90,,THPTQG,2018,,daniele15,
QST,7520402,Kỹ thuật hạt nhân,D90,16.90,,THPTQG,2018,,daniele15,
QSX,7140101,Giáo dục học,B00,19.80,,THPTQG,2018,,daniele15,
QSX,7140101,Giáo dục học,C01,19.80,,THPTQG,2018,,daniele15,
QSX,7140101,Giáo dục học,D01,19.80,,THPTQG,2018,,daniele15,
QSX,7140101,Giáo dục học,B00,17.80,,THPTQG,2018,,daniele15,
QSX,7140101,Giáo dục học,C01,17.80,,THPTQG,2018,,daniele15,
QSX,7140101,Giáo dục học,D01,17.80,,THPTQG,2018,,daniele15,
QSX,7220201,Ngôn ngữ Anh,D01,23.20,,THPTQG,2018,,daniele15,
QSX,7220201_BT,Ngôn ngữ Anh,D01,21.20,,THPTQG,2018,,daniele15,
QSX,7220202,Ngôn ngữ Nga,D01,18.10,,THPTQG,2018,,daniele15,
QSX,7220202,Ngôn ngữ Nga,D02,18.10,,THPTQG,2018,,daniele15,
QSX,7220203,Ngôn ngữ Pháp,D01,20.60,,THPTQG,2018,,daniele15,
QSX,7220203,Ngôn ngữ Pháp,D03,20.60,,THPTQG,2018,,daniele15,
QSX,7220204,Ngôn ngữ Trung Quốc,D01,22.03,,THPTQG,2018,,daniele15,
QSX,7220204,Ngôn ngữ Trung Quốc,D04,22.03,,THPTQG,2018,,daniele15,
QSX,7220205,Ngôn ngữ Đức,D01,20.20,,THPTQG,2018,,daniele15,
QSX,7220205,Ngôn ngữ Đức,D05,20.20,,THPTQG,2018,,daniele15,
QSX,7220206,Ngôn ngữ Tây Ban Nha,D01,19.30,,THPTQG,2018,,daniele15,
QSX,7220206,Ngôn ngữ Tây Ban Nha,D03,19.30,,THPTQG,2018,,daniele15,
QSX,7220206,Ngôn ngữ Tây Ban Nha,D05,19.30,,THPTQG,2018,,daniele15,
QSX,7220208,Ngôn ngữ Italia,D01,18.80,,THPTQG,2018,,daniele15,
QSX,7220208,Ngôn ngữ Italia,D03,18.80,,THPTQG,2018,,daniele15,
QSX,7220208,Ngôn ngữ Italia,D05,18.80,,THPTQG,2018,,daniele15,
QSX,7229001,Triết học,A01,19.25,,THPTQG,2018,,daniele15,
QSX,7229001,Triết học,D01,19.25,,THPTQG,2018,,daniele15,
QSX,7229001,Triết học,D14,19.25,,THPTQG,2018,,daniele15,
QSX,7229001,Triết học,A01,17.25,,THPTQG,2018,,daniele15,
QSX,7229001,Triết học,D01,17.25,,THPTQG,2018,,daniele15,
QSX,7229001,Triết học,D14,17.25,,THPTQG,2018,,daniele15,
QSX,7229010,Lịch sử,D01,19.10,,THPTQG,2018,,daniele15,
QSX,7229010,Lịch sử,D14,19.10,,THPTQG,2018,,daniele15,
QSX,7229010,Lịch sử,D01,18.10,,THPTQG,2018,,daniele15,
QSX,7229010,Lịch sử,D14,18.10,,THPTQG,2018,,daniele15,
QSX,7229020,Ngôn ngữ học,D01,22.00,,THPTQG,2018,,daniele15,
QSX,7229020,Ngôn ngữ học,D14,22.00,,THPTQG,2018,,daniele15,
QSX,7229020,Ngôn ngữ học,D01,21.00,,THPTQG,2018,,daniele15,
QSX,7229020,Ngôn ngữ học,D14,21.00,,THPTQG,2018,,daniele15,
QSX,7229030,Văn học,D01,22.40,,THPTQG,2018,,daniele15,
QSX,7229030,Văn học,D14,22.40,,THPTQG,2018,,daniele15,
QSX,7229030,Văn học,D01,21.40,,THPTQG,2018,,daniele15,
QSX,7229030,Văn học,D14,21.40,,THPTQG,2018,,daniele15,
QSX,7229040,Văn hoá học,D01,21.50,,THPTQG,2018,,daniele15,
QSX,7229040,Văn hoá học,D14,21.50,,THPTQG,2018,,daniele15,
QSX,7229040,Văn hoá học,D01,20.50,,THPTQG,2018,,daniele15,
QSX,7229040,Văn hoá học,D14,20.50,,THPTQG,2018,,daniele15,
QSX,7310206,Quan hệ quốc tế,D01,22.60,,THPTQG,2018,,daniele15,
QSX,7310206,Quan hệ quốc tế,D14,22.60,,THPTQG,2018,,daniele15,
QSX,7310301,Xã hội học,A00,20.50,,THPTQG,2018,,daniele15,
QSX,7310301,Xã hội học,D01,20.50,,THPTQG,2018,,daniele15,
QSX,7310301,Xã hội học,D14,20.50,,THPTQG,2018,,daniele15,
QSX,7310301,Xã hội học,A00,19.50,,THPTQG,2018,,daniele15,
QSX,7310301,Xã hội học,D01,19.50,,THPTQG,2018,,daniele15,
QSX,7310301,Xã hội học,D14,19.50,,THPTQG,2018,,daniele15,
QSX,7310302,Nhân học,D01,19.75,,THPTQG,2018,,daniele15,
QSX,7310302,Nhân học,D14,19.75,,THPTQG,2018,,daniele15,
QSX,7310302,Nhân học,D01,18.75,,THPTQG,2018,,daniele15,
QSX,7310302,Nhân học,D14,18.75,,THPTQG,2018,,daniele15,
QSX,7310401,Tâm lý học,B00,23.20,,THPTQG,2018,,daniele15,
QSX,7310401,Tâm lý học,D01,23.20,,THPTQG,2018,,daniele15,
QSX,7310401,Tâm lý học,D14,23.20,,THPTQG,2018,,daniele15,
QSX,7310401,Tâm lý học,B00,22.20,,THPTQG,2018,,daniele15,
QSX,7310401,Tâm lý học,D01,22.20,,THPTQG,2018,,daniele15,
QSX,7310401,Tâm lý học,D14,22.20,,THPTQG,2018,,daniele15,
QSX,7310501,Địa lý học,A01,21.25,,THPTQG,2018,,daniele15,
QSX,7310501,Địa lý học,D01,21.25,,THPTQG,2018,,daniele15,
QSX,7310501,Địa lý học,D15,21.25,,THPTQG,2018,,daniele15,
QSX,7310501,Địa lý học,A01,20.25,,THPTQG,2018,,daniele15,
QSX,7310501,Địa lý học,D01,20.25,,THPTQG,2018,,daniele15,
QSX,7310501,Địa lý học,D15,20.25,,THPTQG,2018,,daniele15,
QSX,7310608,Đông phương học,D01,21.60,,THPTQG,2018,,daniele15,
QSX,7310608,Đông phương học,D04,21.60,,THPTQG,2018,,daniele15,
QSX,7310608,Đông phương học,D14,21.60,,THPTQG,2018,,daniele15,
QSX,7310613,Nhật Bản học,D01,22.60,,THPTQG,2018,,daniele15,
QSX,7310613,Nhật Bản học,D06,22.60,,THPTQG,2018,,daniele15,
QSX,7310613,Nhật Bản học,D14,22.60,,THPTQG,2018,,daniele15,
QSX,7310613_BT,Nhật Bản học,D01,20.60,,THPTQG,2018,,daniele15,
QSX,7310613_BT,Nhật Bản học,D06,20.60,,THPTQG,2018,,daniele15,
QSX,7310613_BT,Nhật Bản học,D14,20.60,,THPTQG,2018,,daniele15,
QSX,7310614,Hàn Quốc học,D01,22.25,,THPTQG,2018,,daniele15,
QSX,7310614,Hàn Quốc học,D14,22.25,,THPTQG,2018,,daniele15,
QSX,7320101,Báo chí,D01,24.60,,THPTQG,2018,,daniele15,
QSX,7320101,Báo chí,D14,24.60,,THPTQG,2018,,daniele15,
QSX,7320101,Báo chí,D01,22.60,,THPTQG,2018,,daniele15,
QSX,7320101,Báo chí,D14,22.60,,THPTQG,2018,,daniele15,
QSX,7320101_BT,Báo chí,D01,20.60,,THPTQG,2018,,daniele15,
QSX,7320101_BT,Báo chí,D14,20.60,,THPTQG,2018,,daniele15,
QSX,7320201,Thông tin - thư viện,A01,17.00,,THPTQG,2018,,daniele15,
QSX,7320201,Thông tin - thư viện,D01,17.00,,THPTQG,2018,,daniele15,
QSX,7320201,Thông tin - thư viện,D14,17.00,,THPTQG,2018,,daniele15,
QSX,7320201,Thông tin - thư viện,A01,16.50,,THPTQG,2018,,daniele15,
QSX,7320201,Thông tin - thư viện,D01,16.50,,THPTQG,2018,,daniele15,
QSX,7320201,Thông tin - thư viện,D14,16.50,,THPTQG,2018,,daniele15,
QSX,7320303,Lưu trữ học,D01,20.25,,THPTQG,2018,,daniele15,
QSX,7320303,Lưu trữ học,D14,20.25,,THPTQG,2018,,daniele15,
QSX,7320303,Lưu trữ học,D01,19.25,,THPTQG,2018,,daniele15,
QSX,7320303,Lưu trữ học,D14,19.25,,THPTQG,2018,,daniele15,
QSX,7580112,Đô thị học,D01,17.00,,THPTQG,2018,,daniele15,
QSX,7580112_BT,Đô thị học,A00,16.50,,THPTQG,2018,,daniele15,
QSX,7580112_BT,Đô thị học,A01,16.50,,THPTQG,2018,,daniele15,
QSX,7580112_BT,Đô thị học,D14,16.50,,THPTQG,2018,,daniele15,
QSX,7760101,Công tác xã hội,D01,20.00,,THPTQG,2018,,daniele15,
QSX,7760101,Công tác xã hội,D14,20.00,,THPTQG,2018,,daniele15,
QSX,7760101,Công tác xã hội,D01,19.00,,THPTQG,2018,,daniele15,
QSX,7760101,Công tác xã hội,D14,19.00,,THPTQG,2018,,daniele15,
QSX,7810101,Du lịch,C00,24.90,,THPTQG,2018,,daniele15,
QSX,7810101_BT,Du lịch,D01,22.90,,THPTQG,2018,,daniele15,
QSX,7810101_BT,Du lịch,D14,22.90,,THPTQG,2018,,daniele15,
QSY,7720101_CLC,Y khoa,B00,22.10,,THPTQG,2018,Chất lượng cao,daniele15,
QSY,7720201,Dược học,B00,22.00,,THPTQG,2018,,daniele15,
SDU,7220201,Ngôn ngữ Anh,D01,14.00,,HocBa,2018,Điểm chuẩn học bạ: 18 điểm,daniele15,
SDU,7220201,Ngôn ngữ Anh,D14,14.00,,HocBa,2018,Điểm chuẩn học bạ: 18 điểm,daniele15,
SDU,7220201,Ngôn ngữ Anh,D15,14.00,,HocBa,2018,Điểm chuẩn học bạ: 18 điểm,daniele15,
SDU,7220201,Ngôn ngữ Anh,D66,14.00,,HocBa,2018,Điểm chuẩn học bạ: 18 điểm,daniele15,
SDU,7220204,Ngôn ngữ Trung Quốc,D01,14.00,,HocBa,2018,Điểm chuẩn học bạ: 18 điểm,daniele15,
SDU,7220204,Ngôn ngữ Trung Quốc,D15,14.00,,HocBa,2018,Điểm chuẩn học bạ: 18 điểm,daniele15,
SDU,7220204,Ngôn ngữ Trung Quốc,D66,14.00,,HocBa,2018,Điểm chuẩn học bạ: 18 điểm,daniele15,
SDU,7220204,Ngôn ngữ Trung Quốc,D71,14.00,,HocBa,2018,Điểm chuẩn học bạ: 18 điểm,daniele15,
SDU,7310630,Việt Nam học,C00,14.00,,HocBa,2018,Hướng dẫn Du lịchĐiểm chuẩn học bạ: 18 điểm,daniele15,
SDU,7310630,Việt Nam học,C20,14.00,,HocBa,2018,Hướng dẫn Du lịchĐiểm chuẩn học bạ: 18 điểm,daniele15,
SDU,7310630,Việt Nam học,D01,14.00,,HocBa,2018,Hướng dẫn Du lịchĐiểm chuẩn học bạ: 18 điểm,daniele15,
SDU,7310630,Việt Nam học,D15,14.00,,HocBa,2018,Hướng dẫn Du lịchĐiểm chuẩn học bạ: 18 điểm,daniele15,
SDU,7340101,Quản trị kinh doanh,A00,14.00,,HocBa,2018,Điểm chuẩn học bạ: 18 điểm,daniele15,
SDU,7340101,Quản trị kinh doanh,A09,14.00,,HocBa,2018,Điểm chuẩn học bạ: 18 điểm,daniele15,
SDU,7340101,Quản trị kinh doanh,C01,14.00,,HocBa,2018,Điểm chuẩn học bạ: 18 điểm,daniele15,
SDU,7340101,Quản trị kinh doanh,D01,14.00,,HocBa,2018,Điểm chuẩn học bạ: 18 điểm,daniele15,
SDU,7340301,Kế toán,A00,14.00,,HocBa,2018,Điểm chuẩn học bạ: 18 điểm,daniele15,
SDU,7340301,Kế toán,A09,14.00,,HocBa,2018,Điểm chuẩn học bạ: 18 điểm,daniele15,
SDU,7340301,Kế toán,C01,14.00,,HocBa,2018,Điểm chuẩn học bạ: 18 điểm,daniele15,
SDU,7340301,Kế toán,D01,14.00,,HocBa,2018,Điểm chuẩn học bạ: 18 điểm,daniele15,
SDU,7480201,Công nghệ thông tin,A00,14.00,,HocBa,2018,Điểm chuẩn học bạ: 18 điểm,daniele15,
SDU,7480201,Công nghệ thông tin,A09,14.00,,HocBa,2018,Điểm chuẩn học bạ: 18 điểm,daniele15,
SDU,7480201,Công nghệ thông tin,C01,14.00,,HocBa,2018,Điểm chuẩn học bạ: 18 điểm,daniele15,
SDU,7480201,Công nghệ thông tin,D01,14.00,,HocBa,2018,Điểm chuẩn học bạ: 18 điểm,daniele15,
SDU,7510201,Công nghệ kỹ thuật cơ khí,A00,14.00,,HocBa,2018,Điểm chuẩn học bạ: 18 điểm,daniele15,
SDU,7510201,Công nghệ kỹ thuật cơ khí,A09,14.00,,HocBa,2018,Điểm chuẩn học bạ: 18 điểm,daniele15,
SDU,7510201,Công nghệ kỹ thuật cơ khí,C01,14.00,,HocBa,2018,Điểm chuẩn học bạ: 18 điểm,daniele15,
SDU,7510201,Công nghệ kỹ thuật cơ khí,D01,14.00,,HocBa,2018,Điểm chuẩn học bạ: 18 điểm,daniele15,
SDU,7510205,Công nghệ kỹ thuật ô tô,A00,15.00,,HocBa,2018,Điểm chuẩn học bạ: 18 điểm,daniele15,
SDU,7510205,Công nghệ kỹ thuật ô tô,A09,15.00,,HocBa,2018,Điểm chuẩn học bạ: 18 điểm,daniele15,
SDU,7510205,Công nghệ kỹ thuật ô tô,C01,15.00,,HocBa,2018,Điểm chuẩn học bạ: 18 điểm,daniele15,
SDU,7510205,Công nghệ kỹ thuật ô tô,D01,15.00,,HocBa,2018,Điểm chuẩn học bạ: 18 điểm,daniele15,
SDU,7510301,"Công nghệ kỹ thuật điện, điện tử",A00,14.00,,HocBa,2018,Điểm chuẩn học bạ: 18 điểm,daniele15,
SDU,7510301,"Công nghệ kỹ thuật điện, điện tử",A09,14.00,,HocBa,2018,Điểm chuẩn học bạ: 18 điểm,daniele15,
SDU,7510301,"Công nghệ kỹ thuật điện, điện tử",C01,14.00,,HocBa,2018,Điểm chuẩn học bạ: 18 điểm,daniele15,
SDU,7510301,"Công nghệ kỹ thuật điện, điện tử",D01,14.00,,HocBa,2018,Điểm chuẩn học bạ: 18 điểm,daniele15,
SDU,7510302,Công nghệ kỹ thuật điện tử - viễn thông,A00,14.00,,HocBa,2018,Điểm chuẩn học bạ: 18 điểm,daniele15,
SDU,7510302,Công nghệ kỹ thuật điện tử - viễn thông,A09,14.00,,HocBa,2018,Điểm chuẩn học bạ: 18 điểm,daniele15,
SDU,7510302,Công nghệ kỹ thuật điện tử - viễn thông,C01,14.00,,HocBa,2018,Điểm chuẩn học bạ: 18 điểm,daniele15,
SDU,7510302,Công nghệ kỹ thuật điện tử - viễn thông,D01,14.00,,HocBa,2018,Điểm chuẩn học bạ: 18 điểm,daniele15,
SDU,7520216,Kỹ thuật điều khiển và tự động hoá,A00,14.00,,HocBa,2018,Điểm chuẩn học bạ: 18 điểm,daniele15,
SDU,7520216,Kỹ thuật điều khiển và tự động hoá,A09,14.00,,HocBa,2018,Điểm chuẩn học bạ: 18 điểm,daniele15,
SDU,7520216,Kỹ thuật điều khiển và tự động hoá,C01,14.00,,HocBa,2018,Điểm chuẩn học bạ: 18 điểm,daniele15,
SDU,7520216,Kỹ thuật điều khiển và tự động hoá,D01,14.00,,HocBa,2018,Điểm chuẩn học bạ: 18 điểm,daniele15,
SDU,7540101,Công nghệ thực phẩm,A00,14.00,,HocBa,2018,Điểm chuẩn học bạ: 18 điểm,daniele15,
SDU,7540101,Công nghệ thực phẩm,A09,14.00,,HocBa,2018,Điểm chuẩn học bạ: 18 điểm,daniele15,
SDU,7540101,Công nghệ thực phẩm,B00,14.00,,HocBa,2018,Điểm chuẩn học bạ: 18 điểm,daniele15,
SDU,7540101,Công nghệ thực phẩm,D01,14.00,,HocBa,2018,Điểm chuẩn học bạ: 18 điểm,daniele15,
SDU,7540204,"Công nghệ dệt, may",A00,15.00,,HocBa,2018,Điểm chuẩn học bạ: 18 điểm,daniele15,
SDU,7540204,"Công nghệ dệt, may",A09,15.00,,HocBa,2018,Điểm chuẩn học bạ: 18 điểm,daniele15,
SDU,7540204,"Công nghệ dệt, may",C20,15.00,,HocBa,2018,Điểm chuẩn học bạ: 18 điểm,daniele15,
SDU,7540204,"Công nghệ dệt, may",D01,15.00,,HocBa,2018,Điểm chuẩn học bạ: 18 điểm,daniele15,
SGD,7140114,Quản lý giáo dục,D01,18.50,,THPTQG,2018,,daniele15,
SGD,7140114,Quản lý giáo dục,D01,17.50,,THPTQG,2018,,daniele15,
SGD,7140201,Giáo dục Mầm non,,22.00,,THPTQG,2018,,daniele15,
SGD,7140202,Giáo dục Tiểu học,D01,19.00,,THPTQG,2018,,daniele15,
SGD,7140205,Giáo dục Chính trị,C03,18.00,,THPTQG,2018,,daniele15,
SGD,7140205,Giáo dục Chính trị,D01,18.00,,THPTQG,2018,,daniele15,
SGD,7140209,Sư phạm Toán học,A01,21.29,,THPTQG,2018,Môn chính: Toán,daniele15,
SGD,7140209,Sư phạm Toán học,A01,20.29,,THPTQG,2018,Môn chính: Toán,daniele15,
SGD,7140211,Sư phạm Vật lý,A00,20.30,,THPTQG,2018,Môn chính: Lý,daniele15,
SGD,7140212,Sư phạm Hóa học,A00,20.66,,THPTQG,2018,Môn chính: Hóa,daniele15,
SGD,7140213,Sư phạm Sinh học,B00,18.00,,THPTQG,2018,Môn chính: Sinh,daniele15,
SGD,7140217,Sư phạm Ngữ văn,C00,20.88,,THPTQG,2018,Môn chính: Văn,daniele15,
SGD,7140218,Sư phạm Lịch sử,C00,18.13,,THPTQG,2018,Môn chính: Sử,daniele15,
SGD,7140219,Sư phạm Địa lý,C00,20.38,,THPTQG,2018,Môn chính: Địa,daniele15,
SGD,7140219,Sư phạm Địa lý,C04,20.38,,THPTQG,2018,Môn chính: Địa,daniele15,
SGD,7140221,Sư phạm Âm nhạc,N01,20.00,,THPTQG,2018,,daniele15,
SGD,7140222,Sư phạm Mỹ thuật,H00,18.00,,THPTQG,2018,,daniele15,
SGD,7140231,Sư phạm Tiếng Anh,D01,20.95,,THPTQG,2018,Môn chính: Anh,daniele15,
SGD,7210205,Thanh nhạc,N02,20.75,,THPTQG,2018,,daniele15,
SGD,7220201,Ngôn ngữ Anh,D01,20.78,,THPTQG,2018,CN Thương mại và Du lịchMôn chính: Anh,daniele15,
SGD,7310401,Tâm lý học,D01,18.50,,THPTQG,2018,,daniele15,
SGD,7310601,Quốc tế học,D01,18.45,,THPTQG,2018,Môn chính: Anh,daniele15,
SGD,7310630,Việt Nam học,C00,19.50,,THPTQG,2018,,daniele15,
SGD,7320201,Thông tin - thư viện,C04,16.20,,THPTQG,2018,,daniele15,
SGD,7320201,Thông tin - thư viện,D01,16.20,,THPTQG,2018,,daniele15,
SGD,7340101,Quản trị kinh doanh,D01,19.58,,THPTQG,2018,Môn chính: Toán,daniele15,
SGD,7340101,Quản trị kinh doanh,D01,18.58,,THPTQG,2018,Môn chính: Toán,daniele15,
SGD,7340120,Kinh doanh quốc tế,D01,19.98,,THPTQG,2018,Môn chính: Toán,daniele15,
SGD,7340120,Kinh doanh quốc tế,D01,18.98,,THPTQG,2018,Môn chính: Toán,daniele15,
SGD,7340201,Tài chính - Ngân hàng,D01,18.28,,THPTQG,2018,Môn chính: Toán,daniele15,
SGD,7340201,Tài chính - Ngân hàng,D01,17.28,,THPTQG,2018,Môn chính: Toán,daniele15,
SGD,7340301,Kế toán,D01,18.96,,THPTQG,2018,Môn chính: Toán,daniele15,
SGD,7340301,Kế toán,D01,17.96,,THPTQG,2018,Môn chính: Toán,daniele15,
SGD,7340406,Quản trị văn phòng,D01,20.29,,THPTQG,2018,Môn chính: Văn,daniele15,
SGD,7340406,Quản trị văn phòng,D01,19.29,,THPTQG,2018,Môn chính: Văn,daniele15,
SGD,7380101,Luật,D01,20.15,,THPTQG,2018,Môn chính: Văn,daniele15,
SGD,7380101,Luật,D01,19.15,,THPTQG,2018,Môn chính: Văn,daniele15,
SGD,7440301,Khoa học môi trường,A00,16.00,,THPTQG,2018,,daniele15,
SGD,7440301,Khoa học môi trường,A00,15.00,,THPTQG,2018,,daniele15,
SGD,7460112,Toán ứng dụng,A01,16.34,,THPTQG,2018,Môn chính: Toán,daniele15,
SGD,7460112,Toán ứng dụng,A01,15.34,,THPTQG,2018,Môn chính: Toán,daniele15,
SGD,7480103,Kỹ thuật phần mềm,A00,16.54,,THPTQG,2018,Môn chính: Toán,daniele15,
SGD,7480103,Kỹ thuật phần mềm,A01,16.54,,THPTQG,2018,Môn chính: Toán,daniele15,
SGD,7480201,Công nghệ thông tin,A00,18.29,,THPTQG,2018,Môn chính: Toán,daniele15,
SGD,7480201,Công nghệ thông tin,A01,18.29,,THPTQG,2018,Môn chính: Toán,daniele15,
SGD,7480201CLC,Công nghệ thông tin,A00,16.53,,THPTQG,2018,chương trình chất lượng caoMôn chính: Toán,daniele15,
SGD,7480201CLC,Công nghệ thông tin,A01,16.53,,THPTQG,2018,chương trình chất lượng caoMôn chính: Toán,daniele15,
SGD,7510301,"Công nghệ kỹ thuật điện, điện tử",A01,18.20,,THPTQG,2018,,daniele15,
SGD,7510301,"Công nghệ kỹ thuật điện, điện tử",A01,17.20,,THPTQG,2018,,daniele15,
SGD,7510302,Công nghệ kỹ thuật điện tử - viễn thông,A01,16.30,,THPTQG,2018,,daniele15,
SGD,7510302,Công nghệ kỹ thuật điện tử - viễn thông,A01,15.30,,THPTQG,2018,,daniele15,
SGD,7510406,Công nghệ kỹ thuật môi trường,A00,16.10,,THPTQG,2018,,daniele15,
SGD,7510406,Công nghệ kỹ thuật môi trường,A00,15.10,,THPTQG,2018,,daniele15,
SGD,7520201,Kỹ thuật điện,A01,16.30,,THPTQG,2018,,daniele15,
SGD,7520201,Kỹ thuật điện,A01,15.30,,THPTQG,2018,,daniele15,
SGD,7520207,Kỹ thuật điện tử - viễn thông,A01,16.65,,THPTQG,2018,,daniele15,
SGD,7520207,Kỹ thuật điện tử - viễn thông,A01,15.65,,THPTQG,2018,,daniele15,
SKH,7140214,Sư phạm kỹ thuật công nghiệp,A00,17.00,,HocBa,2018,chuyên sâu Điện tử - Tin họcĐiểm chuẩn học bạ lấy Học lực giỏi,daniele15,
SKH,7140214,Sư phạm kỹ thuật công nghiệp,A01,17.00,,HocBa,2018,chuyên sâu Điện tử - Tin họcĐiểm chuẩn học bạ lấy Học lực giỏi,daniele15,
SKH,7140214,Sư phạm kỹ thuật công nghiệp,D01,17.00,,HocBa,2018,chuyên sâu Điện tử - Tin họcĐiểm chuẩn học bạ lấy Học lực giỏi,daniele15,
SKH,7140214,Sư phạm kỹ thuật công nghiệp,D07,17.00,,HocBa,2018,chuyên sâu Điện tử - Tin họcĐiểm chuẩn học bạ lấy Học lực giỏi,daniele15,
SKH,7220201,Ngôn ngữ Anh,A01,14.00,,THPTQG,2018,Điểm chuẩn theo kết quả lớp 12 lấy 18 điểm,daniele15,
SKH,7220201,Ngôn ngữ Anh,D01,14.00,,THPTQG,2018,Điểm chuẩn theo kết quả lớp 12 lấy 18 điểm,daniele15,
SKH,7220201,Ngôn ngữ Anh,D09,14.00,,THPTQG,2018,Điểm chuẩn theo kết quả lớp 12 lấy 18 điểm,daniele15,
SKH,7220201,Ngôn ngữ Anh,D10,14.00,,THPTQG,2018,Điểm chuẩn theo kết quả lớp 12 lấy 18 điểm,daniele15,
SKH,7310101,Kinh tế,A00,14.00,,THPTQG,2018,Kinh tế đầu tưĐiểm chuẩn theo kết quả lớp 12 lấy 18 điểm,daniele15,
SKH,7310101,Kinh tế,A01,14.00,,THPTQG,2018,Kinh tế đầu tưĐiểm chuẩn theo kết quả lớp 12 lấy 18 điểm,daniele15,
SKH,7310101,Kinh tế,D01,14.00,,THPTQG,2018,Kinh tế đầu tưĐiểm chuẩn theo kết quả lớp 12 lấy 18 điểm,daniele15,
SKH,7310101,Kinh tế,D07,14.00,,THPTQG,2018,Kinh tế đầu tưĐiểm chuẩn theo kết quả lớp 12 lấy 18 điểm,daniele15,
SKH,7340101,Quản trị kinh doanh,A00,14.00,,THPTQG,2018,Điểm chuẩn theo kết quả lớp 12 lấy 18 điểm,daniele15,
SKH,7340101,Quản trị kinh doanh,A01,14.00,,THPTQG,2018,Điểm chuẩn theo kết quả lớp 12 lấy 18 điểm,daniele15,
SKH,7340101,Quản trị kinh doanh,D01,14.00,,THPTQG,2018,Điểm chuẩn theo kết quả lớp 12 lấy 18 điểm,daniele15,
SKH,7340101,Quản trị kinh doanh,D07,14.00,,THPTQG,2018,Điểm chuẩn theo kết quả lớp 12 lấy 18 điểm,daniele15,
SKH,7340301,Kế toán,A00,14.00,,THPTQG,2018,Kế toán doanh nghiệpĐiểm chuẩn theo kết quả lớp 12 lấy 18 điểm,daniele15,
SKH,7340301,Kế toán,A01,14.00,,THPTQG,2018,Kế toán doanh nghiệpĐiểm chuẩn theo kết quả lớp 12 lấy 18 điểm,daniele15,
SKH,7340301,Kế toán,D01,14.00,,THPTQG,2018,Kế toán doanh nghiệpĐiểm chuẩn theo kết quả lớp 12 lấy 18 điểm,daniele15,
SKH,7340301,Kế toán,D07,14.00,,THPTQG,2018,Kế toán doanh nghiệpĐiểm chuẩn theo kết quả lớp 12 lấy 18 điểm,daniele15,
SKH,7480201,Công nghệ thông tin,A00,15.00,,THPTQG,2018,Điểm chuẩn theo kết quả lớp 12 lấy 18 điểm,daniele15,
SKH,7480201,Công nghệ thông tin,A01,15.00,,THPTQG,2018,Điểm chuẩn theo kết quả lớp 12 lấy 18 điểm,daniele15,
SKH,7480201,Công nghệ thông tin,D01,15.00,,THPTQG,2018,Điểm chuẩn theo kết quả lớp 12 lấy 18 điểm,daniele15,
SKH,7480201,Công nghệ thông tin,D07,15.00,,THPTQG,2018,Điểm chuẩn theo kết quả lớp 12 lấy 18 điểm,daniele15,
SKH,7510201,Công nghệ kỹ thuật cơ khí,A00,15.00,,THPTQG,2018,Điểm chuẩn theo kết quả lớp 12 lấy 18 điểm,daniele15,
SKH,7510201,Công nghệ kỹ thuật cơ khí,A01,15.00,,THPTQG,2018,Điểm chuẩn theo kết quả lớp 12 lấy 18 điểm,daniele15,
SKH,7510201,Công nghệ kỹ thuật cơ khí,D01,15.00,,THPTQG,2018,Điểm chuẩn theo kết quả lớp 12 lấy 18 điểm,daniele15,
SKH,7510201,Công nghệ kỹ thuật cơ khí,D07,15.00,,THPTQG,2018,Điểm chuẩn theo kết quả lớp 12 lấy 18 điểm,daniele15,
SKH,7510202,Công nghệ chế tạo máy,A00,14.00,,THPTQG,2018,Điểm chuẩn theo kết quả lớp 12 lấy 18 điểm,daniele15,
SKH,7510202,Công nghệ chế tạo máy,A01,14.00,,THPTQG,2018,Điểm chuẩn theo kết quả lớp 12 lấy 18 điểm,daniele15,
SKH,7510202,Công nghệ chế tạo máy,D01,14.00,,THPTQG,2018,Điểm chuẩn theo kết quả lớp 12 lấy 18 điểm,daniele15,
SKH,7510202,Công nghệ chế tạo máy,D07,14.00,,THPTQG,2018,Điểm chuẩn theo kết quả lớp 12 lấy 18 điểm,daniele15,
SKH,7510203,Công nghệ kỹ thuật cơ điện tử,A00,15.00,,THPTQG,2018,Điểm chuẩn theo kết quả lớp 12 lấy 18 điểm,daniele15,
SKH,7510203,Công nghệ kỹ thuật cơ điện tử,A01,15.00,,THPTQG,2018,Điểm chuẩn theo kết quả lớp 12 lấy 18 điểm,daniele15,
SKH,7510203,Công nghệ kỹ thuật cơ điện tử,D01,15.00,,THPTQG,2018,Điểm chuẩn theo kết quả lớp 12 lấy 18 điểm,daniele15,
SKH,7510203,Công nghệ kỹ thuật cơ điện tử,D07,15.00,,THPTQG,2018,Điểm chuẩn theo kết quả lớp 12 lấy 18 điểm,daniele15,
SKH,7510205,Công nghệ kỹ thuật ô tô,A00,14.00,,THPTQG,2018,Điểm chuẩn theo kết quả lớp 12 lấy 18 điểm,daniele15,
SKH,7510205,Công nghệ kỹ thuật ô tô,A01,14.00,,THPTQG,2018,Điểm chuẩn theo kết quả lớp 12 lấy 18 điểm,daniele15,
SKH,7510205,Công nghệ kỹ thuật ô tô,D01,14.00,,THPTQG,2018,Điểm chuẩn theo kết quả lớp 12 lấy 18 điểm,daniele15,
SKH,7510205,Công nghệ kỹ thuật ô tô,D07,14.00,,THPTQG,2018,Điểm chuẩn theo kết quả lớp 12 lấy 18 điểm,daniele15,
SKH,7510301,"Công nghệ kỹ thuật điện, điện tử",A00,14.00,,THPTQG,2018,Điểm chuẩn theo kết quả lớp 12 lấy 18 điểm,daniele15,
SKH,7510301,"Công nghệ kỹ thuật điện, điện tử",A01,14.00,,THPTQG,2018,Điểm chuẩn theo kết quả lớp 12 lấy 18 điểm,daniele15,
SKH,7510301,"Công nghệ kỹ thuật điện, điện tử",D01,14.00,,THPTQG,2018,Điểm chuẩn theo kết quả lớp 12 lấy 18 điểm,daniele15,
SKH,7510301,"Công nghệ kỹ thuật điện, điện tử",D07,14.00,,THPTQG,2018,Điểm chuẩn theo kết quả lớp 12 lấy 18 điểm,daniele15,
SKH,7510401,Công nghệ kỹ thuật hoá học,A00,14.00,,THPTQG,2018,Kỹ thuật hóa học và môi trườngĐiểm chuẩn theo kết quả lớp 12 lấy 18 điểm,daniele15,
SKH,7510401,Công nghệ kỹ thuật hoá học,A02,14.00,,THPTQG,2018,Kỹ thuật hóa học và môi trườngĐiểm chuẩn theo kết quả lớp 12 lấy 18 điểm,daniele15,
SKH,7510401,Công nghệ kỹ thuật hoá học,B00,14.00,,THPTQG,2018,Kỹ thuật hóa học và môi trườngĐiểm chuẩn theo kết quả lớp 12 lấy 18 điểm,daniele15,
SKH,7510401,Công nghệ kỹ thuật hoá học,D07,14.00,,THPTQG,2018,Kỹ thuật hóa học và môi trườngĐiểm chuẩn theo kết quả lớp 12 lấy 18 điểm,daniele15,
SKH,7510406,Công nghệ kỹ thuật môi trường,B00,14.00,,THPTQG,2018,Công nghệ Hóa môi trườngĐiểm chuẩn theo kết quả lớp 12 lấy 18 điểm,daniele15,
SKH,7510406,Công nghệ kỹ thuật môi trường,D07,14.00,,THPTQG,2018,Công nghệ Hóa môi trườngĐiểm chuẩn theo kết quả lớp 12 lấy 18 điểm,daniele15,
SKH,7540205,Công nghệ may,A00,15.00,,THPTQG,2018,Điểm chuẩn theo kết quả lớp 12 lấy 18 điểm,daniele15,
SKH,7540205,Công nghệ may,A01,15.00,,THPTQG,2018,Điểm chuẩn theo kết quả lớp 12 lấy 18 điểm,daniele15,
SKH,7540205,Công nghệ may,D01,15.00,,THPTQG,2018,Điểm chuẩn theo kết quả lớp 12 lấy 18 điểm,daniele15,
SKH,7540205,Công nghệ may,D07,15.00,,THPTQG,2018,Điểm chuẩn theo kết quả lớp 12 lấy 18 điểm,daniele15,
SKN,7340101,Quản trị kinh doanh,A00,17.00,,THPTQG,2018,"+ Từ 13,0 điểm trở lên: đối với Đại học khối kỹ thuật, kinh tế.",daniele15,
SKN,7340101,Quản trị kinh doanh,A01,17.00,,THPTQG,2018,"+ Từ 13,0 điểm trở lên: đối với Đại học khối kỹ thuật, kinh tế.",daniele15,
SKN,7340101,Quản trị kinh doanh,D01,17.00,,THPTQG,2018,"+ Từ 13,0 điểm trở lên: đối với Đại học khối kỹ thuật, kinh tế.",daniele15,
SKN,7340101,Quản trị kinh doanh,D03,17.00,,THPTQG,2018,"+ Từ 13,0 điểm trở lên: đối với Đại học khối kỹ thuật, kinh tế.",daniele15,
SKN,7340301,Kế toán,A00,17.00,,THPTQG,2018,"+ Từ 13,0 điểm trở lên: đối với Đại học khối kỹ thuật, kinh tế.",daniele15,
SKN,7340301,Kế toán,A01,17.00,,THPTQG,2018,"+ Từ 13,0 điểm trở lên: đối với Đại học khối kỹ thuật, kinh tế.",daniele15,
SKN,7340301,Kế toán,D01,17.00,,THPTQG,2018,"+ Từ 13,0 điểm trở lên: đối với Đại học khối kỹ thuật, kinh tế.",daniele15,
SKN,7340301,Kế toán,D03,17.00,,THPTQG,2018,"+ Từ 13,0 điểm trở lên: đối với Đại học khối kỹ thuật, kinh tế.",daniele15,
SKN,7480101,Kỹ thuật xây dựng,A00,17.00,,THPTQG,2018,"+ Từ 13,0 điểm trở lên: đối với Đại học khối kỹ thuật, kinh tế.",daniele15,
SKN,7480101,Kỹ thuật xây dựng,A01,17.00,,THPTQG,2018,"+ Từ 13,0 điểm trở lên: đối với Đại học khối kỹ thuật, kinh tế.",daniele15,
SKN,7480101,Kỹ thuật xây dựng,D01,17.00,,THPTQG,2018,"+ Từ 13,0 điểm trở lên: đối với Đại học khối kỹ thuật, kinh tế.",daniele15,
SKN,7480101,Kỹ thuật xây dựng,D07,17.00,,THPTQG,2018,"+ Từ 13,0 điểm trở lên: đối với Đại học khối kỹ thuật, kinh tế.",daniele15,
SKN,7480201,Công nghệ thông tin,A00,17.00,,THPTQG,2018,"+ Từ 13,0 điểm trở lên: đối với Đại học khối kỹ thuật, kinh tế.",daniele15,
SKN,7480201,Công nghệ thông tin,A01,17.00,,THPTQG,2018,"+ Từ 13,0 điểm trở lên: đối với Đại học khối kỹ thuật, kinh tế.",daniele15,
SKN,7480201,Công nghệ thông tin,D01,17.00,,THPTQG,2018,"+ Từ 13,0 điểm trở lên: đối với Đại học khối kỹ thuật, kinh tế.",daniele15,
SKN,7480201,Công nghệ thông tin,D07,17.00,,THPTQG,2018,"+ Từ 13,0 điểm trở lên: đối với Đại học khối kỹ thuật, kinh tế.",daniele15,
SKN,7510201,Công nghệ kỹ thuật cơ khí,A00,17.00,,THPTQG,2018,"Chuyên ngành Công nghệ hàn + Từ 13,0 điểm trở lên: đối với Đại học khối kỹ thuật, kinh tế.",daniele15,
SKN,7510201,Công nghệ kỹ thuật cơ khí,A01,17.00,,THPTQG,2018,"Chuyên ngành Công nghệ hàn + Từ 13,0 điểm trở lên: đối với Đại học khối kỹ thuật, kinh tế.",daniele15,
SKN,7510201,Công nghệ kỹ thuật cơ khí,B00,17.00,,THPTQG,2018,"Chuyên ngành Công nghệ hàn + Từ 13,0 điểm trở lên: đối với Đại học khối kỹ thuật, kinh tế.",daniele15,
SKN,7510201,Công nghệ kỹ thuật cơ khí,D07,17.00,,THPTQG,2018,"Chuyên ngành Công nghệ hàn + Từ 13,0 điểm trở lên: đối với Đại học khối kỹ thuật, kinh tế.",daniele15,
SKN,7510202,Công nghệ chế tạo máy,A00,17.00,,THPTQG,2018,"+ Từ 13,0 điểm trở lên: đối với Đại học khối kỹ thuật, kinh tế.",daniele15,
SKN,7510202,Công nghệ chế tạo máy,A01,17.00,,THPTQG,2018,"+ Từ 13,0 điểm trở lên: đối với Đại học khối kỹ thuật, kinh tế.",daniele15,
SKN,7510202,Công nghệ chế tạo máy,B00,17.00,,THPTQG,2018,"+ Từ 13,0 điểm trở lên: đối với Đại học khối kỹ thuật, kinh tế.",daniele15,
SKN,7510202,Công nghệ chế tạo máy,D07,17.00,,THPTQG,2018,"+ Từ 13,0 điểm trở lên: đối với Đại học khối kỹ thuật, kinh tế.",daniele15,
SKN,7510205,Công nghệ kỹ thuật ô tô,A00,17.00,,THPTQG,2018,"+ Từ 13,0 điểm trở lên: đối với Đại học khối kỹ thuật, kinh tế.",daniele15,
SKN,7510205,Công nghệ kỹ thuật ô tô,A01,17.00,,THPTQG,2018,"+ Từ 13,0 điểm trở lên: đối với Đại học khối kỹ thuật, kinh tế.",daniele15,
SKN,7510205,Công nghệ kỹ thuật ô tô,B00,17.00,,THPTQG,2018,"+ Từ 13,0 điểm trở lên: đối với Đại học khối kỹ thuật, kinh tế.",daniele15,
SKN,7510205,Công nghệ kỹ thuật ô tô,D07,17.00,,THPTQG,2018,"+ Từ 13,0 điểm trở lên: đối với Đại học khối kỹ thuật, kinh tế.",daniele15,
SKN,7510301,"Công nghệ kỹ thuật điện, điện tử",A00,17.00,,THPTQG,2018,"+ Từ 13,0 điểm trở lên: đối với Đại học khối kỹ thuật, kinh tế.",daniele15,
SKN,7510301,"Công nghệ kỹ thuật điện, điện tử",A01,17.00,,THPTQG,2018,"+ Từ 13,0 điểm trở lên: đối với Đại học khối kỹ thuật, kinh tế.",daniele15,
SKN,7510301,"Công nghệ kỹ thuật điện, điện tử",B00,17.00,,THPTQG,2018,"+ Từ 13,0 điểm trở lên: đối với Đại học khối kỹ thuật, kinh tế.",daniele15,
SKN,7510301,"Công nghệ kỹ thuật điện, điện tử",D07,17.00,,THPTQG,2018,"+ Từ 13,0 điểm trở lên: đối với Đại học khối kỹ thuật, kinh tế.",daniele15,
SKN,7510303,Công nghệ kỹ thuật điều khiển và tự động hóa,A00,17.00,,THPTQG,2018,"+ Từ 13,0 điểm trở lên: đối với Đại học khối kỹ thuật, kinh tế.",daniele15,
SKN,7510303,Công nghệ kỹ thuật điều khiển và tự động hóa,A01,17.00,,THPTQG,2018,"+ Từ 13,0 điểm trở lên: đối với Đại học khối kỹ thuật, kinh tế.",daniele15,
SKN,7510303,Công nghệ kỹ thuật điều khiển và tự động hóa,B00,17.00,,THPTQG,2018,"+ Từ 13,0 điểm trở lên: đối với Đại học khối kỹ thuật, kinh tế.",daniele15,
SKN,7510303,Công nghệ kỹ thuật điều khiển và tự động hóa,D07,17.00,,THPTQG,2018,"+ Từ 13,0 điểm trở lên: đối với Đại học khối kỹ thuật, kinh tế.",daniele15,
SKV,7140246,Sư phạm công nghệ,A00,17.00,,THPTQG,2018,,daniele15,
SKV,7140246,Sư phạm công nghệ,A01,17.00,,THPTQG,2018,,daniele15,
SKV,7140246,Sư phạm công nghệ,B00,17.00,,THPTQG,2018,,daniele15,
SKV,7140246,Sư phạm công nghệ,D01,17.00,,THPTQG,2018,,daniele15,
SKV,7340101,Quản trị kinh doanh,A00,13.50,,THPTQG,2018,,daniele15,
SKV,7340101,Quản trị kinh doanh,A01,13.50,,THPTQG,2018,,daniele15,
SKV,7340101,Quản trị kinh doanh,B00,13.50,,THPTQG,2018,,daniele15,
SKV,7340101,Quản trị kinh doanh,D01,13.50,,THPTQG,2018,,daniele15,
SKV,7340301,Kế toán,A00,13.50,,THPTQG,2018,,daniele15,
SKV,7340301,Kế toán,A01,13.50,,THPTQG,2018,,daniele15,
SKV,7340301,Kế toán,B00,13.50,,THPTQG,2018,,daniele15,
SKV,7340301,Kế toán,D01,13.50,,THPTQG,2018,,daniele15,
SKV,7340404,Quản trị nhân lực,A00,13.50,,THPTQG,2018,,daniele15,
SKV,7340404,Quản trị nhân lực,A01,13.50,,THPTQG,2018,,daniele15,
SKV,7340404,Quản trị nhân lực,B00,13.50,,THPTQG,2018,,daniele15,
SKV,7340404,Quản trị nhân lực,D01,13.50,,THPTQG,2018,,daniele15,
SKV,7480108,Công nghệ kỹ thuật máy tính,A00,13.50,,THPTQG,2018,,daniele15,
SKV,7480108,Công nghệ kỹ thuật máy tính,A01,13.50,,THPTQG,2018,,daniele15,
SKV,7480108,Công nghệ kỹ thuật máy tính,B00,13.50,,THPTQG,2018,,daniele15,
SKV,7480108,Công nghệ kỹ thuật máy tính,D01,13.50,,THPTQG,2018,,daniele15,
SKV,7480201,Công nghệ thông tin,A00,14.00,,THPTQG,2018,,daniele15,
SKV,7480201,Công nghệ thông tin,A01,14.00,,THPTQG,2018,,daniele15,
SKV,7480201,Công nghệ thông tin,B00,14.00,,THPTQG,2018,,daniele15,
SKV,7480201,Công nghệ thông tin,D01,14.00,,THPTQG,2018,,daniele15,
SKV,7510201,Công nghệ kỹ thuật cơ khí,A00,13.50,,THPTQG,2018,,daniele15,
SKV,7510201,Công nghệ kỹ thuật cơ khí,A01,13.50,,THPTQG,2018,,daniele15,
SKV,7510201,Công nghệ kỹ thuật cơ khí,B00,13.50,,THPTQG,2018,,daniele15,
SKV,7510201,Công nghệ kỹ thuật cơ khí,D01,13.50,,THPTQG,2018,,daniele15,
SKV,7510202,Công nghệ chế tạo máy,A00,13.50,,THPTQG,2018,,daniele15,
SKV,7510202,Công nghệ chế tạo máy,A01,13.50,,THPTQG,2018,,daniele15,
SKV,7510202,Công nghệ chế tạo máy,B00,13.50,,THPTQG,2018,,daniele15,
SKV,7510202,Công nghệ chế tạo máy,D01,13.50,,THPTQG,2018,,daniele15,
SKV,7510205,Công nghệ kỹ thuật ô tô,A00,14.00,,THPTQG,2018,,daniele15,
SKV,7510205,Công nghệ kỹ thuật ô tô,A01,14.00,,THPTQG,2018,,daniele15,
SKV,7510205,Công nghệ kỹ thuật ô tô,B00,14.00,,THPTQG,2018,,daniele15,
SKV,7510205,Công nghệ kỹ thuật ô tô,D01,14.00,,THPTQG,2018,,daniele15,
SKV,7510301,"Công nghệ kỹ thuật điện, điện tử",A00,14.00,,THPTQG,2018,,daniele15,
SKV,7510301,"Công nghệ kỹ thuật điện, điện tử",A01,14.00,,THPTQG,2018,,daniele15,
SKV,7510301,"Công nghệ kỹ thuật điện, điện tử",B00,14.00,,THPTQG,2018,,daniele15,
SKV,7510301,"Công nghệ kỹ thuật điện, điện tử",D01,14.00,,THPTQG,2018,,daniele15,
SKV,7510302,Công nghệ kỹ thuật điện tử - viễn thông,A00,14.00,,THPTQG,2018,,daniele15,
SKV,7510302,Công nghệ kỹ thuật điện tử - viễn thông,A01,14.00,,THPTQG,2018,,daniele15,
SKV,7510302,Công nghệ kỹ thuật điện tử - viễn thông,B00,14.00,,THPTQG,2018,,daniele15,
SKV,7510302,Công nghệ kỹ thuật điện tử - viễn thông,D01,14.00,,THPTQG,2018,,daniele15,
SKV,7510303,Công nghệ kỹ thuật điều khiển và tự động hóa,A00,14.00,,THPTQG,2018,,daniele15,
SKV,7510303,Công nghệ kỹ thuật điều khiển và tự động hóa,A01,14.00,,THPTQG,2018,,daniele15,
SKV,7510303,Công nghệ kỹ thuật điều khiển và tự động hóa,B00,14.00,,THPTQG,2018,,daniele15,
SKV,7510303,Công nghệ kỹ thuật điều khiển và tự động hóa,D01,14.00,,THPTQG,2018,,daniele15,
SNH,7860228,Chỉ huy kỹ thuật Công binh,A00,21.20,,THPTQG,2018,"Thí sinh mức 21,20 điểm:  Tiêu chí phụ 1: Điểm môn Toán  ≥ 7,20.  Tiêu chí phụ 2: Điểm môn Lý  ≥ 6,75.",daniele15,
SNH,7860228,Chỉ huy kỹ thuật Công binh,A01,21.20,,THPTQG,2018,"Thí sinh mức 21,20 điểm:  Tiêu chí phụ 1: Điểm môn Toán  ≥ 7,20.  Tiêu chí phụ 2: Điểm môn Lý  ≥ 6,75.",daniele15,
SNH,7860228,Chỉ huy kỹ thuật Công binh,A00,19.65,,THPTQG,2018,,daniele15,
SNH,7860228,Chỉ huy kỹ thuật Công binh,A01,19.65,,THPTQG,2018,,daniele15,
SPD,51140201,Giáo dục Mầm non,,15.00,,HocBa,2018,Năng khiếu nhân 2 (Điểm chuẩn học bạ lấy 16 điểm)Hệ cao đẳng,daniele15,
SPD,51140202,Giáo dục Tiểu học,C01,16.50,,HocBa,2018,Điểm chuẩn học bạ lấy 23 điểmHệ cao đẳng,daniele15,
SPD,51140202,Giáo dục Tiểu học,C03,16.50,,HocBa,2018,Điểm chuẩn học bạ lấy 23 điểmHệ cao đẳng,daniele15,
SPD,51140202,Giáo dục Tiểu học,C04,16.50,,HocBa,2018,Điểm chuẩn học bạ lấy 23 điểmHệ cao đẳng,daniele15,
SPD,51140202,Giáo dục Tiểu học,D01,16.50,,HocBa,2018,Điểm chuẩn học bạ lấy 23 điểmHệ cao đẳng,daniele15,
SPD,51140206,Giáo dục Thể chất,T00,16.66,,HocBa,2018,Cao đẳngNăng khiếu nhân 2 (Điểm chuẩn học bạ lấy 16 điểm),daniele15,
SPD,51140206,Giáo dục Thể chất,T05,16.66,,HocBa,2018,Cao đẳngNăng khiếu nhân 2 (Điểm chuẩn học bạ lấy 16 điểm),daniele15,
SPD,51140206,Giáo dục Thể chất,T06,16.66,,HocBa,2018,Cao đẳngNăng khiếu nhân 2 (Điểm chuẩn học bạ lấy 16 điểm),daniele15,
SPD,51140206,Giáo dục Thể chất,T07,16.66,,HocBa,2018,Cao đẳngNăng khiếu nhân 2 (Điểm chuẩn học bạ lấy 16 điểm),daniele15,
SPD,51140209,Sư phạm Toán học,A00,15.10,,HocBa,2018,Điểm chuẩn học bạ lấy 16 điểmHệ cao đẳng,daniele15,
SPD,51140209,Sư phạm Toán học,A01,15.10,,HocBa,2018,Điểm chuẩn học bạ lấy 16 điểmHệ cao đẳng,daniele15,
SPD,51140209,Sư phạm Toán học,A02,15.10,,HocBa,2018,Điểm chuẩn học bạ lấy 16 điểmHệ cao đẳng,daniele15,
SPD,51140209,Sư phạm Toán học,A04,15.10,,HocBa,2018,Điểm chuẩn học bạ lấy 16 điểmHệ cao đẳng,daniele15,
SPD,51140210,Sư phạm Tin học,A00,16.85,,HocBa,2018,Điểm chuẩn học bạ lấy 16 điểmHệ cao đẳng,daniele15,
SPD,51140210,Sư phạm Tin học,A01,16.85,,HocBa,2018,Điểm chuẩn học bạ lấy 16 điểmHệ cao đẳng,daniele15,
SPD,51140210,Sư phạm Tin học,A02,16.85,,HocBa,2018,Điểm chuẩn học bạ lấy 16 điểmHệ cao đẳng,daniele15,
SPD,51140210,Sư phạm Tin học,A04,16.85,,HocBa,2018,Điểm chuẩn học bạ lấy 16 điểmHệ cao đẳng,daniele15,
SPD,51140211,Sư phạm Vật lý,A00,16.76,,HocBa,2018,Điểm chuẩn học bạ lấy 16 điểmHệ cao đẳng,daniele15,
SPD,51140211,Sư phạm Vật lý,A01,16.76,,HocBa,2018,Điểm chuẩn học bạ lấy 16 điểmHệ cao đẳng,daniele15,
SPD,51140211,Sư phạm Vật lý,A02,16.76,,HocBa,2018,Điểm chuẩn học bạ lấy 16 điểmHệ cao đẳng,daniele15,
SPD,51140211,Sư phạm Vật lý,A04,16.76,,HocBa,2018,Điểm chuẩn học bạ lấy 16 điểmHệ cao đẳng,daniele15,
SPD,51140212,Sư phạm Hóa học,A00,16.06,,HocBa,2018,Điểm chuẩn học bạ lấy 16 điểmHệ cao đẳng,daniele15,
SPD,51140212,Sư phạm Hóa học,A06,16.06,,HocBa,2018,Điểm chuẩn học bạ lấy 16 điểmHệ cao đẳng,daniele15,
SPD,51140212,Sư phạm Hóa học,B00,16.06,,HocBa,2018,Điểm chuẩn học bạ lấy 16 điểmHệ cao đẳng,daniele15,
SPD,51140212,Sư phạm Hóa học,D07,16.06,,HocBa,2018,Điểm chuẩn học bạ lấy 16 điểmHệ cao đẳng,daniele15,
SPD,51140213,Sư phạm Sinh học,A02,16.06,,HocBa,2018,Điểm chuẩn học bạ lấy 16 điểmHệ cao đẳng,daniele15,
SPD,51140213,Sư phạm Sinh học,B00,16.06,,HocBa,2018,Điểm chuẩn học bạ lấy 16 điểmHệ cao đẳng,daniele15,
SPD,51140213,Sư phạm Sinh học,B02,16.06,,HocBa,2018,Điểm chuẩn học bạ lấy 16 điểmHệ cao đẳng,daniele15,
SPD,51140213,Sư phạm Sinh học,D08,16.06,,HocBa,2018,Điểm chuẩn học bạ lấy 16 điểmHệ cao đẳng,daniele15,
SPD,51140217,Sư phạm Ngữ văn,C00,15.50,,HocBa,2018,Điểm chuẩn học bạ lấy 16 điểmHệ cao đẳng,daniele15,
SPD,51140217,Sư phạm Ngữ văn,C19,15.50,,HocBa,2018,Điểm chuẩn học bạ lấy 16 điểmHệ cao đẳng,daniele15,
SPD,51140217,Sư phạm Ngữ văn,D14,15.50,,HocBa,2018,Điểm chuẩn học bạ lấy 16 điểmHệ cao đẳng,daniele15,
SPD,51140217,Sư phạm Ngữ văn,D15,15.50,,HocBa,2018,Điểm chuẩn học bạ lấy 16 điểmHệ cao đẳng,daniele15,
SPD,51140218,Sư phạm Lịch sử,C00,15.00,,HocBa,2018,Điểm chuẩn học bạ lấy 16 điểmHệ cao đẳng,daniele15,
SPD,51140218,Sư phạm Lịch sử,C19,15.00,,HocBa,2018,Điểm chuẩn học bạ lấy 16 điểmHệ cao đẳng,daniele15,
SPD,51140218,Sư phạm Lịch sử,D09,15.00,,HocBa,2018,Điểm chuẩn học bạ lấy 16 điểmHệ cao đẳng,daniele15,
SPD,51140218,Sư phạm Lịch sử,D14,15.00,,HocBa,2018,Điểm chuẩn học bạ lấy 16 điểmHệ cao đẳng,daniele15,
SPD,51140219,Sư phạm Địa lý,A07,15.00,,HocBa,2018,Điểm chuẩn học bạ lấy 16 điểmHệ cao đẳng,daniele15,
SPD,51140219,Sư phạm Địa lý,C00,15.00,,HocBa,2018,Điểm chuẩn học bạ lấy 16 điểmHệ cao đẳng,daniele15,
SPD,51140219,Sư phạm Địa lý,C04,15.00,,HocBa,2018,Điểm chuẩn học bạ lấy 16 điểmHệ cao đẳng,daniele15,
SPD,51140219,Sư phạm Địa lý,D10,15.00,,HocBa,2018,Điểm chuẩn học bạ lấy 16 điểmHệ cao đẳng,daniele15,
SPD,51140221,Sư phạm Âm nhạc,N00,16.50,,HocBa,2018,Hát nhân 2 (Điểm chuẩn học bạ lấy 16 điểm)Hệ cao đẳng,daniele15,
SPD,51140221,Sư phạm Âm nhạc,N01,16.50,,HocBa,2018,Hát nhân 2 (Điểm chuẩn học bạ lấy 16 điểm)Hệ cao đẳng,daniele15,
SPD,51140222,Sư phạm Mỹ thuật,H00,15.00,,HocBa,2018,Hình họa nhân 2 (Điểm chuẩn học bạ lấy 16 điểm)Cao đẳng,daniele15,
SPD,51140222,Sư phạm Mỹ thuật,H07,15.00,,HocBa,2018,Hình họa nhân 2 (Điểm chuẩn học bạ lấy 16 điểm)Cao đẳng,daniele15,
SPD,7140201,Giáo dục Mầm non,,19.00,,HocBa,2018,Năng khiếu nhân 2 (Điểm chuẩn học bạ lấy 19.5 điểm,daniele15,
SPD,7140202,Giáo dục Tiểu học,C01,18.00,,THPTQG,2018,,daniele15,
SPD,7140202,Giáo dục Tiểu học,C03,18.00,,THPTQG,2018,,daniele15,
SPD,7140202,Giáo dục Tiểu học,C04,18.00,,THPTQG,2018,,daniele15,
SPD,7140202,Giáo dục Tiểu học,D01,18.00,,THPTQG,2018,,daniele15,
SPD,7140205,Giáo dục Chính trị,C00,17.00,,THPTQG,2018,,daniele15,
SPD,7140205,Giáo dục Chính trị,C18,17.00,,THPTQG,2018,,daniele15,
SPD,7140205,Giáo dục Chính trị,D01,17.00,,THPTQG,2018,,daniele15,
SPD,7140205,Giáo dục Chính trị,D14,17.00,,THPTQG,2018,,daniele15,
SPD,7140206,Giáo dục Thể chất,T00,18.69,,HocBa,2018,Năng khiếu nhân 2 (Điểm chuẩn học bạ lấy 19.5 điểm,daniele15,
SPD,7140206,Giáo dục Thể chất,T05,18.69,,HocBa,2018,Năng khiếu nhân 2 (Điểm chuẩn học bạ lấy 19.5 điểm,daniele15,
SPD,7140206,Giáo dục Thể chất,T06,18.69,,HocBa,2018,Năng khiếu nhân 2 (Điểm chuẩn học bạ lấy 19.5 điểm,daniele15,
SPD,7140206,Giáo dục Thể chất,T07,18.69,,HocBa,2018,Năng khiếu nhân 2 (Điểm chuẩn học bạ lấy 19.5 điểm,daniele15,
SPD,7140209,Sư phạm Toán học,A00,17.45,,THPTQG,2018,,daniele15,
SPD,7140209,Sư phạm Toán học,A01,17.45,,THPTQG,2018,,daniele15,
SPD,7140209,Sư phạm Toán học,A02,17.45,,THPTQG,2018,,daniele15,
SPD,7140209,Sư phạm Toán học,A04,17.45,,THPTQG,2018,,daniele15,
SPD,7140210,Sư phạm Tin học,A00,19.10,,THPTQG,2018,,daniele15,
SPD,7140210,Sư phạm Tin học,A01,19.10,,THPTQG,2018,,daniele15,
SPD,7140210,Sư phạm Tin học,A02,19.10,,THPTQG,2018,,daniele15,
SPD,7140210,Sư phạm Tin học,A04,19.10,,THPTQG,2018,,daniele15,
SPD,7140211,Sư phạm Vật lý,A00,19.65,,THPTQG,2018,,daniele15,
SPD,7140211,Sư phạm Vật lý,A01,19.65,,THPTQG,2018,,daniele15,
SPD,7140211,Sư phạm Vật lý,A02,19.65,,THPTQG,2018,,daniele15,
SPD,7140211,Sư phạm Vật lý,A04,19.65,,THPTQG,2018,,daniele15,
SPD,7140212,Sư phạm Hóa học,A00,17.10,,THPTQG,2018,,daniele15,
SPD,7140212,Sư phạm Hóa học,A06,17.10,,THPTQG,2018,,daniele15,
SPD,7140212,Sư phạm Hóa học,B00,17.10,,THPTQG,2018,,daniele15,
SPD,7140212,Sư phạm Hóa học,D07,17.10,,THPTQG,2018,,daniele15,
SPD,7140213,Sư phạm Sinh học,A02,17.00,,THPTQG,2018,,daniele15,
SPD,7140213,Sư phạm Sinh học,B00,17.00,,THPTQG,2018,,daniele15,
SPD,7140213,Sư phạm Sinh học,B02,17.00,,THPTQG,2018,,daniele15,
SPD,7140213,Sư phạm Sinh học,D08,17.00,,THPTQG,2018,,daniele15,
SPD,7140217,Sư phạm Ngữ văn,C00,17.00,,THPTQG,2018,,daniele15,
SPD,7140217,Sư phạm Ngữ văn,C19,17.00,,THPTQG,2018,,daniele15,
SPD,7140217,Sư phạm Ngữ văn,D14,17.00,,THPTQG,2018,,daniele15,
SPD,7140217,Sư phạm Ngữ văn,D15,17.00,,THPTQG,2018,,daniele15,
SPD,7140218,Sư phạm Lịch sử,C00,17.00,,THPTQG,2018,,daniele15,
SPD,7140218,Sư phạm Lịch sử,C19,17.00,,THPTQG,2018,,daniele15,
SPD,7140218,Sư phạm Lịch sử,D09,17.00,,THPTQG,2018,,daniele15,
SPD,7140218,Sư phạm Lịch sử,D14,17.00,,THPTQG,2018,,daniele15,
SPD,7140219,Sư phạm Địa lý,A07,17.10,,THPTQG,2018,,daniele15,
SPD,7140219,Sư phạm Địa lý,C00,17.10,,THPTQG,2018,,daniele15,
SPD,7140219,Sư phạm Địa lý,C04,17.10,,THPTQG,2018,,daniele15,
SPD,7140219,Sư phạm Địa lý,D10,17.10,,THPTQG,2018,,daniele15,
SPD,7140221,Sư phạm Âm nhạc,N00,19.56,,HocBa,2018,Hát nhân 2 (Điểm chuẩn học bạ lấy 19.5 điểm),daniele15,
SPD,7140221,Sư phạm Âm nhạc,N01,19.56,,HocBa,2018,Hát nhân 2 (Điểm chuẩn học bạ lấy 19.5 điểm),daniele15,
SPD,7140222,Sư phạm Mỹ thuật,H00,17.00,,HocBa,2018,Hình họa nhân 2 (Điểm chuẩn học bạ lấy 19.5 điểm),daniele15,
SPD,7140222,Sư phạm Mỹ thuật,H07,17.00,,HocBa,2018,Hình họa nhân 2 (Điểm chuẩn học bạ lấy 19.5 điểm),daniele15,
SPD,7140231,Sư phạm Tiếng Anh,D01,17.11,,THPTQG,2018,Tiếng Anh nhân 2,daniele15,
SPD,7140231,Sư phạm Tiếng Anh,D13,17.11,,THPTQG,2018,Tiếng Anh nhân 2,daniele15,
SPD,7140231,Sư phạm Tiếng Anh,D14,17.11,,THPTQG,2018,Tiếng Anh nhân 2,daniele15,
SPD,7140231,Sư phạm Tiếng Anh,D15,17.11,,THPTQG,2018,Tiếng Anh nhân 2,daniele15,
SPD,7140246,Sư phạm công nghệ,A00,17.00,,THPTQG,2018,,daniele15,
SPD,7140246,Sư phạm công nghệ,A01,17.00,,THPTQG,2018,,daniele15,
SPD,7140246,Sư phạm công nghệ,A02,17.00,,THPTQG,2018,,daniele15,
SPD,7140246,Sư phạm công nghệ,A04,17.00,,THPTQG,2018,,daniele15,
SPD,7220201,Ngôn ngữ Anh,D01,15.80,,THPTQG,2018,Biên phiên dịch; Tiếng Anh kinh doanhTiếng Anh nhân 2,daniele15,
SPD,7220201,Ngôn ngữ Anh,D14,15.80,,THPTQG,2018,Biên phiên dịch; Tiếng Anh kinh doanhTiếng Anh nhân 2,daniele15,
SPD,7220201,Ngôn ngữ Anh,D15,15.80,,THPTQG,2018,Biên phiên dịch; Tiếng Anh kinh doanhTiếng Anh nhân 2,daniele15,
SPD,7220204,Ngôn ngữ Trung Quốc,C00,16.00,,HocBa,2018,Điểm chuẩn học bạ lấy 19.5 điểm,daniele15,
SPD,7220204,Ngôn ngữ Trung Quốc,D01,16.00,,HocBa,2018,Điểm chuẩn học bạ lấy 19.5 điểm,daniele15,
SPD,7220204,Ngôn ngữ Trung Quốc,D14,16.00,,HocBa,2018,Điểm chuẩn học bạ lấy 19.5 điểm,daniele15,
SPD,7220204,Ngôn ngữ Trung Quốc,D15,16.00,,HocBa,2018,Điểm chuẩn học bạ lấy 19.5 điểm,daniele15,
SPD,7229042,Quản lý văn hoá,C00,14.00,,HocBa,2018,Điểm chuẩn học bạ lấy 18 điểm,daniele15,
SPD,7229042,Quản lý văn hoá,C19,14.00,,HocBa,2018,Điểm chuẩn học bạ lấy 18 điểm,daniele15,
SPD,7229042,Quản lý văn hoá,C20,14.00,,HocBa,2018,Điểm chuẩn học bạ lấy 18 điểm,daniele15,
SPD,7229042,Quản lý văn hoá,D14,14.00,,HocBa,2018,Điểm chuẩn học bạ lấy 18 điểm,daniele15,
SPD,7310630,Việt Nam học,C00,18.50,,HocBa,2018,chuyên ngành Hướng dẫn viên du lịch và Quản lý Nhà hàng - Khách sạnĐiểm chuẩn học bạ lấy 19.5 điểm,daniele15,
SPD,7310630,Việt Nam học,C19,18.50,,HocBa,2018,chuyên ngành Hướng dẫn viên du lịch và Quản lý Nhà hàng - Khách sạnĐiểm chuẩn học bạ lấy 19.5 điểm,daniele15,
SPD,7310630,Việt Nam học,C20,18.50,,HocBa,2018,chuyên ngành Hướng dẫn viên du lịch và Quản lý Nhà hàng - Khách sạnĐiểm chuẩn học bạ lấy 19.5 điểm,daniele15,
SPD,7310630,Việt Nam học,D14,18.50,,HocBa,2018,chuyên ngành Hướng dẫn viên du lịch và Quản lý Nhà hàng - Khách sạnĐiểm chuẩn học bạ lấy 19.5 điểm,daniele15,
SPD,7340101,Quản trị kinh doanh,A00,15.10,,HocBa,2018,Điểm chuẩn học bạ lấy 19.5 điểm,daniele15,
SPD,7340101,Quản trị kinh doanh,A01,15.10,,HocBa,2018,Điểm chuẩn học bạ lấy 19.5 điểm,daniele15,
SPD,7340101,Quản trị kinh doanh,D01,15.10,,HocBa,2018,Điểm chuẩn học bạ lấy 19.5 điểm,daniele15,
SPD,7340101,Quản trị kinh doanh,D10,15.10,,HocBa,2018,Điểm chuẩn học bạ lấy 19.5 điểm,daniele15,
SPD,7340201,Tài chính - Ngân hàng,A00,14.00,,HocBa,2018,Điểm chuẩn học bạ lấy 19.5 điểm,daniele15,
SPD,7340201,Tài chính - Ngân hàng,A01,14.00,,HocBa,2018,Điểm chuẩn học bạ lấy 19.5 điểm,daniele15,
SPD,7340201,Tài chính - Ngân hàng,D01,14.00,,HocBa,2018,Điểm chuẩn học bạ lấy 19.5 điểm,daniele15,
SPD,7340201,Tài chính - Ngân hàng,D10,14.00,,HocBa,2018,Điểm chuẩn học bạ lấy 19.5 điểm,daniele15,
SPD,7340301,Kế toán,A00,15.00,,HocBa,2018,Điểm chuẩn học bạ lấy 19.5 điểm,daniele15,
SPD,7340301,Kế toán,A01,15.00,,HocBa,2018,Điểm chuẩn học bạ lấy 19.5 điểm,daniele15,
SPD,7340301,Kế toán,D01,15.00,,HocBa,2018,Điểm chuẩn học bạ lấy 19.5 điểm,daniele15,
SPD,7340301,Kế toán,D10,15.00,,HocBa,2018,Điểm chuẩn học bạ lấy 19.5 điểm,daniele15,
SPD,7440301,Khoa học môi trường,A00,14.00,,HocBa,2018,Điểm chuẩn học bạ lấy 18 điểm,daniele15,
SPD,7440301,Khoa học môi trường,B00,14.00,,HocBa,2018,Điểm chuẩn học bạ lấy 18 điểm,daniele15,
SPD,7440301,Khoa học môi trường,D07,14.00,,HocBa,2018,Điểm chuẩn học bạ lấy 18 điểm,daniele15,
SPD,7440301,Khoa học môi trường,D08,14.00,,HocBa,2018,Điểm chuẩn học bạ lấy 18 điểm,daniele15,
SPD,7480101,Khoa học máy tính,A00,14.20,,HocBa,2018,Công nghệ thông tinĐiểm chuẩn học bạ lấy 19.5 điểm,daniele15,
SPD,7480101,Khoa học máy tính,A01,14.20,,HocBa,2018,Công nghệ thông tinĐiểm chuẩn học bạ lấy 19.5 điểm,daniele15,
SPD,7480101,Khoa học máy tính,A02,14.20,,HocBa,2018,Công nghệ thông tinĐiểm chuẩn học bạ lấy 19.5 điểm,daniele15,
SPD,7480101,Khoa học máy tính,A04,14.20,,HocBa,2018,Công nghệ thông tinĐiểm chuẩn học bạ lấy 19.5 điểm,daniele15,
SPD,7620109,Nông học,A00,14.00,,HocBa,2018,Điểm chuẩn học bạ lấy 18 điểm,daniele15,
SPD,7620109,Nông học,B00,14.00,,HocBa,2018,Điểm chuẩn học bạ lấy 18 điểm,daniele15,
SPD,7620109,Nông học,D07,14.00,,HocBa,2018,Điểm chuẩn học bạ lấy 18 điểm,daniele15,
SPD,7620109,Nông học,D08,14.00,,HocBa,2018,Điểm chuẩn học bạ lấy 18 điểm,daniele15,
SPD,7620301,Nuôi trồng thuỷ sản,A00,14.05,,HocBa,2018,Điểm chuẩn học bạ lấy 18 điểm,daniele15,
SPD,7620301,Nuôi trồng thuỷ sản,B00,14.05,,HocBa,2018,Điểm chuẩn học bạ lấy 18 điểm,daniele15,
SPD,7620301,Nuôi trồng thuỷ sản,D07,14.05,,HocBa,2018,Điểm chuẩn học bạ lấy 18 điểm,daniele15,
SPD,7620301,Nuôi trồng thuỷ sản,D08,14.05,,HocBa,2018,Điểm chuẩn học bạ lấy 18 điểm,daniele15,
SPD,7760101,Công tác xã hội,C00,14.00,,HocBa,2018,Điểm chuẩn học bạ lấy 18 điểm,daniele15,
SPD,7760101,Công tác xã hội,C19,14.00,,HocBa,2018,Điểm chuẩn học bạ lấy 18 điểm,daniele15,
SPD,7760101,Công tác xã hội,C20,14.00,,HocBa,2018,Điểm chuẩn học bạ lấy 18 điểm,daniele15,
SPD,7760101,Công tác xã hội,D14,14.00,,HocBa,2018,Điểm chuẩn học bạ lấy 18 điểm,daniele15,
SPD,7850103,Quản lý đất đai,A00,14.00,,HocBa,2018,Điểm chuẩn học bạ lấy 18 điểm,daniele15,
SPD,7850103,Quản lý đất đai,A01,14.00,,HocBa,2018,Điểm chuẩn học bạ lấy 18 điểm,daniele15,
SPD,7850103,Quản lý đất đai,B00,14.00,,HocBa,2018,Điểm chuẩn học bạ lấy 18 điểm,daniele15,
SPD,7850103,Quản lý đất đai,D07,14.00,,HocBa,2018,Điểm chuẩn học bạ lấy 18 điểm,daniele15,
SPH,7140114A,Quản lý giáo dục,A00,17.10,,THPTQG,2018,Thang điểm 30,daniele15,
SPH,7140114C,Quản lý giáo dục,C00,20.75,,THPTQG,2018,Thang điểm 30,daniele15,
SPH,7140114D,Quản lý giáo dục,D01,17.40,,THPTQG,2018,Thang điểm 30,daniele15,
SPH,7140114D,Quản lý giáo dục,D02,17.40,,THPTQG,2018,Thang điểm 30,daniele15,
SPH,7140114D,Quản lý giáo dục,D03,17.40,,THPTQG,2018,Thang điểm 30,daniele15,
SPH,7140201,Giáo dục Mầm non,,18.00,,HocBa,2018,Điểm chuẩn học bạ lấy 22.43,daniele15,
SPH,7140201A,Giáo dục Mầm non,,21.15,,THPTQG,2018,Thang điểm 30,daniele15,
SPH,7140201B,Giáo dục Mầm non,,19.45,,THPTQG,2018,Thang điểm 30Sư phạm tiếng Anh,daniele15,
SPH,7140201C,Giáo dục Mầm non,,19.03,,THPTQG,2018,Thang điểm 30Sư phạm tiếng Anh,daniele15,
SPH,7140202,Giáo dục Tiểu học,A00,27.00,,HocBa,2018,Điểm chuẩn học bạ lấy 33,daniele15,
SPH,7140202,Giáo dục Tiểu học,A01,27.00,,HocBa,2018,Điểm chuẩn học bạ lấy 33,daniele15,
SPH,7140202,Giáo dục Tiểu học,C04,27.00,,HocBa,2018,Điểm chuẩn học bạ lấy 33,daniele15,
SPH,7140202,Giáo dục Tiểu học,D01,27.00,,HocBa,2018,Điểm chuẩn học bạ lấy 33,daniele15,
SPH,7140202A,Giáo dục Tiểu học,D01,22.15,,THPTQG,2018,Thang điểm 30,daniele15,
SPH,7140202A,Giáo dục Tiểu học,D02,22.15,,THPTQG,2018,Thang điểm 30,daniele15,
SPH,7140202A,Giáo dục Tiểu học,D03,22.15,,THPTQG,2018,Thang điểm 30,daniele15,
SPH,7140202B,Giáo dục Tiểu học,D11,21.15,,THPTQG,2018,Thang điểm 30,daniele15,
SPH,7140202B,Giáo dục Tiểu học,D52,21.15,,THPTQG,2018,Thang điểm 30,daniele15,
SPH,7140202B,Giáo dục Tiểu học,D54,21.15,,THPTQG,2018,Thang điểm 30,daniele15,
SPH,7140202C,Giáo dục Tiểu học,D11,20.05,,THPTQG,2018,SP Tiếng AnhThang điểm 30,daniele15,
SPH,7140202D,Giáo dục Tiểu học,D01,21.95,,THPTQG,2018,SP Tiếng AnhThang điểm 30,daniele15,
SPH,7140203B,Giáo dục Đặc biệt,B03,19.50,,THPTQG,2018,Thang điểm 30,daniele15,
SPH,7140203C,Giáo dục Đặc biệt,C00,21.75,,THPTQG,2018,Thang điểm 30,daniele15,
SPH,7140203D,Giáo dục Đặc biệt,D01,19.10,,THPTQG,2018,Thang điểm 30,daniele15,
SPH,7140203D,Giáo dục Đặc biệt,D02,19.10,,THPTQG,2018,Thang điểm 30,daniele15,
SPH,7140203D,Giáo dục Đặc biệt,D03,19.10,,THPTQG,2018,Thang điểm 30,daniele15,
SPH,7140204,Giáo dục Công dân,C00,17.00,,HocBa,2018,Điểm chuẩn học bạ lấy 24.25,daniele15,
SPH,7140204,Giáo dục Công dân,C19,17.00,,HocBa,2018,Điểm chuẩn học bạ lấy 24.25,daniele15,
SPH,7140204,Giáo dục Công dân,D01,17.00,,HocBa,2018,Điểm chuẩn học bạ lấy 24.25,daniele15,
SPH,7140204,Giáo dục Công dân,D66,17.00,,HocBa,2018,Điểm chuẩn học bạ lấy 24.25,daniele15,
SPH,7140204A,Giáo dục Công dân,C14,21.05,,THPTQG,2018,Thang điểm 30,daniele15,
SPH,7140204B,Giáo dục Công dân,D66,17.25,,THPTQG,2018,Thang điểm 30,daniele15,
SPH,7140204B,Giáo dục Công dân,D68,17.25,,THPTQG,2018,Thang điểm 30,daniele15,
SPH,7140204B,Giáo dục Công dân,D70,17.25,,THPTQG,2018,Thang điểm 30,daniele15,
SPH,7140204D,Giáo dục Công dân,D01,17.10,,THPTQG,2018,Thang điểm 30,daniele15,
SPH,7140204D,Giáo dục Công dân,D02,17.10,,THPTQG,2018,Thang điểm 30,daniele15,
SPH,7140204D,Giáo dục Công dân,D03,17.10,,THPTQG,2018,Thang điểm 30,daniele15,
SPH,7140205A,Giáo dục Chính trị,C14,17.00,,THPTQG,2018,Thang điểm 30,daniele15,
SPH,7140205B,Giáo dục Chính trị,D66,17.50,,THPTQG,2018,Thang điểm 30,daniele15,
SPH,7140205B,Giáo dục Chính trị,D68,17.50,,THPTQG,2018,Thang điểm 30,daniele15,
SPH,7140205B,Giáo dục Chính trị,D70,17.50,,THPTQG,2018,Thang điểm 30,daniele15,
SPH,7140205D,Giáo dục Chính trị,D01,17.85,,THPTQG,2018,Thang điểm 30,daniele15,
SPH,7140205D,Giáo dục Chính trị,D02,17.85,,THPTQG,2018,Thang điểm 30,daniele15,
SPH,7140205D,Giáo dục Chính trị,D03,17.85,,THPTQG,2018,Thang điểm 30,daniele15,
SPH,7140206,Giáo dục Thể chất,T00,25.00,,HocBa,2018,Điểm chuẩn học bạ lấy 29.75,daniele15,
SPH,7140206,Giáo dục Thể chất,T02,25.00,,HocBa,2018,Điểm chuẩn học bạ lấy 29.75,daniele15,
SPH,7140206,Giáo dục Thể chất,T03,25.00,,HocBa,2018,Điểm chuẩn học bạ lấy 29.75,daniele15,
SPH,7140206,Giáo dục Thể chất,T05,25.00,,HocBa,2018,Điểm chuẩn học bạ lấy 29.75,daniele15,
SPH,7140209,Sư phạm Toán học,A00,22.67,,HocBa,2018,Điểm chuẩn học bạ lấy 31.38,daniele15,
SPH,7140209,Sư phạm Toán học,A01,22.67,,HocBa,2018,Điểm chuẩn học bạ lấy 31.38,daniele15,
SPH,7140209,Sư phạm Toán học,D01,22.67,,HocBa,2018,Điểm chuẩn học bạ lấy 31.38,daniele15,
SPH,7140209,Sư phạm Toán học,D84,22.67,,HocBa,2018,Điểm chuẩn học bạ lấy 31.38,daniele15,
SPH,7140209A,Sư phạm Toán học,A00,21.50,,THPTQG,2018,Thang điểm 30,daniele15,
SPH,7140209B,Sư phạm Toán học,A00,23.30,,THPTQG,2018,dạy Toán bằng tiếng AnhThang điểm 30,daniele15,
SPH,7140209C,Sư phạm Toán học,A01,23.35,,THPTQG,2018,dạy Toán bằng tiếng AnhThang điểm 30,daniele15,
SPH,7140209D,Sư phạm Toán học,D01,24.80,,THPTQG,2018,dạy Toán bằng tiếng AnhThang điểm 30,daniele15,
SPH,7140210,Sư phạm Tin học,A00,27.00,,HocBa,2018,Điểm chuẩn học bạ lấy 35,daniele15,
SPH,7140210,Sư phạm Tin học,A01,27.00,,HocBa,2018,Điểm chuẩn học bạ lấy 35,daniele15,
SPH,7140210,Sư phạm Tin học,C01,27.00,,HocBa,2018,Điểm chuẩn học bạ lấy 35,daniele15,
SPH,7140210,Sư phạm Tin học,D01,27.00,,HocBa,2018,Điểm chuẩn học bạ lấy 35,daniele15,
SPH,7140210A,Sư phạm Tin học,A00,17.15,,THPTQG,2018,Thang điểm 30,daniele15,
SPH,7140210B,Sư phạm Tin học,A01,17.00,,THPTQG,2018,Thang điểm 30,daniele15,
SPH,7140210C,Sư phạm Tin học,A00,22.85,,THPTQG,2018,dạy Tin bằng tiếng AnhThang điểm 30,daniele15,
SPH,7140210D,Sư phạm Tin học,A01,22.15,,THPTQG,2018,dạy Tin bằng tiếng AnhThang điểm 30,daniele15,
SPH,7140211,Sư phạm Vật lý,A00,22.67,,HocBa,2018,Điểm chuẩn học bạ lấy 32.83,daniele15,
SPH,7140211,Sư phạm Vật lý,A01,22.67,,HocBa,2018,Điểm chuẩn học bạ lấy 32.83,daniele15,
SPH,7140211,Sư phạm Vật lý,A04,22.67,,HocBa,2018,Điểm chuẩn học bạ lấy 32.83,daniele15,
SPH,7140211,Sư phạm Vật lý,C01,22.67,,HocBa,2018,Điểm chuẩn học bạ lấy 32.83,daniele15,
SPH,7140211A,Sư phạm Vật lý,A00,18.55,,THPTQG,2018,Thang điểm 30,daniele15,
SPH,7140211B,Sư phạm Vật lý,A01,18.00,,THPTQG,2018,Thang điểm 30,daniele15,
SPH,7140211C,Sư phạm Vật lý,C01,21.40,,THPTQG,2018,Thang điểm 30,daniele15,
SPH,7140211D,Sư phạm Vật lý,A00,18.05,,THPTQG,2018,dạy Lý bằng tiếng AnhThang điểm 30,daniele15,
SPH,7140211E,Sư phạm Vật lý,A01,18.35,,THPTQG,2018,dạy Lý bằng tiếng AnhThang điểm 30,daniele15,
SPH,7140211G,Sư phạm Vật lý,C01,20.75,,THPTQG,2018,dạy Lý bằng tiếng AnhThang điểm 30,daniele15,
SPH,7140212,Sư phạm Hóa học,A00,22.67,,HocBa,2018,Điểm chuẩn học bạ lấy 30.68,daniele15,
SPH,7140212,Sư phạm Hóa học,A06,22.67,,HocBa,2018,Điểm chuẩn học bạ lấy 30.68,daniele15,
SPH,7140212,Sư phạm Hóa học,B00,22.67,,HocBa,2018,Điểm chuẩn học bạ lấy 30.68,daniele15,
SPH,7140212,Sư phạm Hóa học,D07,22.67,,HocBa,2018,Điểm chuẩn học bạ lấy 30.68,daniele15,
SPH,7140212A,Sư phạm Hóa học,A00,18.60,,THPTQG,2018,Thang điểm 30,daniele15,
SPH,7140212B,Sư phạm Hóa học,D07,18.75,,THPTQG,2018,dạy Hoá bằng tiếng AnhThang điểm 30,daniele15,
SPH,7140213,Sư phạm Sinh học,B00,22.67,,HocBa,2018,Điểm chuẩn học bạ lấy 32.61,daniele15,
SPH,7140213,Sư phạm Sinh học,B02,22.67,,HocBa,2018,Điểm chuẩn học bạ lấy 32.61,daniele15,
SPH,7140213,Sư phạm Sinh học,B03,22.67,,HocBa,2018,Điểm chuẩn học bạ lấy 32.61,daniele15,
SPH,7140213,Sư phạm Sinh học,D08,22.67,,HocBa,2018,Điểm chuẩn học bạ lấy 32.61,daniele15,
SPH,7140213A,Sư phạm Sinh học,A00,17.90,,THPTQG,2018,Thang điểm 30,daniele15,
SPH,7140213B,Sư phạm Sinh học,B00,19.35,,THPTQG,2018,Thang điểm 30,daniele15,
SPH,7140213C,Sư phạm Sinh học,B03,20.45,,THPTQG,2018,Thang điểm 30,daniele15,
SPH,7140213D,Sư phạm Sinh học,D01,17.55,,THPTQG,2018,dạy Sinh bằng tiếng AnhThang điểm 30,daniele15,
SPH,7140213E,Sư phạm Sinh học,D07,18.40,,THPTQG,2018,dạy Sinh bằng tiếng AnhThang điểm 30,daniele15,
SPH,7140213F,Sư phạm Sinh học,D08,17.80,,THPTQG,2018,dạy Sinh bằng tiếng AnhThang điểm 30,daniele15,
SPH,7140217,Sư phạm Ngữ văn,C00,23.50,,HocBa,2018,Điểm chuẩn học bạ lấy 30.83,daniele15,
SPH,7140217,Sư phạm Ngữ văn,C14,23.50,,HocBa,2018,Điểm chuẩn học bạ lấy 30.83,daniele15,
SPH,7140217,Sư phạm Ngữ văn,D01,23.50,,HocBa,2018,Điểm chuẩn học bạ lấy 30.83,daniele15,
SPH,7140217,Sư phạm Ngữ văn,D15,23.50,,HocBa,2018,Điểm chuẩn học bạ lấy 30.83,daniele15,
SPH,7140217C,Sư phạm Ngữ văn,C00,24.00,,THPTQG,2018,Thang điểm 30,daniele15,
SPH,7140217D,Sư phạm Ngữ văn,D01,21.10,,THPTQG,2018,Thang điểm 30,daniele15,
SPH,7140217D,Sư phạm Ngữ văn,D02,21.10,,THPTQG,2018,Thang điểm 30,daniele15,
SPH,7140217D,Sư phạm Ngữ văn,D03,21.10,,THPTQG,2018,Thang điểm 30,daniele15,
SPH,7140218,Sư phạm Lịch sử,C00,22.67,,HocBa,2018,Điểm chuẩn học bạ lấy 33.13,daniele15,
SPH,7140218,Sư phạm Lịch sử,C03,22.67,,HocBa,2018,Điểm chuẩn học bạ lấy 33.13,daniele15,
SPH,7140218,Sư phạm Lịch sử,C19,22.67,,HocBa,2018,Điểm chuẩn học bạ lấy 33.13,daniele15,
SPH,7140218,Sư phạm Lịch sử,D14,22.67,,HocBa,2018,Điểm chuẩn học bạ lấy 33.13,daniele15,
SPH,7140218C,Sư phạm Lịch sử,C00,22.00,,THPTQG,2018,Sư phạm Lịch SửThang điểm 30,daniele15,
SPH,7140218D,Sư phạm Lịch sử,D14,18.05,,THPTQG,2018,Sư phạm Lịch SửThang điểm 30,daniele15,
SPH,7140218D,Sư phạm Lịch sử,D62,18.05,,THPTQG,2018,Sư phạm Lịch SửThang điểm 30,daniele15,
SPH,7140218D,Sư phạm Lịch sử,D64,18.05,,THPTQG,2018,Sư phạm Lịch SửThang điểm 30,daniele15,
SPH,7140219A,Sư phạm Địa lý,A00,17.75,,THPTQG,2018,Thang điểm 30,daniele15,
SPH,7140219B,Sư phạm Địa lý,C04,21.55,,THPTQG,2018,Thang điểm 30,daniele15,
SPH,7140219C,Sư phạm Địa lý,C00,22.25,,THPTQG,2018,Thang điểm 30,daniele15,
SPH,7140231,Sư phạm Tiếng Anh,D01,22.67,,HocBa,2018,Điểm chuẩn học bạ lấy 30.28,daniele15,
SPH,7140231,Sư phạm Tiếng Anh,D01,22.60,,THPTQG,2018,Thang điểm 30,daniele15,
SPH,7140233C,Sư phạm Tiếng Pháp,D15,18.65,,THPTQG,2018,Thang điểm 30,daniele15,
SPH,7140233C,Sư phạm Tiếng Pháp,D42,18.65,,THPTQG,2018,Thang điểm 30,daniele15,
SPH,7140233C,Sư phạm Tiếng Pháp,D44,18.65,,THPTQG,2018,Thang điểm 30,daniele15,
SPH,7140233D,Sư phạm Tiếng Pháp,D01,18.60,,THPTQG,2018,Thang điểm 30,daniele15,
SPH,7140233D,Sư phạm Tiếng Pháp,D02,18.60,,THPTQG,2018,Thang điểm 30,daniele15,
SPH,7140233D,Sư phạm Tiếng Pháp,D03,18.60,,THPTQG,2018,Thang điểm 30,daniele15,
SPH,7140246,Sư phạm công nghệ,A01,27.00,,HocBa,2018,Điểm chuẩn học bạ lấy 35,daniele15,
SPH,7140246,Sư phạm công nghệ,A02,27.00,,HocBa,2018,Điểm chuẩn học bạ lấy 35,daniele15,
SPH,7140246,Sư phạm công nghệ,D08,27.00,,HocBa,2018,Điểm chuẩn học bạ lấy 35,daniele15,
SPH,7140246,Sư phạm công nghệ,D90,27.00,,HocBa,2018,Điểm chuẩn học bạ lấy 35,daniele15,
SPH,7140246A,Sư phạm công nghệ,A00,21.45,,THPTQG,2018,Thang điểm 30,daniele15,
SPH,7140246B,Sư phạm công nghệ,A01,20.10,,THPTQG,2018,Thang điểm 30,daniele15,
SPH,7140246C,Sư phạm công nghệ,C01,20.40,,THPTQG,2018,Thang điểm 30,daniele15,
SPH,7220201,Ngôn ngữ Anh,A01,21.00,,THPTQG,2018,Thang điểm 30,daniele15,
SPH,7220201,Ngôn ngữ Anh,D01,21.00,,THPTQG,2018,Thang điểm 30,daniele15,
SPH,7220201,Ngôn ngữ Anh,D11,21.00,,THPTQG,2018,Thang điểm 30,daniele15,
SPH,7220201,Ngôn ngữ Anh,D12,21.00,,THPTQG,2018,Thang điểm 30,daniele15,
SPH,7220201,Ngôn ngữ Anh,A01,20.00,,HocBa,2018,Điểm chuẩn học bạ lấy 25.83,daniele15,
SPH,7220201,Ngôn ngữ Anh,D01,20.00,,HocBa,2018,Điểm chuẩn học bạ lấy 25.83,daniele15,
SPH,7220201,Ngôn ngữ Anh,D11,20.00,,HocBa,2018,Điểm chuẩn học bạ lấy 25.83,daniele15,
SPH,7220201,Ngôn ngữ Anh,D12,20.00,,HocBa,2018,Điểm chuẩn học bạ lấy 25.83,daniele15,
SPH,7220204,Ngôn ngữ Trung Quốc,A01,20.00,,HocBa,2018,Điểm chuẩn học bạ lấy 26.11,daniele15,
SPH,7220204,Ngôn ngữ Trung Quốc,D01,20.00,,HocBa,2018,Điểm chuẩn học bạ lấy 26.11,daniele15,
SPH,7220204,Ngôn ngữ Trung Quốc,D04,20.00,,HocBa,2018,Điểm chuẩn học bạ lấy 26.11,daniele15,
SPH,7220204,Ngôn ngữ Trung Quốc,D11,20.00,,HocBa,2018,Điểm chuẩn học bạ lấy 26.11,daniele15,
SPH,7229001B,Triết học,C03,16.75,,THPTQG,2018,Thang điểm 30,daniele15,
SPH,7229001C,Triết học,C00,16.50,,THPTQG,2018,Thang điểm 30,daniele15,
SPH,7229001D,Triết học,D01,16.00,,THPTQG,2018,Thang điểm 30,daniele15,
SPH,7229001D,Triết học,D02,16.00,,THPTQG,2018,Thang điểm 30,daniele15,
SPH,7229001D,Triết học,D03,16.00,,THPTQG,2018,Thang điểm 30,daniele15,
SPH,7229030,Văn học,C00,20.00,,HocBa,2018,Điểm chuẩn học bạ lấy 29.86,daniele15,
SPH,7229030,Văn học,C14,20.00,,HocBa,2018,Điểm chuẩn học bạ lấy 29.86,daniele15,
SPH,7229030,Văn học,D01,20.00,,HocBa,2018,Điểm chuẩn học bạ lấy 29.86,daniele15,
SPH,7229030,Văn học,D15,20.00,,HocBa,2018,Điểm chuẩn học bạ lấy 29.86,daniele15,
SPH,7229030C,Văn học,C00,16.00,,THPTQG,2018,Thang điểm 30,daniele15,
SPH,7310201A,Chính trị học,C14,16.60,,THPTQG,2018,Kinh tế chính trị Mác LêninThang điểm 30,daniele15,
SPH,7310201B,Chính trị học,D84,16.65,,THPTQG,2018,Kinh tế chính trị Mác LêninThang điểm 30,daniele15,
SPH,7310201B,Chính trị học,D86,16.65,,THPTQG,2018,Kinh tế chính trị Mác LêninThang điểm 30,daniele15,
SPH,7310201B,Chính trị học,D87,16.65,,THPTQG,2018,Kinh tế chính trị Mác LêninThang điểm 30,daniele15,
SPH,7310201D,Chính trị học,D01,17.35,,THPTQG,2018,Kinh tế chính trị Mác LêninThang điểm 30,daniele15,
SPH,7310201D,Chính trị học,D02,17.35,,THPTQG,2018,Kinh tế chính trị Mác LêninThang điểm 30,daniele15,
SPH,7310201D,Chính trị học,D03,17.35,,THPTQG,2018,Kinh tế chính trị Mác LêninThang điểm 30,daniele15,
SPH,7310401A,Chính trị học,C03,16.10,,THPTQG,2018,Kinh tế chính trị Mác LêninThang điểm 30,daniele15,
SPH,7310401C,Tâm lý học,C00,16.00,,THPTQG,2018,Tâm lý học trường họcThang điểm 30,daniele15,
SPH,7310401D,Tâm lý học,D01,16.05,,THPTQG,2018,Tâm lý học trường họcThang điểm 30,daniele15,
SPH,7310401D,Tâm lý học,D02,16.05,,THPTQG,2018,Tâm lý học trường họcThang điểm 30,daniele15,
SPH,7310401D,Tâm lý học,D03,16.05,,THPTQG,2018,Tâm lý học trường họcThang điểm 30,daniele15,
SPH,7310403A,Tâm lý học,C03,16.40,,THPTQG,2018,Tâm lý học giáo dụcThang điểm 30,daniele15,
SPH,7310403C,Tâm lý học,C00,16.00,,THPTQG,2018,Tâm lý học giáo dụcThang điểm 30,daniele15,
SPH,7310403D,Tâm lý học,D01,16.05,,THPTQG,2018,Tâm lý học giáo dụcThang điểm 30,daniele15,
SPH,7310403D,Tâm lý học,D02,16.05,,THPTQG,2018,Tâm lý học giáo dụcThang điểm 30,daniele15,
SPH,7310403D,Tâm lý học,D03,16.05,,THPTQG,2018,Tâm lý học giáo dụcThang điểm 30,daniele15,
SPH,7310630,Việt Nam học,C00,20.00,,HocBa,2018,Điểm chuẩn học bạ lấy 25.51,daniele15,
SPH,7310630,Việt Nam học,C14,20.00,,HocBa,2018,Điểm chuẩn học bạ lấy 25.51,daniele15,
SPH,7310630,Việt Nam học,D01,20.00,,HocBa,2018,Điểm chuẩn học bạ lấy 25.51,daniele15,
SPH,7310630,Việt Nam học,D15,20.00,,HocBa,2018,Điểm chuẩn học bạ lấy 25.51,daniele15,
SPH,7310630B,Việt Nam học,C04,16.40,,THPTQG,2018,Thang điểm 30,daniele15,
SPH,7310630C,Việt Nam học,C00,16.00,,THPTQG,2018,Thang điểm 30,daniele15,
SPH,7310630D,Việt Nam học,D01,16.45,,THPTQG,2018,Thang điểm 30,daniele15,
SPH,7310630D,Việt Nam học,D02,16.45,,THPTQG,2018,Thang điểm 30,daniele15,
SPH,7310630D,Việt Nam học,D03,16.45,,THPTQG,2018,Thang điểm 30,daniele15,
SPH,7320201,Thông tin - thư viện,C00,27.00,,HocBa,2018,Điểm chuẩn học bạ lấy 31,daniele15,
SPH,7320201,Thông tin - thư viện,C19,27.00,,HocBa,2018,Điểm chuẩn học bạ lấy 31,daniele15,
SPH,7320201,Thông tin - thư viện,C20,27.00,,HocBa,2018,Điểm chuẩn học bạ lấy 31,daniele15,
SPH,7320201,Thông tin - thư viện,D01,27.00,,HocBa,2018,Điểm chuẩn học bạ lấy 31,daniele15,
SPH,7420101A,Sinh học,A00,19.20,,THPTQG,2018,Thang điểm 30,daniele15,
SPH,7420101B,Sinh học,B00,17.05,,THPTQG,2018,Thang điểm 30,daniele15,
SPH,7420101C,Sinh học,C04,16.00,,THPTQG,2018,Thang điểm 30,daniele15,
SPH,7440112,Hoá học,A00,16.85,,THPTQG,2018,Thang điểm 30,daniele15,
SPH,7460101B,Toán học,A00,16.10,,THPTQG,2018,Thang điểm 30,daniele15,
SPH,7460101C,Sư phạm Toán học,A01,16.30,,THPTQG,2018,Thang điểm 30,daniele15,
SPH,7480201,Công nghệ thông tin,A00,20.00,,HocBa,2018,Điểm chuẩn học bạ lấy 26.88,daniele15,
SPH,7480201,Công nghệ thông tin,A01,20.00,,HocBa,2018,Điểm chuẩn học bạ lấy 26.88,daniele15,
SPH,7480201,Công nghệ thông tin,C01,20.00,,HocBa,2018,Điểm chuẩn học bạ lấy 26.88,daniele15,
SPH,7480201,Công nghệ thông tin,D01,20.00,,HocBa,2018,Điểm chuẩn học bạ lấy 26.88,daniele15,
SPH,7480201A,Công nghệ thông tin,A00,16.05,,THPTQG,2018,Thang điểm 30,daniele15,
SPH,7760101B,Công tác xã hội,D14,16.75,,THPTQG,2018,Thang điểm 30,daniele15,
SPH,7760101B,Công tác xã hội,D62,16.75,,THPTQG,2018,Thang điểm 30,daniele15,
SPH,7760101B,Công tác xã hội,D64,16.75,,THPTQG,2018,Thang điểm 30,daniele15,
SPH,7760101C,Công tác xã hội,C00,16.00,,THPTQG,2018,Thang điểm 30,daniele15,
SPK,7140231D,Sư phạm Tiếng Anh,,29.00,,HocBa,2018,Học bạ,daniele15,
SPK,7140231D,Sư phạm Tiếng Anh,,27.20,,THPTQG,2018,Tốt nghiệp THPT,daniele15,
SPK,7140231D,Sư phạm Tiếng Anh,,24.00,,DGNL-HCM,2018,Đánh giá năng lực Đại học Quốc gia TPHCM,daniele15,
SPK,7140246D,Sư phạm công nghệ,A00,20.25,,HocBa,2018,Học bạ,daniele15,
SPK,7140246D,Sư phạm công nghệ,A01,20.25,,HocBa,2018,Học bạ,daniele15,
SPK,7140246D,Sư phạm công nghệ,D01,20.25,,HocBa,2018,Học bạ,daniele15,
SPK,7140246D,Sư phạm công nghệ,D90,20.25,,HocBa,2018,Học bạ,daniele15,
SPK,7140246D,Sư phạm công nghệ,A00,20.00,,DGNL-HCM,2018,Đánh giá năng lực Đại học Quốc gia TPHCM,daniele15,
SPK,7140246D,Sư phạm công nghệ,A01,20.00,,DGNL-HCM,2018,Đánh giá năng lực Đại học Quốc gia TPHCM,daniele15,
SPK,7140246D,Sư phạm công nghệ,D01,20.00,,DGNL-HCM,2018,Đánh giá năng lực Đại học Quốc gia TPHCM,daniele15,
SPK,7140246D,Sư phạm công nghệ,D90,20.00,,DGNL-HCM,2018,Đánh giá năng lực Đại học Quốc gia TPHCM,daniele15,
SPK,7140246D,Sư phạm công nghệ,A00,19.70,,THPTQG,2018,Tốt nghiệp THPT,daniele15,
SPK,7140246D,Sư phạm công nghệ,A01,19.70,,THPTQG,2018,Tốt nghiệp THPT,daniele15,
SPK,7140246D,Sư phạm công nghệ,D01,19.70,,THPTQG,2018,Tốt nghiệp THPT,daniele15,
SPK,7140246D,Sư phạm công nghệ,D90,19.70,,THPTQG,2018,Tốt nghiệp THPT,daniele15,
SPK,7210403D,Thiết kế đồ họa,,24.30,,THPTQG,2018,Tốt nghiệp THPT,daniele15,
SPK,7210403D,Thiết kế đồ họa,,22.00,,DGNL-HCM,2018,Đánh giá năng lực Đại học Quốc gia TPHCM; Kết hợp môn năng khiếu,daniele15,
SPK,7210404D,Thiết kế thời trang,,23.10,,THPTQG,2018,Tốt nghiệp THPT,daniele15,
SPK,7210404D,Thiết kế thời trang,,19.00,,DGNL-HCM,2018,Đánh giá năng lực Đại học Quốc gia TPHCM; Kết hợp môn năng khiếu,daniele15,
SPK,7220201D,Ngôn ngữ Anh,,26.00,,HocBa,2018,Học bạ,daniele15,
SPK,7220201D,Ngôn ngữ Anh,,25.03,,THPTQG,2018,Tốt nghiệp THPT,daniele15,
SPK,7220201D,Ngôn ngữ Anh,,21.00,,DGNL-HCM,2018,Đánh giá năng lực Đại học Quốc gia TPHCM,daniele15,
SPK,7340120D,Kinh doanh quốc tế,,27.25,,THPTQG,2018,Tốt nghiệp THPT,daniele15,
SPK,7340120D,Kinh doanh quốc tế,,27.00,,HocBa,2018,Học bạ,daniele15,
SPK,7340120D,Kinh doanh quốc tế,,21.75,,DGNL-HCM,2018,Đánh giá năng lực Đại học Quốc gia TPHCM,daniele15,
SPK,7340122C,Thương mại điện tử,,27.75,,HocBa,2018,CLC tiếng Việt; Học bạ,daniele15,
SPK,7340122C,Thương mại điện tử,,25.75,,THPTQG,2018,Tốt nghiệp THPT; CLC - Tiếng Việt,daniele15,
SPK,7340122C,Thương mại điện tử,,23.75,,DGNL-HCM,2018,CLC tiếng Việt; Đánh giá năng lực Đại học Quốc gia TPHCM,daniele15,
SPK,7340122D,Thương mại điện tử,,28.00,,HocBa,2018,Học bạ,daniele15,
SPK,7340122D,Thương mại điện tử,,27.00,,THPTQG,2018,Tốt nghiệp THPT,daniele15,
SPK,7340122D,Thương mại điện tử,,21.50,,DGNL-HCM,2018,Đánh giá năng lực Đại học Quốc gia TPHCM,daniele15,
SPK,7340301C,Kế toán,,24.50,,HocBa,2018,CLC tiếng Việt; Học bạ,daniele15,
SPK,7340301C,Kế toán,,24.00,,THPTQG,2018,Tốt nghiệp THPT; CLC - Tiếng Việt,daniele15,
SPK,7340301C,Kế toán,,20.75,,DGNL-HCM,2018,CLC tiếng Việt; Đánh giá năng lực Đại học Quốc gia TPHCM,daniele15,
SPK,7340301D,Kế toán,,26.00,,THPTQG,2018,Tốt nghiệp THPT,daniele15,
SPK,7340301D,Kế toán,,25.50,,HocBa,2018,Học bạ,daniele15,
SPK,7340301D,Kế toán,,20.00,,DGNL-HCM,2018,Đánh giá năng lực Đại học Quốc gia TPHCM,daniele15,
SPK,7380101D,Luật,,27.00,,HocBa,2018,Học bạ,daniele15,
SPK,7380101D,Luật,,22.75,,THPTQG,2018,Tốt nghiệp THPT,daniele15,
SPK,7380101D,Luật,,20.00,,DGNL-HCM,2018,Đánh giá năng lực Đại học Quốc gia TPHCM,daniele15,
SPK,7480108A,Công nghệ kỹ thuật máy tính,,26.00,,HocBa,2018,CLC tiếng Anh; Học bạ,daniele15,
SPK,7480108A,Công nghệ kỹ thuật máy tính,,24.98,,THPTQG,2018,Tốt nghiệp THPT; CLC - Tiếng Anh,daniele15,
SPK,7480108A,Công nghệ kỹ thuật máy tính,,23.25,,DGNL-HCM,2018,CLC tiếng Anh; Đánh giá năng lực Đại học Quốc gia TPHCM,daniele15,
SPK,7480108C,Công nghệ kỹ thuật máy tính,,27.25,,HocBa,2018,CLC tiếng Việt; Học bạ,daniele15,
SPK,7480108C,Công nghệ kỹ thuật máy tính,,25.18,,THPTQG,2018,Tốt nghiệp THPT; CLC - Tiếng Việt,daniele15,
SPK,7480108C,Công nghệ kỹ thuật máy tính,,22.50,,DGNL-HCM,2018,CLC tiếng Việt; Đánh giá năng lực Đại học Quốc gia TPHCM,daniele15,
SPK,7480108D,Công nghệ kỹ thuật máy tính,,27.25,,HocBa,2018,Học bạ,daniele15,
SPK,7480108D,Công nghệ kỹ thuật máy tính,,26.15,,THPTQG,2018,Tốt nghiệp THPT,daniele15,
SPK,7480108D,Công nghệ kỹ thuật máy tính,,22.00,,DGNL-HCM,2018,Đánh giá năng lực Đại học Quốc gia TPHCM,daniele15,
SPK,7480118D,Hệ thống nhúng thông minh và IoT,,27.00,,HocBa,2018,Học bạ,daniele15,
SPK,7480118D,Hệ thống nhúng thông minh và IoT,,25.80,,THPTQG,2018,Tốt nghiệp THPT,daniele15,
SPK,7480118D,Hệ thống nhúng thông minh và IoT,,22.00,,DGNL-HCM,2018,Đánh giá năng lực Đại học Quốc gia TPHCM,daniele15,
SPK,7480201A,Công nghệ thông tin,,28.00,,HocBa,2018,CLC tiếng Anh; Học bạ,daniele15,
SPK,7480201A,Công nghệ thông tin,,25.98,,THPTQG,2018,Tốt nghiệp THPT; CLC - Tiếng Anh,daniele15,
SPK,7480201A,Công nghệ thông tin,,23.50,,DGNL-HCM,2018,CLC tiếng Anh; Đánh giá năng lực Đại học Quốc gia TPHCM,daniele15,
SPK,7480201C,Công nghệ thông tin,,29.00,,HocBa,2018,CLC tiếng Việt; Học bạ,daniele15,
SPK,7480201C,Công nghệ thông tin,,25.86,,THPTQG,2018,Tốt nghiệp THPT; CLC - Tiếng Việt,daniele15,
SPK,7480201C,Công nghệ thông tin,,23.25,,DGNL-HCM,2018,CLC tiếng Việt; Đánh giá năng lực Đại học Quốc gia TPHCM,daniele15,
SPK,7480201D,Công nghệ thông tin,,28.75,,HocBa,2018,Học bạ,daniele15,
SPK,7480201D,Công nghệ thông tin,,26.64,,THPTQG,2018,Tốt nghiệp THPT,daniele15,
SPK,7480201D,Công nghệ thông tin,,23.25,,DGNL-HCM,2018,Đánh giá năng lực Đại học Quốc gia TPHCM,daniele15,
SPK,7480202D,An toàn thông tin,,27.25,,HocBa,2018,Học bạ,daniele15,
SPK,7480202D,An toàn thông tin,,26.90,,THPTQG,2018,Tốt nghiệp THPT,daniele15,
SPK,7480202D,An toàn thông tin,,22.00,,DGNL-HCM,2018,Đánh giá năng lực Đại học Quốc gia TPHCM,daniele15,
SPK,7480203D,Kỹ thuật dữ liệu,,28.00,,HocBa,2018,Học bạ,daniele15,
SPK,7480203D,Kỹ thuật dữ liệu,,26.81,,THPTQG,2018,Tốt nghiệp THPT,daniele15,
SPK,7480203D,Kỹ thuật dữ liệu,,22.00,,DGNL-HCM,2018,Đánh giá năng lực Đại học Quốc gia TPHCM,daniele15,
SPK,7510102A,Công nghệ kỹ thuật công trình xây dựng,,20.25,,HocBa,2018,CLC tiếng Anh; Học bạ,daniele15,
SPK,7510102A,Công nghệ kỹ thuật công trình xây dựng,,20.00,,THPTQG,2018,Tốt nghiệp THPT; CLC - Tiếng Anh,daniele15,
SPK,7510102A,Công nghệ kỹ thuật công trình xây dựng,,18.00,,DGNL-HCM,2018,CLC tiếng Anh; Đánh giá năng lực Đại học Quốc gia TPHCM,daniele15,
SPK,7510102C,Công nghệ kỹ thuật công trình xây dựng,,23.25,,HocBa,2018,CLC tiếng Việt; Học bạ,daniele15,
SPK,7510102C,Công nghệ kỹ thuật công trình xây dựng,,21.75,,THPTQG,2018,Tốt nghiệp THPT; CLC - Tiếng Việt,daniele15,
SPK,7510102C,Công nghệ kỹ thuật công trình xây dựng,,20.25,,DGNL-HCM,2018,CLC tiếng Việt; Đánh giá năng lực Đại học Quốc gia TPHCM,daniele15,
SPK,7510102D,Công nghệ kỹ thuật công trình xây dựng,,24.25,,HocBa,2018,Học bạ,daniele15,
SPK,7510102D,Công nghệ kỹ thuật công trình xây dựng,,23.65,,THPTQG,2018,Tốt nghiệp THPT,daniele15,
SPK,7510102D,Công nghệ kỹ thuật công trình xây dựng,,19.25,,DGNL-HCM,2018,Đánh giá năng lực Đại học Quốc gia TPHCM,daniele15,
SPK,7510106D,Kỹ thuật xây dựng,,22.00,,HocBa,2018,CN: Hệ thống kỹ thuật công trình xây dựng; Học bạ,daniele15,
SPK,7510106D,Kỹ thuật xây dựng,,21.00,,THPTQG,2018,Hệ thống kỹ thuật công trình xây dựng; Tốt nghiệp THPT,daniele15,
SPK,7510106D,Kỹ thuật xây dựng,,18.00,,DGNL-HCM,2018,CN: Hệ thống kỹ thuật công trình xây dựng; Đánh giá năng lực Đại học Quốc gia TPHCM,daniele15,
SPK,7510201A,Công nghệ kỹ thuật cơ khí,,23.20,,THPTQG,2018,Tốt nghiệp THPT; CLC - Tiếng Anh,daniele15,
SPK,7510201A,Công nghệ kỹ thuật cơ khí,,23.00,,HocBa,2018,CLC tiếng Anh; Học bạ,daniele15,
SPK,7510201A,Công nghệ kỹ thuật cơ khí,,22.00,,DGNL-HCM,2018,CLC tiếng Anh; Đánh giá năng lực Đại học Quốc gia TPHCM,daniele15,
SPK,7510201C,Công nghệ kỹ thuật cơ khí,,26.00,,HocBa,2018,CLC tiếng Việt; Học bạ,daniele15,
SPK,7510201C,Công nghệ kỹ thuật cơ khí,,23.40,,THPTQG,2018,Tốt nghiệp THPT; CLC - Tiếng Việt,daniele15,
SPK,7510201C,Công nghệ kỹ thuật cơ khí,,21.25,,DGNL-HCM,2018,CLC tiếng Việt; Đánh giá năng lực Đại học Quốc gia TPHCM,daniele15,
SPK,7510201D,Công nghệ kỹ thuật cơ khí,,26.25,,HocBa,2018,Học bạ,daniele15,
SPK,7510201D,Công nghệ kỹ thuật cơ khí,,25.10,,THPTQG,2018,Tốt nghiệp THPT,daniele15,
SPK,7510201D,Công nghệ kỹ thuật cơ khí,,20.25,,DGNL-HCM,2018,Đánh giá năng lực Đại học Quốc gia TPHCM,daniele15,
SPK,7510202A,Công nghệ chế tạo máy,,23.20,,THPTQG,2018,Tốt nghiệp THPT; CLC - Tiếng Anh,daniele15,
SPK,7510202A,Công nghệ chế tạo máy,,20.25,,HocBa,2018,CLC tiếng Anh; Học bạ,daniele15,
SPK,7510202A,Công nghệ chế tạo máy,,19.50,,DGNL-HCM,2018,CLC tiếng Anh; Đánh giá năng lực Đại học Quốc gia TPHCM,daniele15,
SPK,7510202C,Công nghệ chế tạo máy,,22.85,,THPTQG,2018,Tốt nghiệp THPT; CLC - Tiếng Việt,daniele15,
SPK,7510202C,Công nghệ chế tạo máy,,22.75,,HocBa,2018,CLC tiếng Việt; Học bạ,daniele15,
SPK,7510202C,Công nghệ chế tạo máy,,18.50,,DGNL-HCM,2018,CLC tiếng Việt; Đánh giá năng lực Đại học Quốc gia TPHCM,daniele15,
SPK,7510202D,Công nghệ chế tạo máy,,25.00,,THPTQG,2018,Tốt nghiệp THPT,daniele15,
SPK,7510202D,Công nghệ chế tạo máy,,23.00,,HocBa,2018,Học bạ,daniele15,
SPK,7510202D,Công nghệ chế tạo máy,,18.50,,DGNL-HCM,2018,Đánh giá năng lực Đại học Quốc gia TPHCM,daniele15,
SPK,7510202N,Công nghệ chế tạo máy,,22.00,,HocBa,2018,Chất lượng cao Việt - Nhật; Học bạ,daniele15,
SPK,7510202N,Công nghệ chế tạo máy,,21.70,,THPTQG,2018,Tốt nghiệp THPT; CLC Việt - Nhật,daniele15,
SPK,7510202N,Công nghệ chế tạo máy,,18.00,,DGNL-HCM,2018,Chất lượng cao Việt - Nhật; Đánh giá năng lực Đại học Quốc gia TPHCM,daniele15,
SPK,7510203A,Công nghệ kỹ thuật cơ điện tử,,24.69,,THPTQG,2018,Tốt nghiệp THPT; CLC - Tiếng Anh,daniele15,
SPK,7510203A,Công nghệ kỹ thuật cơ điện tử,,24.00,,HocBa,2018,CLC tiếng Anh; Học bạ,daniele15,
SPK,7510203A,Công nghệ kỹ thuật cơ điện tử,,22.75,,DGNL-HCM,2018,CLC tiếng Anh; Đánh giá năng lực Đại học Quốc gia TPHCM,daniele15,
SPK,7510203C,Công nghệ kỹ thuật cơ điện tử,,26.75,,HocBa,2018,CLC tiếng Việt; Học bạ,daniele15,
SPK,7510203C,Công nghệ kỹ thuật cơ điện tử,,24.15,,THPTQG,2018,Tốt nghiệp THPT; CLC - Tiếng Việt,daniele15,
SPK,7510203C,Công nghệ kỹ thuật cơ điện tử,,22.00,,DGNL-HCM,2018,CLC tiếng Việt; Đánh giá năng lực Đại học Quốc gia TPHCM,daniele15,
SPK,7510203D,Công nghệ kỹ thuật cơ điện tử,,26.90,,THPTQG,2018,Tốt nghiệp THPT,daniele15,
SPK,7510203D,Công nghệ kỹ thuật cơ điện tử,,25.00,,HocBa,2018,Học bạ,daniele15,
SPK,7510203D,Công nghệ kỹ thuật cơ điện tử,,22.00,,DGNL-HCM,2018,Đánh giá năng lực Đại học Quốc gia TPHCM,daniele15,
SPK,7510205A,Công nghệ kỹ thuật ô tô,,26.25,,HocBa,2018,CLC tiếng Anh; Học bạ,daniele15,
SPK,7510205A,Công nghệ kỹ thuật ô tô,,24.38,,THPTQG,2018,Tốt nghiệp THPT; CLC - Tiếng Anh,daniele15,
SPK,7510205A,Công nghệ kỹ thuật ô tô,,21.75,,DGNL-HCM,2018,CLC tiếng Anh; Đánh giá năng lực Đại học Quốc gia TPHCM,daniele15,
SPK,7510205C,Công nghệ kỹ thuật ô tô,,27.50,,HocBa,2018,CLC tiếng Việt; Học bạ,daniele15,
SPK,7510205C,Công nghệ kỹ thuật ô tô,,24.25,,THPTQG,2018,Tốt nghiệp THPT; CLC - Tiếng Việt,daniele15,
SPK,7510205C,Công nghệ kỹ thuật ô tô,,21.00,,DGNL-HCM,2018,CLC tiếng Việt; Đánh giá năng lực Đại học Quốc gia TPHCM,daniele15,
SPK,7510205D,Công nghệ kỹ thuật ô tô,,27.00,,HocBa,2018,Học bạ,daniele15,
SPK,7510205D,Công nghệ kỹ thuật ô tô,,26.65,,THPTQG,2018,Tốt nghiệp THPT,daniele15,
SPK,7510205D,Công nghệ kỹ thuật ô tô,,21.00,,DGNL-HCM,2018,Đánh giá năng lực Đại học Quốc gia TPHCM,daniele15,
SPK,7510206A,Công nghệ Kỹ thuật Nhiệt (Cơ điện lạnh),,23.75,,THPTQG,2018,Tốt nghiệp THPT; CLC - Tiếng Anh,daniele15,
SPK,7510206A,Công nghệ Kỹ thuật Nhiệt (Cơ điện lạnh),,20.25,,HocBa,2018,CLC tiếng Anh; Học bạ,daniele15,
SPK,7510206A,Công nghệ Kỹ thuật Nhiệt (Cơ điện lạnh),,20.00,,DGNL-HCM,2018,CLC tiếng Anh; Đánh giá năng lực Đại học Quốc gia TPHCM,daniele15,
SPK,7510206C,Công nghệ Kỹ thuật Nhiệt (Cơ điện lạnh),,23.00,,HocBa,2018,CLC tiếng Việt; Học bạ,daniele15,
SPK,7510206C,Công nghệ Kỹ thuật Nhiệt (Cơ điện lạnh),,20.70,,THPTQG,2018,Tốt nghiệp THPT; CLC - Tiếng Việt,daniele15,
SPK,7510206C,Công nghệ Kỹ thuật Nhiệt (Cơ điện lạnh),,19.00,,DGNL-HCM,2018,CLC tiếng Việt; Đánh giá năng lực Đại học Quốc gia TPHCM,daniele15,
SPK,7510206D,Công nghệ kỹ thuật máy tính,,23.33,,THPTQG,2018,Tốt nghiệp THPT,daniele15,
SPK,7510206D,Công nghệ kỹ thuật máy tính,,23.25,,HocBa,2018,Học bạ,daniele15,
SPK,7510206D,Công nghệ kỹ thuật máy tính,,18.50,,DGNL-HCM,2018,Đánh giá năng lực Đại học Quốc gia TPHCM,daniele15,
SPK,7510208D,Năng lượng tái tạo,,22.75,,HocBa,2018,Học bạ,daniele15,
SPK,7510208D,Năng lượng tái tạo,,22.40,,THPTQG,2018,Tốt nghiệp THPT,daniele15,
SPK,7510208D,Năng lượng tái tạo,,18.75,,DGNL-HCM,2018,Đánh giá năng lực Đại học Quốc gia TPHCM,daniele15,
SPK,7510209D,Robot và trí tuệ nhân tạo,A00,28.25,,HocBa,2018,Học bạ,daniele15,
SPK,7510209D,Robot và trí tuệ nhân tạo,A01,28.25,,HocBa,2018,Học bạ,daniele15,
SPK,7510209D,Robot và trí tuệ nhân tạo,D01,28.25,,HocBa,2018,Học bạ,daniele15,
SPK,7510209D,Robot và trí tuệ nhân tạo,D90,28.25,,HocBa,2018,Học bạ,daniele15,
SPK,7510209D,Robot và trí tuệ nhân tạo,A00,24.25,,DGNL-HCM,2018,Đánh giá năng lực Đại học Quốc gia TPHCM,daniele15,
SPK,7510209D,Robot và trí tuệ nhân tạo,A01,24.25,,DGNL-HCM,2018,Đánh giá năng lực Đại học Quốc gia TPHCM,daniele15,
SPK,7510209D,Robot và trí tuệ nhân tạo,D01,24.25,,DGNL-HCM,2018,Đánh giá năng lực Đại học Quốc gia TPHCM,daniele15,
SPK,7510209D,Robot và trí tuệ nhân tạo,D90,24.25,,DGNL-HCM,2018,Đánh giá năng lực Đại học Quốc gia TPHCM,daniele15,
SPK,7510209D,Robot và trí tuệ nhân tạo,A00,22.40,,THPTQG,2018,Tốt nghiệp THPT,daniele15,
SPK,7510209D,Robot và trí tuệ nhân tạo,A01,22.40,,THPTQG,2018,Tốt nghiệp THPT,daniele15,
SPK,7510209D,Robot và trí tuệ nhân tạo,D01,22.40,,THPTQG,2018,Tốt nghiệp THPT,daniele15,
SPK,7510209D,Robot và trí tuệ nhân tạo,D90,22.40,,THPTQG,2018,Tốt nghiệp THPT,daniele15,
SPK,7510301A,"Công nghệ kỹ thuật điện, điện tử",,23.50,,THPTQG,2018,Tốt nghiệp THPT; CLC - Tiếng Anh,daniele15,
SPK,7510301A,"Công nghệ kỹ thuật điện, điện tử",,22.50,,HocBa,2018,CLC tiếng Anh; Học bạ,daniele15,
SPK,7510301A,"Công nghệ kỹ thuật điện, điện tử",,22.00,,DGNL-HCM,2018,CLC tiếng Anh; Đánh giá năng lực Đại học Quốc gia TPHCM,daniele15,
SPK,7510301C,"Công nghệ kỹ thuật điện, điện tử",,26.00,,HocBa,2018,CLC tiếng Việt; Học bạ,daniele15,
SPK,7510301C,"Công nghệ kỹ thuật điện, điện tử",,23.40,,THPTQG,2018,Tốt nghiệp THPT; CLC - Tiếng Việt,daniele15,
SPK,7510301C,"Công nghệ kỹ thuật điện, điện tử",,21.25,,DGNL-HCM,2018,CLC tiếng Việt; Đánh giá năng lực Đại học Quốc gia TPHCM,daniele15,
SPK,7510301D,"Công nghệ kỹ thuật điện, điện tử",,25.50,,HocBa,2018,Học bạ,daniele15,
SPK,7510301D,"Công nghệ kỹ thuật điện, điện tử",,25.38,,THPTQG,2018,Tốt nghiệp THPT,daniele15,
SPK,7510301D,"Công nghệ kỹ thuật điện, điện tử",,20.50,,DGNL-HCM,2018,Đánh giá năng lực Đại học Quốc gia TPHCM,daniele15,
SPK,7510302A,Công nghệ kỹ thuật điện tử - viễn thông,,23.00,,THPTQG,2018,Tốt nghiệp THPT; CLC - Tiếng Anh,daniele15,
SPK,7510302A,Công nghệ kỹ thuật điện tử - viễn thông,,21.00,,HocBa,2018,CLC tiếng Anh; Học bạ,daniele15,
SPK,7510302A,Công nghệ kỹ thuật điện tử - viễn thông,,18.75,,DGNL-HCM,2018,CLC tiếng Anh; Đánh giá năng lực Đại học Quốc gia TPHCM,daniele15,
SPK,7510302C,Công nghệ kỹ thuật điện tử - viễn thông,,26.00,,HocBa,2018,CLC tiếng Việt; Học bạ,daniele15,
SPK,7510302C,Công nghệ kỹ thuật điện tử - viễn thông,,23.20,,THPTQG,2018,Tốt nghiệp THPT; CLC - Tiếng Việt,daniele15,
SPK,7510302C,Công nghệ kỹ thuật điện tử - viễn thông,,21.25,,DGNL-HCM,2018,CLC tiếng Việt; Đánh giá năng lực Đại học Quốc gia TPHCM,daniele15,
SPK,7510302D,Công nghệ kỹ thuật điện tử - viễn thông,,26.10,,THPTQG,2018,Tốt nghiệp THPT,daniele15,
SPK,7510302D,Công nghệ kỹ thuật điện tử - viễn thông,,23.75,,HocBa,2018,Học bạ,daniele15,
SPK,7510302D,Công nghệ kỹ thuật điện tử - viễn thông,,19.75,,DGNL-HCM,2018,Đánh giá năng lực Đại học Quốc gia TPHCM,daniele15,
SPK,7510302N,Công nghệ kỹ thuật điện tử - viễn thông,,22.30,,THPTQG,2018,Tốt nghiệp THPT; CLC Việt - Nhật,daniele15,
SPK,7510302N,Công nghệ kỹ thuật điện tử - viễn thông,,21.50,,HocBa,2018,Chât lượng cao Việt - Nhật; Học bạ,daniele15,
SPK,7510302N,Công nghệ kỹ thuật điện tử - viễn thông,,19.00,,DGNL-HCM,2018,Chât lượng cao Việt - Nhật;  Đánh giá năng lực Đại học Quốc gia TPHCM,daniele15,
SPK,7510303A,Công nghệ kỹ thuật điều khiển và tự động hóa,,27.00,,HocBa,2018,CLC tiếng Anh; Học bạ,daniele15,
SPK,7510303A,Công nghệ kỹ thuật điều khiển và tự động hóa,,25.15,,THPTQG,2018,Tốt nghiệp THPT; CLC - Tiếng Anh,daniele15,
SPK,7510303A,Công nghệ kỹ thuật điều khiển và tự động hóa,,22.75,,DGNL-HCM,2018,CLC tiếng Anh; Đánh giá năng lực Đại học Quốc gia TPHCM,daniele15,
SPK,7510303C,Công nghệ kỹ thuật điều khiển và tự động hóa,,28.00,,HocBa,2018,CLC tiếng Việt; Học bạ,daniele15,
SPK,7510303C,Công nghệ kỹ thuật điều khiển và tự động hóa,,24.60,,THPTQG,2018,Tốt nghiệp THPT; CLC - Tiếng Việt,daniele15,
SPK,7510303C,Công nghệ kỹ thuật điều khiển và tự động hóa,,22.25,,DGNL-HCM,2018,CLC tiếng Việt; Đánh giá năng lực Đại học Quốc gia TPHCM,daniele15,
SPK,7510303D,Công nghệ kỹ thuật điều khiển và tự động hóa,,27.75,,HocBa,2018,Học bạ,daniele15,
SPK,7510303D,Công nghệ kỹ thuật điều khiển và tự động hóa,,26.30,,THPTQG,2018,Tốt nghiệp THPT,daniele15,
SPK,7510303D,Công nghệ kỹ thuật điều khiển và tự động hóa,,22.00,,DGNL-HCM,2018,Đánh giá năng lực Đại học Quốc gia TPHCM,daniele15,
SPK,7510401C,Công nghệ kỹ thuật hoá học,,26.50,,HocBa,2018,CLC tiếng Việt; Học bạ,daniele15,
SPK,7510401C,Công nghệ kỹ thuật hoá học,,24.00,,THPTQG,2018,Tốt nghiệp THPT; CLC - Tiếng Việt,daniele15,
SPK,7510401C,Công nghệ kỹ thuật hoá học,,21.75,,DGNL-HCM,2018,CLC tiếng Việt; Đánh giá năng lực Đại học Quốc gia TPHCM,daniele15,
SPK,7510401D,Công nghệ kỹ thuật hoá học,,27.00,,HocBa,2018,Học bạ,daniele15,
SPK,7510401D,Công nghệ kỹ thuật hoá học,,25.80,,THPTQG,2018,Tốt nghiệp THPT,daniele15,
SPK,7510401D,Công nghệ kỹ thuật hoá học,,22.00,,DGNL-HCM,2018,Đánh giá năng lực Đại học Quốc gia TPHCM,daniele15,
SPK,7510402D,Công nghệ vật liệu,,20.00,,THPTQG,2018,Tốt nghiệp THPT,daniele15,
SPK,7510402D,Công nghệ vật liệu,,20.00,,HocBa,2018,Học bạ,daniele15,
SPK,7510402D,Công nghệ vật liệu,,19.25,,DGNL-HCM,2018,Đánh giá năng lực Đại học Quốc gia TPHCM,daniele15,
SPK,7510406C,Công nghệ kỹ thuật môi trường,,21.00,,HocBa,2018,CLC tiếng Việt; Học bạ,daniele15,
SPK,7510406C,Công nghệ kỹ thuật môi trường,,20.10,,THPTQG,2018,Tốt nghiệp THPT; CLC - Tiếng Việt,daniele15,
SPK,7510406C,Công nghệ kỹ thuật môi trường,,19.00,,DGNL-HCM,2018,CLC tiếng Việt; Đánh giá năng lực Đại học Quốc gia TPHCM,daniele15,
SPK,7510406D,Công nghệ kỹ thuật môi trường,,21.00,,HocBa,2018,Học bạ,daniele15,
SPK,7510406D,Công nghệ kỹ thuật môi trường,,20.10,,THPTQG,2018,Tốt nghiệp THPT,daniele15,
SPK,7510406D,Công nghệ kỹ thuật môi trường,,19.00,,DGNL-HCM,2018,Đánh giá năng lực Đại học Quốc gia TPHCM,daniele15,
SPK,7510601A,Quản lý công nghiệp,A00,22.30,,THPTQG,2018,Tốt nghiệp THPT; CLC - Tiếng Anh,daniele15,
SPK,7510601A,Quản lý công nghiệp,A01,22.30,,THPTQG,2018,Tốt nghiệp THPT; CLC - Tiếng Anh,daniele15,
SPK,7510601A,Quản lý công nghiệp,D01,22.30,,THPTQG,2018,Tốt nghiệp THPT; CLC - Tiếng Anh,daniele15,
SPK,7510601A,Quản lý công nghiệp,D90,22.30,,THPTQG,2018,Tốt nghiệp THPT; CLC - Tiếng Anh,daniele15,
SPK,7510601A,Quản lý công nghiệp,A00,21.75,,DGNL-HCM,2018,CLC tiếng Anh; Đánh giá năng lực Đại học Quốc gia TPHCM,daniele15,
SPK,7510601A,Quản lý công nghiệp,A01,21.75,,DGNL-HCM,2018,CLC tiếng Anh; Đánh giá năng lực Đại học Quốc gia TPHCM,daniele15,
SPK,7510601A,Quản lý công nghiệp,D01,21.75,,DGNL-HCM,2018,CLC tiếng Anh; Đánh giá năng lực Đại học Quốc gia TPHCM,daniele15,
SPK,7510601A,Quản lý công nghiệp,D90,21.75,,DGNL-HCM,2018,CLC tiếng Anh; Đánh giá năng lực Đại học Quốc gia TPHCM,daniele15,
SPK,7510601A,Quản lý công nghiệp,A00,20.25,,HocBa,2018,CLC tiếng Anh; Học bạ,daniele15,
SPK,7510601A,Quản lý công nghiệp,A01,20.25,,HocBa,2018,CLC tiếng Anh; Học bạ,daniele15,
SPK,7510601A,Quản lý công nghiệp,D01,20.25,,HocBa,2018,CLC tiếng Anh; Học bạ,daniele15,
SPK,7510601A,Quản lý công nghiệp,D90,20.25,,HocBa,2018,CLC tiếng Anh; Học bạ,daniele15,
SPK,7510601C,Quản lý công nghiệp,,24.00,,HocBa,2018,CLC tiếng Việt; Học bạ,daniele15,
SPK,7510601C,Quản lý công nghiệp,,23.00,,THPTQG,2018,Tốt nghiệp THPT; CLC - Tiếng Việt,daniele15,
SPK,7510601C,Quản lý công nghiệp,,18.00,,DGNL-HCM,2018,CLC tiếng Việt; Đánh giá năng lực Đại học Quốc gia TPHCM,daniele15,
SPK,7510601D,Quản lý công nghiệp,,25.70,,THPTQG,2018,Tốt nghiệp THPT,daniele15,
SPK,7510601D,Quản lý công nghiệp,,25.50,,HocBa,2018,Học bạ,daniele15,
SPK,7510601D,Quản lý công nghiệp,,20.00,,DGNL-HCM,2018,Đánh giá năng lực Đại học Quốc gia TPHCM,daniele15,
SPK,7510605D,Logistics và Quản lý chuỗi cung ứng,,28.25,,HocBa,2018,Học bạ,daniele15,
SPK,7510605D,Logistics và Quản lý chuỗi cung ứng,,25.75,,THPTQG,2018,Tốt nghiệp THPT,daniele15,
SPK,7510605D,Logistics và Quản lý chuỗi cung ứng,,23.25,,DGNL-HCM,2018,Đánh giá năng lực Đại học Quốc gia TPHCM,daniele15,
SPK,7510801C,Công nghệ kỹ thuật in,A00,21.50,,HocBa,2018,CLC tiếng Việt; Học bạ,daniele15,
SPK,7510801C,Công nghệ kỹ thuật in,A01,21.50,,HocBa,2018,CLC tiếng Việt; Học bạ,daniele15,
SPK,7510801C,Công nghệ kỹ thuật in,D01,21.50,,HocBa,2018,CLC tiếng Việt; Học bạ,daniele15,
SPK,7510801C,Công nghệ kỹ thuật in,D90,21.50,,HocBa,2018,CLC tiếng Việt; Học bạ,daniele15,
SPK,7510801C,Công nghệ kỹ thuật in,A00,20.00,,DGNL-HCM,2018,CLC tiếng Việt; Đánh giá năng lực Đại học Quốc gia TPHCM,daniele15,
SPK,7510801C,Công nghệ kỹ thuật in,A01,20.00,,DGNL-HCM,2018,CLC tiếng Việt; Đánh giá năng lực Đại học Quốc gia TPHCM,daniele15,
SPK,7510801C,Công nghệ kỹ thuật in,D01,20.00,,DGNL-HCM,2018,CLC tiếng Việt; Đánh giá năng lực Đại học Quốc gia TPHCM,daniele15,
SPK,7510801C,Công nghệ kỹ thuật in,D90,20.00,,DGNL-HCM,2018,CLC tiếng Việt; Đánh giá năng lực Đại học Quốc gia TPHCM,daniele15,
SPK,7510801C,Công nghệ kỹ thuật in,A00,19.00,,THPTQG,2018,Tốt nghiệp THPT; CLC - Tiếng Việt,daniele15,
SPK,7510801C,Công nghệ kỹ thuật in,A01,19.00,,THPTQG,2018,Tốt nghiệp THPT; CLC - Tiếng Việt,daniele15,
SPK,7510801C,Công nghệ kỹ thuật in,D01,19.00,,THPTQG,2018,Tốt nghiệp THPT; CLC - Tiếng Việt,daniele15,
SPK,7510801C,Công nghệ kỹ thuật in,D90,19.00,,THPTQG,2018,Tốt nghiệp THPT; CLC - Tiếng Việt,daniele15,
SPK,7510801D,Công nghệ kỹ thuật in,,21.50,,HocBa,2018,Học bạ,daniele15,
SPK,7510801D,Công nghệ kỹ thuật in,,20.50,,THPTQG,2018,Tốt nghiệp THPT,daniele15,
SPK,7510801D,Công nghệ kỹ thuật in,,18.00,,DGNL-HCM,2018,Đánh giá năng lực Đại học Quốc gia TPHCM,daniele15,
SPK,7520117D,Kỹ thuật công nghiệp,,22.30,,THPTQG,2018,Tốt nghiệp THPT,daniele15,
SPK,7520117D,Kỹ thuật công nghiệp,,20.50,,HocBa,2018,Học bạ,daniele15,
SPK,7520117D,Kỹ thuật công nghiệp,,18.00,,DGNL-HCM,2018,Đánh giá năng lực Đại học Quốc gia TPHCM,daniele15,
SPK,7520212D,Kỹ thuật y sinh,,25.50,,HocBa,2018,CN: Điện tử y sinh; Học bạ,daniele15,
SPK,7520212D,Kỹ thuật y sinh,,23.50,,THPTQG,2018,Tốt nghiệp THPT,daniele15,
SPK,7520212D,Kỹ thuật y sinh,,21.25,,DGNL-HCM,2018,Điện tử y sinh; Đánh giá năng lực Đại học Quốc gia TPHCM,daniele15,
SPK,7540101A,Công nghệ thực phẩm,,22.25,,HocBa,2018,CLC tiếng Anh; Học bạ,daniele15,
SPK,7540101A,Công nghệ thực phẩm,,21.10,,THPTQG,2018,Tốt nghiệp THPT; CLC - Tiếng Anh,daniele15,
SPK,7540101A,Công nghệ thực phẩm,,20.00,,DGNL-HCM,2018,CLC tiếng Anh; Đánh giá năng lực Đại học Quốc gia TPHCM,daniele15,
SPK,7540101C,Công nghệ thực phẩm,,23.00,,HocBa,2018,CLC tiếng Việt; Học bạ,daniele15,
SPK,7540101C,Công nghệ thực phẩm,,22.94,,THPTQG,2018,Tốt nghiệp THPT; CLC - Tiếng Việt,daniele15,
SPK,7540101C,Công nghệ thực phẩm,,21.00,,DGNL-HCM,2018,CLC tiếng Việt; Đánh giá năng lực Đại học Quốc gia TPHCM,daniele15,
SPK,7540101D,Công nghệ thực phẩm,,25.00,,HocBa,2018,Học bạ,daniele15,
SPK,7540101D,Công nghệ thực phẩm,,24.30,,THPTQG,2018,Tốt nghiệp THPT,daniele15,
SPK,7540101D,Công nghệ thực phẩm,,20.50,,DGNL-HCM,2018,Đánh giá năng lực Đại học Quốc gia TPHCM,daniele15,
SPK,7540209C,Công nghệ may,,21.00,,HocBa,2018,CLC tiếng Việt; Học bạ,daniele15,
SPK,7540209C,Công nghệ may,,19.20,,THPTQG,2018,Tốt nghiệp THPT; CLC - Tiếng Việt,daniele15,
SPK,7540209C,Công nghệ may,,19.00,,DGNL-HCM,2018,CLC tiếng Việt; Đánh giá năng lực Đại học Quốc gia TPHCM,daniele15,
SPK,7540209D,Công nghệ may,,21.75,,HocBa,2018,Học bạ,daniele15,
SPK,7540209D,Công nghệ may,,21.00,,THPTQG,2018,Tốt nghiệp THPT,daniele15,
SPK,7540209D,Công nghệ may,,18.00,,DGNL-HCM,2018,Đánh giá năng lực Đại học Quốc gia TPHCM,daniele15,
SPK,7549002D,Kỹ nghệ gỗ và nội thất,,20.00,,HocBa,2018,Học bạ,daniele15,
SPK,7549002D,Kỹ nghệ gỗ và nội thất,,19.00,,THPTQG,2018,Tốt nghiệp THPT,daniele15,
SPK,7549002D,Kỹ nghệ gỗ và nội thất,,19.00,,DGNL-HCM,2018,Đánh giá năng lực Đại học Quốc gia TPHCM,daniele15,
SPK,7580101D,Kiến trúc,,23.33,,THPTQG,2018,Tốt nghiệp THPT,daniele15,
SPK,7580101D,Kiến trúc,,22.00,,DGNL-HCM,2018,Đánh giá năng lực Đại học Quốc gia TPHCM; Kết hợp môn năng khiếu,daniele15,
SPK,7580103D,Kiến trúc Nội thất,,24.20,,THPTQG,2018,Tốt nghiệp THPT,daniele15,
SPK,7580103D,Kiến trúc Nội thất,,20.00,,DGNL-HCM,2018,Đánh giá năng lực Đại học Quốc gia TPHCM; Kết hợp môn năng khiếu,daniele15,
SPK,7580205D,Kỹ thuật xây dựng,,22.50,,HocBa,2018,Học bạ,daniele15,
SPK,7580205D,Kỹ thuật xây dựng,,20.55,,THPTQG,2018,Kỹ thuật xây dựng công trình giao thông; Tốt nghiệp THPT,daniele15,
SPK,7580205D,Kỹ thuật xây dựng,,19.50,,DGNL-HCM,2018,Đánh giá năng lực Đại học Quốc gia TPHCM,daniele15,
SPK,7580302D,Quản lý xây dựng,,23.50,,HocBa,2018,Học bạ,daniele15,
SPK,7580302D,Quản lý xây dựng,,22.60,,THPTQG,2018,Tốt nghiệp THPT,daniele15,
SPK,7580302D,Quản lý xây dựng,,19.00,,DGNL-HCM,2018,Đánh giá năng lực Đại học Quốc gia TPHCM,daniele15,
SPK,7810202D,Quản trị nhà hàng và dịch vụ ăn uống,,24.25,,HocBa,2018,Học bạ,daniele15,
SPK,7810202D,Quản trị nhà hàng và dịch vụ ăn uống,,23.35,,THPTQG,2018,Tốt nghiệp THPT,daniele15,
SPK,7810202D,Quản trị nhà hàng và dịch vụ ăn uống,,18.50,,DGNL-HCM,2018,Đánh giá năng lực Đại học Quốc gia TPHCM,daniele15,
SPK,7840110D,Quản lý và vận hành hạ tầng,,20.00,,HocBa,2018,Học bạ,daniele15,
SPK,7840110D,Quản lý và vận hành hạ tầng,,19.85,,THPTQG,2018,Tốt nghiệp THPT,daniele15,
SPK,7840110D,Quản lý và vận hành hạ tầng,,18.00,,DGNL-HCM,2018,Đánh giá năng lực Đại học Quốc gia TPHCM,daniele15,
SPS,7140101,Giáo dục học,A00,27.05,,HocBa,2018,Học bạ,daniele15,
SPS,7140101,Giáo dục học,A01,27.05,,HocBa,2018,Học bạ,daniele15,
SPS,7140101,Giáo dục học,C14,27.05,,HocBa,2018,Học bạ,daniele15,
SPS,7140101,Giáo dục học,D01,27.05,,HocBa,2018,Học bạ,daniele15,
SPS,7140101,Giáo dục học,A00,23.50,,THPTQG,2018,Tốt nghiệp THPT,daniele15,
SPS,7140101,Giáo dục học,A01,23.50,,THPTQG,2018,Tốt nghiệp THPT,daniele15,
SPS,7140101,Giáo dục học,C14,23.50,,THPTQG,2018,Tốt nghiệp THPT,daniele15,
SPS,7140101,Giáo dục học,D01,23.50,,THPTQG,2018,Tốt nghiệp THPT,daniele15,
SPS,7140114,Quản lý giáo dục,A00,27.84,,HocBa,2018,Học bạ,daniele15,
SPS,7140114,Quản lý giáo dục,C00,27.84,,HocBa,2018,Học bạ,daniele15,
SPS,7140114,Quản lý giáo dục,D01,27.84,,HocBa,2018,Học bạ,daniele15,
SPS,7140114,Quản lý giáo dục,A00,23.10,,THPTQG,2018,Tốt nghiệp THPT,daniele15,
SPS,7140114,Quản lý giáo dục,C00,23.10,,THPTQG,2018,Tốt nghiệp THPT,daniele15,
SPS,7140114,Quản lý giáo dục,D01,23.10,,THPTQG,2018,Tốt nghiệp THPT,daniele15,
SPS,7140114,Quản lý giáo dục,A00,18.50,,THPTQG,2018,,daniele15,
SPS,7140114,Quản lý giáo dục,C00,18.50,,THPTQG,2018,,daniele15,
SPS,7140114,Quản lý giáo dục,D01,18.50,,THPTQG,2018,,daniele15,
SPS,7140201,Giáo dục Mầm non,,24.24,,HocBa,2018,Học bạ,daniele15,
SPS,7140201,Giáo dục Mầm non,,24.21,,THPTQG,2018,Tốt nghiệp THPT,daniele15,
SPS,7140201,Giáo dục Mầm non,,20.50,,THPTQG,2018,,daniele15,
SPS,7140202,Giáo dục Tiểu học,A00,28.65,,HocBa,2018,Học bạ,daniele15,
SPS,7140202,Giáo dục Tiểu học,A01,28.65,,HocBa,2018,Học bạ,daniele15,
SPS,7140202,Giáo dục Tiểu học,D01,28.65,,HocBa,2018,Học bạ,daniele15,
SPS,7140202,Giáo dục Tiểu học,A00,24.90,,THPTQG,2018,Tốt nghiệp THPT,daniele15,
SPS,7140202,Giáo dục Tiểu học,A01,24.90,,THPTQG,2018,Tốt nghiệp THPT,daniele15,
SPS,7140202,Giáo dục Tiểu học,D01,24.90,,THPTQG,2018,Tốt nghiệp THPT,daniele15,
SPS,7140202,Giáo dục Tiểu học,A00,21.84,,DGNL,2018,Đánh giá năng lực Đại học Sư phạm Hà Nội; Đánh giá năng lực Đại học Quốc gia TPHCM,daniele15,
SPS,7140202,Giáo dục Tiểu học,A01,21.84,,DGNL,2018,Đánh giá năng lực Đại học Sư phạm Hà Nội; Đánh giá năng lực Đại học Quốc gia TPHCM,daniele15,
SPS,7140202,Giáo dục Tiểu học,D01,21.84,,DGNL,2018,Đánh giá năng lực Đại học Sư phạm Hà Nội; Đánh giá năng lực Đại học Quốc gia TPHCM,daniele15,
SPS,7140202,Giáo dục Tiểu học,A00,19.75,,THPTQG,2018,,daniele15,
SPS,7140202,Giáo dục Tiểu học,A01,19.75,,THPTQG,2018,,daniele15,
SPS,7140202,Giáo dục Tiểu học,D01,19.75,,THPTQG,2018,,daniele15,
SPS,7140203,Giáo dục Đặc biệt,C00,27.45,,HocBa,2018,Học bạ,daniele15,
SPS,7140203,Giáo dục Đặc biệt,D01,27.45,,HocBa,2018,Học bạ,daniele15,
SPS,7140203,Giáo dục Đặc biệt,C00,25.01,,THPTQG,2018,Tốt nghiệp THPT,daniele15,
SPS,7140203,Giáo dục Đặc biệt,D01,25.01,,THPTQG,2018,Tốt nghiệp THPT,daniele15,
SPS,7140203,Giáo dục Đặc biệt,C00,17.75,,THPTQG,2018,,daniele15,
SPS,7140203,Giáo dục Đặc biệt,D01,17.75,,THPTQG,2018,,daniele15,
SPS,7140204,Giáo dục Công dân,C00,28.25,,HocBa,2018,Học bạ,daniele15,
SPS,7140204,Giáo dục Công dân,C19,28.25,,HocBa,2018,Học bạ,daniele15,
SPS,7140204,Giáo dục Công dân,D01,28.25,,HocBa,2018,Học bạ,daniele15,
SPS,7140204,Giáo dục Công dân,C00,26.75,,THPTQG,2018,Tốt nghiệp THPT,daniele15,
SPS,7140204,Giáo dục Công dân,C19,26.75,,THPTQG,2018,Tốt nghiệp THPT,daniele15,
SPS,7140204,Giáo dục Công dân,D01,26.75,,THPTQG,2018,Tốt nghiệp THPT,daniele15,
SPS,7140205,Giáo dục Chính trị,C00,28.00,,HocBa,2018,Học bạ,daniele15,
SPS,7140205,Giáo dục Chính trị,C19,28.00,,HocBa,2018,Học bạ,daniele15,
SPS,7140205,Giáo dục Chính trị,D01,28.00,,HocBa,2018,Học bạ,daniele15,
SPS,7140205,Giáo dục Chính trị,C00,26.04,,THPTQG,2018,Tốt nghiệp THPT,daniele15,
SPS,7140205,Giáo dục Chính trị,C19,26.04,,THPTQG,2018,Tốt nghiệp THPT,daniele15,
SPS,7140205,Giáo dục Chính trị,D01,26.04,,THPTQG,2018,Tốt nghiệp THPT,daniele15,
SPS,7140205,Giáo dục Chính trị,C00,19.75,,THPTQG,2018,,daniele15,
SPS,7140205,Giáo dục Chính trị,C19,19.75,,THPTQG,2018,,daniele15,
SPS,7140205,Giáo dục Chính trị,D01,19.75,,THPTQG,2018,,daniele15,
SPS,7140206,Giáo dục Thể chất,T00,26.10,,THPTQG,2018,Tốt nghiệp THPT,daniele15,
SPS,7140206,Giáo dục Thể chất,T02,26.10,,THPTQG,2018,Tốt nghiệp THPT,daniele15,
SPS,7140206,Giáo dục Thể chất,T00,25.23,,HocBa,2018,Học bạ,daniele15,
SPS,7140206,Giáo dục Thể chất,T02,25.23,,HocBa,2018,Học bạ,daniele15,
SPS,7140206,Giáo dục Thể chất,T00,18.00,,THPTQG,2018,,daniele15,
SPS,7140206,Giáo dục Thể chất,T02,18.00,,THPTQG,2018,,daniele15,
SPS,7140208,Giáo dục Quốc phòng - An ninh,A08,27.83,,HocBa,2018,Học bạ,daniele15,
SPS,7140208,Giáo dục Quốc phòng - An ninh,C00,27.83,,HocBa,2018,Học bạ,daniele15,
SPS,7140208,Giáo dục Quốc phòng - An ninh,C19,27.83,,HocBa,2018,Học bạ,daniele15,
SPS,7140208,Giáo dục Quốc phòng - An ninh,A08,25.71,,THPTQG,2018,Tốt nghiệp THPT,daniele15,
SPS,7140208,Giáo dục Quốc phòng - An ninh,C00,25.71,,THPTQG,2018,Tốt nghiệp THPT,daniele15,
SPS,7140208,Giáo dục Quốc phòng - An ninh,C19,25.71,,THPTQG,2018,Tốt nghiệp THPT,daniele15,
SPS,7140209,Sư phạm Toán học,A00,29.50,,HocBa,2018,Học bạ,daniele15,
SPS,7140209,Sư phạm Toán học,A01,29.50,,HocBa,2018,Học bạ,daniele15,
SPS,7140209,Sư phạm Toán học,A00,26.50,,THPTQG,2018,Tốt nghiệp THPT,daniele15,
SPS,7140209,Sư phạm Toán học,A01,26.50,,THPTQG,2018,Tốt nghiệp THPT,daniele15,
SPS,7140209,Sư phạm Toán học,A00,22.25,,THPTQG,2018,,daniele15,
SPS,7140209,Sư phạm Toán học,A01,22.25,,THPTQG,2018,,daniele15,
SPS,7140210,Sư phạm Tin học,A00,27.92,,HocBa,2018,Học bạ,daniele15,
SPS,7140210,Sư phạm Tin học,A01,27.92,,HocBa,2018,Học bạ,daniele15,
SPS,7140210,Sư phạm Tin học,A00,22.75,,THPTQG,2018,Tốt nghiệp THPT,daniele15,
SPS,7140210,Sư phạm Tin học,A01,22.75,,THPTQG,2018,Tốt nghiệp THPT,daniele15,
SPS,7140210,Sư phạm Tin học,A00,17.00,,THPTQG,2018,,daniele15,
SPS,7140210,Sư phạm Tin học,A01,17.00,,THPTQG,2018,,daniele15,
SPS,7140211,Sư phạm Vật lý,A00,29.50,,HocBa,2018,Học bạ,daniele15,
SPS,7140211,Sư phạm Vật lý,A01,29.50,,HocBa,2018,Học bạ,daniele15,
SPS,7140211,Sư phạm Vật lý,C01,29.50,,HocBa,2018,Học bạ,daniele15,
SPS,7140211,Sư phạm Vật lý,A00,26.10,,THPTQG,2018,Tốt nghiệp THPT,daniele15,
SPS,7140211,Sư phạm Vật lý,A01,26.10,,THPTQG,2018,Tốt nghiệp THPT,daniele15,
SPS,7140211,Sư phạm Vật lý,C01,26.10,,THPTQG,2018,Tốt nghiệp THPT,daniele15,
SPS,7140211,Sư phạm Vật lý,A00,21.00,,THPTQG,2018,,daniele15,
SPS,7140211,Sư phạm Vật lý,A01,21.00,,THPTQG,2018,,daniele15,
SPS,7140211,Sư phạm Vật lý,C01,21.00,,THPTQG,2018,,daniele15,
SPS,7140212,Sư phạm Hóa học,A00,29.73,,HocBa,2018,Học bạ,daniele15,
SPS,7140212,Sư phạm Hóa học,B00,29.73,,HocBa,2018,Học bạ,daniele15,
SPS,7140212,Sư phạm Hóa học,D07,29.73,,HocBa,2018,Học bạ,daniele15,
SPS,7140212,Sư phạm Hóa học,A00,26.55,,THPTQG,2018,Tốt nghiệp THPT,daniele15,
SPS,7140212,Sư phạm Hóa học,B00,26.55,,THPTQG,2018,Tốt nghiệp THPT,daniele15,
SPS,7140212,Sư phạm Hóa học,D07,26.55,,THPTQG,2018,Tốt nghiệp THPT,daniele15,
SPS,7140212,Sư phạm Hóa học,A00,21.80,,THPTQG,2018,,daniele15,
SPS,7140212,Sư phạm Hóa học,B00,21.80,,THPTQG,2018,,daniele15,
SPS,7140212,Sư phạm Hóa học,D07,21.80,,THPTQG,2018,,daniele15,
SPS,7140213,Sư phạm Sinh học,B00,29.28,,HocBa,2018,Học bạ,daniele15,
SPS,7140213,Sư phạm Sinh học,D08,29.28,,HocBa,2018,Học bạ,daniele15,
SPS,7140213,Sư phạm Sinh học,B00,24.90,,THPTQG,2018,Tốt nghiệp THPT,daniele15,
SPS,7140213,Sư phạm Sinh học,D08,24.90,,THPTQG,2018,Tốt nghiệp THPT,daniele15,
SPS,7140213,Sư phạm Sinh học,B00,20.00,,THPTQG,2018,,daniele15,
SPS,7140213,Sư phạm Sinh học,D08,20.00,,THPTQG,2018,,daniele15,
SPS,7140217,Sư phạm Ngữ văn,C00,28.82,,HocBa,2018,Học bạ,daniele15,
SPS,7140217,Sư phạm Ngữ văn,D01,28.82,,HocBa,2018,Học bạ,daniele15,
SPS,7140217,Sư phạm Ngữ văn,D78,28.82,,HocBa,2018,Học bạ,daniele15,
SPS,7140217,Sư phạm Ngữ văn,C00,27.00,,THPTQG,2018,Tốt nghiệp THPT,daniele15,
SPS,7140217,Sư phạm Ngữ văn,D01,27.00,,THPTQG,2018,Tốt nghiệp THPT,daniele15,
SPS,7140217,Sư phạm Ngữ văn,D78,27.00,,THPTQG,2018,Tốt nghiệp THPT,daniele15,
SPS,7140217,Sư phạm Ngữ văn,C00,21.50,,THPTQG,2018,,daniele15,
SPS,7140217,Sư phạm Ngữ văn,D01,21.50,,THPTQG,2018,,daniele15,
SPS,7140217,Sư phạm Ngữ văn,D78,21.50,,THPTQG,2018,,daniele15,
SPS,7140218,Sư phạm Lịch sử,C00,28.50,,HocBa,2018,Học bạ,daniele15,
SPS,7140218,Sư phạm Lịch sử,D14,28.50,,HocBa,2018,Học bạ,daniele15,
SPS,7140218,Sư phạm Lịch sử,C00,26.85,,THPTQG,2018,Tốt nghiệp THPT,daniele15,
SPS,7140218,Sư phạm Lịch sử,D14,26.85,,THPTQG,2018,Tốt nghiệp THPT,daniele15,
SPS,7140218,Sư phạm Lịch sử,C00,19.75,,THPTQG,2018,,daniele15,
SPS,7140218,Sư phạm Lịch sử,D14,19.75,,THPTQG,2018,,daniele15,
SPS,7140219,Sư phạm Địa lý,C00,28.38,,HocBa,2018,Học bạ,daniele15,
SPS,7140219,Sư phạm Địa lý,C04,28.38,,HocBa,2018,Học bạ,daniele15,
SPS,7140219,Sư phạm Địa lý,C00,26.15,,THPTQG,2018,Tốt nghiệp THPT,daniele15,
SPS,7140219,Sư phạm Địa lý,C04,26.15,,THPTQG,2018,Tốt nghiệp THPT,daniele15,
SPS,7140219,Sư phạm Địa lý,C00,20.00,,THPTQG,2018,,daniele15,
SPS,7140219,Sư phạm Địa lý,C04,20.00,,THPTQG,2018,,daniele15,
SPS,7140231,Sư phạm Tiếng Anh,D01,28.60,,HocBa,2018,Học bạ,daniele15,
SPS,7140231,Sư phạm Tiếng Anh,D01,26.62,,THPTQG,2018,Tốt nghiệp THPT,daniele15,
SPS,7140231,Sư phạm Tiếng Anh,D01,22.55,,THPTQG,2018,,daniele15,
SPS,7140232,Sư phạm Tiếng Nga,D01,25.72,,HocBa,2018,Học bạ,daniele15,
SPS,7140232,Sư phạm Tiếng Nga,D02,25.72,,HocBa,2018,Học bạ,daniele15,
SPS,7140232,Sư phạm Tiếng Nga,D78,25.72,,HocBa,2018,Học bạ,daniele15,
SPS,7140232,Sư phạm Tiếng Nga,D80,25.72,,HocBa,2018,Học bạ,daniele15,
SPS,7140232,Sư phạm Tiếng Nga,D01,19.40,,THPTQG,2018,Tốt nghiệp THPT,daniele15,
SPS,7140232,Sư phạm Tiếng Nga,D02,19.40,,THPTQG,2018,Tốt nghiệp THPT,daniele15,
SPS,7140232,Sư phạm Tiếng Nga,D78,19.40,,THPTQG,2018,Tốt nghiệp THPT,daniele15,
SPS,7140232,Sư phạm Tiếng Nga,D80,19.40,,THPTQG,2018,Tốt nghiệp THPT,daniele15,
SPS,7140232,Sư phạm Tiếng Nga,D01,17.05,,THPTQG,2018,,daniele15,
SPS,7140232,Sư phạm Tiếng Nga,D02,17.05,,THPTQG,2018,,daniele15,
SPS,7140232,Sư phạm Tiếng Nga,D78,17.05,,THPTQG,2018,,daniele15,
SPS,7140232,Sư phạm Tiếng Nga,D80,17.05,,THPTQG,2018,,daniele15,
SPS,7140233,Sư phạm Tiếng Pháp,D01,27.46,,HocBa,2018,Học bạ,daniele15,
SPS,7140233,Sư phạm Tiếng Pháp,D03,27.46,,HocBa,2018,Học bạ,daniele15,
SPS,7140233,Sư phạm Tiếng Pháp,D01,22.70,,THPTQG,2018,Tốt nghiệp THPT,daniele15,
SPS,7140233,Sư phạm Tiếng Pháp,D03,22.70,,THPTQG,2018,Tốt nghiệp THPT,daniele15,
SPS,7140233,Sư phạm Tiếng Pháp,D01,18.05,,THPTQG,2018,,daniele15,
SPS,7140233,Sư phạm Tiếng Pháp,D03,18.05,,THPTQG,2018,,daniele15,
SPS,7140234,Sư phạm Tiếng Trung Quốc,D01,28.13,,HocBa,2018,Học bạ,daniele15,
SPS,7140234,Sư phạm Tiếng Trung Quốc,D04,28.13,,HocBa,2018,Học bạ,daniele15,
SPS,7140234,Sư phạm Tiếng Trung Quốc,D01,25.83,,THPTQG,2018,Tốt nghiệp THPT,daniele15,
SPS,7140234,Sư phạm Tiếng Trung Quốc,D04,25.83,,THPTQG,2018,Tốt nghiệp THPT,daniele15,
SPS,7140234,Sư phạm Tiếng Trung Quốc,D01,20.25,,THPTQG,2018,,daniele15,
SPS,7140234,Sư phạm Tiếng Trung Quốc,D04,20.25,,THPTQG,2018,,daniele15,
SPS,7140246,Sư phạm công nghệ,A00,27.83,,HocBa,2018,Học bạ,daniele15,
SPS,7140246,Sư phạm công nghệ,A02,27.83,,HocBa,2018,Học bạ,daniele15,
SPS,7140246,Sư phạm công nghệ,B00,27.83,,HocBa,2018,Học bạ,daniele15,
SPS,7140246,Sư phạm công nghệ,D90,27.83,,HocBa,2018,Học bạ,daniele15,
SPS,7140246,Sư phạm công nghệ,A00,22.40,,THPTQG,2018,Tốt nghiệp THPT,daniele15,
SPS,7140246,Sư phạm công nghệ,A02,22.40,,THPTQG,2018,Tốt nghiệp THPT,daniele15,
SPS,7140246,Sư phạm công nghệ,B00,22.40,,THPTQG,2018,Tốt nghiệp THPT,daniele15,
SPS,7140246,Sư phạm công nghệ,D90,22.40,,THPTQG,2018,Tốt nghiệp THPT,daniele15,
SPS,7140247,Sư phạm khoa học tự nhiên,A00,28.92,,HocBa,2018,Học bạ,daniele15,
SPS,7140247,Sư phạm khoa học tự nhiên,A02,28.92,,HocBa,2018,Học bạ,daniele15,
SPS,7140247,Sư phạm khoa học tự nhiên,B00,28.92,,HocBa,2018,Học bạ,daniele15,
SPS,7140247,Sư phạm khoa học tự nhiên,D90,28.92,,HocBa,2018,Học bạ,daniele15,
SPS,7140247,Sư phạm khoa học tự nhiên,A00,24.56,,THPTQG,2018,Tốt nghiệp THPT,daniele15,
SPS,7140247,Sư phạm khoa học tự nhiên,A02,24.56,,THPTQG,2018,Tốt nghiệp THPT,daniele15,
SPS,7140247,Sư phạm khoa học tự nhiên,B00,24.56,,THPTQG,2018,Tốt nghiệp THPT,daniele15,
SPS,7140247,Sư phạm khoa học tự nhiên,D90,24.56,,THPTQG,2018,Tốt nghiệp THPT,daniele15,
SPS,7140249,Sư phạm Lịch sử Địa lý,C00,27.63,,HocBa,2018,Học bạ,daniele15,
SPS,7140249,Sư phạm Lịch sử Địa lý,C19,27.63,,HocBa,2018,Học bạ,daniele15,
SPS,7140249,Sư phạm Lịch sử Địa lý,C20,27.63,,HocBa,2018,Học bạ,daniele15,
SPS,7140249,Sư phạm Lịch sử Địa lý,D78,27.63,,HocBa,2018,Học bạ,daniele15,
SPS,7140249,Sư phạm Lịch sử Địa lý,C00,26.03,,THPTQG,2018,Tốt nghiệp THPT,daniele15,
SPS,7140249,Sư phạm Lịch sử Địa lý,C19,26.03,,THPTQG,2018,Tốt nghiệp THPT,daniele15,
SPS,7140249,Sư phạm Lịch sử Địa lý,C20,26.03,,THPTQG,2018,Tốt nghiệp THPT,daniele15,
SPS,7140249,Sư phạm Lịch sử Địa lý,D78,26.03,,THPTQG,2018,Tốt nghiệp THPT,daniele15,
SPS,7220201,Ngôn ngữ Anh,D01,28.25,,HocBa,2018,Học bạ,daniele15,
SPS,7220201,Ngôn ngữ Anh,D01,25.10,,THPTQG,2018,Tốt nghiệp THPT,daniele15,
SPS,7220201,Ngôn ngữ Anh,D01,21.55,,THPTQG,2018,,daniele15,
SPS,7220202,Ngôn ngữ Nga,D01,25.80,,HocBa,2018,Học bạ,daniele15,
SPS,7220202,Ngôn ngữ Nga,D02,25.80,,HocBa,2018,Học bạ,daniele15,
SPS,7220202,Ngôn ngữ Nga,D78,25.80,,HocBa,2018,Học bạ,daniele15,
SPS,7220202,Ngôn ngữ Nga,D80,25.80,,HocBa,2018,Học bạ,daniele15,
SPS,7220202,Ngôn ngữ Nga,D01,19.00,,THPTQG,2018,Tốt nghiệp THPT,daniele15,
SPS,7220202,Ngôn ngữ Nga,D02,19.00,,THPTQG,2018,Tốt nghiệp THPT,daniele15,
SPS,7220202,Ngôn ngữ Nga,D78,19.00,,THPTQG,2018,Tốt nghiệp THPT,daniele15,
SPS,7220202,Ngôn ngữ Nga,D80,19.00,,THPTQG,2018,Tốt nghiệp THPT,daniele15,
SPS,7220202,Ngôn ngữ Nga,D01,16.05,,THPTQG,2018,,daniele15,
SPS,7220202,Ngôn ngữ Nga,D02,16.05,,THPTQG,2018,,daniele15,
SPS,7220202,Ngôn ngữ Nga,D78,16.05,,THPTQG,2018,,daniele15,
SPS,7220202,Ngôn ngữ Nga,D80,16.05,,THPTQG,2018,,daniele15,
SPS,7220203,Ngôn ngữ Pháp,D01,26.71,,HocBa,2018,Học bạ,daniele15,
SPS,7220203,Ngôn ngữ Pháp,D03,26.71,,HocBa,2018,Học bạ,daniele15,
SPS,7220203,Ngôn ngữ Pháp,D01,20.70,,THPTQG,2018,Tốt nghiệp THPT,daniele15,
SPS,7220203,Ngôn ngữ Pháp,D03,20.70,,THPTQG,2018,Tốt nghiệp THPT,daniele15,
SPS,7220203,Ngôn ngữ Pháp,D01,17.75,,THPTQG,2018,,daniele15,
SPS,7220203,Ngôn ngữ Pháp,D03,17.75,,THPTQG,2018,,daniele15,
SPS,7220204,Ngôn ngữ Trung Quốc,D01,27.57,,HocBa,2018,Học bạ,daniele15,
SPS,7220204,Ngôn ngữ Trung Quốc,D04,27.57,,HocBa,2018,Học bạ,daniele15,
SPS,7220204,Ngôn ngữ Trung Quốc,D01,24.54,,THPTQG,2018,Tốt nghiệp THPT,daniele15,
SPS,7220204,Ngôn ngữ Trung Quốc,D04,24.54,,THPTQG,2018,Tốt nghiệp THPT,daniele15,
SPS,7220204,Ngôn ngữ Trung Quốc,D01,20.25,,THPTQG,2018,,daniele15,
SPS,7220204,Ngôn ngữ Trung Quốc,D04,20.25,,THPTQG,2018,,daniele15,
SPS,7220209,Ngôn ngữ Nhật,D01,27.17,,HocBa,2018,Học bạ,daniele15,
SPS,7220209,Ngôn ngữ Nhật,D06,27.17,,HocBa,2018,Học bạ,daniele15,
SPS,7220209,Ngôn ngữ Nhật,D01,24.90,,THPTQG,2018,Tốt nghiệp THPT,daniele15,
SPS,7220209,Ngôn ngữ Nhật,D06,24.90,,THPTQG,2018,Tốt nghiệp THPT,daniele15,
SPS,7220209,Ngôn ngữ Nhật,D01,20.75,,THPTQG,2018,,daniele15,
SPS,7220209,Ngôn ngữ Nhật,D06,20.75,,THPTQG,2018,,daniele15,
SPS,7220210,Ngôn ngữ Hàn Quốc,D01,28.19,,HocBa,2018,Học bạ,daniele15,
SPS,7220210,Ngôn ngữ Hàn Quốc,D78,28.19,,HocBa,2018,Học bạ,daniele15,
SPS,7220210,Ngôn ngữ Hàn Quốc,D96,28.19,,HocBa,2018,Học bạ,daniele15,
SPS,7220210,Ngôn ngữ Hàn Quốc,D01,21.25,,THPTQG,2018,,daniele15,
SPS,7220210,Ngôn ngữ Hàn Quốc,D78,21.25,,THPTQG,2018,,daniele15,
SPS,7220210,Ngôn ngữ Hàn Quốc,D96,21.25,,THPTQG,2018,,daniele15,
SPS,7229030,Văn học,C00,28.26,,HocBa,2018,Học bạ,daniele15,
SPS,7229030,Văn học,D01,28.26,,HocBa,2018,Học bạ,daniele15,
SPS,7229030,Văn học,D78,28.26,,HocBa,2018,Học bạ,daniele15,
SPS,7229030,Văn học,C00,24.60,,THPTQG,2018,Tốt nghiệp THPT,daniele15,
SPS,7229030,Văn học,D01,24.60,,THPTQG,2018,Tốt nghiệp THPT,daniele15,
SPS,7229030,Văn học,D78,24.60,,THPTQG,2018,Tốt nghiệp THPT,daniele15,
SPS,7229030,Văn học,C00,18.50,,THPTQG,2018,,daniele15,
SPS,7229030,Văn học,D01,18.50,,THPTQG,2018,,daniele15,
SPS,7229030,Văn học,D78,18.50,,THPTQG,2018,,daniele15,
SPS,7310401,Tâm lý học,B00,28.44,,HocBa,2018,Học bạ,daniele15,
SPS,7310401,Tâm lý học,C00,28.44,,HocBa,2018,Học bạ,daniele15,
SPS,7310401,Tâm lý học,D01,28.44,,HocBa,2018,Học bạ,daniele15,
SPS,7310401,Tâm lý học,B00,25.50,,THPTQG,2018,Tốt nghiệp THPT,daniele15,
SPS,7310401,Tâm lý học,C00,25.50,,THPTQG,2018,Tốt nghiệp THPT,daniele15,
SPS,7310401,Tâm lý học,D01,25.50,,THPTQG,2018,Tốt nghiệp THPT,daniele15,
SPS,7310401,Tâm lý học,B00,20.75,,THPTQG,2018,,daniele15,
SPS,7310401,Tâm lý học,C00,20.75,,THPTQG,2018,,daniele15,
SPS,7310401,Tâm lý học,D01,20.75,,THPTQG,2018,,daniele15,
SPS,7310403,Tâm lý học,A00,27.78,,HocBa,2018,Học bạ,daniele15,
SPS,7310403,Tâm lý học,C00,27.78,,HocBa,2018,Học bạ,daniele15,
SPS,7310403,Tâm lý học,D01,27.78,,HocBa,2018,Học bạ,daniele15,
SPS,7310403,Tâm lý học,A00,24.17,,THPTQG,2018,Tốt nghiệp THPT; Tâm lý học giáo dục,daniele15,
SPS,7310403,Tâm lý học,C00,24.17,,THPTQG,2018,Tốt nghiệp THPT; Tâm lý học giáo dục,daniele15,
SPS,7310403,Tâm lý học,D01,24.17,,THPTQG,2018,Tốt nghiệp THPT; Tâm lý học giáo dục,daniele15,
SPS,7310403,Tâm lý học,A00,17.50,,THPTQG,2018,Tâm lý học giáo dục,daniele15,
SPS,7310403,Tâm lý học,C00,17.50,,THPTQG,2018,Tâm lý học giáo dục,daniele15,
SPS,7310403,Tâm lý học,D01,17.50,,THPTQG,2018,Tâm lý học giáo dục,daniele15,
SPS,7310501,Địa lý học,D10,27.58,,HocBa,2018,Học bạ,daniele15,
SPS,7310501,Địa lý học,D15,27.58,,HocBa,2018,Học bạ,daniele15,
SPS,7310501,Địa lý học,D10,19.75,,THPTQG,2018,Tốt nghiệp THPT,daniele15,
SPS,7310501,Địa lý học,D15,19.75,,THPTQG,2018,Tốt nghiệp THPT,daniele15,
SPS,7310501,Địa lý học,D10,16.00,,THPTQG,2018,,daniele15,
SPS,7310501,Địa lý học,D15,16.00,,THPTQG,2018,,daniele15,
SPS,7310601,Quốc tế học,D01,27.31,,HocBa,2018,Học bạ,daniele15,
SPS,7310601,Quốc tế học,D14,27.31,,HocBa,2018,Học bạ,daniele15,
SPS,7310601,Quốc tế học,D78,27.31,,HocBa,2018,Học bạ,daniele15,
SPS,7310601,Quốc tế học,D01,23.50,,THPTQG,2018,Tốt nghiệp THPT,daniele15,
SPS,7310601,Quốc tế học,D14,23.50,,THPTQG,2018,Tốt nghiệp THPT,daniele15,
SPS,7310601,Quốc tế học,D78,23.50,,THPTQG,2018,Tốt nghiệp THPT,daniele15,
SPS,7310601,Quốc tế học,D01,18.75,,THPTQG,2018,,daniele15,
SPS,7310601,Quốc tế học,D14,18.75,,THPTQG,2018,,daniele15,
SPS,7310601,Quốc tế học,D78,18.75,,THPTQG,2018,,daniele15,
SPS,7310630,Việt Nam học,C00,27.51,,HocBa,2018,Học bạ,daniele15,
SPS,7310630,Việt Nam học,D14,27.51,,HocBa,2018,Học bạ,daniele15,
SPS,7310630,Việt Nam học,C00,23.00,,THPTQG,2018,Tốt nghiệp THPT,daniele15,
SPS,7310630,Việt Nam học,D14,23.00,,THPTQG,2018,Tốt nghiệp THPT,daniele15,
SPS,7310630,Việt Nam học,C00,20.00,,THPTQG,2018,,daniele15,
SPS,7310630,Việt Nam học,D14,20.00,,THPTQG,2018,,daniele15,
SPS,7420203,Sinh học ứng dụng,B00,19.00,,THPTQG,2018,Tốt nghiệp THPT,daniele15,
SPS,7420203,Sinh học ứng dụng,D08,19.00,,THPTQG,2018,Tốt nghiệp THPT,daniele15,
SPS,7440102,Vật lý học,A00,28.13,,HocBa,2018,học bạ,daniele15,
SPS,7440102,Vật lý học,A01,28.13,,HocBa,2018,học bạ,daniele15,
SPS,7440102,Vật lý học,A00,22.55,,THPTQG,2018,Tốt nghiệp THPT,daniele15,
SPS,7440102,Vật lý học,A01,22.55,,THPTQG,2018,Tốt nghiệp THPT,daniele15,
SPS,7440102,Vật lý học,A00,16.00,,THPTQG,2018,,daniele15,
SPS,7440102,Vật lý học,A01,16.00,,THPTQG,2018,,daniele15,
SPS,7440112,Hoá học,A00,28.14,,HocBa,2018,Học bạ,daniele15,
SPS,7440112,Hoá học,B00,28.14,,HocBa,2018,Học bạ,daniele15,
SPS,7440112,Hoá học,D07,28.14,,HocBa,2018,Học bạ,daniele15,
SPS,7440112,Hoá học,A00,23.47,,THPTQG,2018,Tốt nghiệp THPT,daniele15,
SPS,7440112,Hoá học,B00,23.47,,THPTQG,2018,Tốt nghiệp THPT,daniele15,
SPS,7440112,Hoá học,D07,23.47,,THPTQG,2018,Tốt nghiệp THPT,daniele15,
SPS,7440112,Hoá học,A00,18.00,,THPTQG,2018,,daniele15,
SPS,7440112,Hoá học,B00,18.00,,THPTQG,2018,,daniele15,
SPS,7440112,Hoá học,D07,18.00,,THPTQG,2018,,daniele15,
SPS,7480201,Công nghệ thông tin,A00,28.24,,HocBa,2018,Học bạ,daniele15,
SPS,7480201,Công nghệ thông tin,A01,28.24,,HocBa,2018,Học bạ,daniele15,
SPS,7480201,Công nghệ thông tin,A00,23.34,,THPTQG,2018,Tốt nghiệp THPT,daniele15,
SPS,7480201,Công nghệ thông tin,A01,23.34,,THPTQG,2018,Tốt nghiệp THPT,daniele15,
SPS,7480201,Công nghệ thông tin,A00,17.00,,THPTQG,2018,,daniele15,
SPS,7480201,Công nghệ thông tin,A01,17.00,,THPTQG,2018,,daniele15,
SPS,7760101,Công tác xã hội,A00,27.02,,HocBa,2018,Học bạ,daniele15,
SPS,7760101,Công tác xã hội,C00,27.02,,HocBa,2018,Học bạ,daniele15,
SPS,7760101,Công tác xã hội,D01,27.02,,HocBa,2018,Học bạ,daniele15,
SPS,7760101,Công tác xã hội,A00,22.00,,THPTQG,2018,Tốt nghiệp THPT,daniele15,
SPS,7760101,Công tác xã hội,C00,22.00,,THPTQG,2018,Tốt nghiệp THPT,daniele15,
SPS,7760101,Công tác xã hội,D01,22.00,,THPTQG,2018,Tốt nghiệp THPT,daniele15,
SPS,7760101,Công tác xã hội,A00,17.25,,THPTQG,2018,,daniele15,
SPS,7760101,Công tác xã hội,C00,17.25,,THPTQG,2018,,daniele15,
SPS,7760101,Công tác xã hội,D01,17.25,,THPTQG,2018,,daniele15,
SPS,7810101,Du lịch,C00,22.00,,THPTQG,2018,Tốt nghiệp THPT,daniele15,
SPS,7810101,Du lịch,C04,22.00,,THPTQG,2018,Tốt nghiệp THPT,daniele15,
SPS,7810101,Du lịch,D01,22.00,,THPTQG,2018,Tốt nghiệp THPT,daniele15,
SPS,7810101,Du lịch,D78,22.00,,THPTQG,2018,Tốt nghiệp THPT,daniele15,
STS,51140206,Giáo dục Thể chất,T00,17.50,,HocBa,2018,Điểm chuẩn học bạ: 18.45,daniele15,
STS,51140206,Giáo dục Thể chất,T02,17.50,,HocBa,2018,Điểm chuẩn học bạ: 18.45,daniele15,
STS,7140206,Giáo dục Thể chất,T00,19.80,,HocBa,2018,Điểm chuẩn học bạ: 23.5,daniele15,
STS,7140206,Giáo dục Thể chất,T02,19.80,,HocBa,2018,Điểm chuẩn học bạ: 23.5,daniele15,
TBD,7220201,Ngôn ngữ Anh,D01,14.00,,HocBa,2018,Điểm trúng tuyển theo học bạ THPT lấy 18 điểm,daniele15,
TBD,7220201,Ngôn ngữ Anh,D14,14.00,,HocBa,2018,Điểm trúng tuyển theo học bạ THPT lấy 18 điểm,daniele15,
TBD,7220201,Ngôn ngữ Anh,D66,14.00,,HocBa,2018,Điểm trúng tuyển theo học bạ THPT lấy 18 điểm,daniele15,
TBD,7220201,Ngôn ngữ Anh,D84,14.00,,HocBa,2018,Điểm trúng tuyển theo học bạ THPT lấy 18 điểm,daniele15,
TBD,7310608,Đông phương học,C00,13.00,,HocBa,2018,Nhật Bản học; Hàn Quốc học; Song ngữ Trung - AnhĐiểm trúng tuyển theo học bạ THPT lấy 18 điểm,daniele15,
TBD,7310608,Đông phương học,C19,13.00,,HocBa,2018,Nhật Bản học; Hàn Quốc học; Song ngữ Trung - AnhĐiểm trúng tuyển theo học bạ THPT lấy 18 điểm,daniele15,
TBD,7310608,Đông phương học,C20,13.00,,HocBa,2018,Nhật Bản học; Hàn Quốc học; Song ngữ Trung - AnhĐiểm trúng tuyển theo học bạ THPT lấy 18 điểm,daniele15,
TBD,7310608,Đông phương học,D01,13.00,,HocBa,2018,Nhật Bản học; Hàn Quốc học; Song ngữ Trung - AnhĐiểm trúng tuyển theo học bạ THPT lấy 18 điểm,daniele15,
TBD,7340101,Quản trị kinh doanh,A00,13.00,,HocBa,2018,Điểm trúng tuyển theo học bạ THPT lấy 18 điểm,daniele15,
TBD,7340101,Quản trị kinh doanh,A04,13.00,,HocBa,2018,Điểm trúng tuyển theo học bạ THPT lấy 18 điểm,daniele15,
TBD,7340101,Quản trị kinh doanh,A08,13.00,,HocBa,2018,Điểm trúng tuyển theo học bạ THPT lấy 18 điểm,daniele15,
TBD,7340101,Quản trị kinh doanh,A09,13.00,,HocBa,2018,Điểm trúng tuyển theo học bạ THPT lấy 18 điểm,daniele15,
TBD,7340201,Tài chính - Ngân hàng,A00,13.00,,HocBa,2018,Điểm trúng tuyển theo học bạ THPT lấy 18 điểm,daniele15,
TBD,7340201,Tài chính - Ngân hàng,A04,13.00,,HocBa,2018,Điểm trúng tuyển theo học bạ THPT lấy 18 điểm,daniele15,
TBD,7340201,Tài chính - Ngân hàng,A08,13.00,,HocBa,2018,Điểm trúng tuyển theo học bạ THPT lấy 18 điểm,daniele15,
TBD,7340201,Tài chính - Ngân hàng,A09,13.00,,HocBa,2018,Điểm trúng tuyển theo học bạ THPT lấy 18 điểm,daniele15,
TBD,7340301,Kế toán,A00,13.00,,HocBa,2018,Điểm trúng tuyển theo học bạ THPT lấy 18 điểm,daniele15,
TBD,7340301,Kế toán,A04,13.00,,HocBa,2018,Điểm trúng tuyển theo học bạ THPT lấy 18 điểm,daniele15,
TBD,7340301,Kế toán,A08,13.00,,HocBa,2018,Điểm trúng tuyển theo học bạ THPT lấy 18 điểm,daniele15,
TBD,7340301,Kế toán,A09,13.00,,HocBa,2018,Điểm trúng tuyển theo học bạ THPT lấy 18 điểm,daniele15,
TBD,7380101,Luật,C00,14.00,,HocBa,2018,Luật Kinh tế - Dân sự; Luật Quốc tế và Ngoại thương; Luật Hình sự và Tội phạm học; Pháp chế - Hành chính - Văn thưĐiểm trúng tuyển theo học bạ THPT lấy 18 điểm,daniele15,
TBD,7380101,Luật,C19,14.00,,HocBa,2018,Luật Kinh tế - Dân sự; Luật Quốc tế và Ngoại thương; Luật Hình sự và Tội phạm học; Pháp chế - Hành chính - Văn thưĐiểm trúng tuyển theo học bạ THPT lấy 18 điểm,daniele15,
TBD,7380101,Luật,C20,14.00,,HocBa,2018,Luật Kinh tế - Dân sự; Luật Quốc tế và Ngoại thương; Luật Hình sự và Tội phạm học; Pháp chế - Hành chính - Văn thưĐiểm trúng tuyển theo học bạ THPT lấy 18 điểm,daniele15,
TBD,7380101,Luật,D01,14.00,,HocBa,2018,Luật Kinh tế - Dân sự; Luật Quốc tế và Ngoại thương; Luật Hình sự và Tội phạm học; Pháp chế - Hành chính - Văn thưĐiểm trúng tuyển theo học bạ THPT lấy 18 điểm,daniele15,
TBD,7480201,Công nghệ thông tin,A00,13.00,,HocBa,2018,Điểm trúng tuyển theo học bạ THPT lấy 18 điểm,daniele15,
TBD,7480201,Công nghệ thông tin,A04,13.00,,HocBa,2018,Điểm trúng tuyển theo học bạ THPT lấy 18 điểm,daniele15,
TBD,7480201,Công nghệ thông tin,A10,13.00,,HocBa,2018,Điểm trúng tuyển theo học bạ THPT lấy 18 điểm,daniele15,
TBD,7480201,Công nghệ thông tin,A11,13.00,,HocBa,2018,Điểm trúng tuyển theo học bạ THPT lấy 18 điểm,daniele15,
TBD,7810101,Du lịch,C00,15.00,,HocBa,2018,Hướng dẫn du lịch và lữ hành; Du lịch - Nhà hàng - Khách sạnĐiểm trúng tuyển theo học bạ THPT lấy 18 điểm,daniele15,
TBD,7810101,Du lịch,C19,15.00,,HocBa,2018,Hướng dẫn du lịch và lữ hành; Du lịch - Nhà hàng - Khách sạnĐiểm trúng tuyển theo học bạ THPT lấy 18 điểm,daniele15,
TBD,7810101,Du lịch,C20,15.00,,HocBa,2018,Hướng dẫn du lịch và lữ hành; Du lịch - Nhà hàng - Khách sạnĐiểm trúng tuyển theo học bạ THPT lấy 18 điểm,daniele15,
TBD,7810101,Du lịch,D01,15.00,,HocBa,2018,Hướng dẫn du lịch và lữ hành; Du lịch - Nhà hàng - Khách sạnĐiểm trúng tuyển theo học bạ THPT lấy 18 điểm,daniele15,
TBD,7810101,Du lịch,C00,13.00,,HocBa,2018,Du lịch - Khách sạn quốc tếĐiểm trúng tuyển theo học bạ THPT lấy 18 điểm,daniele15,
TBD,7810101,Du lịch,C19,13.00,,HocBa,2018,Du lịch - Khách sạn quốc tếĐiểm trúng tuyển theo học bạ THPT lấy 18 điểm,daniele15,
TBD,7810101,Du lịch,C20,13.00,,HocBa,2018,Du lịch - Khách sạn quốc tếĐiểm trúng tuyển theo học bạ THPT lấy 18 điểm,daniele15,
TBD,7810101,Du lịch,D01,13.00,,HocBa,2018,Du lịch - Khách sạn quốc tếĐiểm trúng tuyển theo học bạ THPT lấy 18 điểm,daniele15,
TCT,7140202,Giáo dục Tiểu học,A00,19.75,,THPTQG,2018,,daniele15,
TCT,7140202,Giáo dục Tiểu học,C01,19.75,,THPTQG,2018,,daniele15,
TCT,7140202,Giáo dục Tiểu học,D01,19.75,,THPTQG,2018,,daniele15,
TCT,7140202,Giáo dục Tiểu học,D03,19.75,,THPTQG,2018,,daniele15,
TCT,7140204,Giáo dục Công dân,C00,21.50,,THPTQG,2018,,daniele15,
TCT,7140204,Giáo dục Công dân,C19,21.50,,THPTQG,2018,,daniele15,
TCT,7140204,Giáo dục Công dân,D14,21.50,,THPTQG,2018,,daniele15,
TCT,7140204,Giáo dục Công dân,D15,21.50,,THPTQG,2018,,daniele15,
TCT,7140206,Giáo dục Thể chất,T00,17.75,,THPTQG,2018,,daniele15,
TCT,7140206,Giáo dục Thể chất,T01,17.75,,THPTQG,2018,,daniele15,
TCT,7140209,Sư phạm Toán học,A00,20.75,,THPTQG,2018,,daniele15,
TCT,7140209,Sư phạm Toán học,A01,20.75,,THPTQG,2018,,daniele15,
TCT,7140209,Sư phạm Toán học,D07,20.75,,THPTQG,2018,,daniele15,
TCT,7140209,Sư phạm Toán học,D08,20.75,,THPTQG,2018,,daniele15,
TCT,7140210,Sư phạm Tin học,A00,17.25,,THPTQG,2018,,daniele15,
TCT,7140210,Sư phạm Tin học,A01,17.25,,THPTQG,2018,,daniele15,
TCT,7140210,Sư phạm Tin học,D01,17.25,,THPTQG,2018,,daniele15,
TCT,7140210,Sư phạm Tin học,D07,17.25,,THPTQG,2018,,daniele15,
TCT,7140211,Sư phạm Vật lý,A00,18.75,,THPTQG,2018,,daniele15,
TCT,7140211,Sư phạm Vật lý,A01,18.75,,THPTQG,2018,,daniele15,
TCT,7140211,Sư phạm Vật lý,A02,18.75,,THPTQG,2018,,daniele15,
TCT,7140211,Sư phạm Vật lý,D29,18.75,,THPTQG,2018,,daniele15,
TCT,7140212,Sư phạm Hóa học,A00,19.75,,THPTQG,2018,,daniele15,
TCT,7140212,Sư phạm Hóa học,B00,19.75,,THPTQG,2018,,daniele15,
TCT,7140212,Sư phạm Hóa học,D07,19.75,,THPTQG,2018,,daniele15,
TCT,7140212,Sư phạm Hóa học,D24,19.75,,THPTQG,2018,,daniele15,
TCT,7140213,Sư phạm Sinh học,B00,17.00,,THPTQG,2018,,daniele15,
TCT,7140213,Sư phạm Sinh học,D08,17.00,,THPTQG,2018,,daniele15,
TCT,7140217,Sư phạm Ngữ văn,C00,22.25,,THPTQG,2018,,daniele15,
TCT,7140217,Sư phạm Ngữ văn,D14,22.25,,THPTQG,2018,,daniele15,
TCT,7140217,Sư phạm Ngữ văn,D15,22.25,,THPTQG,2018,,daniele15,
TCT,7140218,Sư phạm Lịch sử,C00,21.00,,THPTQG,2018,,daniele15,
TCT,7140218,Sư phạm Lịch sử,D14,21.00,,THPTQG,2018,,daniele15,
TCT,7140218,Sư phạm Lịch sử,D64,21.00,,THPTQG,2018,,daniele15,
TCT,7140219,Sư phạm Địa lý,C00,21.25,,THPTQG,2018,,daniele15,
TCT,7140219,Sư phạm Địa lý,C04,21.25,,THPTQG,2018,,daniele15,
TCT,7140219,Sư phạm Địa lý,D15,21.25,,THPTQG,2018,,daniele15,
TCT,7140219,Sư phạm Địa lý,D44,21.25,,THPTQG,2018,,daniele15,
TCT,7140231,Sư phạm Tiếng Anh,D01,21.75,,THPTQG,2018,,daniele15,
TCT,7140231,Sư phạm Tiếng Anh,D14,21.75,,THPTQG,2018,,daniele15,
TCT,7140231,Sư phạm Tiếng Anh,D15,21.75,,THPTQG,2018,,daniele15,
TCT,7140233,Sư phạm Tiếng Pháp,D01,17.00,,THPTQG,2018,,daniele15,
TCT,7140233,Sư phạm Tiếng Pháp,D03,17.00,,THPTQG,2018,,daniele15,
TCT,7140233,Sư phạm Tiếng Pháp,D14,17.00,,THPTQG,2018,,daniele15,
TCT,7140233,Sư phạm Tiếng Pháp,D64,17.00,,THPTQG,2018,,daniele15,
TCT,7220201C,Ngôn ngữ Anh,D01,16.50,,THPTQG,2018,Chương trình chất lượng cao,daniele15,
TCT,7220201C,Ngôn ngữ Anh,D14,16.50,,THPTQG,2018,Chương trình chất lượng cao,daniele15,
TCT,7220201C,Ngôn ngữ Anh,D15,16.50,,THPTQG,2018,Chương trình chất lượng cao,daniele15,
TCT,7220201H,Ngôn ngữ Anh,D01,19.00,,THPTQG,2018,,daniele15,
TCT,7220201H,Ngôn ngữ Anh,D14,19.00,,THPTQG,2018,,daniele15,
TCT,7220201H,Ngôn ngữ Anh,D15,19.00,,THPTQG,2018,,daniele15,
TCT,7220203,Ngôn ngữ Pháp,D01,16.25,,THPTQG,2018,,daniele15,
TCT,7220203,Ngôn ngữ Pháp,D03,16.25,,THPTQG,2018,,daniele15,
TCT,7220203,Ngôn ngữ Pháp,D14,16.25,,THPTQG,2018,,daniele15,
TCT,7220203,Ngôn ngữ Pháp,D64,16.25,,THPTQG,2018,,daniele15,
TCT,7229001,Triết học,C00,19.25,,THPTQG,2018,,daniele15,
TCT,7229001,Triết học,C19,19.25,,THPTQG,2018,,daniele15,
TCT,7229001,Triết học,D14,19.25,,THPTQG,2018,,daniele15,
TCT,7229001,Triết học,D15,19.25,,THPTQG,2018,,daniele15,
TCT,7229030,Văn học,C00,18.50,,THPTQG,2018,,daniele15,
TCT,7229030,Văn học,D14,18.50,,THPTQG,2018,,daniele15,
TCT,7229030,Văn học,D15,18.50,,THPTQG,2018,,daniele15,
TCT,7310101,Kinh tế,A00,19.00,,THPTQG,2018,,daniele15,
TCT,7310101,Kinh tế,A01,19.00,,THPTQG,2018,,daniele15,
TCT,7310101,Kinh tế,C02,19.00,,THPTQG,2018,,daniele15,
TCT,7310101,Kinh tế,D01,19.00,,THPTQG,2018,,daniele15,
TCT,7310201,Chính trị học,C00,20.25,,THPTQG,2018,,daniele15,
TCT,7310201,Chính trị học,C19,20.25,,THPTQG,2018,,daniele15,
TCT,7310201,Chính trị học,D14,20.25,,THPTQG,2018,,daniele15,
TCT,7310201,Chính trị học,D15,20.25,,THPTQG,2018,,daniele15,
TCT,7310301,Xã hội học,A01,20.25,,THPTQG,2018,,daniele15,
TCT,7310301,Xã hội học,C00,20.25,,THPTQG,2018,,daniele15,
TCT,7310301,Xã hội học,C19,20.25,,THPTQG,2018,,daniele15,
TCT,7310301,Xã hội học,D01,20.25,,THPTQG,2018,,daniele15,
TCT,7320201,Thông tin - thư viện,A01,15.00,,THPTQG,2018,,daniele15,
TCT,7320201,Thông tin - thư viện,D01,15.00,,THPTQG,2018,,daniele15,
TCT,7320201,Thông tin - thư viện,D03,15.00,,THPTQG,2018,,daniele15,
TCT,7320201,Thông tin - thư viện,D29,15.00,,THPTQG,2018,,daniele15,
TCT,7340101,Quản trị kinh doanh,A00,20.00,,THPTQG,2018,,daniele15,
TCT,7340101,Quản trị kinh doanh,A01,20.00,,THPTQG,2018,,daniele15,
TCT,7340101,Quản trị kinh doanh,C02,20.00,,THPTQG,2018,,daniele15,
TCT,7340101,Quản trị kinh doanh,D01,20.00,,THPTQG,2018,,daniele15,
TCT,7340101H,Quản trị kinh doanh,A00,17.50,,THPTQG,2018,,daniele15,
TCT,7340101H,Quản trị kinh doanh,A01,17.50,,THPTQG,2018,,daniele15,
TCT,7340101H,Quản trị kinh doanh,C02,17.50,,THPTQG,2018,,daniele15,
TCT,7340101H,Quản trị kinh doanh,D01,17.50,,THPTQG,2018,,daniele15,
TCT,7340115,Marketing,A00,19.75,,THPTQG,2018,,daniele15,
TCT,7340115,Marketing,A01,19.75,,THPTQG,2018,,daniele15,
TCT,7340115,Marketing,C02,19.75,,THPTQG,2018,,daniele15,
TCT,7340115,Marketing,D01,19.75,,THPTQG,2018,,daniele15,
TCT,7340120,Kinh doanh quốc tế,A00,20.25,,THPTQG,2018,,daniele15,
TCT,7340120,Kinh doanh quốc tế,A01,20.25,,THPTQG,2018,,daniele15,
TCT,7340120,Kinh doanh quốc tế,C02,20.25,,THPTQG,2018,,daniele15,
TCT,7340120,Kinh doanh quốc tế,D01,20.25,,THPTQG,2018,,daniele15,
TCT,7340121,Kinh doanh thương mại,A00,19.25,,THPTQG,2018,,daniele15,
TCT,7340121,Kinh doanh thương mại,A01,19.25,,THPTQG,2018,,daniele15,
TCT,7340121,Kinh doanh thương mại,C02,19.25,,THPTQG,2018,,daniele15,
TCT,7340121,Kinh doanh thương mại,D01,19.25,,THPTQG,2018,,daniele15,
TCT,7340201,Tài chính - Ngân hàng,A00,19.25,,THPTQG,2018,,daniele15,
TCT,7340201,Tài chính - Ngân hàng,A01,19.25,,THPTQG,2018,,daniele15,
TCT,7340201,Tài chính - Ngân hàng,C02,19.25,,THPTQG,2018,,daniele15,
TCT,7340201,Tài chính - Ngân hàng,D01,19.25,,THPTQG,2018,,daniele15,
TCT,7340301,Kế toán,A00,19.50,,THPTQG,2018,,daniele15,
TCT,7340301,Kế toán,A01,19.50,,THPTQG,2018,,daniele15,
TCT,7340301,Kế toán,C02,19.50,,THPTQG,2018,,daniele15,
TCT,7340301,Kế toán,D01,19.50,,THPTQG,2018,,daniele15,
TCT,7340302,Kiểm toán,A00,18.50,,THPTQG,2018,,daniele15,
TCT,7340302,Kiểm toán,A01,18.50,,THPTQG,2018,,daniele15,
TCT,7340302,Kiểm toán,C02,18.50,,THPTQG,2018,,daniele15,
TCT,7340302,Kiểm toán,D01,18.50,,THPTQG,2018,,daniele15,
TCT,7420201,Công nghệ sinh học,A00,18.25,,THPTQG,2018,,daniele15,
TCT,7420201,Công nghệ sinh học,B00,18.25,,THPTQG,2018,,daniele15,
TCT,7420201,Công nghệ sinh học,D07,18.25,,THPTQG,2018,,daniele15,
TCT,7420201,Công nghệ sinh học,D08,18.25,,THPTQG,2018,,daniele15,
TCT,7420201T,Công nghệ sinh học,A01,15.50,,THPTQG,2018,Chương trình tiên tiến,daniele15,
TCT,7420201T,Công nghệ sinh học,D07,15.50,,THPTQG,2018,Chương trình tiên tiến,daniele15,
TCT,7420201T,Công nghệ sinh học,D08,15.50,,THPTQG,2018,Chương trình tiên tiến,daniele15,
TCT,7420203,Sinh học ứng dụng,A00,14.25,,THPTQG,2018,,daniele15,
TCT,7420203,Sinh học ứng dụng,A01,14.25,,THPTQG,2018,,daniele15,
TCT,7420203,Sinh học ứng dụng,B00,14.25,,THPTQG,2018,,daniele15,
TCT,7420203,Sinh học ứng dụng,D08,14.25,,THPTQG,2018,,daniele15,
TCT,7440112,Hoá học,A00,15.50,,THPTQG,2018,,daniele15,
TCT,7440112,Hoá học,B00,15.50,,THPTQG,2018,,daniele15,
TCT,7440112,Hoá học,D07,15.50,,THPTQG,2018,,daniele15,
TCT,7440301,Khoa học môi trường,A00,14.25,,THPTQG,2018,,daniele15,
TCT,7440301,Khoa học môi trường,B00,14.25,,THPTQG,2018,,daniele15,
TCT,7440301,Khoa học môi trường,D07,14.25,,THPTQG,2018,,daniele15,
TCT,7460112,Toán ứng dụng,A00,15.25,,THPTQG,2018,,daniele15,
TCT,7460112,Toán ứng dụng,A01,15.25,,THPTQG,2018,,daniele15,
TCT,7460112,Toán ứng dụng,B00,15.25,,THPTQG,2018,,daniele15,
TCT,7480101,Khoa học máy tính,A00,15.75,,THPTQG,2018,,daniele15,
TCT,7480101,Khoa học máy tính,A01,15.75,,THPTQG,2018,,daniele15,
TCT,7480103,Kỹ thuật phần mềm,A00,17.75,,THPTQG,2018,,daniele15,
TCT,7480103,Kỹ thuật phần mềm,A01,17.75,,THPTQG,2018,,daniele15,
TCT,7480104,Hệ thống thông tin,A00,15.00,,THPTQG,2018,,daniele15,
TCT,7480104,Hệ thống thông tin,A01,15.00,,THPTQG,2018,,daniele15,
TCT,7480106,Kỹ thuật máy tính,A00,15.25,,THPTQG,2018,,daniele15,
TCT,7480106,Kỹ thuật máy tính,A01,15.25,,THPTQG,2018,,daniele15,
TCT,7480201H,Công nghệ thông tin,A00,15.00,,THPTQG,2018,,daniele15,
TCT,7480201H,Công nghệ thông tin,A01,15.00,,THPTQG,2018,,daniele15,
TCT,7510601,Quản lý công nghiệp,A00,17.50,,THPTQG,2018,,daniele15,
TCT,7510601,Quản lý công nghiệp,A01,17.50,,THPTQG,2018,,daniele15,
TCT,7510601,Quản lý công nghiệp,D01,17.50,,THPTQG,2018,,daniele15,
TCT,7520114,Kỹ thuật cơ điện tử,A00,17.00,,THPTQG,2018,,daniele15,
TCT,7520114,Kỹ thuật cơ điện tử,A01,17.00,,THPTQG,2018,,daniele15,
TCT,7520201,Kỹ thuật điện,A00,16.50,,THPTQG,2018,,daniele15,
TCT,7520201,Kỹ thuật điện,A01,16.50,,THPTQG,2018,,daniele15,
TCT,7520201,Kỹ thuật điện,D07,16.50,,THPTQG,2018,,daniele15,
TCT,7520201C,Kỹ thuật điện,A01,15.50,,THPTQG,2018,Chương trình chất lượng cao,daniele15,
TCT,7520201C,Kỹ thuật điện,D01,15.50,,THPTQG,2018,Chương trình chất lượng cao,daniele15,
TCT,7520201C,Kỹ thuật điện,D07,15.50,,THPTQG,2018,Chương trình chất lượng cao,daniele15,
TCT,7520309,Kỹ thuật vật liệu,A00,14.00,,THPTQG,2018,,daniele15,
TCT,7520309,Kỹ thuật vật liệu,A01,14.00,,THPTQG,2018,,daniele15,
TCT,7520309,Kỹ thuật vật liệu,B00,14.00,,THPTQG,2018,,daniele15,
TCT,7520309,Kỹ thuật vật liệu,D07,14.00,,THPTQG,2018,,daniele15,
TCT,7520320,Kỹ thuật môi trường,A00,14.00,,THPTQG,2018,,daniele15,
TCT,7520320,Kỹ thuật môi trường,A01,14.00,,THPTQG,2018,,daniele15,
TCT,7520320,Kỹ thuật môi trường,B00,14.00,,THPTQG,2018,,daniele15,
TCT,7520320,Kỹ thuật môi trường,D07,14.00,,THPTQG,2018,,daniele15,
TCT,7520401,Vật lý kỹ thuật,A00,14.00,,THPTQG,2018,,daniele15,
TCT,7520401,Vật lý kỹ thuật,A01,14.00,,THPTQG,2018,,daniele15,
TCT,7520401,Vật lý kỹ thuật,A02,14.00,,THPTQG,2018,,daniele15,
TCT,7540101,Công nghệ thực phẩm,A00,18.75,,THPTQG,2018,,daniele15,
TCT,7540101,Công nghệ thực phẩm,A01,18.75,,THPTQG,2018,,daniele15,
TCT,7540101,Công nghệ thực phẩm,B00,18.75,,THPTQG,2018,,daniele15,
TCT,7540101,Công nghệ thực phẩm,D07,18.75,,THPTQG,2018,,daniele15,
TCT,7540104,Công nghệ sau thu hoạch,A00,14.25,,THPTQG,2018,,daniele15,
TCT,7540104,Công nghệ sau thu hoạch,A01,14.25,,THPTQG,2018,,daniele15,
TCT,7540104,Công nghệ sau thu hoạch,B00,14.25,,THPTQG,2018,,daniele15,
TCT,7540104,Công nghệ sau thu hoạch,D07,14.25,,THPTQG,2018,,daniele15,
TCT,7580201,Kỹ thuật xây dựng,A00,16.00,,THPTQG,2018,,daniele15,
TCT,7580201,Kỹ thuật xây dựng,A01,16.00,,THPTQG,2018,,daniele15,
TCT,7580201H,Kỹ thuật xây dựng,A00,14.00,,THPTQG,2018,,daniele15,
TCT,7580201H,Kỹ thuật xây dựng,A01,14.00,,THPTQG,2018,,daniele15,
TCT,7620102H,Khuyến nông,A00,14.00,,THPTQG,2018,,daniele15,
TCT,7620102H,Khuyến nông,A01,14.00,,THPTQG,2018,,daniele15,
TCT,7620102H,Khuyến nông,B00,14.00,,THPTQG,2018,,daniele15,
TCT,7620102H,Khuyến nông,D01,14.00,,THPTQG,2018,,daniele15,
TCT,7620103,Khoa học đất,A00,14.00,,THPTQG,2018,,daniele15,
TCT,7620103,Khoa học đất,B00,14.00,,THPTQG,2018,,daniele15,
TCT,7620103,Khoa học đất,D07,14.00,,THPTQG,2018,,daniele15,
TCT,7620103,Khoa học đất,D08,14.00,,THPTQG,2018,,daniele15,
TCT,7620105,Chăn nuôi,A00,14.50,,THPTQG,2018,,daniele15,
TCT,7620105,Chăn nuôi,A02,14.50,,THPTQG,2018,,daniele15,
TCT,7620105,Chăn nuôi,B00,14.50,,THPTQG,2018,,daniele15,
TCT,7620105,Chăn nuôi,D08,14.50,,THPTQG,2018,,daniele15,
TCT,7620109,Nông học,B00,15.50,,THPTQG,2018,,daniele15,
TCT,7620109,Nông học,D07,15.50,,THPTQG,2018,,daniele15,
TCT,7620109,Nông học,D08,15.50,,THPTQG,2018,,daniele15,
TCT,7620112,Bảo vệ thực vật,B00,16.00,,THPTQG,2018,,daniele15,
TCT,7620112,Bảo vệ thực vật,D07,16.00,,THPTQG,2018,,daniele15,
TCT,7620112,Bảo vệ thực vật,D08,16.00,,THPTQG,2018,,daniele15,
TCT,7620114H,Kinh doanh nông nghiệp,A00,14.00,,THPTQG,2018,,daniele15,
TCT,7620114H,Kinh doanh nông nghiệp,A01,14.00,,THPTQG,2018,,daniele15,
TCT,7620114H,Kinh doanh nông nghiệp,C02,14.00,,THPTQG,2018,,daniele15,
TCT,7620114H,Kinh doanh nông nghiệp,D01,14.00,,THPTQG,2018,,daniele15,
TCT,7620115,Kinh tế,A00,17.50,,THPTQG,2018,Kinh tế nông nghiệp,daniele15,
TCT,7620115,Kinh tế,A01,17.50,,THPTQG,2018,Kinh tế nông nghiệp,daniele15,
TCT,7620115,Kinh tế,C02,17.50,,THPTQG,2018,Kinh tế nông nghiệp,daniele15,
TCT,7620115,Kinh tế,D01,17.50,,THPTQG,2018,Kinh tế nông nghiệp,daniele15,
TCT,7620115H,Kinh tế,A00,14.50,,THPTQG,2018,Kinh tế nông nghiệp,daniele15,
TCT,7620115H,Kinh tế,A01,14.50,,THPTQG,2018,Kinh tế nông nghiệp,daniele15,
TCT,7620115H,Kinh tế,C02,14.50,,THPTQG,2018,Kinh tế nông nghiệp,daniele15,
TCT,7620115H,Kinh tế,D01,14.50,,THPTQG,2018,Kinh tế nông nghiệp,daniele15,
TCT,7620116,Phát triển nông thôn,A00,14.00,,THPTQG,2018,,daniele15,
TCT,7620116,Phát triển nông thôn,A01,14.00,,THPTQG,2018,,daniele15,
TCT,7620116,Phát triển nông thôn,B00,14.00,,THPTQG,2018,,daniele15,
TCT,7620116,Phát triển nông thôn,D07,14.00,,THPTQG,2018,,daniele15,
TCT,7620205,Lâm sinh,A00,14.00,,THPTQG,2018,,daniele15,
TCT,7620205,Lâm sinh,A01,14.00,,THPTQG,2018,,daniele15,
TCT,7620205,Lâm sinh,B00,14.00,,THPTQG,2018,,daniele15,
TCT,7620205,Lâm sinh,D08,14.00,,THPTQG,2018,,daniele15,
TCT,7620301,Nuôi trồng thuỷ sản,A00,15.50,,THPTQG,2018,,daniele15,
TCT,7620301,Nuôi trồng thuỷ sản,B00,15.50,,THPTQG,2018,,daniele15,
TCT,7620301,Nuôi trồng thuỷ sản,D07,15.50,,THPTQG,2018,,daniele15,
TCT,7620301,Nuôi trồng thuỷ sản,D08,15.50,,THPTQG,2018,,daniele15,
TCT,7620301H,Nuôi trồng thuỷ sản,A00,14.00,,THPTQG,2018,,daniele15,
TCT,7620301H,Nuôi trồng thuỷ sản,B00,14.00,,THPTQG,2018,,daniele15,
TCT,7620301H,Nuôi trồng thuỷ sản,D07,14.00,,THPTQG,2018,,daniele15,
TCT,7620301H,Nuôi trồng thuỷ sản,D08,14.00,,THPTQG,2018,,daniele15,
TCT,7620302,Bệnh học thủy sản,A00,14.00,,THPTQG,2018,,daniele15,
TCT,7620302,Bệnh học thủy sản,B00,14.00,,THPTQG,2018,,daniele15,
TCT,7620302,Bệnh học thủy sản,D07,14.00,,THPTQG,2018,,daniele15,
TCT,7620302,Bệnh học thủy sản,D08,14.00,,THPTQG,2018,,daniele15,
TCT,7620305,Quản lý thủy sản,A00,14.50,,THPTQG,2018,,daniele15,
TCT,7620305,Quản lý thủy sản,B00,14.50,,THPTQG,2018,,daniele15,
TCT,7620305,Quản lý thủy sản,D07,14.50,,THPTQG,2018,,daniele15,
TCT,7620305,Quản lý thủy sản,D08,14.50,,THPTQG,2018,,daniele15,
TCT,7720203,Hoá dược,A00,20.00,,THPTQG,2018,,daniele15,
TCT,7720203,Hoá dược,B00,20.00,,THPTQG,2018,,daniele15,
TCT,7720203,Hoá dược,D07,20.00,,THPTQG,2018,,daniele15,
TCT,7850103,Quản lý đất đai,A00,15.25,,THPTQG,2018,,daniele15,
TCT,7850103,Quản lý đất đai,A01,15.25,,THPTQG,2018,,daniele15,
TCT,7850103,Quản lý đất đai,B00,15.25,,THPTQG,2018,,daniele15,
TCT,7850103,Quản lý đất đai,D07,15.25,,THPTQG,2018,,daniele15,
TDD,7220201,Ngôn ngữ Anh,B00,14.50,,THPTQG,2018,,daniele15,
TDD,7220201,Ngôn ngữ Anh,D01,14.50,,THPTQG,2018,,daniele15,
TDD,7310630,Việt Nam học,A00,14.50,,THPTQG,2018,,daniele15,
TDD,7310630,Việt Nam học,A01,14.50,,THPTQG,2018,,daniele15,
TDD,7310630,Việt Nam học,C00,14.50,,THPTQG,2018,,daniele15,
TDD,7310630,Việt Nam học,D01,14.50,,THPTQG,2018,,daniele15,
TDD,7340101,Quản trị kinh doanh,A00,14.50,,THPTQG,2018,,daniele15,
TDD,7340101,Quản trị kinh doanh,A01,14.50,,THPTQG,2018,,daniele15,
TDD,7340101,Quản trị kinh doanh,D01,14.50,,THPTQG,2018,,daniele15,
TDD,7340101,Quản trị kinh doanh,D02,14.50,,THPTQG,2018,,daniele15,
TDD,7340301,Kế toán,A00,14.50,,THPTQG,2018,,daniele15,
TDD,7340301,Kế toán,A01,14.50,,THPTQG,2018,,daniele15,
TDD,7340301,Kế toán,D01,14.50,,THPTQG,2018,,daniele15,
TDD,7340301,Kế toán,D02,14.50,,THPTQG,2018,,daniele15,
TDD,7340406,Quản trị văn phòng,A00,14.50,,THPTQG,2018,,daniele15,
TDD,7340406,Quản trị văn phòng,A01,14.50,,THPTQG,2018,,daniele15,
TDD,7340406,Quản trị văn phòng,C00,14.50,,THPTQG,2018,,daniele15,
TDD,7340406,Quản trị văn phòng,D01,14.50,,THPTQG,2018,,daniele15,
TDD,7480201,Công nghệ thông tin,A00,14.50,,THPTQG,2018,,daniele15,
TDD,7480201,Công nghệ thông tin,A01,14.50,,THPTQG,2018,,daniele15,
TDD,7480201,Công nghệ thông tin,D01,14.50,,THPTQG,2018,,daniele15,
TDD,7480201,Công nghệ thông tin,D02,14.50,,THPTQG,2018,,daniele15,
TDD,7510205,Công nghệ kỹ thuật ô tô,A00,14.50,,THPTQG,2018,,daniele15,
TDD,7510205,Công nghệ kỹ thuật ô tô,A01,14.50,,THPTQG,2018,,daniele15,
TDD,7510205,Công nghệ kỹ thuật ô tô,D01,14.50,,THPTQG,2018,,daniele15,
TDD,7510205,Công nghệ kỹ thuật ô tô,D02,14.50,,THPTQG,2018,,daniele15,
TDD,7510301,"Công nghệ kỹ thuật điện, điện tử",A00,14.50,,THPTQG,2018,,daniele15,
TDD,7510301,"Công nghệ kỹ thuật điện, điện tử",A01,14.50,,THPTQG,2018,,daniele15,
TDD,7510301,"Công nghệ kỹ thuật điện, điện tử",D01,14.50,,THPTQG,2018,,daniele15,
TDD,7510301,"Công nghệ kỹ thuật điện, điện tử",D02,14.50,,THPTQG,2018,,daniele15,
TDD,7720201,Dược học,A00,21.00,,THPTQG,2018,,daniele15,
TDD,7720201,Dược học,B00,21.00,,THPTQG,2018,,daniele15,
TDD,7810201,Quản trị khách sạn,A00,14.50,,THPTQG,2018,,daniele15,
TDD,7810201,Quản trị khách sạn,A01,14.50,,THPTQG,2018,,daniele15,
TDD,7810201,Quản trị khách sạn,C00,14.50,,THPTQG,2018,,daniele15,
TDD,7810201,Quản trị khách sạn,D01,14.50,,THPTQG,2018,,daniele15,
TDD,7850101,Quản lý tài nguyên và môi trường,A00,14.50,,THPTQG,2018,,daniele15,
TDD,7850101,Quản lý tài nguyên và môi trường,A01,14.50,,THPTQG,2018,,daniele15,
TDD,7850101,Quản lý tài nguyên và môi trường,B00,14.50,,THPTQG,2018,,daniele15,
TDD,7850101,Quản lý tài nguyên và môi trường,D01,14.50,,THPTQG,2018,,daniele15,
TDL,7140209,Sư phạm Toán học,A00,17.00,,THPTQG,2018,,daniele15,
TDL,7140209,Sư phạm Toán học,A01,17.00,,THPTQG,2018,,daniele15,
TDL,7140209,Sư phạm Toán học,D07,17.00,,THPTQG,2018,,daniele15,
TDL,7140209,Sư phạm Toán học,D90,17.00,,THPTQG,2018,,daniele15,
TDL,7140211,Sư phạm Vật lý,A00,17.00,,THPTQG,2018,,daniele15,
TDL,7140211,Sư phạm Vật lý,A01,17.00,,THPTQG,2018,,daniele15,
TDL,7140211,Sư phạm Vật lý,A12,17.00,,THPTQG,2018,,daniele15,
TDL,7140211,Sư phạm Vật lý,D90,17.00,,THPTQG,2018,,daniele15,
TDL,7140212,Sư phạm Hóa học,A00,17.00,,THPTQG,2018,,daniele15,
TDL,7140212,Sư phạm Hóa học,B00,17.00,,THPTQG,2018,,daniele15,
TDL,7140212,Sư phạm Hóa học,D07,17.00,,THPTQG,2018,,daniele15,
TDL,7140212,Sư phạm Hóa học,D90,17.00,,THPTQG,2018,,daniele15,
TDL,7140213,Sư phạm Sinh học,A14,17.00,,THPTQG,2018,,daniele15,
TDL,7140213,Sư phạm Sinh học,B00,17.00,,THPTQG,2018,,daniele15,
TDL,7140213,Sư phạm Sinh học,D08,17.00,,THPTQG,2018,,daniele15,
TDL,7140213,Sư phạm Sinh học,D90,17.00,,THPTQG,2018,,daniele15,
TDL,7140217,Sư phạm Ngữ văn,C00,17.00,,THPTQG,2018,,daniele15,
TDL,7140217,Sư phạm Ngữ văn,D14,17.00,,THPTQG,2018,,daniele15,
TDL,7140217,Sư phạm Ngữ văn,D15,17.00,,THPTQG,2018,,daniele15,
TDL,7140217,Sư phạm Ngữ văn,D78,17.00,,THPTQG,2018,,daniele15,
TDL,7140218,Sư phạm Lịch sử,C00,17.00,,THPTQG,2018,,daniele15,
TDL,7140218,Sư phạm Lịch sử,C19,17.00,,THPTQG,2018,,daniele15,
TDL,7140218,Sư phạm Lịch sử,D14,17.00,,THPTQG,2018,,daniele15,
TDL,7140218,Sư phạm Lịch sử,D78,17.00,,THPTQG,2018,,daniele15,
TDL,7140231,Sư phạm Tiếng Anh,D01,17.00,,THPTQG,2018,,daniele15,
TDL,7140231,Sư phạm Tiếng Anh,D72,17.00,,THPTQG,2018,,daniele15,
TDL,7140231,Sư phạm Tiếng Anh,D96,17.00,,THPTQG,2018,,daniele15,
TDL,7220201,Ngôn ngữ Anh,D01,16.00,,THPTQG,2018,,daniele15,
TDL,7220201,Ngôn ngữ Anh,D72,16.00,,THPTQG,2018,,daniele15,
TDL,7220201,Ngôn ngữ Anh,D96,16.00,,THPTQG,2018,,daniele15,
TDL,7229010,Lịch sử,C00,14.00,,THPTQG,2018,,daniele15,
TDL,7229010,Lịch sử,C19,14.00,,THPTQG,2018,,daniele15,
TDL,7229010,Lịch sử,D14,14.00,,THPTQG,2018,,daniele15,
TDL,7229010,Lịch sử,D78,14.00,,THPTQG,2018,,daniele15,
TDL,7229030,Văn học,C00,14.00,,THPTQG,2018,,daniele15,
TDL,7229030,Văn học,D14,14.00,,THPTQG,2018,,daniele15,
TDL,7229030,Văn học,D15,14.00,,THPTQG,2018,,daniele15,
TDL,7229030,Văn học,D78,14.00,,THPTQG,2018,,daniele15,
TDL,7229040,Văn hoá học,C00,14.00,,THPTQG,2018,,daniele15,
TDL,7229040,Văn hoá học,D14,14.00,,THPTQG,2018,,daniele15,
TDL,7229040,Văn hoá học,D15,14.00,,THPTQG,2018,,daniele15,
TDL,7229040,Văn hoá học,D78,14.00,,THPTQG,2018,,daniele15,
TDL,7310301,Xã hội học,C00,14.00,,THPTQG,2018,,daniele15,
TDL,7310301,Xã hội học,C14,14.00,,THPTQG,2018,,daniele15,
TDL,7310301,Xã hội học,D01,14.00,,THPTQG,2018,,daniele15,
TDL,7310301,Xã hội học,D78,14.00,,THPTQG,2018,,daniele15,
TDL,7310601,Quốc tế học,C00,14.00,,THPTQG,2018,,daniele15,
TDL,7310601,Quốc tế học,D01,14.00,,THPTQG,2018,,daniele15,
TDL,7310601,Quốc tế học,D78,14.00,,THPTQG,2018,,daniele15,
TDL,7310601,Quốc tế học,D96,14.00,,THPTQG,2018,,daniele15,
TDL,7310608,Đông phương học,C00,16.00,,THPTQG,2018,,daniele15,
TDL,7310608,Đông phương học,D01,16.00,,THPTQG,2018,,daniele15,
TDL,7310608,Đông phương học,D78,16.00,,THPTQG,2018,,daniele15,
TDL,7310608,Đông phương học,D96,16.00,,THPTQG,2018,,daniele15,
TDL,7310630,Việt Nam học,C00,14.00,,THPTQG,2018,,daniele15,
TDL,7310630,Việt Nam học,D14,14.00,,THPTQG,2018,,daniele15,
TDL,7310630,Việt Nam học,D15,14.00,,THPTQG,2018,,daniele15,
TDL,7310630,Việt Nam học,D78,14.00,,THPTQG,2018,,daniele15,
TDL,7340101,Quản trị kinh doanh,A00,16.00,,THPTQG,2018,,daniele15,
TDL,7340101,Quản trị kinh doanh,A01,16.00,,THPTQG,2018,,daniele15,
TDL,7340101,Quản trị kinh doanh,D01,16.00,,THPTQG,2018,,daniele15,
TDL,7340101,Quản trị kinh doanh,D96,16.00,,THPTQG,2018,,daniele15,
TDL,7340301,Kế toán,A00,15.00,,THPTQG,2018,,daniele15,
TDL,7340301,Kế toán,A01,15.00,,THPTQG,2018,,daniele15,
TDL,7340301,Kế toán,D01,15.00,,THPTQG,2018,,daniele15,
TDL,7340301,Kế toán,D96,15.00,,THPTQG,2018,,daniele15,
TDL,7380101,Luật,A00,17.00,,THPTQG,2018,,daniele15,
TDL,7380101,Luật,C00,17.00,,THPTQG,2018,,daniele15,
TDL,7380101,Luật,C20,17.00,,THPTQG,2018,,daniele15,
TDL,7380101,Luật,D01,17.00,,THPTQG,2018,,daniele15,
TDL,7420101,Sinh học,A14,14.00,,THPTQG,2018,,daniele15,
TDL,7420101,Sinh học,B00,14.00,,THPTQG,2018,,daniele15,
TDL,7420101,Sinh học,D08,14.00,,THPTQG,2018,,daniele15,
TDL,7420101,Sinh học,D90,14.00,,THPTQG,2018,,daniele15,
TDL,7420201,Công nghệ sinh học,A14,14.00,,THPTQG,2018,,daniele15,
TDL,7420201,Công nghệ sinh học,B00,14.00,,THPTQG,2018,,daniele15,
TDL,7420201,Công nghệ sinh học,D08,14.00,,THPTQG,2018,,daniele15,
TDL,7420201,Công nghệ sinh học,D90,14.00,,THPTQG,2018,,daniele15,
TDL,7440102,Vật lý học,A00,14.00,,THPTQG,2018,,daniele15,
TDL,7440102,Vật lý học,A01,14.00,,THPTQG,2018,,daniele15,
TDL,7440102,Vật lý học,A12,14.00,,THPTQG,2018,,daniele15,
TDL,7440102,Vật lý học,D90,14.00,,THPTQG,2018,,daniele15,
TDL,7440112,Hoá học,A00,14.00,,THPTQG,2018,,daniele15,
TDL,7440112,Hoá học,B00,14.00,,THPTQG,2018,,daniele15,
TDL,7440112,Hoá học,D07,14.00,,THPTQG,2018,,daniele15,
TDL,7440112,Hoá học,D90,14.00,,THPTQG,2018,,daniele15,
TDL,7440301,Khoa học môi trường,A00,14.00,,THPTQG,2018,,daniele15,
TDL,7440301,Khoa học môi trường,B00,14.00,,THPTQG,2018,,daniele15,
TDL,7440301,Khoa học môi trường,D08,14.00,,THPTQG,2018,,daniele15,
TDL,7440301,Khoa học môi trường,D90,14.00,,THPTQG,2018,,daniele15,
TDL,7460101,Toán học,A00,14.00,,THPTQG,2018,,daniele15,
TDL,7460101,Toán học,A01,14.00,,THPTQG,2018,,daniele15,
TDL,7460101,Toán học,D07,14.00,,THPTQG,2018,,daniele15,
TDL,7460101,Toán học,D90,14.00,,THPTQG,2018,,daniele15,
TDL,7480201,Công nghệ thông tin,A00,14.00,,THPTQG,2018,,daniele15,
TDL,7480201,Công nghệ thông tin,A01,14.00,,THPTQG,2018,,daniele15,
TDL,7480201,Công nghệ thông tin,D07,14.00,,THPTQG,2018,,daniele15,
TDL,7480201,Công nghệ thông tin,D90,14.00,,THPTQG,2018,,daniele15,
TDL,7510302,Công nghệ kỹ thuật điện tử - viễn thông,A00,14.00,,THPTQG,2018,,daniele15,
TDL,7510302,Công nghệ kỹ thuật điện tử - viễn thông,A01,14.00,,THPTQG,2018,,daniele15,
TDL,7510302,Công nghệ kỹ thuật điện tử - viễn thông,A12,14.00,,THPTQG,2018,,daniele15,
TDL,7510302,Công nghệ kỹ thuật điện tử - viễn thông,D90,14.00,,THPTQG,2018,,daniele15,
TDL,7520402,Kỹ thuật hạt nhân,A00,15.00,,THPTQG,2018,,daniele15,
TDL,7520402,Kỹ thuật hạt nhân,A01,15.00,,THPTQG,2018,,daniele15,
TDL,7520402,Kỹ thuật hạt nhân,D90,15.00,,THPTQG,2018,,daniele15,
TDL,7540104,Công nghệ sau thu hoạch,A00,14.00,,THPTQG,2018,,daniele15,
TDL,7540104,Công nghệ sau thu hoạch,B00,14.00,,THPTQG,2018,,daniele15,
TDL,7540104,Công nghệ sau thu hoạch,D08,14.00,,THPTQG,2018,,daniele15,
TDL,7540104,Công nghệ sau thu hoạch,D90,14.00,,THPTQG,2018,,daniele15,
TDL,7620109,Nông học,B00,14.00,,THPTQG,2018,,daniele15,
TDL,7620109,Nông học,D07,14.00,,THPTQG,2018,,daniele15,
TDL,7620109,Nông học,D08,14.00,,THPTQG,2018,,daniele15,
TDL,7620109,Nông học,D90,14.00,,THPTQG,2018,,daniele15,
TDL,7760101,Công tác xã hội,C00,15.00,,THPTQG,2018,,daniele15,
TDL,7760101,Công tác xã hội,C14,15.00,,THPTQG,2018,,daniele15,
TDL,7760101,Công tác xã hội,D01,15.00,,THPTQG,2018,,daniele15,
TDL,7760101,Công tác xã hội,D78,15.00,,THPTQG,2018,,daniele15,
TDL,7810103,Quản trị dịch vụ du lịch và lữ hành,C00,17.00,,THPTQG,2018,,daniele15,
TDL,7810103,Quản trị dịch vụ du lịch và lữ hành,D01,17.00,,THPTQG,2018,,daniele15,
TDL,7810103,Quản trị dịch vụ du lịch và lữ hành,D78,17.00,,THPTQG,2018,,daniele15,
TDM,7140101,Giáo dục học,C00,14.00,,THPTQG,2018,,daniele15,
TDM,7140101,Giáo dục học,C14,14.00,,THPTQG,2018,,daniele15,
TDM,7140101,Giáo dục học,C15,14.00,,THPTQG,2018,,daniele15,
TDM,7140101,Giáo dục học,D01,14.00,,THPTQG,2018,,daniele15,
TDM,7140201,Giáo dục Mầm non,,18.00,,THPTQG,2018,,daniele15,
TDM,7140202,Giáo dục Tiểu học,A00,19.50,,THPTQG,2018,,daniele15,
TDM,7140202,Giáo dục Tiểu học,A16,19.50,,THPTQG,2018,,daniele15,
TDM,7140202,Giáo dục Tiểu học,C00,19.50,,THPTQG,2018,,daniele15,
TDM,7140202,Giáo dục Tiểu học,D01,19.50,,THPTQG,2018,,daniele15,
TDM,7140217,Sư phạm Ngữ văn,C00,17.25,,THPTQG,2018,,daniele15,
TDM,7140217,Sư phạm Ngữ văn,C15,17.25,,THPTQG,2018,,daniele15,
TDM,7140217,Sư phạm Ngữ văn,D01,17.25,,THPTQG,2018,,daniele15,
TDM,7140217,Sư phạm Ngữ văn,D14,17.25,,THPTQG,2018,,daniele15,
TDM,7140218,Sư phạm Lịch sử,C00,17.25,,THPTQG,2018,,daniele15,
TDM,7140218,Sư phạm Lịch sử,C14,17.25,,THPTQG,2018,,daniele15,
TDM,7140218,Sư phạm Lịch sử,C15,17.25,,THPTQG,2018,,daniele15,
TDM,7140218,Sư phạm Lịch sử,D01,17.25,,THPTQG,2018,,daniele15,
TDM,7220201,Ngôn ngữ Anh,A01,17.00,,THPTQG,2018,,daniele15,
TDM,7220201,Ngôn ngữ Anh,D01,17.00,,THPTQG,2018,,daniele15,
TDM,7220201,Ngôn ngữ Anh,D15,17.00,,THPTQG,2018,,daniele15,
TDM,7220201,Ngôn ngữ Anh,D78,17.00,,THPTQG,2018,,daniele15,
TDM,7220204,Ngôn ngữ Trung Quốc,A01,16.00,,THPTQG,2018,,daniele15,
TDM,7220204,Ngôn ngữ Trung Quốc,D01,16.00,,THPTQG,2018,,daniele15,
TDM,7220204,Ngôn ngữ Trung Quốc,D04,16.00,,THPTQG,2018,,daniele15,
TDM,7220204,Ngôn ngữ Trung Quốc,D78,16.00,,THPTQG,2018,,daniele15,
TDM,7229040,Văn hoá học,C00,14.00,,THPTQG,2018,,daniele15,
TDM,7229040,Văn hoá học,C14,14.00,,THPTQG,2018,,daniele15,
TDM,7229040,Văn hoá học,C15,14.00,,THPTQG,2018,,daniele15,
TDM,7229040,Văn hoá học,D01,14.00,,THPTQG,2018,,daniele15,
TDM,7310201,Chính trị học,C00,14.00,,THPTQG,2018,,daniele15,
TDM,7310201,Chính trị học,C14,14.00,,THPTQG,2018,,daniele15,
TDM,7310201,Chính trị học,C15,14.00,,THPTQG,2018,,daniele15,
TDM,7310201,Chính trị học,D01,14.00,,THPTQG,2018,,daniele15,
TDM,7310205,Quản lý nhà nước,A16,15.00,,THPTQG,2018,,daniele15,
TDM,7310205,Quản lý nhà nước,C00,15.00,,THPTQG,2018,,daniele15,
TDM,7310205,Quản lý nhà nước,C14,15.00,,THPTQG,2018,,daniele15,
TDM,7310205,Quản lý nhà nước,D01,15.00,,THPTQG,2018,,daniele15,
TDM,7310501,Địa lý học,A07,14.00,,THPTQG,2018,,daniele15,
TDM,7310501,Địa lý học,C00,14.00,,THPTQG,2018,,daniele15,
TDM,7310501,Địa lý học,C24,14.00,,THPTQG,2018,,daniele15,
TDM,7310501,Địa lý học,D15,14.00,,THPTQG,2018,,daniele15,
TDM,7340101,Quản trị kinh doanh,A00,16.00,,THPTQG,2018,,daniele15,
TDM,7340101,Quản trị kinh doanh,A01,16.00,,THPTQG,2018,,daniele15,
TDM,7340101,Quản trị kinh doanh,A16,16.00,,THPTQG,2018,,daniele15,
TDM,7340101,Quản trị kinh doanh,D01,16.00,,THPTQG,2018,,daniele15,
TDM,7340201,Tài chính - Ngân hàng,A00,14.50,,THPTQG,2018,,daniele15,
TDM,7340201,Tài chính - Ngân hàng,A01,14.50,,THPTQG,2018,,daniele15,
TDM,7340201,Tài chính - Ngân hàng,A16,14.50,,THPTQG,2018,,daniele15,
TDM,7340201,Tài chính - Ngân hàng,D01,14.50,,THPTQG,2018,,daniele15,
TDM,7340301,Kế toán,A00,15.50,,THPTQG,2018,,daniele15,
TDM,7340301,Kế toán,A01,15.50,,THPTQG,2018,,daniele15,
TDM,7340301,Kế toán,A16,15.50,,THPTQG,2018,,daniele15,
TDM,7340301,Kế toán,D01,15.50,,THPTQG,2018,,daniele15,
TDM,7380101,Luật,A16,16.50,,THPTQG,2018,,daniele15,
TDM,7380101,Luật,C00,16.50,,THPTQG,2018,,daniele15,
TDM,7380101,Luật,C14,16.50,,THPTQG,2018,,daniele15,
TDM,7380101,Luật,D01,16.50,,THPTQG,2018,,daniele15,
TDM,7420203,Sinh học ứng dụng,A00,14.00,,THPTQG,2018,,daniele15,
TDM,7420203,Sinh học ứng dụng,A02,14.00,,THPTQG,2018,,daniele15,
TDM,7420203,Sinh học ứng dụng,B00,14.00,,THPTQG,2018,,daniele15,
TDM,7420203,Sinh học ứng dụng,B05,14.00,,THPTQG,2018,,daniele15,
TDM,7440102,Vật lý học,A00,14.00,,THPTQG,2018,,daniele15,
TDM,7440102,Vật lý học,A01,14.00,,THPTQG,2018,,daniele15,
TDM,7440102,Vật lý học,A17,14.00,,THPTQG,2018,,daniele15,
TDM,7440102,Vật lý học,C01,14.00,,THPTQG,2018,,daniele15,
TDM,7440112,Hoá học,A00,14.00,,THPTQG,2018,,daniele15,
TDM,7440112,Hoá học,A16,14.00,,THPTQG,2018,,daniele15,
TDM,7440112,Hoá học,B00,14.00,,THPTQG,2018,,daniele15,
TDM,7440112,Hoá học,D07,14.00,,THPTQG,2018,,daniele15,
TDM,7440301,Khoa học môi trường,A00,14.00,,THPTQG,2018,,daniele15,
TDM,7440301,Khoa học môi trường,B00,14.00,,THPTQG,2018,,daniele15,
TDM,7440301,Khoa học môi trường,B05,14.00,,THPTQG,2018,,daniele15,
TDM,7440301,Khoa học môi trường,D01,14.00,,THPTQG,2018,,daniele15,
TDM,7460101,Toán học,A00,14.00,,THPTQG,2018,,daniele15,
TDM,7460101,Toán học,A01,14.00,,THPTQG,2018,,daniele15,
TDM,7460101,Toán học,A16,14.00,,THPTQG,2018,,daniele15,
TDM,7460101,Toán học,D07,14.00,,THPTQG,2018,,daniele15,
TDM,7480103,Kỹ thuật phần mềm,A00,14.00,,THPTQG,2018,Kỹ thuật Phần mềm - Công nghệ Thông tin,daniele15,
TDM,7480103,Kỹ thuật phần mềm,A01,14.00,,THPTQG,2018,Kỹ thuật Phần mềm - Công nghệ Thông tin,daniele15,
TDM,7480103,Kỹ thuật phần mềm,C01,14.00,,THPTQG,2018,Kỹ thuật Phần mềm - Công nghệ Thông tin,daniele15,
TDM,7480103,Kỹ thuật phần mềm,D90,14.00,,THPTQG,2018,Kỹ thuật Phần mềm - Công nghệ Thông tin,daniele15,
TDM,7480104,Hệ thống thông tin,A00,14.00,,THPTQG,2018,Công nghệ Thông tin,daniele15,
TDM,7480104,Hệ thống thông tin,A01,14.00,,THPTQG,2018,Công nghệ Thông tin,daniele15,
TDM,7480104,Hệ thống thông tin,C01,14.00,,THPTQG,2018,Công nghệ Thông tin,daniele15,
TDM,7480104,Hệ thống thông tin,D90,14.00,,THPTQG,2018,Công nghệ Thông tin,daniele15,
TDM,7510601,Quản lý công nghiệp,A00,14.00,,THPTQG,2018,,daniele15,
TDM,7510601,Quản lý công nghiệp,A01,14.00,,THPTQG,2018,,daniele15,
TDM,7510601,Quản lý công nghiệp,A16,14.00,,THPTQG,2018,,daniele15,
TDM,7510601,Quản lý công nghiệp,C01,14.00,,THPTQG,2018,,daniele15,
TDM,7520201,Kỹ thuật điện,A00,14.00,,THPTQG,2018,,daniele15,
TDM,7520201,Kỹ thuật điện,A01,14.00,,THPTQG,2018,,daniele15,
TDM,7520201,Kỹ thuật điện,C01,14.00,,THPTQG,2018,,daniele15,
TDM,7520201,Kỹ thuật điện,D90,14.00,,THPTQG,2018,,daniele15,
TDM,7580101,Kiến trúc,A00,14.00,,THPTQG,2018,,daniele15,
TDM,7580101,Kiến trúc,A16,14.00,,THPTQG,2018,,daniele15,
TDM,7580101,Kiến trúc,V00,14.00,,THPTQG,2018,,daniele15,
TDM,7580101,Kiến trúc,V01,14.00,,THPTQG,2018,,daniele15,
TDM,7580105,Quy hoạch vùng và đô thị,A00,14.00,,THPTQG,2018,,daniele15,
TDM,7580105,Quy hoạch vùng và đô thị,A16,14.00,,THPTQG,2018,,daniele15,
TDM,7580105,Quy hoạch vùng và đô thị,V00,14.00,,THPTQG,2018,,daniele15,
TDM,7580105,Quy hoạch vùng và đô thị,V01,14.00,,THPTQG,2018,,daniele15,
TDM,7580201,Kỹ thuật xây dựng,A00,14.00,,THPTQG,2018,,daniele15,
TDM,7580201,Kỹ thuật xây dựng,A01,14.00,,THPTQG,2018,,daniele15,
TDM,7580201,Kỹ thuật xây dựng,C01,14.00,,THPTQG,2018,,daniele15,
TDM,7580201,Kỹ thuật xây dựng,D90,14.00,,THPTQG,2018,,daniele15,
TDM,7760101,Công tác xã hội,C00,15.00,,THPTQG,2018,,daniele15,
TDM,7760101,Công tác xã hội,C14,15.00,,THPTQG,2018,,daniele15,
TDM,7760101,Công tác xã hội,D14,15.00,,THPTQG,2018,,daniele15,
TDM,7760101,Công tác xã hội,D78,15.00,,THPTQG,2018,,daniele15,
TDM,7850101,Quản lý tài nguyên và môi trường,A00,14.00,,THPTQG,2018,,daniele15,
TDM,7850101,Quản lý tài nguyên và môi trường,B00,14.00,,THPTQG,2018,,daniele15,
TDM,7850101,Quản lý tài nguyên và môi trường,B05,14.00,,THPTQG,2018,,daniele15,
TDM,7850101,Quản lý tài nguyên và môi trường,D01,14.00,,THPTQG,2018,,daniele15,
TDM,7850103,Quản lý đất đai,A00,14.00,,THPTQG,2018,,daniele15,
TDM,7850103,Quản lý đất đai,B00,14.00,,THPTQG,2018,,daniele15,
TDM,7850103,Quản lý đất đai,B05,14.00,,THPTQG,2018,,daniele15,
TDM,7850103,Quản lý đất đai,D01,14.00,,THPTQG,2018,,daniele15,
TDV,7140114,Quản lý giáo dục,A00,14.00,,THPTQG,2018,,daniele15,
TDV,7140114,Quản lý giáo dục,A01,14.00,,THPTQG,2018,,daniele15,
TDV,7140114,Quản lý giáo dục,C00,14.00,,THPTQG,2018,,daniele15,
TDV,7140114,Quản lý giáo dục,D01,14.00,,THPTQG,2018,,daniele15,
TDV,7140201,Giáo dục Mầm non,,25.00,,THPTQG,2018,,daniele15,
TDV,7140202,Giáo dục Tiểu học,A00,18.00,,THPTQG,2018,,daniele15,
TDV,7140202,Giáo dục Tiểu học,C00,18.00,,THPTQG,2018,,daniele15,
TDV,7140202,Giáo dục Tiểu học,D01,18.00,,THPTQG,2018,,daniele15,
TDV,7140205,Giáo dục Chính trị,A00,20.00,,THPTQG,2018,,daniele15,
TDV,7140205,Giáo dục Chính trị,C00,20.00,,THPTQG,2018,,daniele15,
TDV,7140205,Giáo dục Chính trị,D01,20.00,,THPTQG,2018,,daniele15,
TDV,7140206,Giáo dục Thể chất,T00,26.50,,THPTQG,2018,,daniele15,
TDV,7140208,Giáo dục Quốc phòng - An ninh,A00,17.00,,THPTQG,2018,,daniele15,
TDV,7140208,Giáo dục Quốc phòng - An ninh,C00,17.00,,THPTQG,2018,,daniele15,
TDV,7140208,Giáo dục Quốc phòng - An ninh,D01,17.00,,THPTQG,2018,,daniele15,
TDV,7140209,Sư phạm Toán học,A00,19.00,,THPTQG,2018,,daniele15,
TDV,7140209,Sư phạm Toán học,A01,19.00,,THPTQG,2018,,daniele15,
TDV,7140209,Sư phạm Toán học,B00,19.00,,THPTQG,2018,,daniele15,
TDV,7140210,Sư phạm Tin học,A00,20.00,,THPTQG,2018,,daniele15,
TDV,7140210,Sư phạm Tin học,A01,20.00,,THPTQG,2018,,daniele15,
TDV,7140210,Sư phạm Tin học,B00,20.00,,THPTQG,2018,,daniele15,
TDV,7140211,Sư phạm Vật lý,A00,20.00,,THPTQG,2018,,daniele15,
TDV,7140211,Sư phạm Vật lý,A01,20.00,,THPTQG,2018,,daniele15,
TDV,7140211,Sư phạm Vật lý,B00,20.00,,THPTQG,2018,,daniele15,
TDV,7140212,Sư phạm Hóa học,A00,17.00,,THPTQG,2018,,daniele15,
TDV,7140212,Sư phạm Hóa học,A01,17.00,,THPTQG,2018,,daniele15,
TDV,7140212,Sư phạm Hóa học,B00,17.00,,THPTQG,2018,,daniele15,
TDV,7140213,Sư phạm Sinh học,A00,20.00,,THPTQG,2018,,daniele15,
TDV,7140213,Sư phạm Sinh học,A01,20.00,,THPTQG,2018,,daniele15,
TDV,7140213,Sư phạm Sinh học,B00,20.00,,THPTQG,2018,,daniele15,
TDV,7140217,Sư phạm Ngữ văn,A00,17.00,,THPTQG,2018,,daniele15,
TDV,7140217,Sư phạm Ngữ văn,C00,17.00,,THPTQG,2018,,daniele15,
TDV,7140217,Sư phạm Ngữ văn,D01,17.00,,THPTQG,2018,,daniele15,
TDV,7140218,Sư phạm Lịch sử,A00,17.00,,THPTQG,2018,,daniele15,
TDV,7140218,Sư phạm Lịch sử,C00,17.00,,THPTQG,2018,,daniele15,
TDV,7140218,Sư phạm Lịch sử,D01,17.00,,THPTQG,2018,,daniele15,
TDV,7140219,Sư phạm Địa lý,A00,17.00,,THPTQG,2018,,daniele15,
TDV,7140219,Sư phạm Địa lý,C00,17.00,,THPTQG,2018,,daniele15,
TDV,7140219,Sư phạm Địa lý,D01,17.00,,THPTQG,2018,,daniele15,
TDV,7140231,Sư phạm Tiếng Anh,D01,24.50,,THPTQG,2018,,daniele15,
TDV,7220201,Ngôn ngữ Anh,D01,18.00,,THPTQG,2018,,daniele15,
TDV,7229042,Quản lý văn hoá,A00,14.00,,THPTQG,2018,,daniele15,
TDV,7229042,Quản lý văn hoá,A01,14.00,,THPTQG,2018,,daniele15,
TDV,7229042,Quản lý văn hoá,C00,14.00,,THPTQG,2018,,daniele15,
TDV,7229042,Quản lý văn hoá,D01,14.00,,THPTQG,2018,,daniele15,
TDV,7310101,Kinh tế,A00,14.00,,THPTQG,2018,,daniele15,
TDV,7310101,Kinh tế,A01,14.00,,THPTQG,2018,,daniele15,
TDV,7310101,Kinh tế,C00,14.00,,THPTQG,2018,,daniele15,
TDV,7310101,Kinh tế,D01,14.00,,THPTQG,2018,,daniele15,
TDV,7310201,Chính trị học,A00,18.00,,THPTQG,2018,,daniele15,
TDV,7310201,Chính trị học,A01,18.00,,THPTQG,2018,,daniele15,
TDV,7310201,Chính trị học,C00,18.00,,THPTQG,2018,,daniele15,
TDV,7310201,Chính trị học,D01,18.00,,THPTQG,2018,,daniele15,
TDV,7310201A,Chính trị học,A00,18.00,,THPTQG,2018,chuyên ngành Chính sách công,daniele15,
TDV,7310201A,Chính trị học,A01,18.00,,THPTQG,2018,chuyên ngành Chính sách công,daniele15,
TDV,7310201A,Chính trị học,C00,18.00,,THPTQG,2018,chuyên ngành Chính sách công,daniele15,
TDV,7310201A,Chính trị học,D01,18.00,,THPTQG,2018,chuyên ngành Chính sách công,daniele15,
TDV,7310205,Quản lý nhà nước,A00,14.00,,THPTQG,2018,,daniele15,
TDV,7310205,Quản lý nhà nước,A01,14.00,,THPTQG,2018,,daniele15,
TDV,7310205,Quản lý nhà nước,C00,14.00,,THPTQG,2018,,daniele15,
TDV,7310205,Quản lý nhà nước,D01,14.00,,THPTQG,2018,,daniele15,
TDV,7310630,Việt Nam học,A00,14.00,,THPTQG,2018,,daniele15,
TDV,7310630,Việt Nam học,A01,14.00,,THPTQG,2018,,daniele15,
TDV,7310630,Việt Nam học,C00,14.00,,THPTQG,2018,,daniele15,
TDV,7310630,Việt Nam học,D01,14.00,,THPTQG,2018,,daniele15,
TDV,7320101,Báo chí,A00,14.00,,THPTQG,2018,,daniele15,
TDV,7320101,Báo chí,A01,14.00,,THPTQG,2018,,daniele15,
TDV,7320101,Báo chí,C00,14.00,,THPTQG,2018,,daniele15,
TDV,7320101,Báo chí,D01,14.00,,THPTQG,2018,,daniele15,
TDV,7340101,Quản trị kinh doanh,A00,14.00,,THPTQG,2018,,daniele15,
TDV,7340101,Quản trị kinh doanh,A01,14.00,,THPTQG,2018,,daniele15,
TDV,7340101,Quản trị kinh doanh,D01,14.00,,THPTQG,2018,,daniele15,
TDV,7340201,Tài chính - Ngân hàng,A00,14.00,,THPTQG,2018,,daniele15,
TDV,7340201,Tài chính - Ngân hàng,A01,14.00,,THPTQG,2018,,daniele15,
TDV,7340201,Tài chính - Ngân hàng,D01,14.00,,THPTQG,2018,,daniele15,
TDV,7340301,Kế toán,A00,14.00,,THPTQG,2018,,daniele15,
TDV,7340301,Kế toán,A01,14.00,,THPTQG,2018,,daniele15,
TDV,7340301,Kế toán,D01,14.00,,THPTQG,2018,,daniele15,
TDV,7380101,Luật,A00,14.00,,THPTQG,2018,,daniele15,
TDV,7380101,Luật,A01,14.00,,THPTQG,2018,,daniele15,
TDV,7380101,Luật,C00,14.00,,THPTQG,2018,,daniele15,
TDV,7380101,Luật,D01,14.00,,THPTQG,2018,,daniele15,
TDV,7380107,Luật,A00,14.00,,THPTQG,2018,Luật kinh tế,daniele15,
TDV,7380107,Luật,A01,14.00,,THPTQG,2018,Luật kinh tế,daniele15,
TDV,7380107,Luật,C00,14.00,,THPTQG,2018,Luật kinh tế,daniele15,
TDV,7380107,Luật,D01,14.00,,THPTQG,2018,Luật kinh tế,daniele15,
TDV,7420201,Công nghệ sinh học,A00,14.00,,THPTQG,2018,,daniele15,
TDV,7420201,Công nghệ sinh học,B00,14.00,,THPTQG,2018,,daniele15,
TDV,7420201,Công nghệ sinh học,D01,14.00,,THPTQG,2018,,daniele15,
TDV,7440301,Khoa học môi trường,A00,13.50,,THPTQG,2018,,daniele15,
TDV,7440301,Khoa học môi trường,B00,13.50,,THPTQG,2018,,daniele15,
TDV,7440301,Khoa học môi trường,D01,13.50,,THPTQG,2018,,daniele15,
TDV,7480201,Công nghệ thông tin,A00,14.00,,THPTQG,2018,,daniele15,
TDV,7480201,Công nghệ thông tin,A01,14.00,,THPTQG,2018,,daniele15,
TDV,7480201,Công nghệ thông tin,B00,14.00,,THPTQG,2018,,daniele15,
TDV,7480201,Công nghệ thông tin,D01,14.00,,THPTQG,2018,,daniele15,
TDV,7510205,Công nghệ kỹ thuật ô tô,A00,14.00,,THPTQG,2018,,daniele15,
TDV,7510205,Công nghệ kỹ thuật ô tô,A01,14.00,,THPTQG,2018,,daniele15,
TDV,7510205,Công nghệ kỹ thuật ô tô,B00,14.00,,THPTQG,2018,,daniele15,
TDV,7510205,Công nghệ kỹ thuật ô tô,D01,14.00,,THPTQG,2018,,daniele15,
TDV,7510206,Công nghệ Kỹ thuật Nhiệt (Cơ điện lạnh),A00,14.00,,THPTQG,2018,,daniele15,
TDV,7510206,Công nghệ Kỹ thuật Nhiệt (Cơ điện lạnh),A01,14.00,,THPTQG,2018,,daniele15,
TDV,7510206,Công nghệ Kỹ thuật Nhiệt (Cơ điện lạnh),B00,14.00,,THPTQG,2018,,daniele15,
TDV,7510206,Công nghệ Kỹ thuật Nhiệt (Cơ điện lạnh),D01,14.00,,THPTQG,2018,,daniele15,
TDV,7510301,"Công nghệ kỹ thuật điện, điện tử",A00,14.00,,THPTQG,2018,,daniele15,
TDV,7510301,"Công nghệ kỹ thuật điện, điện tử",A01,14.00,,THPTQG,2018,,daniele15,
TDV,7510301,"Công nghệ kỹ thuật điện, điện tử",B00,14.00,,THPTQG,2018,,daniele15,
TDV,7510301,"Công nghệ kỹ thuật điện, điện tử",D01,14.00,,THPTQG,2018,,daniele15,
TDV,7510302,Công nghệ kỹ thuật điện tử - viễn thông,A00,14.00,,THPTQG,2018,,daniele15,
TDV,7510302,Công nghệ kỹ thuật điện tử - viễn thông,A01,14.00,,THPTQG,2018,,daniele15,
TDV,7510302,Công nghệ kỹ thuật điện tử - viễn thông,B00,14.00,,THPTQG,2018,,daniele15,
TDV,7510302,Công nghệ kỹ thuật điện tử - viễn thông,D01,14.00,,THPTQG,2018,,daniele15,
TDV,7510401,Công nghệ kỹ thuật hoá học,A00,14.00,,THPTQG,2018,,daniele15,
TDV,7510401,Công nghệ kỹ thuật hoá học,A01,14.00,,THPTQG,2018,,daniele15,
TDV,7510401,Công nghệ kỹ thuật hoá học,B00,14.00,,THPTQG,2018,,daniele15,
TDV,7510401,Công nghệ kỹ thuật hoá học,D01,14.00,,THPTQG,2018,,daniele15,
TDV,7520216,Kỹ thuật điều khiển và tự động hoá,A00,14.00,,THPTQG,2018,,daniele15,
TDV,7520216,Kỹ thuật điều khiển và tự động hoá,A01,14.00,,THPTQG,2018,,daniele15,
TDV,7520216,Kỹ thuật điều khiển và tự động hoá,B00,14.00,,THPTQG,2018,,daniele15,
TDV,7520216,Kỹ thuật điều khiển và tự động hoá,D01,14.00,,THPTQG,2018,,daniele15,
TDV,7540101,Công nghệ thực phẩm,A00,14.00,,THPTQG,2018,,daniele15,
TDV,7540101,Công nghệ thực phẩm,A01,14.00,,THPTQG,2018,,daniele15,
TDV,7540101,Công nghệ thực phẩm,B00,14.00,,THPTQG,2018,,daniele15,
TDV,7540101,Công nghệ thực phẩm,D01,14.00,,THPTQG,2018,,daniele15,
TDV,7580201,Kỹ thuật xây dựng,A00,14.00,,THPTQG,2018,,daniele15,
TDV,7580201,Kỹ thuật xây dựng,A01,14.00,,THPTQG,2018,,daniele15,
TDV,7580201,Kỹ thuật xây dựng,B00,14.00,,THPTQG,2018,,daniele15,
TDV,7580201,Kỹ thuật xây dựng,D01,14.00,,THPTQG,2018,,daniele15,
TDV,7580202,Kỹ thuật xây dựng,A00,18.00,,THPTQG,2018,Kỹ thuật xây dựng công trình thuỷ,daniele15,
TDV,7580202,Kỹ thuật xây dựng,A01,18.00,,THPTQG,2018,Kỹ thuật xây dựng công trình thuỷ,daniele15,
TDV,7580202,Kỹ thuật xây dựng,B00,18.00,,THPTQG,2018,Kỹ thuật xây dựng công trình thuỷ,daniele15,
TDV,7580202,Kỹ thuật xây dựng,D01,18.00,,THPTQG,2018,Kỹ thuật xây dựng công trình thuỷ,daniele15,
TDV,7580205,Kỹ thuật xây dựng,A00,14.00,,THPTQG,2018,Kỹ thuật xây dựng công trình giao thông,daniele15,
TDV,7580205,Kỹ thuật xây dựng,A01,14.00,,THPTQG,2018,Kỹ thuật xây dựng công trình giao thông,daniele15,
TDV,7580205,Kỹ thuật xây dựng,B00,14.00,,THPTQG,2018,Kỹ thuật xây dựng công trình giao thông,daniele15,
TDV,7580205,Kỹ thuật xây dựng,D01,14.00,,THPTQG,2018,Kỹ thuật xây dựng công trình giao thông,daniele15,
TDV,7580301,Kinh tế,A00,14.00,,THPTQG,2018,Kinh tế xây dựng,daniele15,
TDV,7580301,Kinh tế,A01,14.00,,THPTQG,2018,Kinh tế xây dựng,daniele15,
TDV,7580301,Kinh tế,B00,14.00,,THPTQG,2018,Kinh tế xây dựng,daniele15,
TDV,7580301,Kinh tế,D01,14.00,,THPTQG,2018,Kinh tế xây dựng,daniele15,
TDV,7620102,Khuyến nông,A00,13.50,,THPTQG,2018,,daniele15,
TDV,7620102,Khuyến nông,B00,13.50,,THPTQG,2018,,daniele15,
TDV,7620102,Khuyến nông,D01,13.50,,THPTQG,2018,,daniele15,
TDV,7620105,Chăn nuôi,A00,13.50,,THPTQG,2018,,daniele15,
TDV,7620105,Chăn nuôi,B00,13.50,,THPTQG,2018,,daniele15,
TDV,7620105,Chăn nuôi,D01,13.50,,THPTQG,2018,,daniele15,
TDV,7620109,Nông học,A00,13.50,,THPTQG,2018,,daniele15,
TDV,7620109,Nông học,B00,13.50,,THPTQG,2018,,daniele15,
TDV,7620109,Nông học,D01,13.50,,THPTQG,2018,,daniele15,
TDV,7620115,Kinh tế,A00,14.00,,THPTQG,2018,Kinh tế nông nghiệp,daniele15,
TDV,7620115,Kinh tế,A01,14.00,,THPTQG,2018,Kinh tế nông nghiệp,daniele15,
TDV,7620115,Kinh tế,D01,14.00,,THPTQG,2018,Kinh tế nông nghiệp,daniele15,
TDV,7620301,Nuôi trồng thuỷ sản,A00,13.50,,THPTQG,2018,,daniele15,
TDV,7620301,Nuôi trồng thuỷ sản,B00,13.50,,THPTQG,2018,,daniele15,
TDV,7620301,Nuôi trồng thuỷ sản,D01,13.50,,THPTQG,2018,,daniele15,
TDV,7720301,Điều dưỡng,A00,14.00,,THPTQG,2018,,daniele15,
TDV,7720301,Điều dưỡng,B00,14.00,,THPTQG,2018,,daniele15,
TDV,7720301,Điều dưỡng,D07,14.00,,THPTQG,2018,,daniele15,
TDV,7760101,Công tác xã hội,A00,14.00,,THPTQG,2018,,daniele15,
TDV,7760101,Công tác xã hội,A01,14.00,,THPTQG,2018,,daniele15,
TDV,7760101,Công tác xã hội,C00,14.00,,THPTQG,2018,,daniele15,
TDV,7760101,Công tác xã hội,D01,14.00,,THPTQG,2018,,daniele15,
TDV,7850101,Quản lý tài nguyên và môi trường,A00,13.50,,THPTQG,2018,,daniele15,
TDV,7850101,Quản lý tài nguyên và môi trường,B00,13.50,,THPTQG,2018,,daniele15,
TDV,7850101,Quản lý tài nguyên và môi trường,D01,13.50,,THPTQG,2018,,daniele15,
TDV,7850103,Quản lý đất đai,A00,13.50,,THPTQG,2018,,daniele15,
TDV,7850103,Quản lý đất đai,B00,13.50,,THPTQG,2018,,daniele15,
TDV,7850103,Quản lý đất đai,D01,13.50,,THPTQG,2018,,daniele15,
TGH,7860206,Chỉ huy tham mưu Tăng - Thiết giáp,A00,19.65,,THPTQG,2018,"Thí sinh Nam miền NamThí sinh mức 19,65 điểm:  Tiêu chí phụ 1: Điểm môn Toán  ≥ 6,40.  Tiêu chí phụ 2: Điểm môn Lý  ≥ 6,75.",daniele15,
TGH,7860206,Chỉ huy tham mưu Tăng - Thiết giáp,A01,19.65,,THPTQG,2018,"Thí sinh Nam miền NamThí sinh mức 19,65 điểm:  Tiêu chí phụ 1: Điểm môn Toán  ≥ 6,40.  Tiêu chí phụ 2: Điểm môn Lý  ≥ 6,75.",daniele15,
TGH,7860206,Chỉ huy tham mưu Tăng - Thiết giáp,A00,19.35,,THPTQG,2018,"Thí sinh Nam miền BắcThí sinh mức 19,35 điểm: Tiêu chí phụ 1: Điểm môn Toán  ≥ 6,60.  Tiêu chí phụ 2: Điểm môn Lý  ≥ 6,00.",daniele15,
TGH,7860206,Chỉ huy tham mưu Tăng - Thiết giáp,A01,19.35,,THPTQG,2018,"Thí sinh Nam miền BắcThí sinh mức 19,35 điểm: Tiêu chí phụ 1: Điểm môn Toán  ≥ 6,60.  Tiêu chí phụ 2: Điểm môn Lý  ≥ 6,00.",daniele15,
TKG,7140209,Sư phạm Toán học,A00,20.00,,HocBa,2018,Học bạ (Học lực cả năm lớp 12 đạt loại giỏi trở lên),daniele15,
TKG,7140209,Sư phạm Toán học,A01,20.00,,HocBa,2018,Học bạ (Học lực cả năm lớp 12 đạt loại giỏi trở lên),daniele15,
TKG,7140209,Sư phạm Toán học,D01,20.00,,HocBa,2018,Học bạ (Học lực cả năm lớp 12 đạt loại giỏi trở lên),daniele15,
TKG,7140209,Sư phạm Toán học,D07,20.00,,HocBa,2018,Học bạ (Học lực cả năm lớp 12 đạt loại giỏi trở lên),daniele15,
TKG,7220201,Ngôn ngữ Anh,D01,19.00,,HocBa,2018,Học bạ,daniele15,
TKG,7220201,Ngôn ngữ Anh,D14,19.00,,HocBa,2018,Học bạ,daniele15,
TKG,7220201,Ngôn ngữ Anh,D15,19.00,,HocBa,2018,Học bạ,daniele15,
TKG,7340301,Kế toán,A00,20.00,,HocBa,2018,Học bạ,daniele15,
TKG,7340301,Kế toán,A01,20.00,,HocBa,2018,Học bạ,daniele15,
TKG,7340301,Kế toán,D01,20.00,,HocBa,2018,Học bạ,daniele15,
TKG,7340301,Kế toán,D07,20.00,,HocBa,2018,Học bạ,daniele15,
TKG,7420201,Công nghệ sinh học,A00,15.00,,HocBa,2018,Học bạ,daniele15,
TKG,7420201,Công nghệ sinh học,A01,15.00,,HocBa,2018,Học bạ,daniele15,
TKG,7420201,Công nghệ sinh học,B00,15.00,,HocBa,2018,Học bạ,daniele15,
TKG,7420201,Công nghệ sinh học,D07,15.00,,HocBa,2018,Học bạ,daniele15,
TKG,7480201,Công nghệ thông tin,A00,21.00,,HocBa,2018,Học bạ,daniele15,
TKG,7480201,Công nghệ thông tin,A01,21.00,,HocBa,2018,Học bạ,daniele15,
TKG,7480201,Công nghệ thông tin,D01,21.00,,HocBa,2018,Học bạ,daniele15,
TKG,7480201,Công nghệ thông tin,D07,21.00,,HocBa,2018,Học bạ,daniele15,
TKG,7510103,Công nghệ kỹ thuật xây dựng,A00,16.00,,HocBa,2018,Học bạ,daniele15,
TKG,7510103,Công nghệ kỹ thuật xây dựng,A01,16.00,,HocBa,2018,Học bạ,daniele15,
TKG,7510103,Công nghệ kỹ thuật xây dựng,D07,16.00,,HocBa,2018,Học bạ,daniele15,
TKG,7510406,Công nghệ kỹ thuật môi trường,A00,15.00,,HocBa,2018,Học bạ,daniele15,
TKG,7510406,Công nghệ kỹ thuật môi trường,A01,15.00,,HocBa,2018,Học bạ,daniele15,
TKG,7510406,Công nghệ kỹ thuật môi trường,B00,15.00,,HocBa,2018,Học bạ,daniele15,
TKG,7510406,Công nghệ kỹ thuật môi trường,D07,15.00,,HocBa,2018,Học bạ,daniele15,
TKG,7540101,Công nghệ thực phẩm,A00,16.00,,HocBa,2018,Học bạ,daniele15,
TKG,7540101,Công nghệ thực phẩm,A01,16.00,,HocBa,2018,Học bạ,daniele15,
TKG,7540101,Công nghệ thực phẩm,B00,16.00,,HocBa,2018,Học bạ,daniele15,
TKG,7540101,Công nghệ thực phẩm,D07,16.00,,HocBa,2018,Học bạ,daniele15,
TKG,7620110,Khoa học cây trồng,A00,15.00,,HocBa,2018,Học bạ,daniele15,
TKG,7620110,Khoa học cây trồng,A01,15.00,,HocBa,2018,Học bạ,daniele15,
TKG,7620110,Khoa học cây trồng,B00,15.00,,HocBa,2018,Học bạ,daniele15,
TKG,7620110,Khoa học cây trồng,D07,15.00,,HocBa,2018,Học bạ,daniele15,
TKG,7620301,Nuôi trồng thuỷ sản,A00,15.00,,HocBa,2018,Học bạ,daniele15,
TKG,7620301,Nuôi trồng thuỷ sản,A01,15.00,,HocBa,2018,Học bạ,daniele15,
TKG,7620301,Nuôi trồng thuỷ sản,B00,15.00,,HocBa,2018,Học bạ,daniele15,
TKG,7620301,Nuôi trồng thuỷ sản,D07,15.00,,HocBa,2018,Học bạ,daniele15,
TMA,TM01,Quản trị kinh doanh,A00,20.75,,THPTQG,2018,DS>=17,daniele15,
TMA,TM01,Quản trị kinh doanh,A01,20.75,,THPTQG,2018,DS>=17,daniele15,
TMA,TM01,Quản trị kinh doanh,D01,20.75,,THPTQG,2018,DS>=17,daniele15,
TMA,TM04,Marketing,A00,21.55,,THPTQG,2018,Marketing thương mạiDS>=17; Tiêu chí phụ: TO; LI#TO; N1#TO; N1: 6.0000; 7.8000; 99,daniele15,
TMA,TM04,Marketing,A01,21.55,,THPTQG,2018,Marketing thương mạiDS>=17; Tiêu chí phụ: TO; LI#TO; N1#TO; N1: 6.0000; 7.8000; 99,daniele15,
TMA,TM04,Marketing,D01,21.55,,THPTQG,2018,Marketing thương mạiDS>=17; Tiêu chí phụ: TO; LI#TO; N1#TO; N1: 6.0000; 7.8000; 99,daniele15,
TMA,TM05,Marketing,A00,20.75,,THPTQG,2018,Quản trị thương hiệuDS>=17; Tiêu chí phụ: TO; LI#TO; N1#TO; N1: 7.4000; 6.6000; 96,daniele15,
TMA,TM05,Marketing,A01,20.75,,THPTQG,2018,Quản trị thương hiệuDS>=17; Tiêu chí phụ: TO; LI#TO; N1#TO; N1: 7.4000; 6.6000; 96,daniele15,
TMA,TM05,Marketing,D01,20.75,,THPTQG,2018,Quản trị thương hiệuDS>=17; Tiêu chí phụ: TO; LI#TO; N1#TO; N1: 7.4000; 6.6000; 96,daniele15,
TMA,TM07,Kế toán,A00,20.90,,THPTQG,2018,Kế toán doanh nghiệpDS>=17; Tiêu chí phụ: TO; LI#TO; N1#TO; N1: 6.2000; 7.2000; 96,daniele15,
TMA,TM07,Kế toán,A01,20.90,,THPTQG,2018,Kế toán doanh nghiệpDS>=17; Tiêu chí phụ: TO; LI#TO; N1#TO; N1: 6.2000; 7.2000; 96,daniele15,
TMA,TM07,Kế toán,D01,20.90,,THPTQG,2018,Kế toán doanh nghiệpDS>=17; Tiêu chí phụ: TO; LI#TO; N1#TO; N1: 6.2000; 7.2000; 96,daniele15,
TMA,TM08,Kế toán,A01,19.50,,THPTQG,2018,Kế toán doanh nghiệp-Chất lượng caoDS>=17; N1>=6,daniele15,
TMA,TM08,Kế toán,D01,19.50,,THPTQG,2018,Kế toán doanh nghiệp-Chất lượng caoDS>=17; N1>=6,daniele15,
TMA,TM08,Kế toán,D07,19.50,,THPTQG,2018,Kế toán doanh nghiệp-Chất lượng caoDS>=17; N1>=6,daniele15,
TMA,TM09,Kế toán,A00,19.50,,THPTQG,2018,Kế toán côngDS>=17,daniele15,
TMA,TM09,Kế toán,A01,19.50,,THPTQG,2018,Kế toán côngDS>=17,daniele15,
TMA,TM09,Kế toán,D01,19.50,,THPTQG,2018,Kế toán côngDS>=17,daniele15,
TMA,TM11,Kinh doanh quốc tế,A00,21.20,,THPTQG,2018,Thương mại quốc tếDS>=17; Tiêu chí phụ: TO; LI#TO; N1#TO; N1: 7.2000; 6.5000; 98,daniele15,
TMA,TM11,Kinh doanh quốc tế,A01,21.20,,THPTQG,2018,Thương mại quốc tếDS>=17; Tiêu chí phụ: TO; LI#TO; N1#TO; N1: 7.2000; 6.5000; 98,daniele15,
TMA,TM11,Kinh doanh quốc tế,D01,21.20,,THPTQG,2018,Thương mại quốc tếDS>=17; Tiêu chí phụ: TO; LI#TO; N1#TO; N1: 7.2000; 6.5000; 98,daniele15,
TMA,TM12,Kinh tế,A00,21.25,,THPTQG,2018,Kinh tế quốc tếDS>=17; Tiêu chí phụ: TO; LI#TO; N1#TO; N1: 6.0000; 6.0000; 98,daniele15,
TMA,TM12,Kinh tế,A01,21.25,,THPTQG,2018,Kinh tế quốc tếDS>=17; Tiêu chí phụ: TO; LI#TO; N1#TO; N1: 6.0000; 6.0000; 98,daniele15,
TMA,TM12,Kinh tế,D01,21.25,,THPTQG,2018,Kinh tế quốc tếDS>=17; Tiêu chí phụ: TO; LI#TO; N1#TO; N1: 6.0000; 6.0000; 98,daniele15,
TMA,TM13,Kinh tế,A00,20.30,,THPTQG,2018,Quản lý kinh tếDS>=17; Tiêu chí phụ: TO; LI#TO; N1#TO; N1: 5.8000; 6.0000; 92,daniele15,
TMA,TM13,Kinh tế,A01,20.30,,THPTQG,2018,Quản lý kinh tếDS>=17; Tiêu chí phụ: TO; LI#TO; N1#TO; N1: 5.8000; 6.0000; 92,daniele15,
TMA,TM13,Kinh tế,D01,20.30,,THPTQG,2018,Quản lý kinh tếDS>=17; Tiêu chí phụ: TO; LI#TO; N1#TO; N1: 5.8000; 6.0000; 92,daniele15,
TMA,TM14,Tài chính - Ngân hàng,A00,20.00,,THPTQG,2018,Tài chính – Ngân hàng thương mạiDS>=17,daniele15,
TMA,TM14,Tài chính - Ngân hàng,A01,20.00,,THPTQG,2018,Tài chính – Ngân hàng thương mạiDS>=17,daniele15,
TMA,TM14,Tài chính - Ngân hàng,D01,20.00,,THPTQG,2018,Tài chính – Ngân hàng thương mạiDS>=17,daniele15,
TMA,TM15,Tài chính - Ngân hàng,A01,19.50,,THPTQG,2018,Tài chính-ngân hàng thương mại -Chất lượng caoDS>=17; N1>=6,daniele15,
TMA,TM15,Tài chính - Ngân hàng,D01,19.50,,THPTQG,2018,Tài chính-ngân hàng thương mại -Chất lượng caoDS>=17; N1>=6,daniele15,
TMA,TM15,Tài chính - Ngân hàng,D07,19.50,,THPTQG,2018,Tài chính-ngân hàng thương mại -Chất lượng caoDS>=17; N1>=6,daniele15,
TMA,TM16,Tài chính - Ngân hàng,A00,19.50,,THPTQG,2018,Tài chính côngDS>=17,daniele15,
TMA,TM16,Tài chính - Ngân hàng,A01,19.50,,THPTQG,2018,Tài chính côngDS>=17,daniele15,
TMA,TM16,Tài chính - Ngân hàng,D01,19.50,,THPTQG,2018,Tài chính côngDS>=17,daniele15,
TMA,TM17,Thương mại điện tử,A00,20.70,,THPTQG,2018,Quản trị Thương mại điện tửDS>=17; Tiêu chí phụ: TO; LI#TO; N1#TO; N1: 7.2000; 6.5000; 98,daniele15,
TMA,TM17,Thương mại điện tử,A01,20.70,,THPTQG,2018,Quản trị Thương mại điện tửDS>=17; Tiêu chí phụ: TO; LI#TO; N1#TO; N1: 7.2000; 6.5000; 98,daniele15,
TMA,TM17,Thương mại điện tử,D01,20.70,,THPTQG,2018,Quản trị Thương mại điện tửDS>=17; Tiêu chí phụ: TO; LI#TO; N1#TO; N1: 7.2000; 6.5000; 98,daniele15,
TMA,TM18,Ngôn ngữ Anh,D01,21.05,,THPTQG,2018,"Tiếng Anh Thương mạiDS>=17; N1>=6; Tiêu chí phụ: N1, TO: 7.6000; 5.2000; 96",daniele15,
TMA,TM19,Luật,A00,19.95,,THPTQG,2018,Luật kinh tếDS>=17; Tiêu chí phụ: TO; LI#TO; N1#TO; N1: 7.2000; 6.2500; 98,daniele15,
TMA,TM19,Luật,A01,19.95,,THPTQG,2018,Luật kinh tếDS>=17; Tiêu chí phụ: TO; LI#TO; N1#TO; N1: 7.2000; 6.2500; 98,daniele15,
TMA,TM19,Luật,D01,19.95,,THPTQG,2018,Luật kinh tếDS>=17; Tiêu chí phụ: TO; LI#TO; N1#TO; N1: 7.2000; 6.2500; 98,daniele15,
TMA,TM20,Quản trị kinh doanh,A00,19.50,,THPTQG,2018,Tiếng Pháp thương mạiDS>=17,daniele15,
TMA,TM20,Quản trị kinh doanh,A01,19.50,,THPTQG,2018,Tiếng Pháp thương mạiDS>=17,daniele15,
TMA,TM20,Quản trị kinh doanh,D03,19.50,,THPTQG,2018,Tiếng Pháp thương mạiDS>=17,daniele15,
TMA,TM21,Quản trị kinh doanh,A00,20.00,,THPTQG,2018,Tiếng Trung thương mạiDS>=17,daniele15,
TMA,TM21,Quản trị kinh doanh,A01,20.00,,THPTQG,2018,Tiếng Trung thương mạiDS>=17,daniele15,
TMA,TM21,Quản trị kinh doanh,D04,20.00,,THPTQG,2018,Tiếng Trung thương mạiDS>=17,daniele15,
TMA,TM22,Hệ thống thông tin quản lý,A00,19.75,,THPTQG,2018,Quản trị hệ thống thông tin kinh tếDS>=17,daniele15,
TMA,TM22,Hệ thống thông tin quản lý,A01,19.75,,THPTQG,2018,Quản trị hệ thống thông tin kinh tếDS>=17,daniele15,
TMA,TM22,Hệ thống thông tin quản lý,D01,19.75,,THPTQG,2018,Quản trị hệ thống thông tin kinh tếDS>=17,daniele15,
TMA,TM23,Quản trị nhân lực,A00,20.40,,THPTQG,2018,Quản trị nhân lực doanh nghiệpDS>=17; Tiêu chí phụ: TO; LI#TO; N1#TO; N1: 6.4000; 6.0000; 95,daniele15,
TMA,TM23,Quản trị nhân lực,A01,20.40,,THPTQG,2018,Quản trị nhân lực doanh nghiệpDS>=17; Tiêu chí phụ: TO; LI#TO; N1#TO; N1: 6.4000; 6.0000; 95,daniele15,
TMA,TM23,Quản trị nhân lực,D01,20.40,,THPTQG,2018,Quản trị nhân lực doanh nghiệpDS>=17; Tiêu chí phụ: TO; LI#TO; N1#TO; N1: 6.4000; 6.0000; 95,daniele15,
TMA,TM25,Quản trị dịch vụ du lịch và lữ hành,A00,21.00,,THPTQG,2018,DS>=17; Tiêu chí phụ: TO; LI#TO; N1#TO; N1: 6.6000; 6.4000; 98,daniele15,
TMA,TM25,Quản trị dịch vụ du lịch và lữ hành,A01,21.00,,THPTQG,2018,DS>=17; Tiêu chí phụ: TO; LI#TO; N1#TO; N1: 6.6000; 6.4000; 98,daniele15,
TMA,TM25,Quản trị dịch vụ du lịch và lữ hành,D01,21.00,,THPTQG,2018,DS>=17; Tiêu chí phụ: TO; LI#TO; N1#TO; N1: 6.6000; 6.4000; 98,daniele15,
TMA,TM31,Quản trị khách sạn,A00,21.00,,THPTQG,2018,DS>=17; Tiêu chí phụ: TO; LI#TO; N1#TO; N1: 7.0000; 6.5000; 97,daniele15,
TMA,TM31,Quản trị khách sạn,A01,21.00,,THPTQG,2018,DS>=17; Tiêu chí phụ: TO; LI#TO; N1#TO; N1: 7.0000; 6.5000; 97,daniele15,
TMA,TM31,Quản trị khách sạn,D01,21.00,,THPTQG,2018,DS>=17; Tiêu chí phụ: TO; LI#TO; N1#TO; N1: 7.0000; 6.5000; 97,daniele15,
TNU,7140201,Giáo dục Mầm non,,20.20,,THPTQG,2018,,daniele15,
TNU,7140202,Giáo dục Tiểu học,A00,20.00,,THPTQG,2018,,daniele15,
TNU,7140202,Giáo dục Tiểu học,C00,20.00,,THPTQG,2018,,daniele15,
TNU,7140202,Giáo dục Tiểu học,C03,20.00,,THPTQG,2018,,daniele15,
TNU,7140202JR,Giáo dục Tiểu học,A00,17.00,,THPTQG,2018,Tiếng J'rai,daniele15,
TNU,7140202JR,Giáo dục Tiểu học,C00,17.00,,THPTQG,2018,Tiếng J'rai,daniele15,
TNU,7140202JR,Giáo dục Tiểu học,D01,17.00,,THPTQG,2018,Tiếng J'rai,daniele15,
TNU,7140205,Giáo dục Chính trị,C00,19.00,,THPTQG,2018,,daniele15,
TNU,7140205,Giáo dục Chính trị,C19,19.00,,THPTQG,2018,,daniele15,
TNU,7140205,Giáo dục Chính trị,D01,19.00,,THPTQG,2018,,daniele15,
TNU,7140205,Giáo dục Chính trị,D66,19.00,,THPTQG,2018,,daniele15,
TNU,7140206,Giáo dục Thể chất,T00,17.00,,THPTQG,2018,,daniele15,
TNU,7140206,Giáo dục Thể chất,T02,17.00,,THPTQG,2018,,daniele15,
TNU,7140206,Giáo dục Thể chất,T03,17.00,,THPTQG,2018,,daniele15,
TNU,7140206,Giáo dục Thể chất,T07,17.00,,THPTQG,2018,,daniele15,
TNU,7140209,Sư phạm Toán học,A00,17.00,,THPTQG,2018,,daniele15,
TNU,7140209,Sư phạm Toán học,A01,17.00,,THPTQG,2018,,daniele15,
TNU,7140209,Sư phạm Toán học,A02,17.00,,THPTQG,2018,,daniele15,
TNU,7140211,Sư phạm Vật lý,A00,17.00,,THPTQG,2018,,daniele15,
TNU,7140211,Sư phạm Vật lý,A01,17.00,,THPTQG,2018,,daniele15,
TNU,7140211,Sư phạm Vật lý,A02,17.00,,THPTQG,2018,,daniele15,
TNU,7140212,Sư phạm Hóa học,A00,17.00,,THPTQG,2018,,daniele15,
TNU,7140212,Sư phạm Hóa học,B00,17.00,,THPTQG,2018,,daniele15,
TNU,7140212,Sư phạm Hóa học,D07,17.00,,THPTQG,2018,,daniele15,
TNU,7140213,Sư phạm Sinh học,A02,17.00,,THPTQG,2018,,daniele15,
TNU,7140213,Sư phạm Sinh học,B00,17.00,,THPTQG,2018,,daniele15,
TNU,7140213,Sư phạm Sinh học,D08,17.00,,THPTQG,2018,,daniele15,
TNU,7140217,Sư phạm Ngữ văn,C00,18.50,,THPTQG,2018,,daniele15,
TNU,7140217,Sư phạm Ngữ văn,C19,18.50,,THPTQG,2018,,daniele15,
TNU,7140217,Sư phạm Ngữ văn,C20,18.50,,THPTQG,2018,,daniele15,
TNU,7140231,Sư phạm Tiếng Anh,D01,17.00,,THPTQG,2018,,daniele15,
TNU,7220201,Ngôn ngữ Anh,D01,16.00,,THPTQG,2018,,daniele15,
TNU,7220201,Ngôn ngữ Anh,D14,16.00,,THPTQG,2018,,daniele15,
TNU,7220201,Ngôn ngữ Anh,D15,16.00,,THPTQG,2018,,daniele15,
TNU,7229001,Triết học,C00,13.00,,THPTQG,2018,,daniele15,
TNU,7229001,Triết học,C19,13.00,,THPTQG,2018,,daniele15,
TNU,7229001,Triết học,C20,13.00,,THPTQG,2018,,daniele15,
TNU,7229001,Triết học,D01,13.00,,THPTQG,2018,,daniele15,
TNU,7229030,Văn học,C00,13.00,,THPTQG,2018,,daniele15,
TNU,7229030,Văn học,C19,13.00,,THPTQG,2018,,daniele15,
TNU,7229030,Văn học,C20,13.00,,THPTQG,2018,,daniele15,
TNU,7310101,Kinh tế,A00,13.00,,THPTQG,2018,,daniele15,
TNU,7310101,Kinh tế,A01,13.00,,THPTQG,2018,,daniele15,
TNU,7310101,Kinh tế,D01,13.00,,THPTQG,2018,,daniele15,
TNU,7340101,Quản trị kinh doanh,A00,15.00,,THPTQG,2018,,daniele15,
TNU,7340101,Quản trị kinh doanh,A01,15.00,,THPTQG,2018,,daniele15,
TNU,7340101,Quản trị kinh doanh,D01,15.00,,THPTQG,2018,,daniele15,
TNU,7340101LT,Quản trị kinh doanh,A00,13.00,,THPTQG,2018,Liên thông,daniele15,
TNU,7340101LT,Quản trị kinh doanh,A01,13.00,,THPTQG,2018,Liên thông,daniele15,
TNU,7340101LT,Quản trị kinh doanh,D01,13.00,,THPTQG,2018,Liên thông,daniele15,
TNU,7340121,Kinh doanh thương mại,A00,13.00,,THPTQG,2018,,daniele15,
TNU,7340121,Kinh doanh thương mại,A01,13.00,,THPTQG,2018,,daniele15,
TNU,7340121,Kinh doanh thương mại,D01,13.00,,THPTQG,2018,,daniele15,
TNU,7340201,Tài chính - Ngân hàng,A00,13.00,,THPTQG,2018,,daniele15,
TNU,7340201,Tài chính - Ngân hàng,A01,13.00,,THPTQG,2018,,daniele15,
TNU,7340201,Tài chính - Ngân hàng,D01,13.00,,THPTQG,2018,,daniele15,
TNU,7340201LT,Tài chính - Ngân hàng,A00,13.00,,THPTQG,2018,Liên thông,daniele15,
TNU,7340201LT,Tài chính - Ngân hàng,A01,13.00,,THPTQG,2018,Liên thông,daniele15,
TNU,7340201LT,Tài chính - Ngân hàng,D01,13.00,,THPTQG,2018,Liên thông,daniele15,
TNU,7340301,Kế toán,A00,14.50,,THPTQG,2018,,daniele15,
TNU,7340301,Kế toán,A01,14.50,,THPTQG,2018,,daniele15,
TNU,7340301,Kế toán,D01,14.50,,THPTQG,2018,,daniele15,
TNU,7340301LT,Kế toán,A00,13.00,,THPTQG,2018,Liên thông,daniele15,
TNU,7340301LT,Kế toán,A01,13.00,,THPTQG,2018,Liên thông,daniele15,
TNU,7340301LT,Kế toán,D01,13.00,,THPTQG,2018,Liên thông,daniele15,
TNU,7420101,Sinh học,A02,13.00,,THPTQG,2018,,daniele15,
TNU,7420101,Sinh học,B00,13.00,,THPTQG,2018,,daniele15,
TNU,7420101,Sinh học,D08,13.00,,THPTQG,2018,,daniele15,
TNU,7420201,Công nghệ sinh học,A00,13.00,,THPTQG,2018,,daniele15,
TNU,7420201,Công nghệ sinh học,A02,13.00,,THPTQG,2018,,daniele15,
TNU,7420201,Công nghệ sinh học,B00,13.00,,THPTQG,2018,,daniele15,
TNU,7420201,Công nghệ sinh học,D08,13.00,,THPTQG,2018,,daniele15,
TNU,7480201,Công nghệ thông tin,A00,13.00,,THPTQG,2018,,daniele15,
TNU,7480201,Công nghệ thông tin,A01,13.00,,THPTQG,2018,,daniele15,
TNU,7510406,Công nghệ kỹ thuật môi trường,A00,13.00,,THPTQG,2018,,daniele15,
TNU,7510406,Công nghệ kỹ thuật môi trường,A02,13.00,,THPTQG,2018,,daniele15,
TNU,7510406,Công nghệ kỹ thuật môi trường,B00,13.00,,THPTQG,2018,,daniele15,
TNU,7510406,Công nghệ kỹ thuật môi trường,D08,13.00,,THPTQG,2018,,daniele15,
TNU,7540101,Công nghệ thực phẩm,A00,13.00,,THPTQG,2018,,daniele15,
TNU,7540101,Công nghệ thực phẩm,A02,13.00,,THPTQG,2018,,daniele15,
TNU,7540101,Công nghệ thực phẩm,B00,13.00,,THPTQG,2018,,daniele15,
TNU,7540101,Công nghệ thực phẩm,D08,13.00,,THPTQG,2018,,daniele15,
TNU,7540104,Công nghệ sau thu hoạch,A00,13.00,,THPTQG,2018,,daniele15,
TNU,7540104,Công nghệ sau thu hoạch,A02,13.00,,THPTQG,2018,,daniele15,
TNU,7540104,Công nghệ sau thu hoạch,B00,13.00,,THPTQG,2018,,daniele15,
TNU,7540104,Công nghệ sau thu hoạch,D07,13.00,,THPTQG,2018,,daniele15,
TNU,7620105,Chăn nuôi,A02,13.50,,THPTQG,2018,,daniele15,
TNU,7620105,Chăn nuôi,B00,13.50,,THPTQG,2018,,daniele15,
TNU,7620105,Chăn nuôi,D08,13.50,,THPTQG,2018,,daniele15,
TNU,7620105,Chăn nuôi,A02,13.00,,THPTQG,2018,,daniele15,
TNU,7620105,Chăn nuôi,B00,13.00,,THPTQG,2018,,daniele15,
TNU,7620105,Chăn nuôi,D08,13.00,,THPTQG,2018,,daniele15,
TNU,7620105LT,Chăn nuôi,A02,13.00,,THPTQG,2018,Liên thông,daniele15,
TNU,7620105LT,Chăn nuôi,B00,13.00,,THPTQG,2018,Liên thông,daniele15,
TNU,7620105LT,Chăn nuôi,D08,13.00,,THPTQG,2018,Liên thông,daniele15,
TNU,7620110,Khoa học cây trồng,A00,13.50,,THPTQG,2018,,daniele15,
TNU,7620110,Khoa học cây trồng,A02,13.50,,THPTQG,2018,,daniele15,
TNU,7620110,Khoa học cây trồng,B00,13.50,,THPTQG,2018,,daniele15,
TNU,7620110,Khoa học cây trồng,D08,13.50,,THPTQG,2018,,daniele15,
TNU,7620110,Khoa học cây trồng,A00,13.00,,THPTQG,2018,,daniele15,
TNU,7620110,Khoa học cây trồng,A02,13.00,,THPTQG,2018,,daniele15,
TNU,7620110,Khoa học cây trồng,B00,13.00,,THPTQG,2018,,daniele15,
TNU,7620110,Khoa học cây trồng,D08,13.00,,THPTQG,2018,,daniele15,
TNU,7620110LT,Khoa học cây trồng,A00,13.00,,THPTQG,2018,Liên thông,daniele15,
TNU,7620110LT,Khoa học cây trồng,A02,13.00,,THPTQG,2018,Liên thông,daniele15,
TNU,7620110LT,Khoa học cây trồng,B00,13.00,,THPTQG,2018,Liên thông,daniele15,
TNU,7620110LT,Khoa học cây trồng,D08,13.00,,THPTQG,2018,Liên thông,daniele15,
TNU,7620112,Bảo vệ thực vật,A00,13.00,,THPTQG,2018,,daniele15,
TNU,7620112,Bảo vệ thực vật,A02,13.00,,THPTQG,2018,,daniele15,
TNU,7620112,Bảo vệ thực vật,B00,13.00,,THPTQG,2018,,daniele15,
TNU,7620112,Bảo vệ thực vật,D08,13.00,,THPTQG,2018,,daniele15,
TNU,7620115,Kinh tế,A00,13.00,,THPTQG,2018,,daniele15,
TNU,7620115,Kinh tế,A02,13.00,,THPTQG,2018,,daniele15,
TNU,7620115,Kinh tế,B00,13.00,,THPTQG,2018,,daniele15,
TNU,7620115,Kinh tế,D08,13.00,,THPTQG,2018,,daniele15,
TNU,7620205,Lâm sinh,A00,13.00,,THPTQG,2018,,daniele15,
TNU,7620205,Lâm sinh,A02,13.00,,THPTQG,2018,,daniele15,
TNU,7620205,Lâm sinh,B00,13.00,,THPTQG,2018,,daniele15,
TNU,7620205,Lâm sinh,D08,13.00,,THPTQG,2018,,daniele15,
TNU,7620205LT,Lâm sinh,A00,13.00,,THPTQG,2018,Liên thông,daniele15,
TNU,7620205LT,Lâm sinh,A02,13.00,,THPTQG,2018,Liên thông,daniele15,
TNU,7620205LT,Lâm sinh,B00,13.00,,THPTQG,2018,Liên thông,daniele15,
TNU,7620205LT,Lâm sinh,D08,13.00,,THPTQG,2018,Liên thông,daniele15,
TNU,7620211,Quản lý tài nguyên rừng,A00,13.00,,THPTQG,2018,,daniele15,
TNU,7620211,Quản lý tài nguyên rừng,A02,13.00,,THPTQG,2018,,daniele15,
TNU,7620211,Quản lý tài nguyên rừng,B00,13.00,,THPTQG,2018,,daniele15,
TNU,7620211,Quản lý tài nguyên rừng,D08,13.00,,THPTQG,2018,,daniele15,
TNU,7620211LT,Quản lý tài nguyên rừng,A00,13.00,,THPTQG,2018,Liên thông,daniele15,
TNU,7620211LT,Quản lý tài nguyên rừng,A02,13.00,,THPTQG,2018,Liên thông,daniele15,
TNU,7620211LT,Quản lý tài nguyên rừng,B00,13.00,,THPTQG,2018,Liên thông,daniele15,
TNU,7620211LT,Quản lý tài nguyên rừng,D08,13.00,,THPTQG,2018,Liên thông,daniele15,
TNU,7640101,Thú y,A02,13.00,,THPTQG,2018,,daniele15,
TNU,7640101,Thú y,B00,13.00,,THPTQG,2018,,daniele15,
TNU,7640101,Thú y,D08,13.00,,THPTQG,2018,,daniele15,
TNU,7640101LT,Thú y,A02,13.00,,THPTQG,2018,Liên thông,daniele15,
TNU,7640101LT,Thú y,B00,13.00,,THPTQG,2018,Liên thông,daniele15,
TNU,7640101LT,Thú y,D08,13.00,,THPTQG,2018,Liên thông,daniele15,
TNU,7720101,Y khoa,B00,21.00,,THPTQG,2018,,daniele15,
TNU,7720101LT,Y khoa,B00,19.00,,THPTQG,2018,Liên thông,daniele15,
TNU,7720301,Điều dưỡng,B00,17.50,,THPTQG,2018,,daniele15,
TNU,7720601,Kỹ thuật xét nghiệm y học,B00,18.50,,THPTQG,2018,,daniele15,
TNU,7810103,Quản trị dịch vụ du lịch và lữ hành,C00,13.50,,THPTQG,2018,,daniele15,
TNU,7810103,Quản trị dịch vụ du lịch và lữ hành,C03,13.50,,THPTQG,2018,,daniele15,
TNU,7810103,Quản trị dịch vụ du lịch và lữ hành,C04,13.50,,THPTQG,2018,,daniele15,
TNU,7810103,Quản trị dịch vụ du lịch và lữ hành,D01,13.50,,THPTQG,2018,,daniele15,
TNU,7850101,Quản lý tài nguyên và môi trường,A00,13.50,,THPTQG,2018,,daniele15,
TNU,7850101,Quản lý tài nguyên và môi trường,B00,13.50,,THPTQG,2018,,daniele15,
TNU,7850101,Quản lý tài nguyên và môi trường,C02,13.50,,THPTQG,2018,,daniele15,
TNU,7850101,Quản lý tài nguyên và môi trường,D01,13.50,,THPTQG,2018,,daniele15,
TNU,7850103,Quản lý đất đai,A00,13.00,,THPTQG,2018,,daniele15,
TNU,7850103,Quản lý đất đai,A01,13.00,,THPTQG,2018,,daniele15,
TNU,7850103,Quản lý đất đai,A02,13.00,,THPTQG,2018,,daniele15,
TNU,7850103LT,Quản lý đất đai,A00,13.00,,THPTQG,2018,Liên thông,daniele15,
TNU,7850103LT,Quản lý đất đai,A01,13.00,,THPTQG,2018,Liên thông,daniele15,
TNU,7850103LT,Quản lý đất đai,A02,13.00,,THPTQG,2018,Liên thông,daniele15,
TQU,51140201,Giáo dục Mầm non,,15.00,,HocBa,2018,Điểm chuẩn học bạ: 16 điểmHệ cao đẳng,daniele15,
TQU,51140202,Giáo dục Tiểu học,A00,15.00,,HocBa,2018,Hệ cao đẳngĐiểm chuẩn học bạ: 16 điểm,daniele15,
TQU,51140202,Giáo dục Tiểu học,C00,15.00,,HocBa,2018,Hệ cao đẳngĐiểm chuẩn học bạ: 16 điểm,daniele15,
TQU,51140202,Giáo dục Tiểu học,D01,15.00,,HocBa,2018,Hệ cao đẳngĐiểm chuẩn học bạ: 16 điểm,daniele15,
TQU,51140204,Giáo dục Công dân,C00,15.00,,HocBa,2018,Điểm chuẩn học bạ: 16 điểmHệ cao đẳng,daniele15,
TQU,51140204,Giáo dục Công dân,C03,15.00,,HocBa,2018,Điểm chuẩn học bạ: 16 điểmHệ cao đẳng,daniele15,
TQU,51140204,Giáo dục Công dân,C19,15.00,,HocBa,2018,Điểm chuẩn học bạ: 16 điểmHệ cao đẳng,daniele15,
TQU,51140204,Giáo dục Công dân,D01,15.00,,HocBa,2018,Điểm chuẩn học bạ: 16 điểmHệ cao đẳng,daniele15,
TQU,51140209,Sư phạm Toán học,A00,15.00,,HocBa,2018,Điểm chuẩn học bạ: 16 điểmHệ cao đẳng,daniele15,
TQU,51140209,Sư phạm Toán học,A01,15.00,,HocBa,2018,Điểm chuẩn học bạ: 16 điểmHệ cao đẳng,daniele15,
TQU,51140209,Sư phạm Toán học,B00,15.00,,HocBa,2018,Điểm chuẩn học bạ: 16 điểmHệ cao đẳng,daniele15,
TQU,51140210,Sư phạm Tin học,A00,15.00,,HocBa,2018,Điểm chuẩn học bạ: 16 điểmHệ cao đẳng,daniele15,
TQU,51140210,Sư phạm Tin học,A01,15.00,,HocBa,2018,Điểm chuẩn học bạ: 16 điểmHệ cao đẳng,daniele15,
TQU,51140210,Sư phạm Tin học,B00,15.00,,HocBa,2018,Điểm chuẩn học bạ: 16 điểmHệ cao đẳng,daniele15,
TQU,51140212,Sư phạm Hóa học,A00,15.00,,HocBa,2018,Điểm chuẩn học bạ: 16 điểmHệ cao đẳng,daniele15,
TQU,51140212,Sư phạm Hóa học,B00,15.00,,HocBa,2018,Điểm chuẩn học bạ: 16 điểmHệ cao đẳng,daniele15,
TQU,51140213,Sư phạm Sinh học,A00,15.00,,HocBa,2018,Điểm chuẩn học bạ: 16 điểmHệ cao đẳng,daniele15,
TQU,51140213,Sư phạm Sinh học,B00,15.00,,HocBa,2018,Điểm chuẩn học bạ: 16 điểmHệ cao đẳng,daniele15,
TQU,51140213,Sư phạm Sinh học,B04,15.00,,HocBa,2018,Điểm chuẩn học bạ: 16 điểmHệ cao đẳng,daniele15,
TQU,51140215,Sư phạm Kỹ thuật nông nghiệp,A00,15.00,,HocBa,2018,Điểm chuẩn học bạ: 16 điểmHệ cao đẳng,daniele15,
TQU,51140215,Sư phạm Kỹ thuật nông nghiệp,B00,15.00,,HocBa,2018,Điểm chuẩn học bạ: 16 điểmHệ cao đẳng,daniele15,
TQU,51140215,Sư phạm Kỹ thuật nông nghiệp,B04,15.00,,HocBa,2018,Điểm chuẩn học bạ: 16 điểmHệ cao đẳng,daniele15,
TQU,51140217,Sư phạm Ngữ văn,C00,15.00,,HocBa,2018,Điểm chuẩn học bạ: 16 điểmHệ cao đẳng,daniele15,
TQU,51140217,Sư phạm Ngữ văn,C19,15.00,,HocBa,2018,Điểm chuẩn học bạ: 16 điểmHệ cao đẳng,daniele15,
TQU,51140217,Sư phạm Ngữ văn,C20,15.00,,HocBa,2018,Điểm chuẩn học bạ: 16 điểmHệ cao đẳng,daniele15,
TQU,51140217,Sư phạm Ngữ văn,D01,15.00,,HocBa,2018,Điểm chuẩn học bạ: 16 điểmHệ cao đẳng,daniele15,
TQU,51140218,Sư phạm Lịch sử,A08,15.00,,HocBa,2018,Điểm chuẩn học bạ: 16 điểmHệ cao đẳng,daniele15,
TQU,51140218,Sư phạm Lịch sử,C00,15.00,,HocBa,2018,Điểm chuẩn học bạ: 16 điểmHệ cao đẳng,daniele15,
TQU,51140218,Sư phạm Lịch sử,C19,15.00,,HocBa,2018,Điểm chuẩn học bạ: 16 điểmHệ cao đẳng,daniele15,
TQU,51140218,Sư phạm Lịch sử,D01,15.00,,HocBa,2018,Điểm chuẩn học bạ: 16 điểmHệ cao đẳng,daniele15,
TQU,51140219,Sư phạm Địa lý,A00,15.00,,HocBa,2018,Điểm chuẩn học bạ: 16 điểmHệ cao đẳng,daniele15,
TQU,51140219,Sư phạm Địa lý,C00,15.00,,HocBa,2018,Điểm chuẩn học bạ: 16 điểmHệ cao đẳng,daniele15,
TQU,51140219,Sư phạm Địa lý,C20,15.00,,HocBa,2018,Điểm chuẩn học bạ: 16 điểmHệ cao đẳng,daniele15,
TQU,51140219,Sư phạm Địa lý,D01,15.00,,HocBa,2018,Điểm chuẩn học bạ: 16 điểmHệ cao đẳng,daniele15,
TQU,7140201,Giáo dục Mầm non,,17.00,,HocBa,2018,Điểm chuẩn học bạ: 18 điểm,daniele15,
TQU,7140202,Giáo dục Tiểu học,A00,17.00,,HocBa,2018,Điểm chuẩn học bạ: 18 điểm,daniele15,
TQU,7140202,Giáo dục Tiểu học,C00,17.00,,HocBa,2018,Điểm chuẩn học bạ: 18 điểm,daniele15,
TQU,7140202,Giáo dục Tiểu học,D01,17.00,,HocBa,2018,Điểm chuẩn học bạ: 18 điểm,daniele15,
TQU,7140209,Sư phạm Toán học,A00,17.00,,HocBa,2018,Điểm chuẩn học bạ: 18 điểm,daniele15,
TQU,7140209,Sư phạm Toán học,A01,17.00,,HocBa,2018,Điểm chuẩn học bạ: 18 điểm,daniele15,
TQU,7140209,Sư phạm Toán học,B00,17.00,,HocBa,2018,Điểm chuẩn học bạ: 18 điểm,daniele15,
TQU,7140213,Sư phạm Sinh học,A00,17.00,,HocBa,2018,Điểm chuẩn học bạ: 18 điểm,daniele15,
TQU,7140213,Sư phạm Sinh học,B00,17.00,,HocBa,2018,Điểm chuẩn học bạ: 18 điểm,daniele15,
TQU,7140213,Sư phạm Sinh học,B04,17.00,,HocBa,2018,Điểm chuẩn học bạ: 18 điểm,daniele15,
TQU,7229030,Văn học,C00,15.00,,HocBa,2018,Điểm chuẩn học bạ: 15 điểm,daniele15,
TQU,7229030,Văn học,C19,15.00,,HocBa,2018,Điểm chuẩn học bạ: 15 điểm,daniele15,
TQU,7229030,Văn học,C20,15.00,,HocBa,2018,Điểm chuẩn học bạ: 15 điểm,daniele15,
TQU,7229030,Văn học,D01,15.00,,HocBa,2018,Điểm chuẩn học bạ: 15 điểm,daniele15,
TQU,7229042,Quản lý văn hoá,C00,15.00,,HocBa,2018,Điểm chuẩn học bạ: 15 điểm,daniele15,
TQU,7229042,Quản lý văn hoá,C19,15.00,,HocBa,2018,Điểm chuẩn học bạ: 15 điểm,daniele15,
TQU,7229042,Quản lý văn hoá,D01,15.00,,HocBa,2018,Điểm chuẩn học bạ: 15 điểm,daniele15,
TQU,7340301,Kế toán,A00,15.00,,HocBa,2018,Điểm chuẩn học bạ: 15 điểm,daniele15,
TQU,7340301,Kế toán,A01,15.00,,HocBa,2018,Điểm chuẩn học bạ: 15 điểm,daniele15,
TQU,7340301,Kế toán,D01,15.00,,HocBa,2018,Điểm chuẩn học bạ: 15 điểm,daniele15,
TQU,7440102,Vật lý học,A00,15.00,,HocBa,2018,Điểm chuẩn học bạ: 15 điểm,daniele15,
TQU,7440102,Vật lý học,A01,15.00,,HocBa,2018,Điểm chuẩn học bạ: 15 điểm,daniele15,
TQU,7440102,Vật lý học,A10,15.00,,HocBa,2018,Điểm chuẩn học bạ: 15 điểm,daniele15,
TQU,7440301,Khoa học môi trường,A00,15.00,,HocBa,2018,Điểm chuẩn học bạ: 15 điểm,daniele15,
TQU,7440301,Khoa học môi trường,A01,15.00,,HocBa,2018,Điểm chuẩn học bạ: 15 điểm,daniele15,
TQU,7440301,Khoa học môi trường,B00,15.00,,HocBa,2018,Điểm chuẩn học bạ: 15 điểm,daniele15,
TQU,7620105,Chăn nuôi,A00,15.00,,HocBa,2018,Điểm chuẩn học bạ: 15 điểm,daniele15,
TQU,7620105,Chăn nuôi,A01,15.00,,HocBa,2018,Điểm chuẩn học bạ: 15 điểm,daniele15,
TQU,7620105,Chăn nuôi,B00,15.00,,HocBa,2018,Điểm chuẩn học bạ: 15 điểm,daniele15,
TQU,7620110,Khoa học cây trồng,A00,15.00,,HocBa,2018,Điểm chuẩn học bạ: 15 điểm,daniele15,
TQU,7620110,Khoa học cây trồng,A01,15.00,,HocBa,2018,Điểm chuẩn học bạ: 15 điểm,daniele15,
TQU,7620110,Khoa học cây trồng,B00,15.00,,HocBa,2018,Điểm chuẩn học bạ: 15 điểm,daniele15,
TQU,7620115,Kinh tế,A00,15.00,,HocBa,2018,kinh tế nông nghiệpĐiểm chuẩn học bạ: 15 điểm,daniele15,
TQU,7620115,Kinh tế,A01,15.00,,HocBa,2018,kinh tế nông nghiệpĐiểm chuẩn học bạ: 15 điểm,daniele15,
TQU,7620115,Kinh tế,B00,15.00,,HocBa,2018,kinh tế nông nghiệpĐiểm chuẩn học bạ: 15 điểm,daniele15,
TQU,7760101,Công tác xã hội,C00,15.00,,HocBa,2018,Điểm chuẩn học bạ: 15 điểm,daniele15,
TQU,7760101,Công tác xã hội,C19,15.00,,HocBa,2018,Điểm chuẩn học bạ: 15 điểm,daniele15,
TQU,7760101,Công tác xã hội,D01,15.00,,HocBa,2018,Điểm chuẩn học bạ: 15 điểm,daniele15,
TQU,7810103,Quản trị dịch vụ du lịch và lữ hành,C00,15.00,,HocBa,2018,Điểm chuẩn học bạ: 15 điểm,daniele15,
TQU,7810103,Quản trị dịch vụ du lịch và lữ hành,C19,15.00,,HocBa,2018,Điểm chuẩn học bạ: 15 điểm,daniele15,
TQU,7810103,Quản trị dịch vụ du lịch và lữ hành,C20,15.00,,HocBa,2018,Điểm chuẩn học bạ: 15 điểm,daniele15,
TQU,7810103,Quản trị dịch vụ du lịch và lữ hành,D01,15.00,,HocBa,2018,Điểm chuẩn học bạ: 15 điểm,daniele15,
TQU,7850103,Quản lý đất đai,A00,15.00,,HocBa,2018,Điểm chuẩn học bạ: 15 điểm,daniele15,
TQU,7850103,Quản lý đất đai,A01,15.00,,HocBa,2018,Điểm chuẩn học bạ: 15 điểm,daniele15,
TQU,7850103,Quản lý đất đai,B00,15.00,,HocBa,2018,Điểm chuẩn học bạ: 15 điểm,daniele15,
TTB,51140201,Giáo dục Mầm non,,15.00,,HocBa,2018,Điểm chuẩn học bạ: 18/ Hạnh kiểm lớp 12 loại khá,daniele15,
TTB,51140202,Giáo dục Tiểu học,A00,15.50,,HocBa,2018,Điểm chuẩn học bạ: 18/ Hạnh kiểm lớp 12 loại khá,daniele15,
TTB,51140202,Giáo dục Tiểu học,A01,15.50,,HocBa,2018,Điểm chuẩn học bạ: 18/ Hạnh kiểm lớp 12 loại khá,daniele15,
TTB,51140202,Giáo dục Tiểu học,C00,15.50,,HocBa,2018,Điểm chuẩn học bạ: 18/ Hạnh kiểm lớp 12 loại khá,daniele15,
TTB,51140202,Giáo dục Tiểu học,D01,15.50,,HocBa,2018,Điểm chuẩn học bạ: 18/ Hạnh kiểm lớp 12 loại khá,daniele15,
TTB,7140201,Giáo dục Mầm non,,22.00,,HocBa,2018,Điểm chuẩn học bạ: 18/ Hạnh kiểm lớp 12 loại giỏi,daniele15,
TTB,7140202,Giáo dục Tiểu học,A00,18.25,,HocBa,2018,Điểm chuẩn học bạ: 18/ Hạnh kiểm lớp 12 loại giỏi,daniele15,
TTB,7140202,Giáo dục Tiểu học,A01,18.25,,HocBa,2018,Điểm chuẩn học bạ: 18/ Hạnh kiểm lớp 12 loại giỏi,daniele15,
TTB,7140202,Giáo dục Tiểu học,C00,18.25,,HocBa,2018,Điểm chuẩn học bạ: 18/ Hạnh kiểm lớp 12 loại giỏi,daniele15,
TTB,7140202,Giáo dục Tiểu học,D01,18.25,,HocBa,2018,Điểm chuẩn học bạ: 18/ Hạnh kiểm lớp 12 loại giỏi,daniele15,
TTB,7140205,Giáo dục Chính trị,C00,17.00,,HocBa,2018,Điểm chuẩn học bạ: 18/ Hạnh kiểm lớp 12 loại giỏi,daniele15,
TTB,7140205,Giáo dục Chính trị,C19,17.00,,HocBa,2018,Điểm chuẩn học bạ: 18/ Hạnh kiểm lớp 12 loại giỏi,daniele15,
TTB,7140205,Giáo dục Chính trị,C20,17.00,,HocBa,2018,Điểm chuẩn học bạ: 18/ Hạnh kiểm lớp 12 loại giỏi,daniele15,
TTB,7140205,Giáo dục Chính trị,D01,17.00,,HocBa,2018,Điểm chuẩn học bạ: 18/ Hạnh kiểm lớp 12 loại giỏi,daniele15,
TTB,7140206,Giáo dục Thể chất,T00,17.00,,HocBa,2018,Điểm chuẩn học bạ: 18/ Hạnh kiểm lớp 12 loại giỏi,daniele15,
TTB,7140206,Giáo dục Thể chất,T03,17.00,,HocBa,2018,Điểm chuẩn học bạ: 18/ Hạnh kiểm lớp 12 loại giỏi,daniele15,
TTB,7140206,Giáo dục Thể chất,T04,17.00,,HocBa,2018,Điểm chuẩn học bạ: 18/ Hạnh kiểm lớp 12 loại giỏi,daniele15,
TTB,7140206,Giáo dục Thể chất,T05,17.00,,HocBa,2018,Điểm chuẩn học bạ: 18/ Hạnh kiểm lớp 12 loại giỏi,daniele15,
TTB,7140209,Sư phạm Toán học,A00,17.00,,HocBa,2018,Điểm chuẩn học bạ: 18/ Hạnh kiểm lớp 12 loại giỏi,daniele15,
TTB,7140209,Sư phạm Toán học,A01,17.00,,HocBa,2018,Điểm chuẩn học bạ: 18/ Hạnh kiểm lớp 12 loại giỏi,daniele15,
TTB,7140209,Sư phạm Toán học,A02,17.00,,HocBa,2018,Điểm chuẩn học bạ: 18/ Hạnh kiểm lớp 12 loại giỏi,daniele15,
TTB,7140209,Sư phạm Toán học,D01,17.00,,HocBa,2018,Điểm chuẩn học bạ: 18/ Hạnh kiểm lớp 12 loại giỏi,daniele15,
TTB,7140210,Sư phạm Tin học,A00,17.00,,HocBa,2018,Điểm chuẩn học bạ: 18/ Hạnh kiểm lớp 12 loại giỏi,daniele15,
TTB,7140210,Sư phạm Tin học,A01,17.00,,HocBa,2018,Điểm chuẩn học bạ: 18/ Hạnh kiểm lớp 12 loại giỏi,daniele15,
TTB,7140210,Sư phạm Tin học,A02,17.00,,HocBa,2018,Điểm chuẩn học bạ: 18/ Hạnh kiểm lớp 12 loại giỏi,daniele15,
TTB,7140210,Sư phạm Tin học,D01,17.00,,HocBa,2018,Điểm chuẩn học bạ: 18/ Hạnh kiểm lớp 12 loại giỏi,daniele15,
TTB,7140211,Sư phạm Vật lý,A00,17.00,,HocBa,2018,Điểm chuẩn học bạ: 18/ Hạnh kiểm lớp 12 loại giỏi,daniele15,
TTB,7140211,Sư phạm Vật lý,A01,17.00,,HocBa,2018,Điểm chuẩn học bạ: 18/ Hạnh kiểm lớp 12 loại giỏi,daniele15,
TTB,7140211,Sư phạm Vật lý,A10,17.00,,HocBa,2018,Điểm chuẩn học bạ: 18/ Hạnh kiểm lớp 12 loại giỏi,daniele15,
TTB,7140211,Sư phạm Vật lý,C01,17.00,,HocBa,2018,Điểm chuẩn học bạ: 18/ Hạnh kiểm lớp 12 loại giỏi,daniele15,
TTB,7140212,Sư phạm Hóa học,A00,17.00,,HocBa,2018,Điểm chuẩn học bạ: 18/ Hạnh kiểm lớp 12 loại giỏi,daniele15,
TTB,7140212,Sư phạm Hóa học,B00,17.00,,HocBa,2018,Điểm chuẩn học bạ: 18/ Hạnh kiểm lớp 12 loại giỏi,daniele15,
TTB,7140212,Sư phạm Hóa học,C02,17.00,,HocBa,2018,Điểm chuẩn học bạ: 18/ Hạnh kiểm lớp 12 loại giỏi,daniele15,
TTB,7140212,Sư phạm Hóa học,D07,17.00,,HocBa,2018,Điểm chuẩn học bạ: 18/ Hạnh kiểm lớp 12 loại giỏi,daniele15,
TTB,7140213,Sư phạm Sinh học,A02,17.00,,HocBa,2018,Điểm chuẩn học bạ: 18/ Hạnh kiểm lớp 12 loại giỏi,daniele15,
TTB,7140213,Sư phạm Sinh học,B00,17.00,,HocBa,2018,Điểm chuẩn học bạ: 18/ Hạnh kiểm lớp 12 loại giỏi,daniele15,
TTB,7140213,Sư phạm Sinh học,B03,17.00,,HocBa,2018,Điểm chuẩn học bạ: 18/ Hạnh kiểm lớp 12 loại giỏi,daniele15,
TTB,7140213,Sư phạm Sinh học,D08,17.00,,HocBa,2018,Điểm chuẩn học bạ: 18/ Hạnh kiểm lớp 12 loại giỏi,daniele15,
TTB,7140217,Sư phạm Ngữ văn,C00,17.00,,HocBa,2018,Điểm chuẩn học bạ: 18/ Hạnh kiểm lớp 12 loại giỏi,daniele15,
TTB,7140217,Sư phạm Ngữ văn,C19,17.00,,HocBa,2018,Điểm chuẩn học bạ: 18/ Hạnh kiểm lớp 12 loại giỏi,daniele15,
TTB,7140217,Sư phạm Ngữ văn,D01,17.00,,HocBa,2018,Điểm chuẩn học bạ: 18/ Hạnh kiểm lớp 12 loại giỏi,daniele15,
TTB,7140217,Sư phạm Ngữ văn,D14,17.00,,HocBa,2018,Điểm chuẩn học bạ: 18/ Hạnh kiểm lớp 12 loại giỏi,daniele15,
TTB,7140218,Sư phạm Lịch sử,C00,17.00,,HocBa,2018,Điểm chuẩn học bạ: 18/ Hạnh kiểm lớp 12 loại giỏi,daniele15,
TTB,7140218,Sư phạm Lịch sử,C03,17.00,,HocBa,2018,Điểm chuẩn học bạ: 18/ Hạnh kiểm lớp 12 loại giỏi,daniele15,
TTB,7140218,Sư phạm Lịch sử,C19,17.00,,HocBa,2018,Điểm chuẩn học bạ: 18/ Hạnh kiểm lớp 12 loại giỏi,daniele15,
TTB,7140218,Sư phạm Lịch sử,D14,17.00,,HocBa,2018,Điểm chuẩn học bạ: 18/ Hạnh kiểm lớp 12 loại giỏi,daniele15,
TTB,7140219,Sư phạm Địa lý,C00,17.00,,HocBa,2018,Điểm chuẩn học bạ: 18/ Hạnh kiểm lớp 12 loại giỏi,daniele15,
TTB,7140219,Sư phạm Địa lý,C20,17.00,,HocBa,2018,Điểm chuẩn học bạ: 18/ Hạnh kiểm lớp 12 loại giỏi,daniele15,
TTB,7140219,Sư phạm Địa lý,D10,17.00,,HocBa,2018,Điểm chuẩn học bạ: 18/ Hạnh kiểm lớp 12 loại giỏi,daniele15,
TTB,7140219,Sư phạm Địa lý,D15,17.00,,HocBa,2018,Điểm chuẩn học bạ: 18/ Hạnh kiểm lớp 12 loại giỏi,daniele15,
TTB,7140231,Sư phạm Tiếng Anh,A01,17.00,,HocBa,2018,Điểm chuẩn học bạ: 18/ Hạnh kiểm lớp 12 loại giỏi,daniele15,
TTB,7140231,Sư phạm Tiếng Anh,D01,17.00,,HocBa,2018,Điểm chuẩn học bạ: 18/ Hạnh kiểm lớp 12 loại giỏi,daniele15,
TTB,7140231,Sư phạm Tiếng Anh,D14,17.00,,HocBa,2018,Điểm chuẩn học bạ: 18/ Hạnh kiểm lớp 12 loại giỏi,daniele15,
TTB,7140231,Sư phạm Tiếng Anh,D15,17.00,,HocBa,2018,Điểm chuẩn học bạ: 18/ Hạnh kiểm lớp 12 loại giỏi,daniele15,
TTB,7340101,Quản trị kinh doanh,A00,13.00,,HocBa,2018,Điểm chuẩn học bạ: 18,daniele15,
TTB,7340101,Quản trị kinh doanh,A01,13.00,,HocBa,2018,Điểm chuẩn học bạ: 18,daniele15,
TTB,7340101,Quản trị kinh doanh,A02,13.00,,HocBa,2018,Điểm chuẩn học bạ: 18,daniele15,
TTB,7340101,Quản trị kinh doanh,D01,13.00,,HocBa,2018,Điểm chuẩn học bạ: 18,daniele15,
TTB,7340301,Kế toán,A00,13.00,,HocBa,2018,Điểm chuẩn học bạ: 18,daniele15,
TTB,7340301,Kế toán,A01,13.00,,HocBa,2018,Điểm chuẩn học bạ: 18,daniele15,
TTB,7340301,Kế toán,A02,13.00,,HocBa,2018,Điểm chuẩn học bạ: 18,daniele15,
TTB,7340301,Kế toán,D01,13.00,,HocBa,2018,Điểm chuẩn học bạ: 18,daniele15,
TTB,7480201,Công nghệ thông tin,A00,13.00,,HocBa,2018,Điểm chuẩn học bạ: 18,daniele15,
TTB,7480201,Công nghệ thông tin,A01,13.00,,HocBa,2018,Điểm chuẩn học bạ: 18,daniele15,
TTB,7480201,Công nghệ thông tin,A02,13.00,,HocBa,2018,Điểm chuẩn học bạ: 18,daniele15,
TTB,7480201,Công nghệ thông tin,D01,13.00,,HocBa,2018,Điểm chuẩn học bạ: 18,daniele15,
TTB,7620105,Chăn nuôi,A02,13.00,,HocBa,2018,Điểm chuẩn học bạ: 18,daniele15,
TTB,7620105,Chăn nuôi,B00,13.00,,HocBa,2018,Điểm chuẩn học bạ: 18,daniele15,
TTB,7620105,Chăn nuôi,B04,13.00,,HocBa,2018,Điểm chuẩn học bạ: 18,daniele15,
TTB,7620105,Chăn nuôi,D08,13.00,,HocBa,2018,Điểm chuẩn học bạ: 18,daniele15,
TTB,7620109,Nông học,A02,13.00,,HocBa,2018,Điểm chuẩn học bạ: 18,daniele15,
TTB,7620109,Nông học,B00,13.00,,HocBa,2018,Điểm chuẩn học bạ: 18,daniele15,
TTB,7620109,Nông học,B04,13.00,,HocBa,2018,Điểm chuẩn học bạ: 18,daniele15,
TTB,7620109,Nông học,D08,13.00,,HocBa,2018,Điểm chuẩn học bạ: 18,daniele15,
TTB,7620112,Bảo vệ thực vật,A02,13.00,,HocBa,2018,Điểm chuẩn học bạ: 18,daniele15,
TTB,7620112,Bảo vệ thực vật,B00,13.00,,HocBa,2018,Điểm chuẩn học bạ: 18,daniele15,
TTB,7620112,Bảo vệ thực vật,B04,13.00,,HocBa,2018,Điểm chuẩn học bạ: 18,daniele15,
TTB,7620112,Bảo vệ thực vật,D08,13.00,,HocBa,2018,Điểm chuẩn học bạ: 18,daniele15,
TTB,7620205,Lâm sinh,A02,13.00,,HocBa,2018,Điểm chuẩn học bạ: 18,daniele15,
TTB,7620205,Lâm sinh,B00,13.00,,HocBa,2018,Điểm chuẩn học bạ: 18,daniele15,
TTB,7620205,Lâm sinh,B04,13.00,,HocBa,2018,Điểm chuẩn học bạ: 18,daniele15,
TTB,7620205,Lâm sinh,D08,13.00,,HocBa,2018,Điểm chuẩn học bạ: 18,daniele15,
TTB,7620211,Quản lý tài nguyên rừng,A02,13.00,,HocBa,2018,Điểm chuẩn học bạ: 18,daniele15,
TTB,7620211,Quản lý tài nguyên rừng,B00,13.00,,HocBa,2018,Điểm chuẩn học bạ: 18,daniele15,
TTB,7620211,Quản lý tài nguyên rừng,B04,13.00,,HocBa,2018,Điểm chuẩn học bạ: 18,daniele15,
TTB,7620211,Quản lý tài nguyên rừng,D08,13.00,,HocBa,2018,Điểm chuẩn học bạ: 18,daniele15,
TTB,7810103,Quản trị dịch vụ du lịch và lữ hành,A00,13.00,,HocBa,2018,Điểm chuẩn học bạ: 18,daniele15,
TTB,7810103,Quản trị dịch vụ du lịch và lữ hành,A01,13.00,,HocBa,2018,Điểm chuẩn học bạ: 18,daniele15,
TTB,7810103,Quản trị dịch vụ du lịch và lữ hành,C00,13.00,,HocBa,2018,Điểm chuẩn học bạ: 18,daniele15,
TTB,7810103,Quản trị dịch vụ du lịch và lữ hành,D01,13.00,,HocBa,2018,Điểm chuẩn học bạ: 18,daniele15,
TTB,7850101,Quản lí tài nguyên và môi trường,A00,13.00,,HocBa,2018,Điểm chuẩn học bạ: 18,daniele15,
TTB,7850101,Quản lí tài nguyên và môi trường,A01,13.00,,HocBa,2018,Điểm chuẩn học bạ: 18,daniele15,
TTB,7850101,Quản lí tài nguyên và môi trường,A02,13.00,,HocBa,2018,Điểm chuẩn học bạ: 18,daniele15,
TTB,7850101,Quản lí tài nguyên và môi trường,B00,13.00,,HocBa,2018,Điểm chuẩn học bạ: 18,daniele15,
TTD,7140206,Giáo dục Thể chất,T00,17.00,,HocBa,2018,Điểm chuẩn học bạ lấy 17 điểm,daniele15,
TTD,7140206,Giáo dục Thể chất,T02,17.00,,HocBa,2018,Điểm chuẩn học bạ lấy 17 điểm,daniele15,
TTD,7140207,Huấn luyện thể thao,T00,16.50,,HocBa,2018,Điểm chuẩn học bạ lấy 19 điểm,daniele15,
TTD,7140207,Huấn luyện thể thao,T02,16.50,,HocBa,2018,Điểm chuẩn học bạ lấy 19 điểm,daniele15,
TTD,7810301,Quản lý thể dục thể thao,T00,14.50,,HocBa,2018,Điểm chuẩn học bạ lấy 16.5 điểm,daniele15,
TTD,7810301,Quản lý thể dục thể thao,T02,14.50,,HocBa,2018,Điểm chuẩn học bạ lấy 16.5 điểm,daniele15,
TTG,51140201,Giáo dục Mầm non,,18.97,,HocBa,2018,Xét điểm học bạHệ cao đẳng,daniele15,
TTG,51140201,Giáo dục Mầm non,,15.00,,THPTQG,2018,Xét điểm thi THPTHệ cao đẳng,daniele15,
TTG,7229030,Văn học,C00,13.00,,THPTQG,2018,Xét điểm thi THPT,daniele15,
TTG,7229030,Văn học,D01,13.00,,THPTQG,2018,Xét điểm thi THPT,daniele15,
TTG,7229030,Văn học,D14,13.00,,THPTQG,2018,Xét điểm thi THPT,daniele15,
TTG,7229030,Văn học,D78,13.00,,THPTQG,2018,Xét điểm thi THPT,daniele15,
TTG,7229040,Văn hoá học,C00,13.00,,THPTQG,2018,Xét điểm thi THPT,daniele15,
TTG,7229040,Văn hoá học,D01,13.00,,THPTQG,2018,Xét điểm thi THPT,daniele15,
TTG,7229040,Văn hoá học,D14,13.00,,THPTQG,2018,Xét điểm thi THPT,daniele15,
TTG,7229040,Văn hoá học,D78,13.00,,THPTQG,2018,Xét điểm thi THPT,daniele15,
TTG,7310101,Kinh tế,A00,13.00,,THPTQG,2018,Xét điểm thi THPT,daniele15,
TTG,7310101,Kinh tế,A01,13.00,,THPTQG,2018,Xét điểm thi THPT,daniele15,
TTG,7310101,Kinh tế,D01,13.00,,THPTQG,2018,Xét điểm thi THPT,daniele15,
TTG,7310101,Kinh tế,D90,13.00,,THPTQG,2018,Xét điểm thi THPT,daniele15,
TTG,7340101,Quản trị kinh doanh,A00,14.00,,THPTQG,2018,Xét điểm thi THPT,daniele15,
TTG,7340101,Quản trị kinh doanh,A01,14.00,,THPTQG,2018,Xét điểm thi THPT,daniele15,
TTG,7340101,Quản trị kinh doanh,D01,14.00,,THPTQG,2018,Xét điểm thi THPT,daniele15,
TTG,7340101,Quản trị kinh doanh,D90,14.00,,THPTQG,2018,Xét điểm thi THPT,daniele15,
TTG,7340201,Tài chính - Ngân hàng,A00,13.00,,THPTQG,2018,Xét điểm thi THPT,daniele15,
TTG,7340201,Tài chính - Ngân hàng,A01,13.00,,THPTQG,2018,Xét điểm thi THPT,daniele15,
TTG,7340201,Tài chính - Ngân hàng,D01,13.00,,THPTQG,2018,Xét điểm thi THPT,daniele15,
TTG,7340201,Tài chính - Ngân hàng,D90,13.00,,THPTQG,2018,Xét điểm thi THPT,daniele15,
TTG,7340301,Kế toán,A00,14.00,,THPTQG,2018,Xét điểm thi THPT,daniele15,
TTG,7340301,Kế toán,A01,14.00,,THPTQG,2018,Xét điểm thi THPT,daniele15,
TTG,7340301,Kế toán,D01,14.00,,THPTQG,2018,Xét điểm thi THPT,daniele15,
TTG,7340301,Kế toán,D90,14.00,,THPTQG,2018,Xét điểm thi THPT,daniele15,
TTG,7420201,Công nghệ sinh học,A00,13.00,,THPTQG,2018,Xét điểm thi THPT,daniele15,
TTG,7420201,Công nghệ sinh học,A01,13.00,,THPTQG,2018,Xét điểm thi THPT,daniele15,
TTG,7420201,Công nghệ sinh học,B00,13.00,,THPTQG,2018,Xét điểm thi THPT,daniele15,
TTG,7420201,Công nghệ sinh học,D08,13.00,,THPTQG,2018,Xét điểm thi THPT,daniele15,
TTG,7460112,Toán ứng dụng,A00,13.00,,THPTQG,2018,Xét điểm thi THPT,daniele15,
TTG,7460112,Toán ứng dụng,A01,13.00,,THPTQG,2018,Xét điểm thi THPT,daniele15,
TTG,7460112,Toán ứng dụng,D07,13.00,,THPTQG,2018,Xét điểm thi THPT,daniele15,
TTG,7460112,Toán ứng dụng,D90,13.00,,THPTQG,2018,Xét điểm thi THPT,daniele15,
TTG,7480104,Hệ thống thông tin,A00,13.00,,THPTQG,2018,Xét điểm thi THPT,daniele15,
TTG,7480104,Hệ thống thông tin,A01,13.00,,THPTQG,2018,Xét điểm thi THPT,daniele15,
TTG,7480104,Hệ thống thông tin,D07,13.00,,THPTQG,2018,Xét điểm thi THPT,daniele15,
TTG,7480104,Hệ thống thông tin,D90,13.00,,THPTQG,2018,Xét điểm thi THPT,daniele15,
TTG,7480201,Công nghệ thông tin,A00,13.00,,THPTQG,2018,Xét điểm thi THPT,daniele15,
TTG,7480201,Công nghệ thông tin,A01,13.00,,THPTQG,2018,Xét điểm thi THPT,daniele15,
TTG,7480201,Công nghệ thông tin,D07,13.00,,THPTQG,2018,Xét điểm thi THPT,daniele15,
TTG,7480201,Công nghệ thông tin,D90,13.00,,THPTQG,2018,Xét điểm thi THPT,daniele15,
TTG,7510103,Công nghệ kỹ thuật xây dựng,A00,13.00,,THPTQG,2018,Xét điểm thi THPT,daniele15,
TTG,7510103,Công nghệ kỹ thuật xây dựng,A01,13.00,,THPTQG,2018,Xét điểm thi THPT,daniele15,
TTG,7510103,Công nghệ kỹ thuật xây dựng,D07,13.00,,THPTQG,2018,Xét điểm thi THPT,daniele15,
TTG,7510103,Công nghệ kỹ thuật xây dựng,D90,13.00,,THPTQG,2018,Xét điểm thi THPT,daniele15,
TTG,7510201,Công nghệ kỹ thuật cơ khí,A00,13.00,,THPTQG,2018,Xét điểm thi THPT,daniele15,
TTG,7510201,Công nghệ kỹ thuật cơ khí,A01,13.00,,THPTQG,2018,Xét điểm thi THPT,daniele15,
TTG,7510201,Công nghệ kỹ thuật cơ khí,D07,13.00,,THPTQG,2018,Xét điểm thi THPT,daniele15,
TTG,7510201,Công nghệ kỹ thuật cơ khí,D90,13.00,,THPTQG,2018,Xét điểm thi THPT,daniele15,
TTG,7510203,Công nghệ kỹ thuật cơ điện tử,A00,13.00,,THPTQG,2018,Xét điểm thi THPT,daniele15,
TTG,7510203,Công nghệ kỹ thuật cơ điện tử,A01,13.00,,THPTQG,2018,Xét điểm thi THPT,daniele15,
TTG,7510203,Công nghệ kỹ thuật cơ điện tử,D07,13.00,,THPTQG,2018,Xét điểm thi THPT,daniele15,
TTG,7510203,Công nghệ kỹ thuật cơ điện tử,D90,13.00,,THPTQG,2018,Xét điểm thi THPT,daniele15,
TTG,7510303,Công nghệ kỹ thuật điều khiển và tự động hóa,A00,13.00,,THPTQG,2018,ĐHXét điểm thi THPT,daniele15,
TTG,7510303,Công nghệ kỹ thuật điều khiển và tự động hóa,A01,13.00,,THPTQG,2018,ĐHXét điểm thi THPT,daniele15,
TTG,7510303,Công nghệ kỹ thuật điều khiển và tự động hóa,D07,13.00,,THPTQG,2018,ĐHXét điểm thi THPT,daniele15,
TTG,7510303,Công nghệ kỹ thuật điều khiển và tự động hóa,D90,13.00,,THPTQG,2018,ĐHXét điểm thi THPT,daniele15,
TTG,7540101,Công nghệ thực phẩm,A00,14.00,,THPTQG,2018,Xét điểm thi THPT,daniele15,
TTG,7540101,Công nghệ thực phẩm,A01,14.00,,THPTQG,2018,Xét điểm thi THPT,daniele15,
TTG,7540101,Công nghệ thực phẩm,B00,14.00,,THPTQG,2018,Xét điểm thi THPT,daniele15,
TTG,7540101,Công nghệ thực phẩm,D08,14.00,,THPTQG,2018,Xét điểm thi THPT,daniele15,
TTG,7620110,Khoa học cây trồng,A00,13.00,,THPTQG,2018,Xét điểm thi THPT,daniele15,
TTG,7620110,Khoa học cây trồng,A01,13.00,,THPTQG,2018,Xét điểm thi THPT,daniele15,
TTG,7620110,Khoa học cây trồng,B00,13.00,,THPTQG,2018,Xét điểm thi THPT,daniele15,
TTG,7620110,Khoa học cây trồng,D08,13.00,,THPTQG,2018,Xét điểm thi THPT,daniele15,
TTG,7620301,Nuôi trồng thuỷ sản,A00,13.00,,THPTQG,2018,Xét điểm thi THPT,daniele15,
TTG,7620301,Nuôi trồng thuỷ sản,A01,13.00,,THPTQG,2018,Xét điểm thi THPT,daniele15,
TTG,7620301,Nuôi trồng thuỷ sản,B00,13.00,,THPTQG,2018,Xét điểm thi THPT,daniele15,
TTG,7620301,Nuôi trồng thuỷ sản,D08,13.00,,THPTQG,2018,Xét điểm thi THPT,daniele15,
TTH,7860221,Chỉ huy tham mưu thông tin,A00,20.25,,THPTQG,2018,,daniele15,
TTH,7860221,Chỉ huy tham mưu thông tin,A01,20.25,,THPTQG,2018,,daniele15,
TTH,7860221,Chỉ huy tham mưu thông tin,A00,18.30,,THPTQG,2018,"Thí sinh mức 18,30 điểm: Điểm môn Toán  ≥ 6,80",daniele15,
TTH,7860221,Chỉ huy tham mưu thông tin,A01,18.30,,THPTQG,2018,"Thí sinh mức 18,30 điểm: Điểm môn Toán  ≥ 6,80",daniele15,
TTQ,7220201,Ngôn ngữ Anh,D01,14.00,,THPTQG,2018,,daniele15,
TTQ,7220201,Ngôn ngữ Anh,D15,14.00,,THPTQG,2018,,daniele15,
TTQ,7220201,Ngôn ngữ Anh,D72,14.00,,THPTQG,2018,,daniele15,
TTQ,7220201,Ngôn ngữ Anh,D78,14.00,,THPTQG,2018,,daniele15,
TTQ,7340101,Quản trị kinh doanh,A00,14.00,,THPTQG,2018,"gồm các chuyên ngành: Khoa học máy tính, Kỹ thuật phần mềm",daniele15,
TTQ,7340101,Quản trị kinh doanh,A01,14.00,,THPTQG,2018,"gồm các chuyên ngành: Khoa học máy tính, Kỹ thuật phần mềm",daniele15,
TTQ,7340101,Quản trị kinh doanh,C00,14.00,,THPTQG,2018,"gồm các chuyên ngành: Khoa học máy tính, Kỹ thuật phần mềm",daniele15,
TTQ,7340101,Quản trị kinh doanh,D00,14.00,,THPTQG,2018,"gồm các chuyên ngành: Khoa học máy tính, Kỹ thuật phần mềm",daniele15,
TTQ,7480101,Khoa học máy tính,A00,15.00,,THPTQG,2018,"gồm các chuyên ngành: Khoa học máy tính, Kỹ thuật phần mềm",daniele15,
TTQ,7480101,Khoa học máy tính,A01,15.00,,THPTQG,2018,"gồm các chuyên ngành: Khoa học máy tính, Kỹ thuật phần mềm",daniele15,
TTQ,7480101,Khoa học máy tính,D00,15.00,,THPTQG,2018,"gồm các chuyên ngành: Khoa học máy tính, Kỹ thuật phần mềm",daniele15,
TTQ,7480101,Khoa học máy tính,D90,15.00,,THPTQG,2018,"gồm các chuyên ngành: Khoa học máy tính, Kỹ thuật phần mềm",daniele15,
TYS,7720101,Y khoa,B00,22.70,,THPTQG,2018,,daniele15,
TYS,7720101TP,Y khoa,B00,22.00,,THPTQG,2018,Thí sinh có hộ khẩu tại TPHCM,daniele15,
TYS,7720201,Dược học,B00,22.20,,THPTQG,2018,,daniele15,
TYS,7720201TP,Dược học,B00,21.90,,THPTQG,2018,Thí sinh có hộ khẩu tại TPHCM,daniele15,
TYS,7720301,Điều dưỡng,B00,19.20,,THPTQG,2018,,daniele15,
TYS,7720301TP,Điều dưỡng,B00,19.60,,THPTQG,2018,Thí sinh có hộ khẩu tại TPHCM,daniele15,
TYS,7720501,Răng - Hàm - Mặt,B00,23.30,,THPTQG,2018,,daniele15,
TYS,7720501TP,Răng - Hàm - Mặt,B00,22.50,,THPTQG,2018,Thí sinh có hộ khẩu tại TPHCM,daniele15,
TYS,7720601,Kỹ thuật xét nghiệm y học,B00,21.20,,THPTQG,2018,,daniele15,
TYS,7720601TP,Kỹ thuật xét nghiệm y học,B00,21.10,,THPTQG,2018,Thí sinh có hộ khẩu tại TPHCM,daniele15,
TYS,7720602,Kỹ thuật hình ảnh y học,B00,20.10,,THPTQG,2018,,daniele15,
TYS,7720602TP,Kỹ thuật hình ảnh y học,B00,20.35,,THPTQG,2018,Thí sinh có hộ khẩu tại TPHCM,daniele15,
TYS,7720699,Khúc xạ nhãn khoa,B00,19.80,,THPTQG,2018,,daniele15,
TYS,7720699TP,Khúc xạ nhãn khoa,B00,20.75,,THPTQG,2018,Thí sinh có hộ khẩu tại TPHCM,daniele15,
TYS,7720701,Y tế công cộng,B00,16.85,,THPTQG,2018,,daniele15,
TYS,7720701TP,Y tế công cộng,B00,18.50,,THPTQG,2018,Thí sinh có hộ khẩu tại TPHCM,daniele15,
UKH,51140202,Giáo dục Tiểu học,A00,15.00,,THPTQG,2018,,daniele15,
UKH,51140202,Giáo dục Tiểu học,B00,15.00,,THPTQG,2018,,daniele15,
UKH,51140202,Giáo dục Tiểu học,C00,15.00,,THPTQG,2018,,daniele15,
UKH,51140202,Giáo dục Tiểu học,D01,15.00,,THPTQG,2018,,daniele15,
UKH,51140209,Sư phạm Toán học,A00,15.00,,THPTQG,2018,Toán - Tin,daniele15,
UKH,51140209,Sư phạm Toán học,A01,15.00,,THPTQG,2018,Toán - Tin,daniele15,
UKH,51140209,Sư phạm Toán học,B00,15.00,,THPTQG,2018,Toán - Tin,daniele15,
UKH,51140209,Sư phạm Toán học,D07,15.00,,THPTQG,2018,Toán - Tin,daniele15,
UKH,51140212,Sư phạm Hóa học,A00,15.00,,THPTQG,2018,Hóa - Sinh,daniele15,
UKH,51140212,Sư phạm Hóa học,A01,15.00,,THPTQG,2018,Hóa - Sinh,daniele15,
UKH,51140212,Sư phạm Hóa học,B00,15.00,,THPTQG,2018,Hóa - Sinh,daniele15,
UKH,51140212,Sư phạm Hóa học,D07,15.00,,THPTQG,2018,Hóa - Sinh,daniele15,
UKH,51140213,Sư phạm Sinh học,A00,15.00,,THPTQG,2018,Sinh - Hóa,daniele15,
UKH,51140213,Sư phạm Sinh học,A01,15.00,,THPTQG,2018,Sinh - Hóa,daniele15,
UKH,51140213,Sư phạm Sinh học,B00,15.00,,THPTQG,2018,Sinh - Hóa,daniele15,
UKH,51140213,Sư phạm Sinh học,D07,15.00,,THPTQG,2018,Sinh - Hóa,daniele15,
UKH,51140222,Sư phạm Mỹ thuật,C00,15.00,,THPTQG,2018,,daniele15,
UKH,51140222,Sư phạm Mỹ thuật,D01,15.00,,THPTQG,2018,,daniele15,
UKH,51140222,Sư phạm Mỹ thuật,D14,15.00,,THPTQG,2018,,daniele15,
UKH,51140222,Sư phạm Mỹ thuật,D15,15.00,,THPTQG,2018,,daniele15,
UKH,51140231,Sư phạm Tiếng Anh,A01,15.00,,THPTQG,2018,,daniele15,
UKH,51140231,Sư phạm Tiếng Anh,D01,15.00,,THPTQG,2018,,daniele15,
UKH,51140231,Sư phạm Tiếng Anh,D14,15.00,,THPTQG,2018,,daniele15,
UKH,51140231,Sư phạm Tiếng Anh,D15,15.00,,THPTQG,2018,,daniele15,
UKH,6210104,Đồ họa,C00,13.15,,THPTQG,2018,,daniele15,
UKH,6210104,Đồ họa,D01,13.15,,THPTQG,2018,,daniele15,
UKH,6210104,Đồ họa,D02,13.15,,THPTQG,2018,,daniele15,
UKH,6210104,Đồ họa,D03,13.15,,THPTQG,2018,,daniele15,
UKH,6210104,Đồ họa,D04,13.15,,THPTQG,2018,,daniele15,
UKH,6210104,Đồ họa,D05,13.15,,THPTQG,2018,,daniele15,
UKH,6210104,Đồ họa,D06,13.15,,THPTQG,2018,,daniele15,
UKH,6210104,Đồ họa,D14,13.15,,THPTQG,2018,,daniele15,
UKH,6210104,Đồ họa,D15,13.15,,THPTQG,2018,,daniele15,
UKH,6210104,Đồ họa,D41,13.15,,THPTQG,2018,,daniele15,
UKH,6210104,Đồ họa,D42,13.15,,THPTQG,2018,,daniele15,
UKH,6210104,Đồ họa,D43,13.15,,THPTQG,2018,,daniele15,
UKH,6210104,Đồ họa,D44,13.15,,THPTQG,2018,,daniele15,
UKH,6210104,Đồ họa,D45,13.15,,THPTQG,2018,,daniele15,
UKH,6210104,Đồ họa,D61,13.15,,THPTQG,2018,,daniele15,
UKH,6210104,Đồ họa,D62,13.15,,THPTQG,2018,,daniele15,
UKH,6210104,Đồ họa,D63,13.15,,THPTQG,2018,,daniele15,
UKH,6210104,Đồ họa,D64,13.15,,THPTQG,2018,,daniele15,
UKH,6210104,Đồ họa,D65,13.15,,THPTQG,2018,,daniele15,
UKH,6210213,Diễn viên múa,C00,22.50,,HocBa,2018,Học bạ,daniele15,
UKH,6210213,Diễn viên múa,D01,22.50,,HocBa,2018,Học bạ,daniele15,
UKH,6210213,Diễn viên múa,D02,22.50,,HocBa,2018,Học bạ,daniele15,
UKH,6210213,Diễn viên múa,D03,22.50,,HocBa,2018,Học bạ,daniele15,
UKH,6210213,Diễn viên múa,D04,22.50,,HocBa,2018,Học bạ,daniele15,
UKH,6210213,Diễn viên múa,D05,22.50,,HocBa,2018,Học bạ,daniele15,
UKH,6210213,Diễn viên múa,D06,22.50,,HocBa,2018,Học bạ,daniele15,
UKH,6210213,Diễn viên múa,D14,22.50,,HocBa,2018,Học bạ,daniele15,
UKH,6210213,Diễn viên múa,D15,22.50,,HocBa,2018,Học bạ,daniele15,
UKH,6210213,Diễn viên múa,D41,22.50,,HocBa,2018,Học bạ,daniele15,
UKH,6210213,Diễn viên múa,D42,22.50,,HocBa,2018,Học bạ,daniele15,
UKH,6210213,Diễn viên múa,D43,22.50,,HocBa,2018,Học bạ,daniele15,
UKH,6210213,Diễn viên múa,D44,22.50,,HocBa,2018,Học bạ,daniele15,
UKH,6210213,Diễn viên múa,D45,22.50,,HocBa,2018,Học bạ,daniele15,
UKH,6210213,Diễn viên múa,D61,22.50,,HocBa,2018,Học bạ,daniele15,
UKH,6210213,Diễn viên múa,D62,22.50,,HocBa,2018,Học bạ,daniele15,
UKH,6210213,Diễn viên múa,D63,22.50,,HocBa,2018,Học bạ,daniele15,
UKH,6210213,Diễn viên múa,D64,22.50,,HocBa,2018,Học bạ,daniele15,
UKH,6210213,Diễn viên múa,D65,22.50,,HocBa,2018,Học bạ,daniele15,
UKH,6210217,Biểu diễn nhạc cụ phương tây,C00,13.00,,THPTQG,2018,,daniele15,
UKH,6210217,Biểu diễn nhạc cụ phương tây,D01,13.00,,THPTQG,2018,,daniele15,
UKH,6210217,Biểu diễn nhạc cụ phương tây,D02,13.00,,THPTQG,2018,,daniele15,
UKH,6210217,Biểu diễn nhạc cụ phương tây,D03,13.00,,THPTQG,2018,,daniele15,
UKH,6210217,Biểu diễn nhạc cụ phương tây,D04,13.00,,THPTQG,2018,,daniele15,
UKH,6210217,Biểu diễn nhạc cụ phương tây,D05,13.00,,THPTQG,2018,,daniele15,
UKH,6210217,Biểu diễn nhạc cụ phương tây,D06,13.00,,THPTQG,2018,,daniele15,
UKH,6210217,Biểu diễn nhạc cụ phương tây,D14,13.00,,THPTQG,2018,,daniele15,
UKH,6210217,Biểu diễn nhạc cụ phương tây,D15,13.00,,THPTQG,2018,,daniele15,
UKH,6210217,Biểu diễn nhạc cụ phương tây,D41,13.00,,THPTQG,2018,,daniele15,
UKH,6210217,Biểu diễn nhạc cụ phương tây,D42,13.00,,THPTQG,2018,,daniele15,
UKH,6210217,Biểu diễn nhạc cụ phương tây,D43,13.00,,THPTQG,2018,,daniele15,
UKH,6210217,Biểu diễn nhạc cụ phương tây,D44,13.00,,THPTQG,2018,,daniele15,
UKH,6210217,Biểu diễn nhạc cụ phương tây,D45,13.00,,THPTQG,2018,,daniele15,
UKH,6210217,Biểu diễn nhạc cụ phương tây,D61,13.00,,THPTQG,2018,,daniele15,
UKH,6210217,Biểu diễn nhạc cụ phương tây,D62,13.00,,THPTQG,2018,,daniele15,
UKH,6210217,Biểu diễn nhạc cụ phương tây,D63,13.00,,THPTQG,2018,,daniele15,
UKH,6210217,Biểu diễn nhạc cụ phương tây,D64,13.00,,THPTQG,2018,,daniele15,
UKH,6210217,Biểu diễn nhạc cụ phương tây,D65,13.00,,THPTQG,2018,,daniele15,
UKH,6210225,Thanh nhạc,C00,12.25,,THPTQG,2018,,daniele15,
UKH,6210225,Thanh nhạc,D01,12.25,,THPTQG,2018,,daniele15,
UKH,6210225,Thanh nhạc,D02,12.25,,THPTQG,2018,,daniele15,
UKH,6210225,Thanh nhạc,D03,12.25,,THPTQG,2018,,daniele15,
UKH,6210225,Thanh nhạc,D04,12.25,,THPTQG,2018,,daniele15,
UKH,6210225,Thanh nhạc,D05,12.25,,THPTQG,2018,,daniele15,
UKH,6210225,Thanh nhạc,D06,12.25,,THPTQG,2018,,daniele15,
UKH,6210225,Thanh nhạc,D14,12.25,,THPTQG,2018,,daniele15,
UKH,6210225,Thanh nhạc,D15,12.25,,THPTQG,2018,,daniele15,
UKH,6210225,Thanh nhạc,D41,12.25,,THPTQG,2018,,daniele15,
UKH,6210225,Thanh nhạc,D42,12.25,,THPTQG,2018,,daniele15,
UKH,6210225,Thanh nhạc,D43,12.25,,THPTQG,2018,,daniele15,
UKH,6210225,Thanh nhạc,D44,12.25,,THPTQG,2018,,daniele15,
UKH,6210225,Thanh nhạc,D45,12.25,,THPTQG,2018,,daniele15,
UKH,6210225,Thanh nhạc,D61,12.25,,THPTQG,2018,,daniele15,
UKH,6210225,Thanh nhạc,D62,12.25,,THPTQG,2018,,daniele15,
UKH,6210225,Thanh nhạc,D63,12.25,,THPTQG,2018,,daniele15,
UKH,6210225,Thanh nhạc,D64,12.25,,THPTQG,2018,,daniele15,
UKH,6210225,Thanh nhạc,D65,12.25,,THPTQG,2018,,daniele15,
UKH,6220103,Việt Nam học,A01,11.65,,THPTQG,2018,Hướng dẫn du lịch,daniele15,
UKH,6220103,Việt Nam học,D01,11.65,,THPTQG,2018,Hướng dẫn du lịch,daniele15,
UKH,6220103,Việt Nam học,D14,11.65,,THPTQG,2018,Hướng dẫn du lịch,daniele15,
UKH,6220103,Việt Nam học,D15,11.65,,THPTQG,2018,Hướng dẫn du lịch,daniele15,
UKH,6220206,Tiếng Anh,A01,13.55,,THPTQG,2018,,daniele15,
UKH,6220206,Tiếng Anh,D01,13.55,,THPTQG,2018,,daniele15,
UKH,6220206,Tiếng Anh,D02,13.55,,THPTQG,2018,,daniele15,
UKH,6220206,Tiếng Anh,D03,13.55,,THPTQG,2018,,daniele15,
UKH,6220206,Tiếng Anh,D04,13.55,,THPTQG,2018,,daniele15,
UKH,6220206,Tiếng Anh,D05,13.55,,THPTQG,2018,,daniele15,
UKH,6220206,Tiếng Anh,D06,13.55,,THPTQG,2018,,daniele15,
UKH,6220206,Tiếng Anh,D14,13.55,,THPTQG,2018,,daniele15,
UKH,6220206,Tiếng Anh,D15,13.55,,THPTQG,2018,,daniele15,
UKH,6220206,Tiếng Anh,D41,13.55,,THPTQG,2018,,daniele15,
UKH,6220206,Tiếng Anh,D42,13.55,,THPTQG,2018,,daniele15,
UKH,6220206,Tiếng Anh,D43,13.55,,THPTQG,2018,,daniele15,
UKH,6220206,Tiếng Anh,D44,13.55,,THPTQG,2018,,daniele15,
UKH,6220206,Tiếng Anh,D45,13.55,,THPTQG,2018,,daniele15,
UKH,6220206,Tiếng Anh,D61,13.55,,THPTQG,2018,,daniele15,
UKH,6220206,Tiếng Anh,D62,13.55,,THPTQG,2018,,daniele15,
UKH,6220206,Tiếng Anh,D63,13.55,,THPTQG,2018,,daniele15,
UKH,6220206,Tiếng Anh,D64,13.55,,THPTQG,2018,,daniele15,
UKH,6220206,Tiếng Anh,D65,13.55,,THPTQG,2018,,daniele15,
UKH,6220209,Tiếng Trung Quốc - Tiếng Anh,A01,12.25,,THPTQG,2018,,daniele15,
UKH,6220209,Tiếng Trung Quốc - Tiếng Anh,D01,12.25,,THPTQG,2018,,daniele15,
UKH,6220209,Tiếng Trung Quốc - Tiếng Anh,D02,12.25,,THPTQG,2018,,daniele15,
UKH,6220209,Tiếng Trung Quốc - Tiếng Anh,D03,12.25,,THPTQG,2018,,daniele15,
UKH,6220209,Tiếng Trung Quốc - Tiếng Anh,D04,12.25,,THPTQG,2018,,daniele15,
UKH,6220209,Tiếng Trung Quốc - Tiếng Anh,D05,12.25,,THPTQG,2018,,daniele15,
UKH,6220209,Tiếng Trung Quốc - Tiếng Anh,D06,12.25,,THPTQG,2018,,daniele15,
UKH,6220209,Tiếng Trung Quốc - Tiếng Anh,D14,12.25,,THPTQG,2018,,daniele15,
UKH,6220209,Tiếng Trung Quốc - Tiếng Anh,D15,12.25,,THPTQG,2018,,daniele15,
UKH,6220209,Tiếng Trung Quốc - Tiếng Anh,D41,12.25,,THPTQG,2018,,daniele15,
UKH,6220209,Tiếng Trung Quốc - Tiếng Anh,D42,12.25,,THPTQG,2018,,daniele15,
UKH,6220209,Tiếng Trung Quốc - Tiếng Anh,D43,12.25,,THPTQG,2018,,daniele15,
UKH,6220209,Tiếng Trung Quốc - Tiếng Anh,D44,12.25,,THPTQG,2018,,daniele15,
UKH,6220209,Tiếng Trung Quốc - Tiếng Anh,D45,12.25,,THPTQG,2018,,daniele15,
UKH,6220209,Tiếng Trung Quốc - Tiếng Anh,D61,12.25,,THPTQG,2018,,daniele15,
UKH,6220209,Tiếng Trung Quốc - Tiếng Anh,D62,12.25,,THPTQG,2018,,daniele15,
UKH,6220209,Tiếng Trung Quốc - Tiếng Anh,D63,12.25,,THPTQG,2018,,daniele15,
UKH,6220209,Tiếng Trung Quốc - Tiếng Anh,D64,12.25,,THPTQG,2018,,daniele15,
UKH,6220209,Tiếng Trung Quốc - Tiếng Anh,D65,12.25,,THPTQG,2018,,daniele15,
UKH,6340403,Quản trị văn phòng,C00,14.00,,THPTQG,2018,văn thư-lưu trữ,daniele15,
UKH,6340403,Quản trị văn phòng,D01,14.00,,THPTQG,2018,văn thư-lưu trữ,daniele15,
UKH,6340403,Quản trị văn phòng,D14,14.00,,THPTQG,2018,văn thư-lưu trữ,daniele15,
UKH,6340403,Quản trị văn phòng,D15,14.00,,THPTQG,2018,văn thư-lưu trữ,daniele15,
UKH,6340404,Quản trị kinh doanh khách sạn - Nhà hàng,A01,11.25,,THPTQG,2018,,daniele15,
UKH,6340404,Quản trị kinh doanh khách sạn - Nhà hàng,D01,11.25,,THPTQG,2018,,daniele15,
UKH,6340404,Quản trị kinh doanh khách sạn - Nhà hàng,D02,11.25,,THPTQG,2018,,daniele15,
UKH,6340404,Quản trị kinh doanh khách sạn - Nhà hàng,D03,11.25,,THPTQG,2018,,daniele15,
UKH,6340404,Quản trị kinh doanh khách sạn - Nhà hàng,D04,11.25,,THPTQG,2018,,daniele15,
UKH,6340404,Quản trị kinh doanh khách sạn - Nhà hàng,D05,11.25,,THPTQG,2018,,daniele15,
UKH,6340404,Quản trị kinh doanh khách sạn - Nhà hàng,D06,11.25,,THPTQG,2018,,daniele15,
UKH,6340404,Quản trị kinh doanh khách sạn - Nhà hàng,D14,11.25,,THPTQG,2018,,daniele15,
UKH,6340404,Quản trị kinh doanh khách sạn - Nhà hàng,D15,11.25,,THPTQG,2018,,daniele15,
UKH,6340404,Quản trị kinh doanh khách sạn - Nhà hàng,D41,11.25,,THPTQG,2018,,daniele15,
UKH,6340404,Quản trị kinh doanh khách sạn - Nhà hàng,D42,11.25,,THPTQG,2018,,daniele15,
UKH,6340404,Quản trị kinh doanh khách sạn - Nhà hàng,D43,11.25,,THPTQG,2018,,daniele15,
UKH,6340404,Quản trị kinh doanh khách sạn - Nhà hàng,D44,11.25,,THPTQG,2018,,daniele15,
UKH,6340404,Quản trị kinh doanh khách sạn - Nhà hàng,D45,11.25,,THPTQG,2018,,daniele15,
UKH,6340404,Quản trị kinh doanh khách sạn - Nhà hàng,D61,11.25,,THPTQG,2018,,daniele15,
UKH,6340404,Quản trị kinh doanh khách sạn - Nhà hàng,D62,11.25,,THPTQG,2018,,daniele15,
UKH,6340404,Quản trị kinh doanh khách sạn - Nhà hàng,D63,11.25,,THPTQG,2018,,daniele15,
UKH,6340404,Quản trị kinh doanh khách sạn - Nhà hàng,D64,11.25,,THPTQG,2018,,daniele15,
UKH,6340404,Quản trị kinh doanh khách sạn - Nhà hàng,D65,11.25,,THPTQG,2018,,daniele15,
UKH,6480201,Công nghệ thông tin,A00,16.00,,THPTQG,2018,Quản trị mạng và truyền thông,daniele15,
UKH,6480201,Công nghệ thông tin,A01,16.00,,THPTQG,2018,Quản trị mạng và truyền thông,daniele15,
UKH,6480201,Công nghệ thông tin,B00,16.00,,THPTQG,2018,Quản trị mạng và truyền thông,daniele15,
UKH,6480201,Công nghệ thông tin,D07,16.00,,THPTQG,2018,Quản trị mạng và truyền thông,daniele15,
UKH,6810101,Quản trị dịch vụ du lịch và lữ hành,A01,10.85,,THPTQG,2018,,daniele15,
UKH,6810101,Quản trị dịch vụ du lịch và lữ hành,D01,10.85,,THPTQG,2018,,daniele15,
UKH,6810101,Quản trị dịch vụ du lịch và lữ hành,D02,10.85,,THPTQG,2018,,daniele15,
UKH,6810101,Quản trị dịch vụ du lịch và lữ hành,D03,10.85,,THPTQG,2018,,daniele15,
UKH,6810101,Quản trị dịch vụ du lịch và lữ hành,D04,10.85,,THPTQG,2018,,daniele15,
UKH,6810101,Quản trị dịch vụ du lịch và lữ hành,D05,10.85,,THPTQG,2018,,daniele15,
UKH,6810101,Quản trị dịch vụ du lịch và lữ hành,D06,10.85,,THPTQG,2018,,daniele15,
UKH,6810101,Quản trị dịch vụ du lịch và lữ hành,D14,10.85,,THPTQG,2018,,daniele15,
UKH,6810101,Quản trị dịch vụ du lịch và lữ hành,D15,10.85,,THPTQG,2018,,daniele15,
UKH,6810101,Quản trị dịch vụ du lịch và lữ hành,D41,10.85,,THPTQG,2018,,daniele15,
UKH,6810101,Quản trị dịch vụ du lịch và lữ hành,D42,10.85,,THPTQG,2018,,daniele15,
UKH,6810101,Quản trị dịch vụ du lịch và lữ hành,D43,10.85,,THPTQG,2018,,daniele15,
UKH,6810101,Quản trị dịch vụ du lịch và lữ hành,D44,10.85,,THPTQG,2018,,daniele15,
UKH,6810101,Quản trị dịch vụ du lịch và lữ hành,D45,10.85,,THPTQG,2018,,daniele15,
UKH,6810101,Quản trị dịch vụ du lịch và lữ hành,D61,10.85,,THPTQG,2018,,daniele15,
UKH,6810101,Quản trị dịch vụ du lịch và lữ hành,D62,10.85,,THPTQG,2018,,daniele15,
UKH,6810101,Quản trị dịch vụ du lịch và lữ hành,D63,10.85,,THPTQG,2018,,daniele15,
UKH,6810101,Quản trị dịch vụ du lịch và lữ hành,D64,10.85,,THPTQG,2018,,daniele15,
UKH,6810101,Quản trị dịch vụ du lịch và lữ hành,D65,10.85,,THPTQG,2018,,daniele15,
UKH,7140209,Sư phạm Toán học,A00,17.00,,THPTQG,2018,,daniele15,
UKH,7140209,Sư phạm Toán học,A01,17.00,,THPTQG,2018,,daniele15,
UKH,7140209,Sư phạm Toán học,B00,17.00,,THPTQG,2018,,daniele15,
UKH,7140209,Sư phạm Toán học,D07,17.00,,THPTQG,2018,,daniele15,
UKH,7140211,Sư phạm Vật lý,A00,17.00,,THPTQG,2018,,daniele15,
UKH,7140211,Sư phạm Vật lý,A01,17.00,,THPTQG,2018,,daniele15,
UKH,7140211,Sư phạm Vật lý,B00,17.00,,THPTQG,2018,,daniele15,
UKH,7140211,Sư phạm Vật lý,D07,17.00,,THPTQG,2018,,daniele15,
UKH,7140217,Sư phạm Ngữ văn,C00,17.00,,THPTQG,2018,,daniele15,
UKH,7140217,Sư phạm Ngữ văn,D01,17.00,,THPTQG,2018,,daniele15,
UKH,7140217,Sư phạm Ngữ văn,D14,17.00,,THPTQG,2018,,daniele15,
UKH,7140217,Sư phạm Ngữ văn,D15,17.00,,THPTQG,2018,,daniele15,
UKH,7220201,Ngôn ngữ Anh,A01,15.50,,THPTQG,2018,,daniele15,
UKH,7220201,Ngôn ngữ Anh,D01,15.50,,THPTQG,2018,,daniele15,
UKH,7220201,Ngôn ngữ Anh,D14,15.50,,THPTQG,2018,,daniele15,
UKH,7220201,Ngôn ngữ Anh,D15,15.50,,THPTQG,2018,,daniele15,
UKH,7310630,Việt Nam học,A01,15.00,,THPTQG,2018,Hướng dẫn Du lịch,daniele15,
UKH,7310630,Việt Nam học,D01,15.00,,THPTQG,2018,Hướng dẫn Du lịch,daniele15,
UKH,7310630,Việt Nam học,D14,15.00,,THPTQG,2018,Hướng dẫn Du lịch,daniele15,
UKH,7310630,Việt Nam học,D15,15.00,,THPTQG,2018,Hướng dẫn Du lịch,daniele15,
UKH,7310630A,Việt Nam học,A01,15.00,,THPTQG,2018,Văn hóa Du lịch,daniele15,
UKH,7310630A,Việt Nam học,D01,15.00,,THPTQG,2018,Văn hóa Du lịch,daniele15,
UKH,7310630A,Việt Nam học,D14,15.00,,THPTQG,2018,Văn hóa Du lịch,daniele15,
UKH,7310630A,Việt Nam học,D15,15.00,,THPTQG,2018,Văn hóa Du lịch,daniele15,
UKH,7420203,Sinh học ứng dụng,A00,15.00,,THPTQG,2018,,daniele15,
UKH,7420203,Sinh học ứng dụng,A01,15.00,,THPTQG,2018,,daniele15,
UKH,7420203,Sinh học ứng dụng,B00,15.00,,THPTQG,2018,,daniele15,
UKH,7420203,Sinh học ứng dụng,D07,15.00,,THPTQG,2018,,daniele15,
UKH,7440112,Hoá học,A00,15.00,,THPTQG,2018,Hóa phân tích,daniele15,
UKH,7440112,Hoá học,A01,15.00,,THPTQG,2018,Hóa phân tích,daniele15,
UKH,7440112,Hoá học,B00,15.00,,THPTQG,2018,Hóa phân tích,daniele15,
UKH,7440112,Hoá học,D07,15.00,,THPTQG,2018,Hóa phân tích,daniele15,
UKH,7810103,Quản trị dịch vụ du lịch và lữ hành,A01,15.50,,THPTQG,2018,,daniele15,
UKH,7810103,Quản trị dịch vụ du lịch và lữ hành,D01,15.50,,THPTQG,2018,,daniele15,
UKH,7810103,Quản trị dịch vụ du lịch và lữ hành,D14,15.50,,THPTQG,2018,,daniele15,
UKH,7810103,Quản trị dịch vụ du lịch và lữ hành,D15,15.50,,THPTQG,2018,,daniele15,
VGU,7340101,Quản trị kinh doanh,A00,20.05,,THPTQG,2018,BA,daniele15,
VGU,7340101,Quản trị kinh doanh,A01,20.05,,THPTQG,2018,BA,daniele15,
VGU,7340101,Quản trị kinh doanh,D01,20.05,,THPTQG,2018,BA,daniele15,
VGU,7340101,Quản trị kinh doanh,D03,20.05,,THPTQG,2018,BA,daniele15,
VGU,7340101,Quản trị kinh doanh,D05,20.05,,THPTQG,2018,BA,daniele15,
VGU,7340202,Tài chính và Kế toán,A00,20.20,,THPTQG,2018,FA,daniele15,
VGU,7340202,Tài chính và Kế toán,A01,20.20,,THPTQG,2018,FA,daniele15,
VGU,7340202,Tài chính và Kế toán,D01,20.20,,THPTQG,2018,FA,daniele15,
VGU,7340202,Tài chính và Kế toán,D03,20.20,,THPTQG,2018,FA,daniele15,
VGU,7340202,Tài chính và Kế toán,D05,20.20,,THPTQG,2018,FA,daniele15,
VGU,7480101,Kỹ thuật xây dựng,A00,20.10,,THPTQG,2018,CS :Computer science,daniele15,
VGU,7480101,Kỹ thuật xây dựng,A01,20.10,,THPTQG,2018,CS :Computer science,daniele15,
VGU,7520103,Kỹ thuật cơ khí,A00,20.00,,THPTQG,2018,ME,daniele15,
VGU,7520103,Kỹ thuật cơ khí,A01,20.00,,THPTQG,2018,ME,daniele15,
VGU,7520208,Kỹ thuật điện và công nghệ thông tin,A00,20.30,,THPTQG,2018,EEIT,daniele15,
VGU,7520208,Kỹ thuật điện và công nghệ thông tin,A01,20.30,,THPTQG,2018,EEIT,daniele15,
VHD,7310101,Kinh tế,A00,14.00,,HocBa,2018,Điểm chuẩn học bạ lấy 18 điểm,daniele15,
VHD,7310101,Kinh tế,C01,14.00,,HocBa,2018,Điểm chuẩn học bạ lấy 18 điểm,daniele15,
VHD,7310101,Kinh tế,D01,14.00,,HocBa,2018,Điểm chuẩn học bạ lấy 18 điểm,daniele15,
VHD,7310101,Kinh tế,D07,14.00,,HocBa,2018,Điểm chuẩn học bạ lấy 18 điểm,daniele15,
VHD,7340101,Quản trị kinh doanh,A00,14.00,,HocBa,2018,Điểm chuẩn học bạ lấy 18 điểm,daniele15,
VHD,7340101,Quản trị kinh doanh,C01,14.00,,HocBa,2018,Điểm chuẩn học bạ lấy 18 điểm,daniele15,
VHD,7340101,Quản trị kinh doanh,D01,14.00,,HocBa,2018,Điểm chuẩn học bạ lấy 18 điểm,daniele15,
VHD,7340101,Quản trị kinh doanh,D08,14.00,,HocBa,2018,Điểm chuẩn học bạ lấy 18 điểm,daniele15,
VHD,7340201,Tài chính - Ngân hàng,A00,14.00,,HocBa,2018,Điểm chuẩn học bạ lấy 18 điểm,daniele15,
VHD,7340201,Tài chính - Ngân hàng,C01,14.00,,HocBa,2018,Điểm chuẩn học bạ lấy 18 điểm,daniele15,
VHD,7340201,Tài chính - Ngân hàng,D01,14.00,,HocBa,2018,Điểm chuẩn học bạ lấy 18 điểm,daniele15,
VHD,7340201,Tài chính - Ngân hàng,D06,14.00,,HocBa,2018,Điểm chuẩn học bạ lấy 18 điểm,daniele15,
VHD,7480201,Công nghệ thông tin,A00,14.00,,HocBa,2018,Điểm chuẩn học bạ lấy 18 điểm,daniele15,
VHD,7480201,Công nghệ thông tin,A01,14.00,,HocBa,2018,Điểm chuẩn học bạ lấy 18 điểm,daniele15,
VHD,7480201,Công nghệ thông tin,C01,14.00,,HocBa,2018,Điểm chuẩn học bạ lấy 18 điểm,daniele15,
VHD,7480201,Công nghệ thông tin,D05,14.00,,HocBa,2018,Điểm chuẩn học bạ lấy 18 điểm,daniele15,
VHD,7510103,Công nghệ kỹ thuật xây dựng,A00,14.00,,HocBa,2018,Điểm chuẩn học bạ lấy 18 điểm,daniele15,
VHD,7510103,Công nghệ kỹ thuật xây dựng,A01,14.00,,HocBa,2018,Điểm chuẩn học bạ lấy 18 điểm,daniele15,
VHD,7510103,Công nghệ kỹ thuật xây dựng,C01,14.00,,HocBa,2018,Điểm chuẩn học bạ lấy 18 điểm,daniele15,
VHD,7510103,Công nghệ kỹ thuật xây dựng,D04,14.00,,HocBa,2018,Điểm chuẩn học bạ lấy 18 điểm,daniele15,
VHD,7510201,Công nghệ kỹ thuật cơ khí,A00,14.00,,HocBa,2018,Điểm chuẩn học bạ lấy 18 điểm,daniele15,
VHD,7510201,Công nghệ kỹ thuật cơ khí,A01,14.00,,HocBa,2018,Điểm chuẩn học bạ lấy 18 điểm,daniele15,
VHD,7510201,Công nghệ kỹ thuật cơ khí,C01,14.00,,HocBa,2018,Điểm chuẩn học bạ lấy 18 điểm,daniele15,
VHD,7510201,Công nghệ kỹ thuật cơ khí,D02,14.00,,HocBa,2018,Điểm chuẩn học bạ lấy 18 điểm,daniele15,
VHD,7510205,Công nghệ kỹ thuật ô tô,A00,14.00,,HocBa,2018,Điểm chuẩn học bạ lấy 18 điểm,daniele15,
VHD,7510205,Công nghệ kỹ thuật ô tô,A01,14.00,,HocBa,2018,Điểm chuẩn học bạ lấy 18 điểm,daniele15,
VHD,7510205,Công nghệ kỹ thuật ô tô,C01,14.00,,HocBa,2018,Điểm chuẩn học bạ lấy 18 điểm,daniele15,
VHD,7510205,Công nghệ kỹ thuật ô tô,D03,14.00,,HocBa,2018,Điểm chuẩn học bạ lấy 18 điểm,daniele15,
VHD,7510301,"Công nghệ kỹ thuật điện, điện tử",A00,14.00,,HocBa,2018,Điểm chuẩn học bạ lấy 18 điểm,daniele15,
VHD,7510301,"Công nghệ kỹ thuật điện, điện tử",A01,14.00,,HocBa,2018,Điểm chuẩn học bạ lấy 18 điểm,daniele15,
VHD,7510301,"Công nghệ kỹ thuật điện, điện tử",C01,14.00,,HocBa,2018,Điểm chuẩn học bạ lấy 18 điểm,daniele15,
VHD,7510301,"Công nghệ kỹ thuật điện, điện tử",D01,14.00,,HocBa,2018,Điểm chuẩn học bạ lấy 18 điểm,daniele15,
VHH,7220110,Văn học,N00,21.00,,THPTQG,2018,Sáng tác văn học,daniele15,
VHH,7220112,Văn hoá các dân tộc thiểu số Việt Nam,D01,18.50,,THPTQG,2018,,daniele15,
VHH,7220112,Văn hoá các dân tộc thiểu số Việt Nam,D78,18.50,,THPTQG,2018,,daniele15,
VHH,7220112,Văn hoá các dân tộc thiểu số Việt Nam,D01,17.50,,THPTQG,2018,,daniele15,
VHH,7220112,Văn hoá các dân tộc thiểu số Việt Nam,D78,17.50,,THPTQG,2018,,daniele15,
VHH,7220201,Ngôn ngữ Anh,D01,20.25,,THPTQG,2018,,daniele15,
VHH,7220201,Ngôn ngữ Anh,D78,20.25,,THPTQG,2018,,daniele15,
VHH,7220201,Ngôn ngữ Anh,D96,20.25,,THPTQG,2018,,daniele15,
VHH,7229040,Văn hoá học,D01,19.50,,THPTQG,2018,Nghiên cứu văn hoá,daniele15,
VHH,7229040,Văn hoá học,D78,19.50,,THPTQG,2018,Nghiên cứu văn hoá,daniele15,
VHH,7229040,Văn hoá học,D01,18.50,,THPTQG,2018,Nghiên cứu văn hoá,daniele15,
VHH,7229040,Văn hoá học,D78,18.50,,THPTQG,2018,Nghiên cứu văn hoá,daniele15,
VHH,7229040B,Văn hoá học,D01,21.00,,THPTQG,2018,Văn hoá truyền thông,daniele15,
VHH,7229040B,Văn hoá học,D78,21.00,,THPTQG,2018,Văn hoá truyền thông,daniele15,
VHH,7229040B,Văn hoá học,D01,20.00,,THPTQG,2018,Văn hoá truyền thông,daniele15,
VHH,7229040B,Văn hoá học,D78,20.00,,THPTQG,2018,Văn hoá truyền thông,daniele15,
VHH,7229042A,Quản lý văn hoá,D01,18.00,,THPTQG,2018,Chính sách văn hoá và Quản lý nghệ thuật,daniele15,
VHH,7229042A,Quản lý văn hoá,D78,18.00,,THPTQG,2018,Chính sách văn hoá và Quản lý nghệ thuật,daniele15,
VHH,7229042A,Quản lý văn hoá,D01,17.00,,THPTQG,2018,Chính sách văn hoá và Quản lý nghệ thuật,daniele15,
VHH,7229042A,Quản lý văn hoá,D78,17.00,,THPTQG,2018,Chính sách văn hoá và Quản lý nghệ thuật,daniele15,
VHH,7229042B,Quản lý văn hoá,D01,17.75,,THPTQG,2018,Quản lý nhà nước về gia đình,daniele15,
VHH,7229042B,Quản lý văn hoá,D78,17.75,,THPTQG,2018,Quản lý nhà nước về gia đình,daniele15,
VHH,7229042B,Quản lý văn hoá,D01,16.75,,THPTQG,2018,Quản lý nhà nước về gia đình,daniele15,
VHH,7229042B,Quản lý văn hoá,D78,16.75,,THPTQG,2018,Quản lý nhà nước về gia đình,daniele15,
VHH,7229042C,Quản lý văn hoá,D01,19.00,,THPTQG,2018,,daniele15,
VHH,7229042C,Quản lý văn hoá,D78,19.00,,THPTQG,2018,,daniele15,
VHH,7229042C,Quản lý văn hoá,D01,18.00,,THPTQG,2018,,daniele15,
VHH,7229042C,Quản lý văn hoá,D78,18.00,,THPTQG,2018,,daniele15,
VHH,7229042D,Quản lý văn hoá,N00,21.00,,THPTQG,2018,Biểu diễn âm nhạc,daniele15,
VHH,7229042E,Quản lý văn hoá,N05,21.00,,THPTQG,2018,Đạo diễn sự kiện,daniele15,
VHH,7229042G,Quản lý văn hoá,N00,23.00,,THPTQG,2018,Biên đạo múa đại chúng,daniele15,
VHH,7229042LT,Quản lý văn hoá,C00,24.00,,THPTQG,2018,Liên thông,daniele15,
VHH,7229042LT,Quản lý văn hoá,C00,15.00,,THPTQG,2018,Liên thông,daniele15,
VHH,7229045,Gia đình học,D01,16.50,,THPTQG,2018,,daniele15,
VHH,7229045,Gia đình học,D78,16.50,,THPTQG,2018,,daniele15,
VHH,7229045,Gia đình học,D01,15.50,,THPTQG,2018,,daniele15,
VHH,7229045,Gia đình học,D78,15.50,,THPTQG,2018,,daniele15,
VHH,7320101,Báo chí,D01,23.25,,THPTQG,2018,,daniele15,
VHH,7320101,Báo chí,D78,23.25,,THPTQG,2018,,daniele15,
VHH,7320101,Báo chí,D01,20.25,,THPTQG,2018,,daniele15,
VHH,7320101,Báo chí,D78,20.25,,THPTQG,2018,,daniele15,
VHH,7320201,Thông tin - thư viện,D01,17.75,,THPTQG,2018,,daniele15,
VHH,7320201,Thông tin - thư viện,D96,17.75,,THPTQG,2018,,daniele15,
VHH,7320201,Thông tin - thư viện,D01,16.75,,THPTQG,2018,,daniele15,
VHH,7320201,Thông tin - thư viện,D96,16.75,,THPTQG,2018,,daniele15,
VHH,7320201LT,Liên thông Thư viện,D01,25.00,,THPTQG,2018,,daniele15,
VHH,7320201LT,Liên thông Thư viện,D96,25.00,,THPTQG,2018,,daniele15,
VHH,7320201LT,Liên thông Thư viện,D01,24.00,,THPTQG,2018,,daniele15,
VHH,7320201LT,Liên thông Thư viện,D96,24.00,,THPTQG,2018,,daniele15,
VHH,7320205,Quản lý thông tin,D01,19.00,,THPTQG,2018,,daniele15,
VHH,7320205,Quản lý thông tin,D96,19.00,,THPTQG,2018,,daniele15,
VHH,7320205,Quản lý thông tin,D01,18.00,,THPTQG,2018,,daniele15,
VHH,7320205,Quản lý thông tin,D96,18.00,,THPTQG,2018,,daniele15,
VHH,7320305,Bảo tàng học,D01,17.25,,THPTQG,2018,,daniele15,
VHH,7320305,Bảo tàng học,D78,17.25,,THPTQG,2018,,daniele15,
VHH,7320305,Bảo tàng học,D01,16.25,,THPTQG,2018,,daniele15,
VHH,7320305,Bảo tàng học,D78,16.25,,THPTQG,2018,,daniele15,
VHH,7320402,Kinh doanh xuất bản phẩm,D01,17.75,,THPTQG,2018,,daniele15,
VHH,7320402,Kinh doanh xuất bản phẩm,D96,17.75,,THPTQG,2018,,daniele15,
VHH,7320402,Kinh doanh xuất bản phẩm,D01,16.75,,THPTQG,2018,,daniele15,
VHH,7320402,Kinh doanh xuất bản phẩm,D96,16.75,,THPTQG,2018,,daniele15,
VHH,7380101,Luật,D01,23.00,,THPTQG,2018,,daniele15,
VHH,7380101,Luật,D96,23.00,,THPTQG,2018,,daniele15,
VHH,7380101,Luật,D01,20.00,,THPTQG,2018,,daniele15,
VHH,7380101,Luật,D96,20.00,,THPTQG,2018,,daniele15,
VHH,7810101A,Du lịch,D01,22.25,,THPTQG,2018,Văn hoá du lịch,daniele15,
VHH,7810101A,Du lịch,D78,22.25,,THPTQG,2018,Văn hoá du lịch,daniele15,
VHH,7810101A,Du lịch,D01,19.25,,THPTQG,2018,Văn hoá du lịch,daniele15,
VHH,7810101A,Du lịch,D78,19.25,,THPTQG,2018,Văn hoá du lịch,daniele15,
VHH,7810101B,Du lịch,D01,23.75,,THPTQG,2018,"Lữ hành, Hướng dẫn du lịch",daniele15,
VHH,7810101B,Du lịch,D78,23.75,,THPTQG,2018,"Lữ hành, Hướng dẫn du lịch",daniele15,
VHH,7810101B,Du lịch,D01,20.75,,THPTQG,2018,"Lữ hành, Hướng dẫn du lịch",daniele15,
VHH,7810101B,Du lịch,D78,20.75,,THPTQG,2018,"Lữ hành, Hướng dẫn du lịch",daniele15,
VHH,7810101C,Du lịch,D01,19.00,,THPTQG,2018,Hướng dẫn du lịch quốc tế,daniele15,
VHH,7810101C,Du lịch,D78,19.00,,THPTQG,2018,Hướng dẫn du lịch quốc tế,daniele15,
VHH,7810101C,Du lịch,D96,19.00,,THPTQG,2018,Hướng dẫn du lịch quốc tế,daniele15,
VHH,7810101LT,Du lịch,D01,25.00,,THPTQG,2018,Liên thông,daniele15,
VHH,7810101LT,Du lịch,D78,25.00,,THPTQG,2018,Liên thông,daniele15,
VHH,7810101LT,Du lịch,D01,22.00,,THPTQG,2018,Liên thông,daniele15,
VHH,7810101LT,Du lịch,D78,22.00,,THPTQG,2018,Liên thông,daniele15,
VHH,7810103,Quản trị dịch vụ du lịch và lữ hành,D01,24.75,,THPTQG,2018,,daniele15,
VHH,7810103,Quản trị dịch vụ du lịch và lữ hành,D78,24.75,,THPTQG,2018,,daniele15,
VHH,7810103,Quản trị dịch vụ du lịch và lữ hành,D01,21.75,,THPTQG,2018,,daniele15,
VHH,7810103,Quản trị dịch vụ du lịch và lữ hành,D78,21.75,,THPTQG,2018,,daniele15,
VHS,7220112,Văn hoá các dân tộc thiểu số Việt Nam,C00,14.50,,THPTQG,2018,,daniele15,
VHS,7220112,Văn hoá các dân tộc thiểu số Việt Nam,D01,14.50,,THPTQG,2018,,daniele15,
VHS,7220112,Văn hoá các dân tộc thiểu số Việt Nam,D09,14.50,,THPTQG,2018,,daniele15,
VHS,7220112,Văn hoá các dân tộc thiểu số Việt Nam,D15,14.50,,THPTQG,2018,,daniele15,
VHS,7229040A,Văn hoá học,C00,17.50,,THPTQG,2018,chuyên ngành Văn hóa Việt Nam,daniele15,
VHS,7229040A,Văn hoá học,D01,17.50,,THPTQG,2018,chuyên ngành Văn hóa Việt Nam,daniele15,
VHS,7229040A,Văn hoá học,D09,17.50,,THPTQG,2018,chuyên ngành Văn hóa Việt Nam,daniele15,
VHS,7229040A,Văn hoá học,D15,17.50,,THPTQG,2018,chuyên ngành Văn hóa Việt Nam,daniele15,
VHS,7229040B,Văn hoá học,C00,14.50,,THPTQG,2018,chuyên ngành Công nghiệp Văn hóa,daniele15,
VHS,7229040B,Văn hoá học,D01,14.50,,THPTQG,2018,chuyên ngành Công nghiệp Văn hóa,daniele15,
VHS,7229040B,Văn hoá học,D09,14.50,,THPTQG,2018,chuyên ngành Công nghiệp Văn hóa,daniele15,
VHS,7229040B,Văn hoá học,D15,14.50,,THPTQG,2018,chuyên ngành Công nghiệp Văn hóa,daniele15,
VHS,7229040C,Văn hoá học,C00,19.50,,THPTQG,2018,chuyên ngành Truyền thông Văn hóa,daniele15,
VHS,7229040C,Văn hoá học,D01,19.50,,THPTQG,2018,chuyên ngành Truyền thông Văn hóa,daniele15,
VHS,7229040C,Văn hoá học,D09,19.50,,THPTQG,2018,chuyên ngành Truyền thông Văn hóa,daniele15,
VHS,7229040C,Văn hoá học,D14,19.50,,THPTQG,2018,chuyên ngành Truyền thông Văn hóa,daniele15,
VHS,7229042A,Quản lý văn hoá,C00,18.00,,THPTQG,2018,chuyên ngành Quản lý hoạt động Văn hóa Xã hội,daniele15,
VHS,7229042A,Quản lý văn hoá,D01,18.00,,THPTQG,2018,chuyên ngành Quản lý hoạt động Văn hóa Xã hội,daniele15,
VHS,7229042A,Quản lý văn hoá,D09,18.00,,THPTQG,2018,chuyên ngành Quản lý hoạt động Văn hóa Xã hội,daniele15,
VHS,7229042A,Quản lý văn hoá,D15,18.00,,THPTQG,2018,chuyên ngành Quản lý hoạt động Văn hóa Xã hội,daniele15,
VHS,7229042B,Quản lý văn hoá,C00,14.00,,THPTQG,2018,chuyên ngành Quản lý Di sản văn hóa,daniele15,
VHS,7229042B,Quản lý văn hoá,D01,14.00,,THPTQG,2018,chuyên ngành Quản lý Di sản văn hóa,daniele15,
VHS,7229042B,Quản lý văn hoá,D09,14.00,,THPTQG,2018,chuyên ngành Quản lý Di sản văn hóa,daniele15,
VHS,7229042B,Quản lý văn hoá,D15,14.00,,THPTQG,2018,chuyên ngành Quản lý Di sản văn hóa,daniele15,
VHS,7229042C,Quản lý văn hoá,,19.00,,THPTQG,2018,chuyên ngành Tổ chức hoạt động Văn hóa Nghệ thuật,daniele15,
VHS,7229042D,Quản lý văn hoá,,18.00,,THPTQG,2018,chuyên ngành Biểu diễn âm nhạc,daniele15,
VHS,7310630,Việt Nam học,C00,21.00,,THPTQG,2018,,daniele15,
VHS,7310630,Việt Nam học,D01,21.00,,THPTQG,2018,,daniele15,
VHS,7310630,Việt Nam học,D09,21.00,,THPTQG,2018,,daniele15,
VHS,7310630,Việt Nam học,D15,21.00,,THPTQG,2018,,daniele15,
VHS,7320201,Thông tin - thư viện,C00,14.50,,THPTQG,2018,,daniele15,
VHS,7320201,Thông tin - thư viện,D01,14.50,,THPTQG,2018,,daniele15,
VHS,7320201,Thông tin - thư viện,D09,14.50,,THPTQG,2018,,daniele15,
VHS,7320201,Thông tin - thư viện,D15,14.50,,THPTQG,2018,,daniele15,
VHS,7320305,Bảo tàng học,C00,14.00,,THPTQG,2018,,daniele15,
VHS,7320305,Bảo tàng học,D01,14.00,,THPTQG,2018,,daniele15,
VHS,7320305,Bảo tàng học,D09,14.00,,THPTQG,2018,,daniele15,
VHS,7320305,Bảo tàng học,D15,14.00,,THPTQG,2018,,daniele15,
VHS,7320402,Kinh doanh xuất bản phẩm,C00,16.00,,THPTQG,2018,,daniele15,
VHS,7320402,Kinh doanh xuất bản phẩm,D01,16.00,,THPTQG,2018,,daniele15,
VHS,7320402,Kinh doanh xuất bản phẩm,D09,16.00,,THPTQG,2018,,daniele15,
VHS,7320402,Kinh doanh xuất bản phẩm,D15,16.00,,THPTQG,2018,,daniele15,
VHS,7810103A,Quản trị dịch vụ du lịch và lữ hành,D01,19.50,,THPTQG,2018,chuyên ngành Quản trị lữ hành,daniele15,
VHS,7810103A,Quản trị dịch vụ du lịch và lữ hành,D09,19.50,,THPTQG,2018,chuyên ngành Quản trị lữ hành,daniele15,
VHS,7810103A,Quản trị dịch vụ du lịch và lữ hành,D10,19.50,,THPTQG,2018,chuyên ngành Quản trị lữ hành,daniele15,
VHS,7810103A,Quản trị dịch vụ du lịch và lữ hành,D15,19.50,,THPTQG,2018,chuyên ngành Quản trị lữ hành,daniele15,
VHS,7810103B,Quản trị dịch vụ du lịch và lữ hành,C00,21.25,,THPTQG,2018,chuyên ngành Hướng dẫn du lịch,daniele15,
VHS,7810103B,Quản trị dịch vụ du lịch và lữ hành,D01,21.25,,THPTQG,2018,chuyên ngành Hướng dẫn du lịch,daniele15,
VHS,7810103B,Quản trị dịch vụ du lịch và lữ hành,D09,21.25,,THPTQG,2018,chuyên ngành Hướng dẫn du lịch,daniele15,
VHS,7810103B,Quản trị dịch vụ du lịch và lữ hành,D15,21.25,,THPTQG,2018,chuyên ngành Hướng dẫn du lịch,daniele15,
VKU,7340101,Quản trị kinh doanh,A00,16.00,,THPTQG,2018,TTNV <= 5,daniele15,
VKU,7340101,Quản trị kinh doanh,A01,16.00,,THPTQG,2018,TTNV <= 5,daniele15,
VKU,7340101,Quản trị kinh doanh,D01,16.00,,THPTQG,2018,TTNV <= 5,daniele15,
VKU,7340101,Quản trị kinh doanh,D90,16.00,,THPTQG,2018,TTNV <= 5,daniele15,
VKU,7480108,Công nghệ kỹ thuật máy tính,A00,15.50,,THPTQG,2018,TTNV <= 5,daniele15,
VKU,7480108,Công nghệ kỹ thuật máy tính,A01,15.50,,THPTQG,2018,TTNV <= 5,daniele15,
VKU,7480108,Công nghệ kỹ thuật máy tính,D01,15.50,,THPTQG,2018,TTNV <= 5,daniele15,
VKU,7480108,Công nghệ kỹ thuật máy tính,D90,15.50,,THPTQG,2018,TTNV <= 5,daniele15,
VKU,7480201,Công nghệ thông tin,A00,17.00,,THPTQG,2018,TTNV <= 4,daniele15,
VKU,7480201,Công nghệ thông tin,A01,17.00,,THPTQG,2018,TTNV <= 4,daniele15,
VKU,7480201,Công nghệ thông tin,D01,17.00,,THPTQG,2018,TTNV <= 4,daniele15,
VKU,7480201,Công nghệ thông tin,D90,17.00,,THPTQG,2018,TTNV <= 4,daniele15,
VKU,7480201DT,Công nghệ thông tin,A00,16.55,,THPTQG,2018,đặc thùTTNV <= 3,daniele15,
VKU,7480201DT,Công nghệ thông tin,A01,16.55,,THPTQG,2018,đặc thùTTNV <= 3,daniele15,
VKU,7480201DT,Công nghệ thông tin,D01,16.55,,THPTQG,2018,đặc thùTTNV <= 3,daniele15,
VKU,7480201DT,Công nghệ thông tin,D90,16.55,,THPTQG,2018,đặc thùTTNV <= 3,daniele15,
VLU,7140214,Sư phạm kỹ thuật công nghiệp,A01,17.00,,HocBa,2018,Điểm chuẩn xét tuyển học bạ lấy 18 điểm,daniele15,
VLU,7140214,Sư phạm kỹ thuật công nghiệp,C04,17.00,,HocBa,2018,Điểm chuẩn xét tuyển học bạ lấy 18 điểm,daniele15,
VLU,7140214,Sư phạm kỹ thuật công nghiệp,C14,17.00,,HocBa,2018,Điểm chuẩn xét tuyển học bạ lấy 18 điểm,daniele15,
VLU,7140214,Sư phạm kỹ thuật công nghiệp,D01,17.00,,HocBa,2018,Điểm chuẩn xét tuyển học bạ lấy 18 điểm,daniele15,
VLU,7140246,Sư phạm công nghệ,A01,17.35,,HocBa,2018,Điểm chuẩn xét tuyển học bạ lấy 18 điểm,daniele15,
VLU,7140246,Sư phạm công nghệ,C04,17.35,,HocBa,2018,Điểm chuẩn xét tuyển học bạ lấy 18 điểm,daniele15,
VLU,7140246,Sư phạm công nghệ,C14,17.35,,HocBa,2018,Điểm chuẩn xét tuyển học bạ lấy 18 điểm,daniele15,
VLU,7140246,Sư phạm công nghệ,D01,17.35,,HocBa,2018,Điểm chuẩn xét tuyển học bạ lấy 18 điểm,daniele15,
VLU,7420201,Công nghệ sinh học,A01,15.00,,HocBa,2018,Điểm chuẩn xét tuyển học bạ lấy 18 điểm,daniele15,
VLU,7420201,Công nghệ sinh học,B00,15.00,,HocBa,2018,Điểm chuẩn xét tuyển học bạ lấy 18 điểm,daniele15,
VLU,7420201,Công nghệ sinh học,C04,15.00,,HocBa,2018,Điểm chuẩn xét tuyển học bạ lấy 18 điểm,daniele15,
VLU,7420201,Công nghệ sinh học,D01,15.00,,HocBa,2018,Điểm chuẩn xét tuyển học bạ lấy 18 điểm,daniele15,
VLU,7480201,Công nghệ thông tin,A00,15.00,,HocBa,2018,Điểm chuẩn xét tuyển học bạ lấy 18 điểm,daniele15,
VLU,7480201,Công nghệ thông tin,A01,15.00,,HocBa,2018,Điểm chuẩn xét tuyển học bạ lấy 18 điểm,daniele15,
VLU,7480201,Công nghệ thông tin,C04,15.00,,HocBa,2018,Điểm chuẩn xét tuyển học bạ lấy 18 điểm,daniele15,
VLU,7480201,Công nghệ thông tin,D01,15.00,,HocBa,2018,Điểm chuẩn xét tuyển học bạ lấy 18 điểm,daniele15,
VLU,7510104,Công nghệ kỹ thuật giao thông,A00,15.05,,HocBa,2018,Điểm chuẩn xét tuyển học bạ lấy 18 điểm,daniele15,
VLU,7510104,Công nghệ kỹ thuật giao thông,A01,15.05,,HocBa,2018,Điểm chuẩn xét tuyển học bạ lấy 18 điểm,daniele15,
VLU,7510104,Công nghệ kỹ thuật giao thông,C04,15.05,,HocBa,2018,Điểm chuẩn xét tuyển học bạ lấy 18 điểm,daniele15,
VLU,7510104,Công nghệ kỹ thuật giao thông,D01,15.05,,HocBa,2018,Điểm chuẩn xét tuyển học bạ lấy 18 điểm,daniele15,
VLU,7510201,Công nghệ kỹ thuật cơ khí,A00,15.50,,HocBa,2018,Điểm chuẩn xét tuyển học bạ lấy 18 điểm,daniele15,
VLU,7510201,Công nghệ kỹ thuật cơ khí,A01,15.50,,HocBa,2018,Điểm chuẩn xét tuyển học bạ lấy 18 điểm,daniele15,
VLU,7510201,Công nghệ kỹ thuật cơ khí,C04,15.50,,HocBa,2018,Điểm chuẩn xét tuyển học bạ lấy 18 điểm,daniele15,
VLU,7510201,Công nghệ kỹ thuật cơ khí,D01,15.50,,HocBa,2018,Điểm chuẩn xét tuyển học bạ lấy 18 điểm,daniele15,
VLU,7510202,Công nghệ chế tạo máy,A00,15.05,,HocBa,2018,Điểm chuẩn xét tuyển học bạ lấy 18 điểm,daniele15,
VLU,7510202,Công nghệ chế tạo máy,A01,15.05,,HocBa,2018,Điểm chuẩn xét tuyển học bạ lấy 18 điểm,daniele15,
VLU,7510202,Công nghệ chế tạo máy,C04,15.05,,HocBa,2018,Điểm chuẩn xét tuyển học bạ lấy 18 điểm,daniele15,
VLU,7510202,Công nghệ chế tạo máy,D01,15.05,,HocBa,2018,Điểm chuẩn xét tuyển học bạ lấy 18 điểm,daniele15,
VLU,7510203,Công nghệ kỹ thuật cơ điện tử,A00,15.05,,HocBa,2018,Điểm chuẩn xét tuyển học bạ lấy 18 điểm,daniele15,
VLU,7510203,Công nghệ kỹ thuật cơ điện tử,A01,15.05,,HocBa,2018,Điểm chuẩn xét tuyển học bạ lấy 18 điểm,daniele15,
VLU,7510203,Công nghệ kỹ thuật cơ điện tử,C04,15.05,,HocBa,2018,Điểm chuẩn xét tuyển học bạ lấy 18 điểm,daniele15,
VLU,7510203,Công nghệ kỹ thuật cơ điện tử,D01,15.05,,HocBa,2018,Điểm chuẩn xét tuyển học bạ lấy 18 điểm,daniele15,
VLU,7510205,Công nghệ kỹ thuật ô tô,A00,17.50,,HocBa,2018,Điểm chuẩn xét tuyển học bạ lấy 18 điểm,daniele15,
VLU,7510205,Công nghệ kỹ thuật ô tô,A01,17.50,,HocBa,2018,Điểm chuẩn xét tuyển học bạ lấy 18 điểm,daniele15,
VLU,7510205,Công nghệ kỹ thuật ô tô,C04,17.50,,HocBa,2018,Điểm chuẩn xét tuyển học bạ lấy 18 điểm,daniele15,
VLU,7510205,Công nghệ kỹ thuật ô tô,D01,17.50,,HocBa,2018,Điểm chuẩn xét tuyển học bạ lấy 18 điểm,daniele15,
VLU,7510206,Công nghệ kỹ thuật máy tính,A00,15.00,,HocBa,2018,Điểm chuẩn xét tuyển học bạ lấy 18 điểm,daniele15,
VLU,7510206,Công nghệ kỹ thuật máy tính,A01,15.00,,HocBa,2018,Điểm chuẩn xét tuyển học bạ lấy 18 điểm,daniele15,
VLU,7510206,Công nghệ kỹ thuật máy tính,C04,15.00,,HocBa,2018,Điểm chuẩn xét tuyển học bạ lấy 18 điểm,daniele15,
VLU,7510206,Công nghệ kỹ thuật máy tính,D01,15.00,,HocBa,2018,Điểm chuẩn xét tuyển học bạ lấy 18 điểm,daniele15,
VLU,7510301,"Công nghệ kỹ thuật điện, điện tử",A00,15.00,,HocBa,2018,Điểm chuẩn xét tuyển học bạ lấy 18 điểm,daniele15,
VLU,7510301,"Công nghệ kỹ thuật điện, điện tử",A01,15.00,,HocBa,2018,Điểm chuẩn xét tuyển học bạ lấy 18 điểm,daniele15,
VLU,7510301,"Công nghệ kỹ thuật điện, điện tử",C04,15.00,,HocBa,2018,Điểm chuẩn xét tuyển học bạ lấy 18 điểm,daniele15,
VLU,7510301,"Công nghệ kỹ thuật điện, điện tử",D01,15.00,,HocBa,2018,Điểm chuẩn xét tuyển học bạ lấy 18 điểm,daniele15,
VLU,7510303,Công nghệ kỹ thuật điều khiển và tự động hóa,A00,15.05,,HocBa,2018,Điểm chuẩn xét tuyển học bạ lấy 18 điểm,daniele15,
VLU,7510303,Công nghệ kỹ thuật điều khiển và tự động hóa,A01,15.05,,HocBa,2018,Điểm chuẩn xét tuyển học bạ lấy 18 điểm,daniele15,
VLU,7510303,Công nghệ kỹ thuật điều khiển và tự động hóa,C04,15.05,,HocBa,2018,Điểm chuẩn xét tuyển học bạ lấy 18 điểm,daniele15,
VLU,7510303,Công nghệ kỹ thuật điều khiển và tự động hóa,D01,15.05,,HocBa,2018,Điểm chuẩn xét tuyển học bạ lấy 18 điểm,daniele15,
VLU,7540101,Công nghệ thực phẩm,A01,15.00,,HocBa,2018,Điểm chuẩn xét tuyển học bạ lấy 18 điểm,daniele15,
VLU,7540101,Công nghệ thực phẩm,B00,15.00,,HocBa,2018,Điểm chuẩn xét tuyển học bạ lấy 18 điểm,daniele15,
VLU,7540101,Công nghệ thực phẩm,C04,15.00,,HocBa,2018,Điểm chuẩn xét tuyển học bạ lấy 18 điểm,daniele15,
VLU,7540101,Công nghệ thực phẩm,D01,15.00,,HocBa,2018,Điểm chuẩn xét tuyển học bạ lấy 18 điểm,daniele15,
VLU,7640101,Thú y,A01,15.00,,HocBa,2018,Điểm chuẩn xét tuyển học bạ lấy 18 điểm,daniele15,
VLU,7640101,Thú y,B00,15.00,,HocBa,2018,Điểm chuẩn xét tuyển học bạ lấy 18 điểm,daniele15,
VLU,7640101,Thú y,C04,15.00,,HocBa,2018,Điểm chuẩn xét tuyển học bạ lấy 18 điểm,daniele15,
VLU,7640101,Thú y,D01,15.00,,HocBa,2018,Điểm chuẩn xét tuyển học bạ lấy 18 điểm,daniele15,
VLU,7760101,Công tác xã hội,A01,15.00,,HocBa,2018,Điểm chuẩn xét tuyển học bạ lấy 18 điểm,daniele15,
VLU,7760101,Công tác xã hội,C00,15.00,,HocBa,2018,Điểm chuẩn xét tuyển học bạ lấy 18 điểm,daniele15,
VLU,7760101,Công tác xã hội,C19,15.00,,HocBa,2018,Điểm chuẩn xét tuyển học bạ lấy 18 điểm,daniele15,
VLU,7760101,Công tác xã hội,D01,15.00,,HocBa,2018,Điểm chuẩn xét tuyển học bạ lấy 18 điểm,daniele15,
VLU,7810101,Du lịch,A01,15.00,,HocBa,2018,Điểm chuẩn xét tuyển học bạ lấy 18 điểm,daniele15,
VLU,7810101,Du lịch,C00,15.00,,HocBa,2018,Điểm chuẩn xét tuyển học bạ lấy 18 điểm,daniele15,
VLU,7810101,Du lịch,C19,15.00,,HocBa,2018,Điểm chuẩn xét tuyển học bạ lấy 18 điểm,daniele15,
VLU,7810101,Du lịch,D01,15.00,,HocBa,2018,Điểm chuẩn xét tuyển học bạ lấy 18 điểm,daniele15,
VPH,7860220,Chỉ huy tham mưu thông tin,A00,20.25,,THPTQG,2018,"Thí sinh mức 20,25 điểm: Điểm môn Toán  ≥ 7,00",daniele15,
VPH,7860220,Chỉ huy tham mưu thông tin,A01,20.25,,THPTQG,2018,"Thí sinh mức 20,25 điểm: Điểm môn Toán  ≥ 7,00",daniele15,
VPH,7860220,Chỉ huy tham mưu thông tin,A00,19.95,,THPTQG,2018,,daniele15,
VPH,7860220,Chỉ huy tham mưu thông tin,A01,19.95,,THPTQG,2018,,daniele15,
VUI,7220201,Ngôn ngữ Anh,A00,13.00,,HocBa,2018,Điểm chuẩn học bạ: 15,daniele15,
VUI,7220201,Ngôn ngữ Anh,A01,13.00,,HocBa,2018,Điểm chuẩn học bạ: 15,daniele15,
VUI,7220201,Ngôn ngữ Anh,D01,13.00,,HocBa,2018,Điểm chuẩn học bạ: 15,daniele15,
VUI,7220201,Ngôn ngữ Anh,D14,13.00,,HocBa,2018,Điểm chuẩn học bạ: 15,daniele15,
VUI,7340101,Quản trị kinh doanh,A00,13.00,,HocBa,2018,Điểm chuẩn học bạ: 15,daniele15,
VUI,7340101,Quản trị kinh doanh,A01,13.00,,HocBa,2018,Điểm chuẩn học bạ: 15,daniele15,
VUI,7340101,Quản trị kinh doanh,B00,13.00,,HocBa,2018,Điểm chuẩn học bạ: 15,daniele15,
VUI,7340101,Quản trị kinh doanh,D01,13.00,,HocBa,2018,Điểm chuẩn học bạ: 15,daniele15,
VUI,7340301,Kế toán,A00,13.00,,HocBa,2018,Điểm chuẩn học bạ: 15,daniele15,
VUI,7340301,Kế toán,A01,13.00,,HocBa,2018,Điểm chuẩn học bạ: 15,daniele15,
VUI,7340301,Kế toán,B00,13.00,,HocBa,2018,Điểm chuẩn học bạ: 15,daniele15,
VUI,7340301,Kế toán,D01,13.00,,HocBa,2018,Điểm chuẩn học bạ: 15,daniele15,
VUI,7420201,Công nghệ sinh học,A00,13.00,,HocBa,2018,Điểm chuẩn học bạ: 15,daniele15,
VUI,7420201,Công nghệ sinh học,A01,13.00,,HocBa,2018,Điểm chuẩn học bạ: 15,daniele15,
VUI,7420201,Công nghệ sinh học,B00,13.00,,HocBa,2018,Điểm chuẩn học bạ: 15,daniele15,
VUI,7420201,Công nghệ sinh học,D01,13.00,,HocBa,2018,Điểm chuẩn học bạ: 15,daniele15,
VUI,7440112,Hoá học,A00,13.00,,HocBa,2018,Điểm chuẩn học bạ: 15,daniele15,
VUI,7440112,Hoá học,A01,13.00,,HocBa,2018,Điểm chuẩn học bạ: 15,daniele15,
VUI,7440112,Hoá học,B00,13.00,,HocBa,2018,Điểm chuẩn học bạ: 15,daniele15,
VUI,7440112,Hoá học,D01,13.00,,HocBa,2018,Điểm chuẩn học bạ: 15,daniele15,
VUI,7480201,Công nghệ thông tin,A00,13.00,,HocBa,2018,Điểm chuẩn học bạ: 15,daniele15,
VUI,7480201,Công nghệ thông tin,A01,13.00,,HocBa,2018,Điểm chuẩn học bạ: 15,daniele15,
VUI,7480201,Công nghệ thông tin,B00,13.00,,HocBa,2018,Điểm chuẩn học bạ: 15,daniele15,
VUI,7480201,Công nghệ thông tin,D01,13.00,,HocBa,2018,Điểm chuẩn học bạ: 15,daniele15,
VUI,7510201,Công nghệ kỹ thuật cơ khí,A00,13.00,,HocBa,2018,Điểm chuẩn học bạ: 15,daniele15,
VUI,7510201,Công nghệ kỹ thuật cơ khí,A01,13.00,,HocBa,2018,Điểm chuẩn học bạ: 15,daniele15,
VUI,7510201,Công nghệ kỹ thuật cơ khí,B00,13.00,,HocBa,2018,Điểm chuẩn học bạ: 15,daniele15,
VUI,7510201,Công nghệ kỹ thuật cơ khí,D01,13.00,,HocBa,2018,Điểm chuẩn học bạ: 15,daniele15,
VUI,7510301,"Công nghệ kỹ thuật điện, điện tử",A00,13.00,,HocBa,2018,Điểm chuẩn học bạ: 15,daniele15,
VUI,7510301,"Công nghệ kỹ thuật điện, điện tử",A01,13.00,,HocBa,2018,Điểm chuẩn học bạ: 15,daniele15,
VUI,7510301,"Công nghệ kỹ thuật điện, điện tử",B00,13.00,,HocBa,2018,Điểm chuẩn học bạ: 15,daniele15,
VUI,7510301,"Công nghệ kỹ thuật điện, điện tử",D01,13.00,,HocBa,2018,Điểm chuẩn học bạ: 15,daniele15,
VUI,7510303,Công nghệ kỹ thuật điều khiển và tự động hóa,A00,13.00,,HocBa,2018,Điểm chuẩn học bạ: 15,daniele15,
VUI,7510303,Công nghệ kỹ thuật điều khiển và tự động hóa,A01,13.00,,HocBa,2018,Điểm chuẩn học bạ: 15,daniele15,
VUI,7510303,Công nghệ kỹ thuật điều khiển và tự động hóa,B00,13.00,,HocBa,2018,Điểm chuẩn học bạ: 15,daniele15,
VUI,7510303,Công nghệ kỹ thuật điều khiển và tự động hóa,D01,13.00,,HocBa,2018,Điểm chuẩn học bạ: 15,daniele15,
VUI,7510401,Công nghệ kỹ thuật hoá học,A00,13.00,,HocBa,2018,Điểm chuẩn học bạ: 15,daniele15,
VUI,7510401,Công nghệ kỹ thuật hoá học,A01,13.00,,HocBa,2018,Điểm chuẩn học bạ: 15,daniele15,
VUI,7510401,Công nghệ kỹ thuật hoá học,B00,13.00,,HocBa,2018,Điểm chuẩn học bạ: 15,daniele15,
VUI,7510401,Công nghệ kỹ thuật hoá học,D01,13.00,,HocBa,2018,Điểm chuẩn học bạ: 15,daniele15,
VUI,7510406,Công nghệ kỹ thuật môi trường,A00,13.00,,HocBa,2018,Điểm chuẩn học bạ: 15,daniele15,
VUI,7510406,Công nghệ kỹ thuật môi trường,A01,13.00,,HocBa,2018,Điểm chuẩn học bạ: 15,daniele15,
VUI,7510406,Công nghệ kỹ thuật môi trường,B00,13.00,,HocBa,2018,Điểm chuẩn học bạ: 15,daniele15,
VUI,7510406,Công nghệ kỹ thuật môi trường,D01,13.00,,HocBa,2018,Điểm chuẩn học bạ: 15,daniele15,
XDA,7480201,Công nghệ thông tin,A00,19.00,,THPTQG,2018,,daniele15,
XDA,7480201,Công nghệ thông tin,A01,19.00,,THPTQG,2018,,daniele15,
XDA,7480201,Công nghệ thông tin,B00,19.00,,THPTQG,2018,,daniele15,
XDA,7480201,Công nghệ thông tin,D07,19.00,,THPTQG,2018,,daniele15,
XDA,7480201,Công nghệ thông tin,D29,19.00,,THPTQG,2018,,daniele15,
XDA,7510105,Công nghệ kỹ thuật vật liệu xây dựng,A00,15.00,,THPTQG,2018,,daniele15,
XDA,7510105,Công nghệ kỹ thuật vật liệu xây dựng,A01,15.00,,THPTQG,2018,,daniele15,
XDA,7510105,Công nghệ kỹ thuật vật liệu xây dựng,B00,15.00,,THPTQG,2018,,daniele15,
XDA,7510105,Công nghệ kỹ thuật vật liệu xây dựng,D07,15.00,,THPTQG,2018,,daniele15,
XDA,7510105,Công nghệ kỹ thuật vật liệu xây dựng,D29,15.00,,THPTQG,2018,,daniele15,
XDA,7510406,Công nghệ kỹ thuật môi trường,A00,15.00,,THPTQG,2018,,daniele15,
XDA,7510406,Công nghệ kỹ thuật môi trường,A01,15.00,,THPTQG,2018,,daniele15,
XDA,7510406,Công nghệ kỹ thuật môi trường,B00,15.00,,THPTQG,2018,,daniele15,
XDA,7510406,Công nghệ kỹ thuật môi trường,D07,15.00,,THPTQG,2018,,daniele15,
XDA,7510406,Công nghệ kỹ thuật môi trường,D29,15.00,,THPTQG,2018,,daniele15,
XDA,7520103,Kỹ thuật cơ khí,A00,15.00,,THPTQG,2018,chuyên ngành: Máy xây dựng,daniele15,
XDA,7520103,Kỹ thuật cơ khí,A01,15.00,,THPTQG,2018,chuyên ngành: Máy xây dựng,daniele15,
XDA,7520103,Kỹ thuật cơ khí,B00,15.00,,THPTQG,2018,chuyên ngành: Máy xây dựng,daniele15,
XDA,7520103,Kỹ thuật cơ khí,D07,15.00,,THPTQG,2018,chuyên ngành: Máy xây dựng,daniele15,
XDA,7520103,Kỹ thuật cơ khí,D29,15.00,,THPTQG,2018,chuyên ngành: Máy xây dựng,daniele15,
XDA,7520503,Kỹ thuật trắc địa - bản đồ,A00,15.00,,THPTQG,2018,,daniele15,
XDA,7520503,Kỹ thuật trắc địa - bản đồ,A01,15.00,,THPTQG,2018,,daniele15,
XDA,7520503,Kỹ thuật trắc địa - bản đồ,B00,15.00,,THPTQG,2018,,daniele15,
XDA,7520503,Kỹ thuật trắc địa - bản đồ,D07,15.00,,THPTQG,2018,,daniele15,
XDA,7520503,Kỹ thuật trắc địa - bản đồ,D29,15.00,,THPTQG,2018,,daniele15,
XDA,7580101,Kiến trúc,V00,19.00,,THPTQG,2018,,daniele15,
XDA,7580101,Kiến trúc,V01,19.00,,THPTQG,2018,,daniele15,
XDA,7580101,Kiến trúc,V02,19.00,,THPTQG,2018,,daniele15,
XDA,7580101,Kiến trúc,V10,19.00,,THPTQG,2018,,daniele15,
XDA,7580101,Kiến trúc,V00,18.79,,THPTQG,2018,chuyên ngành: Nội thất,daniele15,
XDA,7580101,Kiến trúc,V01,18.79,,THPTQG,2018,chuyên ngành: Nội thất,daniele15,
XDA,7580101,Kiến trúc,V02,18.79,,THPTQG,2018,chuyên ngành: Nội thất,daniele15,
XDA,7580101,Kiến trúc,V10,18.79,,THPTQG,2018,chuyên ngành: Nội thất,daniele15,
XDA,7580105,Quy hoạch vùng và đô thị,V00,16.23,,THPTQG,2018,,daniele15,
XDA,7580105,Quy hoạch vùng và đô thị,V01,16.23,,THPTQG,2018,,daniele15,
XDA,7580105,Quy hoạch vùng và đô thị,V02,16.23,,THPTQG,2018,,daniele15,
XDA,7580105,Quy hoạch vùng và đô thị,V10,16.23,,THPTQG,2018,,daniele15,
XDA,7580201,Kỹ thuật xây dựng,A00,17.00,,THPTQG,2018,chuyên ngành: Hệ thống kỹ thuật trong công trình,daniele15,
XDA,7580201,Kỹ thuật xây dựng,A01,17.00,,THPTQG,2018,chuyên ngành: Hệ thống kỹ thuật trong công trình,daniele15,
XDA,7580201,Kỹ thuật xây dựng,B00,17.00,,THPTQG,2018,chuyên ngành: Hệ thống kỹ thuật trong công trình,daniele15,
XDA,7580201,Kỹ thuật xây dựng,D07,17.00,,THPTQG,2018,chuyên ngành: Hệ thống kỹ thuật trong công trình,daniele15,
XDA,7580201,Kỹ thuật xây dựng,D29,17.00,,THPTQG,2018,chuyên ngành: Hệ thống kỹ thuật trong công trình,daniele15,
XDA,7580201,Kỹ thuật xây dựng,A00,15.70,,THPTQG,2018,chuyên ngành: Tin học xây dựng,daniele15,
XDA,7580201,Kỹ thuật xây dựng,A01,15.70,,THPTQG,2018,chuyên ngành: Tin học xây dựng,daniele15,
XDA,7580201,Kỹ thuật xây dựng,B00,15.70,,THPTQG,2018,chuyên ngành: Tin học xây dựng,daniele15,
XDA,7580201,Kỹ thuật xây dựng,D07,15.70,,THPTQG,2018,chuyên ngành: Tin học xây dựng,daniele15,
XDA,7580201,Kỹ thuật xây dựng,D29,15.70,,THPTQG,2018,chuyên ngành: Tin học xây dựng,daniele15,
XDA,7580201 01,Kỹ thuật xây dựng,A00,17.50,,THPTQG,2018,chuyên ngành: Xây dựng Dân dụng và Công nghiệp,daniele15,
XDA,7580201 01,Kỹ thuật xây dựng,A01,17.50,,THPTQG,2018,chuyên ngành: Xây dựng Dân dụng và Công nghiệp,daniele15,
XDA,7580201 01,Kỹ thuật xây dựng,B00,17.50,,THPTQG,2018,chuyên ngành: Xây dựng Dân dụng và Công nghiệp,daniele15,
XDA,7580201 01,Kỹ thuật xây dựng,D07,17.50,,THPTQG,2018,chuyên ngành: Xây dựng Dân dụng và Công nghiệp,daniele15,
XDA,7580201 01,Kỹ thuật xây dựng,D29,17.50,,THPTQG,2018,chuyên ngành: Xây dựng Dân dụng và Công nghiệp,daniele15,
XDA,7580202,Kỹ thuật xây dựng,A00,15.00,,THPTQG,2018,Kỹ thuật xây dựng Công trình thủy (chuyên ngành: Xây dựng Thuỷ lợi - Thuỷ điện),daniele15,
XDA,7580202,Kỹ thuật xây dựng,A01,15.00,,THPTQG,2018,Kỹ thuật xây dựng Công trình thủy (chuyên ngành: Xây dựng Thuỷ lợi - Thuỷ điện),daniele15,
XDA,7580202,Kỹ thuật xây dựng,B00,15.00,,THPTQG,2018,Kỹ thuật xây dựng Công trình thủy (chuyên ngành: Xây dựng Thuỷ lợi - Thuỷ điện),daniele15,
XDA,7580202,Kỹ thuật xây dựng,D07,15.00,,THPTQG,2018,Kỹ thuật xây dựng Công trình thủy (chuyên ngành: Xây dựng Thuỷ lợi - Thuỷ điện),daniele15,
XDA,7580202,Kỹ thuật xây dựng,D29,15.00,,THPTQG,2018,Kỹ thuật xây dựng Công trình thủy (chuyên ngành: Xây dựng Thuỷ lợi - Thuỷ điện),daniele15,
XDA,7580203,Kỹ thuật xây dựng,A00,15.00,,THPTQG,2018,Kỹ thuật xây dựng công trình biển,daniele15,
XDA,7580203,Kỹ thuật xây dựng,A01,15.00,,THPTQG,2018,Kỹ thuật xây dựng công trình biển,daniele15,
XDA,7580203,Kỹ thuật xây dựng,B00,15.00,,THPTQG,2018,Kỹ thuật xây dựng công trình biển,daniele15,
XDA,7580203,Kỹ thuật xây dựng,D07,15.00,,THPTQG,2018,Kỹ thuật xây dựng công trình biển,daniele15,
XDA,7580203,Kỹ thuật xây dựng,D29,15.00,,THPTQG,2018,Kỹ thuật xây dựng công trình biển,daniele15,
XDA,7580205,Xây dựng cầu đường,A00,16.00,,THPTQG,2018,Kỹ thuật xây dựng công trình Giao thông (Chuyên ngành: Xây dựng Cầu đường),daniele15,
XDA,7580205,Xây dựng cầu đường,A01,16.00,,THPTQG,2018,Kỹ thuật xây dựng công trình Giao thông (Chuyên ngành: Xây dựng Cầu đường),daniele15,
XDA,7580205,Xây dựng cầu đường,B00,16.00,,THPTQG,2018,Kỹ thuật xây dựng công trình Giao thông (Chuyên ngành: Xây dựng Cầu đường),daniele15,
XDA,7580205,Xây dựng cầu đường,D07,16.00,,THPTQG,2018,Kỹ thuật xây dựng công trình Giao thông (Chuyên ngành: Xây dựng Cầu đường),daniele15,
XDA,7580205,Xây dựng cầu đường,D29,16.00,,THPTQG,2018,Kỹ thuật xây dựng công trình Giao thông (Chuyên ngành: Xây dựng Cầu đường),daniele15,
XDA,7580213,Kỹ thuật cấp thoát nước,A00,15.00,,THPTQG,2018,chuyên ngành: Cấp thoát nước - Môi trường nước,daniele15,
XDA,7580213,Kỹ thuật cấp thoát nước,A01,15.00,,THPTQG,2018,chuyên ngành: Cấp thoát nước - Môi trường nước,daniele15,
XDA,7580213,Kỹ thuật cấp thoát nước,B00,15.00,,THPTQG,2018,chuyên ngành: Cấp thoát nước - Môi trường nước,daniele15,
XDA,7580213,Kỹ thuật cấp thoát nước,D07,15.00,,THPTQG,2018,chuyên ngành: Cấp thoát nước - Môi trường nước,daniele15,
XDA,7580213,Kỹ thuật cấp thoát nước,D29,15.00,,THPTQG,2018,chuyên ngành: Cấp thoát nước - Môi trường nước,daniele15,
XDA,7580301,Kinh tế,A00,18.00,,THPTQG,2018,Kinh tế xây dựng,daniele15,
XDA,7580301,Kinh tế,A01,18.00,,THPTQG,2018,Kinh tế xây dựng,daniele15,
XDA,7580301,Kinh tế,B00,18.00,,THPTQG,2018,Kinh tế xây dựng,daniele15,
XDA,7580301,Kinh tế,D07,18.00,,THPTQG,2018,Kinh tế xây dựng,daniele15,
XDA,7580301,Kinh tế,D29,18.00,,THPTQG,2018,Kinh tế xây dựng,daniele15,
XDA,7580302,Quản lý xây dựng,A00,16.05,,THPTQG,2018,chuyên ngành: Kinh tế và Quản lý đô thị,daniele15,
XDA,7580302,Quản lý xây dựng,A01,16.05,,THPTQG,2018,chuyên ngành: Kinh tế và Quản lý đô thị,daniele15,
XDA,7580302,Quản lý xây dựng,B00,16.05,,THPTQG,2018,chuyên ngành: Kinh tế và Quản lý đô thị,daniele15,
XDA,7580302,Quản lý xây dựng,D07,16.05,,THPTQG,2018,chuyên ngành: Kinh tế và Quản lý đô thị,daniele15,
XDA,7580302,Quản lý xây dựng,D29,16.05,,THPTQG,2018,chuyên ngành: Kinh tế và Quản lý đô thị,daniele15,
XDA,7580302,Quản lý xây dựng,A00,15.45,,THPTQG,2018,chuyên ngành: Kinh tế và Quản lý Bất động sản,daniele15,
XDA,7580302,Quản lý xây dựng,A01,15.45,,THPTQG,2018,chuyên ngành: Kinh tế và Quản lý Bất động sản,daniele15,
XDA,7580302,Quản lý xây dựng,B00,15.45,,THPTQG,2018,chuyên ngành: Kinh tế và Quản lý Bất động sản,daniele15,
XDA,7580302,Quản lý xây dựng,D07,15.45,,THPTQG,2018,chuyên ngành: Kinh tế và Quản lý Bất động sản,daniele15,
XDA,7580302,Quản lý xây dựng,D29,15.45,,THPTQG,2018,chuyên ngành: Kinh tế và Quản lý Bất động sản,daniele15,
XDT,7340301,Kế toán,A00,13.00,,HocBa,2018,Điểm chuẩn học bạ: 18,daniele15,
XDT,7340301,Kế toán,A01,13.00,,HocBa,2018,Điểm chuẩn học bạ: 18,daniele15,
XDT,7340301,Kế toán,C01,13.00,,HocBa,2018,Điểm chuẩn học bạ: 18,daniele15,
XDT,7340301,Kế toán,D01,13.00,,HocBa,2018,Điểm chuẩn học bạ: 18,daniele15,
XDT,7520320,Kỹ thuật môi trường,A00,13.00,,HocBa,2018,Điểm chuẩn học bạ: 18,daniele15,
XDT,7520320,Kỹ thuật môi trường,A01,13.00,,HocBa,2018,Điểm chuẩn học bạ: 18,daniele15,
XDT,7520320,Kỹ thuật môi trường,C01,13.00,,HocBa,2018,Điểm chuẩn học bạ: 18,daniele15,
XDT,7520320,Kỹ thuật môi trường,D01,13.00,,HocBa,2018,Điểm chuẩn học bạ: 18,daniele15,
XDT,7580101,Kiến trúc,V00,13.00,,HocBa,2018,Điểm chuẩn học bạ: 18,daniele15,
XDT,7580101,Kiến trúc,V01,13.00,,HocBa,2018,Điểm chuẩn học bạ: 18,daniele15,
XDT,7580101,Kiến trúc,V02,13.00,,HocBa,2018,Điểm chuẩn học bạ: 18,daniele15,
XDT,7580101,Kiến trúc,V03,13.00,,HocBa,2018,Điểm chuẩn học bạ: 18,daniele15,
XDT,7580201,Kỹ thuật xây dựng,A00,13.00,,HocBa,2018,Điểm chuẩn học bạ: 18,daniele15,
XDT,7580201,Kỹ thuật xây dựng,A01,13.00,,HocBa,2018,Điểm chuẩn học bạ: 18,daniele15,
XDT,7580201,Kỹ thuật xây dựng,C01,13.00,,HocBa,2018,Điểm chuẩn học bạ: 18,daniele15,
XDT,7580201,Kỹ thuật xây dựng,D01,13.00,,HocBa,2018,Điểm chuẩn học bạ: 18,daniele15,
XDT,7580205,Kỹ thuật xây dựng,A00,13.00,,HocBa,2018,Kỹ thuật xây dựng công trình giao thôngĐiểm chuẩn học bạ: 18,daniele15,
XDT,7580205,Kỹ thuật xây dựng,A01,13.00,,HocBa,2018,Kỹ thuật xây dựng công trình giao thôngĐiểm chuẩn học bạ: 18,daniele15,
XDT,7580205,Kỹ thuật xây dựng,C01,13.00,,HocBa,2018,Kỹ thuật xây dựng công trình giao thôngĐiểm chuẩn học bạ: 18,daniele15,
XDT,7580205,Kỹ thuật xây dựng,D01,13.00,,HocBa,2018,Kỹ thuật xây dựng công trình giao thôngĐiểm chuẩn học bạ: 18,daniele15,
XDT,7580213,Kỹ thuật cấp thoát nước,A00,13.00,,HocBa,2018,Điểm chuẩn học bạ: 18,daniele15,
XDT,7580213,Kỹ thuật cấp thoát nước,A01,13.00,,HocBa,2018,Điểm chuẩn học bạ: 18,daniele15,
XDT,7580213,Kỹ thuật cấp thoát nước,C01,13.00,,HocBa,2018,Điểm chuẩn học bạ: 18,daniele15,
XDT,7580213,Kỹ thuật cấp thoát nước,D01,13.00,,HocBa,2018,Điểm chuẩn học bạ: 18,daniele15,
XDT,7580301,Kinh tế,A00,13.00,,HocBa,2018,Kinh tế xây dựngĐiểm chuẩn học bạ: 18,daniele15,
XDT,7580301,Kinh tế,A01,13.00,,HocBa,2018,Kinh tế xây dựngĐiểm chuẩn học bạ: 18,daniele15,
XDT,7580301,Kinh tế,C01,13.00,,HocBa,2018,Kinh tế xây dựngĐiểm chuẩn học bạ: 18,daniele15,
XDT,7580301,Kinh tế,D01,13.00,,HocBa,2018,Kinh tế xây dựngĐiểm chuẩn học bạ: 18,daniele15,
XDT,7580302,Quản lý xây dựng,A00,13.00,,HocBa,2018,Điểm chuẩn học bạ: 18,daniele15,
XDT,7580302,Quản lý xây dựng,A01,13.00,,HocBa,2018,Điểm chuẩn học bạ: 18,daniele15,
XDT,7580302,Quản lý xây dựng,C01,13.00,,HocBa,2018,Điểm chuẩn học bạ: 18,daniele15,
XDT,7580302,Quản lý xây dựng,D01,13.00,,HocBa,2018,Điểm chuẩn học bạ: 18,daniele15,
YCT,7720101,Y khoa,B00,22.75,,THPTQG,2018,,daniele15,
YCT,7720110,Y học dự phòng,B00,19.50,,THPTQG,2018,,daniele15,
YCT,7720115,Y học cổ truyền,B00,21.00,,THPTQG,2018,,daniele15,
YCT,7720201,Dược học,B00,22.00,,THPTQG,2018,,daniele15,
YCT,7720301,Điều dưỡng,B00,19.50,,THPTQG,2018,,daniele15,
YCT,7720501,Răng - Hàm - Mặt,B00,22.50,,THPTQG,2018,,daniele15,
YCT,7720601,Kỹ thuật xét nghiệm y học,B00,20.50,,THPTQG,2018,,daniele15,
YCT,7720701,Y tế công cộng,B00,17.00,,THPTQG,2018,,daniele15,
YDD,7720301,Điều dưỡng,B00,17.25,,THPTQG,2018,,daniele15,
YDD,7720301,Điều dưỡng,D07,17.25,,THPTQG,2018,,daniele15,
YDD,7720301,Điều dưỡng,D08,17.25,,THPTQG,2018,,daniele15,
YDD,7720302,Hộ sinh,B00,15.75,,THPTQG,2018,,daniele15,
YDD,7720302,Hộ sinh,D07,15.75,,THPTQG,2018,,daniele15,
YDD,7720302,Hộ sinh,D08,15.75,,THPTQG,2018,,daniele15,
YDD,7720401,Dinh dưỡng,B00,15.00,,THPTQG,2018,,daniele15,
YDD,7720401,Dinh dưỡng,D07,15.00,,THPTQG,2018,,daniele15,
YDD,7720401,Dinh dưỡng,D08,15.00,,THPTQG,2018,,daniele15,
YDD,7720701,Y tế công cộng,B00,15.00,,THPTQG,2018,,daniele15,
YDD,7720701,Y tế công cộng,D07,15.00,,THPTQG,2018,,daniele15,
YDD,7720701,Y tế công cộng,D08,15.00,,THPTQG,2018,,daniele15,
YDN,7720101,Y khoa,B00,22.65,,THPTQG,2018,SI >= 6.25;TTNV <= 9,daniele15,
YDN,7720201,Dược học,B00,21.15,,THPTQG,2018,HO >= 6.25;TTNV <= 3,daniele15,
YDN,7720301A,Điều dưỡng đa khoa,B00,18.50,,THPTQG,2018,SI >= 5;TTNV <= 1,daniele15,
YDN,7720301B,Điều dưỡng nha khoa,B00,18.50,,THPTQG,2018,SI >= 6;TTNV <= 1,daniele15,
YDN,7720301C,Điều dưỡng gây mê hồi sức,B00,17.80,,THPTQG,2018,SI >= 4.5;TTNV <= 1,daniele15,
YDN,7720301D,Điều dưỡng phụ sản,B00,17.50,,THPTQG,2018,SI >= 5;TTNV <= 4,daniele15,
YDN,7720601,Kỹ thuật xét nghiệm y học,B00,20.25,,THPTQG,2018,SI >= 6.75;TTNV <= 3,daniele15,
YDN,7720602,Kỹ thuật hình ảnh y học,B00,19.50,,THPTQG,2018,SI >= 5.5;TTNV <= 9,daniele15,
YDN,7720603,Kỹ thuật phục hồi chức năng,B00,19.00,,THPTQG,2018,SI >= 5.5;TTNV <= 4,daniele15,
YDN,7720701,Y tế công cộng,B00,16.00,,THPTQG,2018,SI >= 5.25;TTNV <= 3,daniele15,
YDS,7720101,Y khoa,B00,24.95,,THPTQG,2018,,daniele15,
YDS,7720110,Y học dự phòng,B00,19.00,,THPTQG,2018,,daniele15,
YDS,7720115,Y học cổ truyền,B00,20.95,,THPTQG,2018,,daniele15,
YDS,7720201,Dược học,B00,22.30,,THPTQG,2018,,daniele15,
YDS,7720301,Điều dưỡng,B00,20.15,,THPTQG,2018,,daniele15,
YDS,7720301,Điều dưỡng,B00,20.00,,THPTQG,2018,,daniele15,
YDS,7720301,Điều dưỡng,B00,19.00,,THPTQG,2018,,daniele15,
YDS,7720401,Dinh dưỡng,B00,20.25,,THPTQG,2018,,daniele15,
YDS,7720501,Răng - Hàm - Mặt,B00,24.45,,THPTQG,2018,,daniele15,
YDS,7720502,Kỹ thuật phục hình răng,B00,21.25,,THPTQG,2018,,daniele15,
YDS,7720601,Kỹ thuật xét nghiệm y học,B00,21.50,,THPTQG,2018,,daniele15,
YDS,7720602,Kỹ thuật hình ảnh y học,B00,20.25,,THPTQG,2018,,daniele15,
YDS,7720603,Kỹ thuật phục hồi chức năng,B00,19.75,,THPTQG,2018,,daniele15,
YDS,7720701,Y tế công cộng,B00,18.00,,THPTQG,2018,,daniele15,
YPB,7720101B,Y khoa,B00,22.00,,THPTQG,2018,"BDS>=18, Tiêu chí phụ: TO+HO+SI; SI; HO; TO: 21.5000; 7.5000; 7.0000; 7.0000 99",daniele15,
YPB,7720110B,Y học dự phòng,B08,18.50,,THPTQG,2018,"BDS>=16, Tiêu chí phụ: TO+HO+SI; SI; HO; TO: 18.5000; 6.2500; 6.2500; 6.0000 98",daniele15,
YPB,7720115,Y học cổ truyền,B00,19.95,,THPTQG,2018,"DS>=16, Tiêu chí phụ: TO+HO+SI; SI; HO; TO: 19.9500; 7.7500; 6.0000; 6.2000 98",daniele15,
YPB,7720201A,Dược học,A00,21.60,,THPTQG,2018,"ADS>=18, Tiêu chí phụ: TO+HO+LI; HO; TO; LI: 21.3500; 6.7500; 6.6000; 8.0000 99",daniele15,
YPB,7720201B,Dược học,A00,21.65,,THPTQG,2018,"BDS>=18, Tiêu chí phụ: TO+HO+SI; SI; HO; TO: 21.1500; 7.2500; 6.5000; 7.4000 95",daniele15,
YPB,7720301B,Điều dưỡng,B00,19.90,,THPTQG,2018,"BDS>=16, Tiêu chí phụ: TO+HO+SI; SI; HO; TO: 19.9000; 7.2500; 6.2500; 6.4000 98",daniele15,
YPB,7720501,Răng - Hàm - Mặt,B00,21.85,,THPTQG,2018,"DS>=18, Tiêu chí phụ: TO+HO+SI; SI; HO; TO: 21.6000; 7.5000; 6.5000; 7.6000 97",daniele15,
YPB,7720601,Kỹ thuật xét nghiệm y học,B00,20.25,,THPTQG,2018,"DS>=16, Tiêu chí phụ: TO+HO+SI; SI; HO; TO: 19.5000; 5.5000; 6.0000; 8.0000 94",daniele15,
YQH,7720101,Y khoa,A00,26.35,,THPTQG,2018,Thí sinh Nữ miền Nam,daniele15,
YQH,7720101,Y khoa,B00,26.35,,THPTQG,2018,Thí sinh Nữ miền Nam,daniele15,
YQH,7720101,Y khoa,A00,25.65,,THPTQG,2018,Thí sinh Nữ miền Bắc,daniele15,
YQH,7720101,Y khoa,B00,25.65,,THPTQG,2018,Thí sinh Nữ miền Bắc,daniele15,
YQH,7720101,Y khoa,A00,24.20,,THPTQG,2018,Thí sinh Nữ miền Bắc,daniele15,
YQH,7720101,Y khoa,B00,24.20,,THPTQG,2018,Thí sinh Nữ miền Bắc,daniele15,
YQH,7720101,Y khoa,A00,24.15,,THPTQG,2018,"Thí sinh Nữ miền NamThí sinh mức 24,15 điểm: Điểm môn Sinh  ≥ 8,25",daniele15,
YQH,7720101,Y khoa,B00,24.15,,THPTQG,2018,"Thí sinh Nữ miền NamThí sinh mức 24,15 điểm: Điểm môn Sinh  ≥ 8,25",daniele15,
YQH,7720101,Y khoa,A00,22.35,,THPTQG,2018,"Thí sinh Nam miền BắcThí sinh mức 22,35 điểm: - Thí sinh có điểm môn Sinh  ≥ 7,50 trúng tuyển.  - Thí sinh có điểm môn Sinh ≥ 7,25, điểm môn Toán  ≥ 7,60 trúng tuyển.",daniele15,
YQH,7720101,Y khoa,B00,22.35,,THPTQG,2018,"Thí sinh Nam miền BắcThí sinh mức 22,35 điểm: - Thí sinh có điểm môn Sinh  ≥ 7,50 trúng tuyển.  - Thí sinh có điểm môn Sinh ≥ 7,25, điểm môn Toán  ≥ 7,60 trúng tuyển.",daniele15,
YQH,7720101,Y khoa,A00,21.05,,THPTQG,2018,Thí sinh Nam miền Nam,daniele15,
YQH,7720101,Y khoa,B00,21.05,,THPTQG,2018,Thí sinh Nam miền Nam,daniele15,
YQH,7720101,Y khoa,A00,20.60,,THPTQG,2018,Thí sinh Nam miền Nam,daniele15,
YQH,7720101,Y khoa,B00,20.60,,THPTQG,2018,Thí sinh Nam miền Nam,daniele15,
YQH,7720101,Y khoa,A00,20.05,,THPTQG,2018,Thí sinh Nam miền Bắc,daniele15,
YQH,7720101,Y khoa,B00,20.05,,THPTQG,2018,Thí sinh Nam miền Bắc,daniele15,
YTB,7720101,Y khoa,B00,22.70,,THPTQG,2018,,daniele15,
YTB,7720115,Y học cổ truyền,B00,20.60,,THPTQG,2018,,daniele15,
YTB,7720201,Dược học,A00,21.55,,THPTQG,2018,,daniele15,
YTB,7720301,Điều dưỡng,B00,20.35,,THPTQG,2018,,daniele15,
YTB,7720701,Y tế công cộng,B00,15.75,,THPTQG,2018,,daniele15,
YTC,7720401,Dinh dưỡng,B00,22.00,,THPTQG,2018,Xét tuyển dựa vào kết quả học tập ở cấp THPT,daniele15,
YTC,7720401,Dinh dưỡng,D01,22.00,,THPTQG,2018,Xét tuyển dựa vào kết quả học tập ở cấp THPT,daniele15,
YTC,7720401,Dinh dưỡng,D08,22.00,,THPTQG,2018,Xét tuyển dựa vào kết quả học tập ở cấp THPT,daniele15,
YTC,7720601,Kỹ thuật xét nghiệm y học,A00,17.70,,THPTQG,2018,Xét tuyển dựa vào kết quả thi THPT quốc gia; Điểm trung bình môn toán >= 6.2 00099,daniele15,
YTC,7720601,Kỹ thuật xét nghiệm y học,A02,17.70,,THPTQG,2018,Xét tuyển dựa vào kết quả thi THPT quốc gia; Điểm trung bình môn toán >= 6.2 00099,daniele15,
YTC,7720601,Kỹ thuật xét nghiệm y học,B00,17.70,,THPTQG,2018,Xét tuyển dựa vào kết quả thi THPT quốc gia; Điểm trung bình môn toán >= 6.2 00099,daniele15,
YTC,7720701,Y tế công cộng,A00,16.00,,THPTQG,2018,Xét tuyển dựa vào kết quả thi THPT quốc gia,daniele15,
YTC,7720701,Y tế công cộng,B00,16.00,,THPTQG,2018,Xét tuyển dựa vào kết quả thi THPT quốc gia,daniele15,
YTC,7720701,Y tế công cộng,D01,16.00,,THPTQG,2018,Xét tuyển dựa vào kết quả thi THPT quốc gia,daniele15,
YTC,7720701,Y tế công cộng,D08,16.00,,THPTQG,2018,Xét tuyển dựa vào kết quả thi THPT quốc gia,daniele15,
YTC,7760101,Công tác xã hội,B00,17.00,,THPTQG,2018,Xét tuyển dựa vào kết quả học tập ở cấp THPT,daniele15,
YTC,7760101,Công tác xã hội,C03,17.00,,THPTQG,2018,Xét tuyển dựa vào kết quả học tập ở cấp THPT,daniele15,
YTC,7760101,Công tác xã hội,C04,17.00,,THPTQG,2018,Xét tuyển dựa vào kết quả học tập ở cấp THPT,daniele15,
YTC,7760101,Công tác xã hội,D01,17.00,,THPTQG,2018,Xét tuyển dựa vào kết quả học tập ở cấp THPT,daniele15,
ZNH,7140221,Sư phạm Âm nhạc,N01,22.00,,THPTQG,2018,"Tổng điểm thi 2 môn năng khiếu 11,10, điểm chuyên môn >=7",daniele15,
ZNH,7210203,Sáng tác âm nhạc,N05,17.25,,THPTQG,2018,"Tổng điểm thi 2 môn năng khiếu 14, điểm chuyên môn >=7",daniele15,
ZNH,7210205,Thanh nhạc,N02,17.55,,THPTQG,2018,"Tổng điểm thi 2 môn năng khiếu 14,05, điểm chuyên môn >=9",daniele15,
ZNH,7210207,Biểu diễn nhạc cụ phương Tây,N04,15.25,,THPTQG,2018,"Tổng điểm thi 2 môn năng khiếu 13,25, điểm chuyên môn >=8,5",daniele15,
ZNH,7210243,Biên đạo múa,N03,22.00,,THPTQG,2018,"Tổng điểm thi 2 môn năng khiếu 17,5, điểm chuyên môn >=9",daniele15,
ZNH,7229042,Quản lý văn hoá,N01,23.00,,THPTQG,2018,"Tổng điểm thi 2 môn năng khiếu 12,6, điểm chuyên môn >=7",daniele15,
ZNH,7320101,Báo chí,C00,24.00,,THPTQG,2018,,daniele15,
